sample_id,sample_set,country,location,year,month,latitude,longitude,sex_call,taxon,population_code,snp_genotypes_vcf,metadata_source
AB0087-C,Ag3.0-WestAfrica-Caputo2024,Burkina Faso,,,,,,,coluzzii,BFcol,https://cog.sanger.ac.uk/vo_agam_output/AB0087-C.vcf.gz,Caputo2024 Communications Biology Supplementary Data 1 (Ag1000G Ag3.0 West Africa; semicolon-row first-field specimen ID + explicit population-code extraction)
AB0088-C,Ag3.0-WestAfrica-Caputo2024,Burkina Faso,,,,,,,coluzzii,BFcol,https://cog.sanger.ac.uk/vo_agam_output/AB0088-C.vcf.gz,Caputo2024 Communications Biology Supplementary Data 1 (Ag1000G Ag3.0 West Africa; semicolon-row first-field specimen ID + explicit population-code extraction)
AB0089-Cx,Ag3.0-WestAfrica-Caputo2024,Burkina Faso,,,,,,,coluzzii,BFcol,https://cog.sanger.ac.uk/vo_agam_output/AB0089-Cx.vcf.gz,Caputo2024 Communications Biology Supplementary Data 1 (Ag1000G Ag3.0 West Africa; semicolon-row first-field specimen ID + explicit population-code extraction)
AB0090-C,Ag3.0-WestAfrica-Caputo2024,Burkina Faso,,,,,,,coluzzii,BFcol,https://cog.sanger.ac.uk/vo_agam_output/AB0090-C.vcf.gz,Caputo2024 Communications Biology Supplementary Data 1 (Ag1000G Ag3.0 West Africa; semicolon-row first-field specimen ID + explicit population-code extraction)
AB0091-C,Ag3.0-WestAfrica-Caputo2024,Burkina Faso,,,,,,,coluzzii,BFcol,https://cog.sanger.ac.uk/vo_agam_output/AB0091-C.vcf.gz,Caputo2024 Communications Biology Supplementary Data 1 (Ag1000G Ag3.0 West Africa; semicolon-row first-field specimen ID + explicit population-code extraction)
AB0092-C,Ag3.0-WestAfrica-Caputo2024,Burkina Faso,,,,,,,coluzzii,BFcol,https://cog.sanger.ac.uk/vo_agam_output/AB0092-C.vcf.gz,Caputo2024 Communications Biology Supplementary Data 1 (Ag1000G Ag3.0 West Africa; semicolon-row first-field specimen ID + explicit population-code extraction)
AB0094-Cx,Ag3.0-WestAfrica-Caputo2024,Burkina Faso,,,,,,,coluzzii,BFcol,https://cog.sanger.ac.uk/vo_agam_output/AB0094-Cx.vcf.gz,Caputo2024 Communications Biology Supplementary Data 1 (Ag1000G Ag3.0 West Africa; semicolon-row first-field specimen ID + explicit population-code extraction)
AB0095-Cx,Ag3.0-WestAfrica-Caputo2024,Burkina Faso,,,,,,,coluzzii,BFcol,https://cog.sanger.ac.uk/vo_agam_output/AB0095-Cx.vcf.gz,Caputo2024 Communications Biology Supplementary Data 1 (Ag1000G Ag3.0 West Africa; semicolon-row first-field specimen ID + explicit population-code extraction)
AB0097-Cx,Ag3.0-WestAfrica-Caputo2024,Burkina Faso,,,,,,,coluzzii,BFcol,https://cog.sanger.ac.uk/vo_agam_output/AB0097-Cx.vcf.gz,Caputo2024 Communications Biology Supplementary Data 1 (Ag1000G Ag3.0 West Africa; semicolon-row first-field specimen ID + explicit population-code extraction)
AB0098-Cx,Ag3.0-WestAfrica-Caputo2024,Burkina Faso,,,,,,,coluzzii,BFcol,https://cog.sanger.ac.uk/vo_agam_output/AB0098-Cx.vcf.gz,Caputo2024 Communications Biology Supplementary Data 1 (Ag1000G Ag3.0 West Africa; semicolon-row first-field specimen ID + explicit population-code extraction)
AB0099-Cx,Ag3.0-WestAfrica-Caputo2024,Burkina Faso,,,,,,,coluzzii,BFcol,https://cog.sanger.ac.uk/vo_agam_output/AB0099-Cx.vcf.gz,Caputo2024 Communications Biology Supplementary Data 1 (Ag1000G Ag3.0 West Africa; semicolon-row first-field specimen ID + explicit population-code extraction)
AB0100-C,Ag3.0-WestAfrica-Caputo2024,Burkina Faso,,,,,,,coluzzii,BFcol,https://cog.sanger.ac.uk/vo_agam_output/AB0100-C.vcf.gz,Caputo2024 Communications Biology Supplementary Data 1 (Ag1000G Ag3.0 West Africa; semicolon-row first-field specimen ID + explicit population-code extraction)
AB0101-C,Ag3.0-WestAfrica-Caputo2024,Burkina Faso,,,,,,,coluzzii,BFcol,https://cog.sanger.ac.uk/vo_agam_output/AB0101-C.vcf.gz,Caputo2024 Communications Biology Supplementary Data 1 (Ag1000G Ag3.0 West Africa; semicolon-row first-field specimen ID + explicit population-code extraction)
AB0109-C,Ag3.0-WestAfrica-Caputo2024,Burkina Faso,,,,,,,coluzzii,BFcol,https://cog.sanger.ac.uk/vo_agam_output/AB0109-C.vcf.gz,Caputo2024 Communications Biology Supplementary Data 1 (Ag1000G Ag3.0 West Africa; semicolon-row first-field specimen ID + explicit population-code extraction)
AB0110-C,Ag3.0-WestAfrica-Caputo2024,Burkina Faso,,,,,,,coluzzii,BFcol,https://cog.sanger.ac.uk/vo_agam_output/AB0110-C.vcf.gz,Caputo2024 Communications Biology Supplementary Data 1 (Ag1000G Ag3.0 West Africa; semicolon-row first-field specimen ID + explicit population-code extraction)
AB0111-C,Ag3.0-WestAfrica-Caputo2024,Burkina Faso,,,,,,,coluzzii,BFcol,https://cog.sanger.ac.uk/vo_agam_output/AB0111-C.vcf.gz,Caputo2024 Communications Biology Supplementary Data 1 (Ag1000G Ag3.0 West Africa; semicolon-row first-field specimen ID + explicit population-code extraction)
AB0112-C,Ag3.0-WestAfrica-Caputo2024,Burkina Faso,,,,,,,coluzzii,BFcol,https://cog.sanger.ac.uk/vo_agam_output/AB0112-C.vcf.gz,Caputo2024 Communications Biology Supplementary Data 1 (Ag1000G Ag3.0 West Africa; semicolon-row first-field specimen ID + explicit population-code extraction)
AB0113-C,Ag3.0-WestAfrica-Caputo2024,Burkina Faso,,,,,,,coluzzii,BFcol,https://cog.sanger.ac.uk/vo_agam_output/AB0113-C.vcf.gz,Caputo2024 Communications Biology Supplementary Data 1 (Ag1000G Ag3.0 West Africa; semicolon-row first-field specimen ID + explicit population-code extraction)
AB0114-C,Ag3.0-WestAfrica-Caputo2024,Burkina Faso,,,,,,,coluzzii,BFcol,https://cog.sanger.ac.uk/vo_agam_output/AB0114-C.vcf.gz,Caputo2024 Communications Biology Supplementary Data 1 (Ag1000G Ag3.0 West Africa; semicolon-row first-field specimen ID + explicit population-code extraction)
AB0115-C,Ag3.0-WestAfrica-Caputo2024,Burkina Faso,,,,,,,coluzzii,BFcol,https://cog.sanger.ac.uk/vo_agam_output/AB0115-C.vcf.gz,Caputo2024 Communications Biology Supplementary Data 1 (Ag1000G Ag3.0 West Africa; semicolon-row first-field specimen ID + explicit population-code extraction)
AB0121-C,Ag3.0-WestAfrica-Caputo2024,Burkina Faso,,,,,,,coluzzii,BFcol,https://cog.sanger.ac.uk/vo_agam_output/AB0121-C.vcf.gz,Caputo2024 Communications Biology Supplementary Data 1 (Ag1000G Ag3.0 West Africa; semicolon-row first-field specimen ID + explicit population-code extraction)
AB0122-C,Ag3.0-WestAfrica-Caputo2024,Burkina Faso,,,,,,,coluzzii,BFcol,https://cog.sanger.ac.uk/vo_agam_output/AB0122-C.vcf.gz,Caputo2024 Communications Biology Supplementary Data 1 (Ag1000G Ag3.0 West Africa; semicolon-row first-field specimen ID + explicit population-code extraction)
AB0123-C,Ag3.0-WestAfrica-Caputo2024,Burkina Faso,,,,,,,coluzzii,BFcol,https://cog.sanger.ac.uk/vo_agam_output/AB0123-C.vcf.gz,Caputo2024 Communications Biology Supplementary Data 1 (Ag1000G Ag3.0 West Africa; semicolon-row first-field specimen ID + explicit population-code extraction)
AB0124-C,Ag3.0-WestAfrica-Caputo2024,Burkina Faso,,,,,,,coluzzii,BFcol,https://cog.sanger.ac.uk/vo_agam_output/AB0124-C.vcf.gz,Caputo2024 Communications Biology Supplementary Data 1 (Ag1000G Ag3.0 West Africa; semicolon-row first-field specimen ID + explicit population-code extraction)
AB0132-C,Ag3.0-WestAfrica-Caputo2024,Burkina Faso,,,,,,,coluzzii,BFcol,https://cog.sanger.ac.uk/vo_agam_output/AB0132-C.vcf.gz,Caputo2024 Communications Biology Supplementary Data 1 (Ag1000G Ag3.0 West Africa; semicolon-row first-field specimen ID + explicit population-code extraction)
AB0137-Cx,Ag3.0-WestAfrica-Caputo2024,Burkina Faso,,,,,,,coluzzii,BFcol,https://cog.sanger.ac.uk/vo_agam_output/AB0137-Cx.vcf.gz,Caputo2024 Communications Biology Supplementary Data 1 (Ag1000G Ag3.0 West Africa; semicolon-row first-field specimen ID + explicit population-code extraction)
AB0138-Cx,Ag3.0-WestAfrica-Caputo2024,Burkina Faso,,,,,,,coluzzii,BFcol,https://cog.sanger.ac.uk/vo_agam_output/AB0138-Cx.vcf.gz,Caputo2024 Communications Biology Supplementary Data 1 (Ag1000G Ag3.0 West Africa; semicolon-row first-field specimen ID + explicit population-code extraction)
AB0139-C,Ag3.0-WestAfrica-Caputo2024,Burkina Faso,,,,,,,coluzzii,BFcol,https://cog.sanger.ac.uk/vo_agam_output/AB0139-C.vcf.gz,Caputo2024 Communications Biology Supplementary Data 1 (Ag1000G Ag3.0 West Africa; semicolon-row first-field specimen ID + explicit population-code extraction)
AB0140-C,Ag3.0-WestAfrica-Caputo2024,Burkina Faso,,,,,,,coluzzii,BFcol,https://cog.sanger.ac.uk/vo_agam_output/AB0140-C.vcf.gz,Caputo2024 Communications Biology Supplementary Data 1 (Ag1000G Ag3.0 West Africa; semicolon-row first-field specimen ID + explicit population-code extraction)
AB0142-C,Ag3.0-WestAfrica-Caputo2024,Burkina Faso,,,,,,,coluzzii,BFcol,https://cog.sanger.ac.uk/vo_agam_output/AB0142-C.vcf.gz,Caputo2024 Communications Biology Supplementary Data 1 (Ag1000G Ag3.0 West Africa; semicolon-row first-field specimen ID + explicit population-code extraction)
AB0181-C,Ag3.0-WestAfrica-Caputo2024,Burkina Faso,,,,,,,coluzzii,BFcol,https://cog.sanger.ac.uk/vo_agam_output/AB0181-C.vcf.gz,Caputo2024 Communications Biology Supplementary Data 1 (Ag1000G Ag3.0 West Africa; semicolon-row first-field specimen ID + explicit population-code extraction)
AB0182-C,Ag3.0-WestAfrica-Caputo2024,Burkina Faso,,,,,,,coluzzii,BFcol,https://cog.sanger.ac.uk/vo_agam_output/AB0182-C.vcf.gz,Caputo2024 Communications Biology Supplementary Data 1 (Ag1000G Ag3.0 West Africa; semicolon-row first-field specimen ID + explicit population-code extraction)
AB0183-C,Ag3.0-WestAfrica-Caputo2024,Burkina Faso,,,,,,,coluzzii,BFcol,https://cog.sanger.ac.uk/vo_agam_output/AB0183-C.vcf.gz,Caputo2024 Communications Biology Supplementary Data 1 (Ag1000G Ag3.0 West Africa; semicolon-row first-field specimen ID + explicit population-code extraction)
AB0184-C,Ag3.0-WestAfrica-Caputo2024,Burkina Faso,,,,,,,coluzzii,BFcol,https://cog.sanger.ac.uk/vo_agam_output/AB0184-C.vcf.gz,Caputo2024 Communications Biology Supplementary Data 1 (Ag1000G Ag3.0 West Africa; semicolon-row first-field specimen ID + explicit population-code extraction)
AB0185-Cx,Ag3.0-WestAfrica-Caputo2024,Burkina Faso,,,,,,,coluzzii,BFcol,https://cog.sanger.ac.uk/vo_agam_output/AB0185-Cx.vcf.gz,Caputo2024 Communications Biology Supplementary Data 1 (Ag1000G Ag3.0 West Africa; semicolon-row first-field specimen ID + explicit population-code extraction)
AB0186-C,Ag3.0-WestAfrica-Caputo2024,Burkina Faso,,,,,,,coluzzii,BFcol,https://cog.sanger.ac.uk/vo_agam_output/AB0186-C.vcf.gz,Caputo2024 Communications Biology Supplementary Data 1 (Ag1000G Ag3.0 West Africa; semicolon-row first-field specimen ID + explicit population-code extraction)
AB0187-C,Ag3.0-WestAfrica-Caputo2024,Burkina Faso,,,,,,,coluzzii,BFcol,https://cog.sanger.ac.uk/vo_agam_output/AB0187-C.vcf.gz,Caputo2024 Communications Biology Supplementary Data 1 (Ag1000G Ag3.0 West Africa; semicolon-row first-field specimen ID + explicit population-code extraction)
AB0188-C,Ag3.0-WestAfrica-Caputo2024,Burkina Faso,,,,,,,coluzzii,BFcol,https://cog.sanger.ac.uk/vo_agam_output/AB0188-C.vcf.gz,Caputo2024 Communications Biology Supplementary Data 1 (Ag1000G Ag3.0 West Africa; semicolon-row first-field specimen ID + explicit population-code extraction)
AB0189-C,Ag3.0-WestAfrica-Caputo2024,Burkina Faso,,,,,,,coluzzii,BFcol,https://cog.sanger.ac.uk/vo_agam_output/AB0189-C.vcf.gz,Caputo2024 Communications Biology Supplementary Data 1 (Ag1000G Ag3.0 West Africa; semicolon-row first-field specimen ID + explicit population-code extraction)
AB0190-C,Ag3.0-WestAfrica-Caputo2024,Burkina Faso,,,,,,,coluzzii,BFcol,https://cog.sanger.ac.uk/vo_agam_output/AB0190-C.vcf.gz,Caputo2024 Communications Biology Supplementary Data 1 (Ag1000G Ag3.0 West Africa; semicolon-row first-field specimen ID + explicit population-code extraction)
AB0191-Cx,Ag3.0-WestAfrica-Caputo2024,Burkina Faso,,,,,,,coluzzii,BFcol,https://cog.sanger.ac.uk/vo_agam_output/AB0191-Cx.vcf.gz,Caputo2024 Communications Biology Supplementary Data 1 (Ag1000G Ag3.0 West Africa; semicolon-row first-field specimen ID + explicit population-code extraction)
AB0192-C,Ag3.0-WestAfrica-Caputo2024,Burkina Faso,,,,,,,coluzzii,BFcol,https://cog.sanger.ac.uk/vo_agam_output/AB0192-C.vcf.gz,Caputo2024 Communications Biology Supplementary Data 1 (Ag1000G Ag3.0 West Africa; semicolon-row first-field specimen ID + explicit population-code extraction)
AB0193-C,Ag3.0-WestAfrica-Caputo2024,Burkina Faso,,,,,,,coluzzii,BFcol,https://cog.sanger.ac.uk/vo_agam_output/AB0193-C.vcf.gz,Caputo2024 Communications Biology Supplementary Data 1 (Ag1000G Ag3.0 West Africa; semicolon-row first-field specimen ID + explicit population-code extraction)
AB0194-C,Ag3.0-WestAfrica-Caputo2024,Burkina Faso,,,,,,,coluzzii,BFcol,https://cog.sanger.ac.uk/vo_agam_output/AB0194-C.vcf.gz,Caputo2024 Communications Biology Supplementary Data 1 (Ag1000G Ag3.0 West Africa; semicolon-row first-field specimen ID + explicit population-code extraction)
AB0196-C,Ag3.0-WestAfrica-Caputo2024,Burkina Faso,,,,,,,coluzzii,BFcol,https://cog.sanger.ac.uk/vo_agam_output/AB0196-C.vcf.gz,Caputo2024 Communications Biology Supplementary Data 1 (Ag1000G Ag3.0 West Africa; semicolon-row first-field specimen ID + explicit population-code extraction)
AB0204-C,Ag3.0-WestAfrica-Caputo2024,Burkina Faso,,,,,,,coluzzii,BFcol,https://cog.sanger.ac.uk/vo_agam_output/AB0204-C.vcf.gz,Caputo2024 Communications Biology Supplementary Data 1 (Ag1000G Ag3.0 West Africa; semicolon-row first-field specimen ID + explicit population-code extraction)
AB0209-C,Ag3.0-WestAfrica-Caputo2024,Burkina Faso,,,,,,,coluzzii,BFcol,https://cog.sanger.ac.uk/vo_agam_output/AB0209-C.vcf.gz,Caputo2024 Communications Biology Supplementary Data 1 (Ag1000G Ag3.0 West Africa; semicolon-row first-field specimen ID + explicit population-code extraction)
AB0210-C,Ag3.0-WestAfrica-Caputo2024,Burkina Faso,,,,,,,coluzzii,BFcol,https://cog.sanger.ac.uk/vo_agam_output/AB0210-C.vcf.gz,Caputo2024 Communications Biology Supplementary Data 1 (Ag1000G Ag3.0 West Africa; semicolon-row first-field specimen ID + explicit population-code extraction)
AB0212-C,Ag3.0-WestAfrica-Caputo2024,Burkina Faso,,,,,,,coluzzii,BFcol,https://cog.sanger.ac.uk/vo_agam_output/AB0212-C.vcf.gz,Caputo2024 Communications Biology Supplementary Data 1 (Ag1000G Ag3.0 West Africa; semicolon-row first-field specimen ID + explicit population-code extraction)
AB0213-C,Ag3.0-WestAfrica-Caputo2024,Burkina Faso,,,,,,,coluzzii,BFcol,https://cog.sanger.ac.uk/vo_agam_output/AB0213-C.vcf.gz,Caputo2024 Communications Biology Supplementary Data 1 (Ag1000G Ag3.0 West Africa; semicolon-row first-field specimen ID + explicit population-code extraction)
AB0214-C,Ag3.0-WestAfrica-Caputo2024,Burkina Faso,,,,,,,coluzzii,BFcol,https://cog.sanger.ac.uk/vo_agam_output/AB0214-C.vcf.gz,Caputo2024 Communications Biology Supplementary Data 1 (Ag1000G Ag3.0 West Africa; semicolon-row first-field specimen ID + explicit population-code extraction)
AB0215-C,Ag3.0-WestAfrica-Caputo2024,Burkina Faso,,,,,,,coluzzii,BFcol,https://cog.sanger.ac.uk/vo_agam_output/AB0215-C.vcf.gz,Caputo2024 Communications Biology Supplementary Data 1 (Ag1000G Ag3.0 West Africa; semicolon-row first-field specimen ID + explicit population-code extraction)
AB0216-C,Ag3.0-WestAfrica-Caputo2024,Burkina Faso,,,,,,,coluzzii,BFcol,https://cog.sanger.ac.uk/vo_agam_output/AB0216-C.vcf.gz,Caputo2024 Communications Biology Supplementary Data 1 (Ag1000G Ag3.0 West Africa; semicolon-row first-field specimen ID + explicit population-code extraction)
AB0219-Cx,Ag3.0-WestAfrica-Caputo2024,Burkina Faso,,,,,,,coluzzii,BFcol,https://cog.sanger.ac.uk/vo_agam_output/AB0219-Cx.vcf.gz,Caputo2024 Communications Biology Supplementary Data 1 (Ag1000G Ag3.0 West Africa; semicolon-row first-field specimen ID + explicit population-code extraction)
AB0221-C,Ag3.0-WestAfrica-Caputo2024,Burkina Faso,,,,,,,coluzzii,BFcol,https://cog.sanger.ac.uk/vo_agam_output/AB0221-C.vcf.gz,Caputo2024 Communications Biology Supplementary Data 1 (Ag1000G Ag3.0 West Africa; semicolon-row first-field specimen ID + explicit population-code extraction)
AB0222-C,Ag3.0-WestAfrica-Caputo2024,Burkina Faso,,,,,,,coluzzii,BFcol,https://cog.sanger.ac.uk/vo_agam_output/AB0222-C.vcf.gz,Caputo2024 Communications Biology Supplementary Data 1 (Ag1000G Ag3.0 West Africa; semicolon-row first-field specimen ID + explicit population-code extraction)
AB0223-C,Ag3.0-WestAfrica-Caputo2024,Burkina Faso,,,,,,,coluzzii,BFcol,https://cog.sanger.ac.uk/vo_agam_output/AB0223-C.vcf.gz,Caputo2024 Communications Biology Supplementary Data 1 (Ag1000G Ag3.0 West Africa; semicolon-row first-field specimen ID + explicit population-code extraction)
AB0224-C,Ag3.0-WestAfrica-Caputo2024,Burkina Faso,,,,,,,coluzzii,BFcol,https://cog.sanger.ac.uk/vo_agam_output/AB0224-C.vcf.gz,Caputo2024 Communications Biology Supplementary Data 1 (Ag1000G Ag3.0 West Africa; semicolon-row first-field specimen ID + explicit population-code extraction)
AB0226-C,Ag3.0-WestAfrica-Caputo2024,Burkina Faso,,,,,,,coluzzii,BFcol,https://cog.sanger.ac.uk/vo_agam_output/AB0226-C.vcf.gz,Caputo2024 Communications Biology Supplementary Data 1 (Ag1000G Ag3.0 West Africa; semicolon-row first-field specimen ID + explicit population-code extraction)
AB0227-Cx,Ag3.0-WestAfrica-Caputo2024,Burkina Faso,,,,,,,coluzzii,BFcol,https://cog.sanger.ac.uk/vo_agam_output/AB0227-Cx.vcf.gz,Caputo2024 Communications Biology Supplementary Data 1 (Ag1000G Ag3.0 West Africa; semicolon-row first-field specimen ID + explicit population-code extraction)
AB0229-C,Ag3.0-WestAfrica-Caputo2024,Burkina Faso,,,,,,,coluzzii,BFcol,https://cog.sanger.ac.uk/vo_agam_output/AB0229-C.vcf.gz,Caputo2024 Communications Biology Supplementary Data 1 (Ag1000G Ag3.0 West Africa; semicolon-row first-field specimen ID + explicit population-code extraction)
AB0230-Cx,Ag3.0-WestAfrica-Caputo2024,Burkina Faso,,,,,,,coluzzii,BFcol,https://cog.sanger.ac.uk/vo_agam_output/AB0230-Cx.vcf.gz,Caputo2024 Communications Biology Supplementary Data 1 (Ag1000G Ag3.0 West Africa; semicolon-row first-field specimen ID + explicit population-code extraction)
AB0234-C,Ag3.0-WestAfrica-Caputo2024,Burkina Faso,,,,,,,coluzzii,BFcol,https://cog.sanger.ac.uk/vo_agam_output/AB0234-C.vcf.gz,Caputo2024 Communications Biology Supplementary Data 1 (Ag1000G Ag3.0 West Africa; semicolon-row first-field specimen ID + explicit population-code extraction)
AB0237-C,Ag3.0-WestAfrica-Caputo2024,Burkina Faso,,,,,,,coluzzii,BFcol,https://cog.sanger.ac.uk/vo_agam_output/AB0237-C.vcf.gz,Caputo2024 Communications Biology Supplementary Data 1 (Ag1000G Ag3.0 West Africa; semicolon-row first-field specimen ID + explicit population-code extraction)
AB0240-C,Ag3.0-WestAfrica-Caputo2024,Burkina Faso,,,,,,,coluzzii,BFcol,https://cog.sanger.ac.uk/vo_agam_output/AB0240-C.vcf.gz,Caputo2024 Communications Biology Supplementary Data 1 (Ag1000G Ag3.0 West Africa; semicolon-row first-field specimen ID + explicit population-code extraction)
AB0242-C,Ag3.0-WestAfrica-Caputo2024,Burkina Faso,,,,,,,coluzzii,BFcol,https://cog.sanger.ac.uk/vo_agam_output/AB0242-C.vcf.gz,Caputo2024 Communications Biology Supplementary Data 1 (Ag1000G Ag3.0 West Africa; semicolon-row first-field specimen ID + explicit population-code extraction)
AB0243-C,Ag3.0-WestAfrica-Caputo2024,Burkina Faso,,,,,,,coluzzii,BFcol,https://cog.sanger.ac.uk/vo_agam_output/AB0243-C.vcf.gz,Caputo2024 Communications Biology Supplementary Data 1 (Ag1000G Ag3.0 West Africa; semicolon-row first-field specimen ID + explicit population-code extraction)
AB0246-C,Ag3.0-WestAfrica-Caputo2024,Burkina Faso,,,,,,,coluzzii,BFcol,https://cog.sanger.ac.uk/vo_agam_output/AB0246-C.vcf.gz,Caputo2024 Communications Biology Supplementary Data 1 (Ag1000G Ag3.0 West Africa; semicolon-row first-field specimen ID + explicit population-code extraction)
AB0247-C,Ag3.0-WestAfrica-Caputo2024,Burkina Faso,,,,,,,coluzzii,BFcol,https://cog.sanger.ac.uk/vo_agam_output/AB0247-C.vcf.gz,Caputo2024 Communications Biology Supplementary Data 1 (Ag1000G Ag3.0 West Africa; semicolon-row first-field specimen ID + explicit population-code extraction)
AB0248-C,Ag3.0-WestAfrica-Caputo2024,Burkina Faso,,,,,,,coluzzii,BFcol,https://cog.sanger.ac.uk/vo_agam_output/AB0248-C.vcf.gz,Caputo2024 Communications Biology Supplementary Data 1 (Ag1000G Ag3.0 West Africa; semicolon-row first-field specimen ID + explicit population-code extraction)
AB0249-Cx,Ag3.0-WestAfrica-Caputo2024,Burkina Faso,,,,,,,coluzzii,BFcol,https://cog.sanger.ac.uk/vo_agam_output/AB0249-Cx.vcf.gz,Caputo2024 Communications Biology Supplementary Data 1 (Ag1000G Ag3.0 West Africa; semicolon-row first-field specimen ID + explicit population-code extraction)
AB0250-Cx,Ag3.0-WestAfrica-Caputo2024,Burkina Faso,,,,,,,coluzzii,BFcol,https://cog.sanger.ac.uk/vo_agam_output/AB0250-Cx.vcf.gz,Caputo2024 Communications Biology Supplementary Data 1 (Ag1000G Ag3.0 West Africa; semicolon-row first-field specimen ID + explicit population-code extraction)
AB0257-C,Ag3.0-WestAfrica-Caputo2024,Burkina Faso,,,,,,,coluzzii,BFcol,https://cog.sanger.ac.uk/vo_agam_output/AB0257-C.vcf.gz,Caputo2024 Communications Biology Supplementary Data 1 (Ag1000G Ag3.0 West Africa; semicolon-row first-field specimen ID + explicit population-code extraction)
AB0258-Cx,Ag3.0-WestAfrica-Caputo2024,Burkina Faso,,,,,,,coluzzii,BFcol,https://cog.sanger.ac.uk/vo_agam_output/AB0258-Cx.vcf.gz,Caputo2024 Communications Biology Supplementary Data 1 (Ag1000G Ag3.0 West Africa; semicolon-row first-field specimen ID + explicit population-code extraction)
AB0259-Cx,Ag3.0-WestAfrica-Caputo2024,Burkina Faso,,,,,,,coluzzii,BFcol,https://cog.sanger.ac.uk/vo_agam_output/AB0259-Cx.vcf.gz,Caputo2024 Communications Biology Supplementary Data 1 (Ag1000G Ag3.0 West Africa; semicolon-row first-field specimen ID + explicit population-code extraction)
AB0262-Cx,Ag3.0-WestAfrica-Caputo2024,Burkina Faso,,,,,,,coluzzii,BFcol,https://cog.sanger.ac.uk/vo_agam_output/AB0262-Cx.vcf.gz,Caputo2024 Communications Biology Supplementary Data 1 (Ag1000G Ag3.0 West Africa; semicolon-row first-field specimen ID + explicit population-code extraction)
AB0263-C,Ag3.0-WestAfrica-Caputo2024,Burkina Faso,,,,,,,coluzzii,BFcol,https://cog.sanger.ac.uk/vo_agam_output/AB0263-C.vcf.gz,Caputo2024 Communications Biology Supplementary Data 1 (Ag1000G Ag3.0 West Africa; semicolon-row first-field specimen ID + explicit population-code extraction)
AB0266-Cx,Ag3.0-WestAfrica-Caputo2024,Burkina Faso,,,,,,,coluzzii,BFcol,https://cog.sanger.ac.uk/vo_agam_output/AB0266-Cx.vcf.gz,Caputo2024 Communications Biology Supplementary Data 1 (Ag1000G Ag3.0 West Africa; semicolon-row first-field specimen ID + explicit population-code extraction)
AB0267-C,Ag3.0-WestAfrica-Caputo2024,Burkina Faso,,,,,,,coluzzii,BFcol,https://cog.sanger.ac.uk/vo_agam_output/AB0267-C.vcf.gz,Caputo2024 Communications Biology Supplementary Data 1 (Ag1000G Ag3.0 West Africa; semicolon-row first-field specimen ID + explicit population-code extraction)
AB0276-C,Ag3.0-WestAfrica-Caputo2024,Burkina Faso,,,,,,,coluzzii,BFcol,https://cog.sanger.ac.uk/vo_agam_output/AB0276-C.vcf.gz,Caputo2024 Communications Biology Supplementary Data 1 (Ag1000G Ag3.0 West Africa; semicolon-row first-field specimen ID + explicit population-code extraction)
AB0279-C,Ag3.0-WestAfrica-Caputo2024,Burkina Faso,,,,,,,coluzzii,BFcol,https://cog.sanger.ac.uk/vo_agam_output/AB0279-C.vcf.gz,Caputo2024 Communications Biology Supplementary Data 1 (Ag1000G Ag3.0 West Africa; semicolon-row first-field specimen ID + explicit population-code extraction)
AB0282-Cx,Ag3.0-WestAfrica-Caputo2024,Burkina Faso,,,,,,,coluzzii,BFcol,https://cog.sanger.ac.uk/vo_agam_output/AB0282-Cx.vcf.gz,Caputo2024 Communications Biology Supplementary Data 1 (Ag1000G Ag3.0 West Africa; semicolon-row first-field specimen ID + explicit population-code extraction)
AB0326-C,Ag3.0-WestAfrica-Caputo2024,Burkina Faso,,,,,,,coluzzii,BFcol,https://cog.sanger.ac.uk/vo_agam_output/AB0326-C.vcf.gz,Caputo2024 Communications Biology Supplementary Data 1 (Ag1000G Ag3.0 West Africa; semicolon-row first-field specimen ID + explicit population-code extraction)
AB0327-C,Ag3.0-WestAfrica-Caputo2024,Burkina Faso,,,,,,,coluzzii,BFcol,https://cog.sanger.ac.uk/vo_agam_output/AB0327-C.vcf.gz,Caputo2024 Communications Biology Supplementary Data 1 (Ag1000G Ag3.0 West Africa; semicolon-row first-field specimen ID + explicit population-code extraction)
AB0328-C,Ag3.0-WestAfrica-Caputo2024,Burkina Faso,,,,,,,coluzzii,BFcol,https://cog.sanger.ac.uk/vo_agam_output/AB0328-C.vcf.gz,Caputo2024 Communications Biology Supplementary Data 1 (Ag1000G Ag3.0 West Africa; semicolon-row first-field specimen ID + explicit population-code extraction)
AB0329-C,Ag3.0-WestAfrica-Caputo2024,Burkina Faso,,,,,,,coluzzii,BFcol,https://cog.sanger.ac.uk/vo_agam_output/AB0329-C.vcf.gz,Caputo2024 Communications Biology Supplementary Data 1 (Ag1000G Ag3.0 West Africa; semicolon-row first-field specimen ID + explicit population-code extraction)
AB0330-C,Ag3.0-WestAfrica-Caputo2024,Burkina Faso,,,,,,,coluzzii,BFcol,https://cog.sanger.ac.uk/vo_agam_output/AB0330-C.vcf.gz,Caputo2024 Communications Biology Supplementary Data 1 (Ag1000G Ag3.0 West Africa; semicolon-row first-field specimen ID + explicit population-code extraction)
AB0331-C,Ag3.0-WestAfrica-Caputo2024,Burkina Faso,,,,,,,coluzzii,BFcol,https://cog.sanger.ac.uk/vo_agam_output/AB0331-C.vcf.gz,Caputo2024 Communications Biology Supplementary Data 1 (Ag1000G Ag3.0 West Africa; semicolon-row first-field specimen ID + explicit population-code extraction)
AB0332-C,Ag3.0-WestAfrica-Caputo2024,Burkina Faso,,,,,,,coluzzii,BFcol,https://cog.sanger.ac.uk/vo_agam_output/AB0332-C.vcf.gz,Caputo2024 Communications Biology Supplementary Data 1 (Ag1000G Ag3.0 West Africa; semicolon-row first-field specimen ID + explicit population-code extraction)
AB0334-C,Ag3.0-WestAfrica-Caputo2024,Burkina Faso,,,,,,,coluzzii,BFcol,https://cog.sanger.ac.uk/vo_agam_output/AB0334-C.vcf.gz,Caputo2024 Communications Biology Supplementary Data 1 (Ag1000G Ag3.0 West Africa; semicolon-row first-field specimen ID + explicit population-code extraction)
AB0337-C,Ag3.0-WestAfrica-Caputo2024,Burkina Faso,,,,,,,coluzzii,BFcol,https://cog.sanger.ac.uk/vo_agam_output/AB0337-C.vcf.gz,Caputo2024 Communications Biology Supplementary Data 1 (Ag1000G Ag3.0 West Africa; semicolon-row first-field specimen ID + explicit population-code extraction)
AB0338-C,Ag3.0-WestAfrica-Caputo2024,Burkina Faso,,,,,,,coluzzii,BFcol,https://cog.sanger.ac.uk/vo_agam_output/AB0338-C.vcf.gz,Caputo2024 Communications Biology Supplementary Data 1 (Ag1000G Ag3.0 West Africa; semicolon-row first-field specimen ID + explicit population-code extraction)
AB0339-C,Ag3.0-WestAfrica-Caputo2024,Burkina Faso,,,,,,,coluzzii,BFcol,https://cog.sanger.ac.uk/vo_agam_output/AB0339-C.vcf.gz,Caputo2024 Communications Biology Supplementary Data 1 (Ag1000G Ag3.0 West Africa; semicolon-row first-field specimen ID + explicit population-code extraction)
AB0340-C,Ag3.0-WestAfrica-Caputo2024,Burkina Faso,,,,,,,coluzzii,BFcol,https://cog.sanger.ac.uk/vo_agam_output/AB0340-C.vcf.gz,Caputo2024 Communications Biology Supplementary Data 1 (Ag1000G Ag3.0 West Africa; semicolon-row first-field specimen ID + explicit population-code extraction)
AB0341-C,Ag3.0-WestAfrica-Caputo2024,Burkina Faso,,,,,,,coluzzii,BFcol,https://cog.sanger.ac.uk/vo_agam_output/AB0341-C.vcf.gz,Caputo2024 Communications Biology Supplementary Data 1 (Ag1000G Ag3.0 West Africa; semicolon-row first-field specimen ID + explicit population-code extraction)
AB0348-C,Ag3.0-WestAfrica-Caputo2024,Burkina Faso,,,,,,,coluzzii,BFcol,https://cog.sanger.ac.uk/vo_agam_output/AB0348-C.vcf.gz,Caputo2024 Communications Biology Supplementary Data 1 (Ag1000G Ag3.0 West Africa; semicolon-row first-field specimen ID + explicit population-code extraction)
AB0351-C,Ag3.0-WestAfrica-Caputo2024,Burkina Faso,,,,,,,coluzzii,BFcol,https://cog.sanger.ac.uk/vo_agam_output/AB0351-C.vcf.gz,Caputo2024 Communications Biology Supplementary Data 1 (Ag1000G Ag3.0 West Africa; semicolon-row first-field specimen ID + explicit population-code extraction)
AB0352-C,Ag3.0-WestAfrica-Caputo2024,Burkina Faso,,,,,,,coluzzii,BFcol,https://cog.sanger.ac.uk/vo_agam_output/AB0352-C.vcf.gz,Caputo2024 Communications Biology Supplementary Data 1 (Ag1000G Ag3.0 West Africa; semicolon-row first-field specimen ID + explicit population-code extraction)
AB0354-C,Ag3.0-WestAfrica-Caputo2024,Burkina Faso,,,,,,,coluzzii,BFcol,https://cog.sanger.ac.uk/vo_agam_output/AB0354-C.vcf.gz,Caputo2024 Communications Biology Supplementary Data 1 (Ag1000G Ag3.0 West Africa; semicolon-row first-field specimen ID + explicit population-code extraction)
AB0355-C,Ag3.0-WestAfrica-Caputo2024,Burkina Faso,,,,,,,coluzzii,BFcol,https://cog.sanger.ac.uk/vo_agam_output/AB0355-C.vcf.gz,Caputo2024 Communications Biology Supplementary Data 1 (Ag1000G Ag3.0 West Africa; semicolon-row first-field specimen ID + explicit population-code extraction)
AB0356-C,Ag3.0-WestAfrica-Caputo2024,Burkina Faso,,,,,,,coluzzii,BFcol,https://cog.sanger.ac.uk/vo_agam_output/AB0356-C.vcf.gz,Caputo2024 Communications Biology Supplementary Data 1 (Ag1000G Ag3.0 West Africa; semicolon-row first-field specimen ID + explicit population-code extraction)
AB0357-C,Ag3.0-WestAfrica-Caputo2024,Burkina Faso,,,,,,,coluzzii,BFcol,https://cog.sanger.ac.uk/vo_agam_output/AB0357-C.vcf.gz,Caputo2024 Communications Biology Supplementary Data 1 (Ag1000G Ag3.0 West Africa; semicolon-row first-field specimen ID + explicit population-code extraction)
AB0358-C,Ag3.0-WestAfrica-Caputo2024,Burkina Faso,,,,,,,coluzzii,BFcol,https://cog.sanger.ac.uk/vo_agam_output/AB0358-C.vcf.gz,Caputo2024 Communications Biology Supplementary Data 1 (Ag1000G Ag3.0 West Africa; semicolon-row first-field specimen ID + explicit population-code extraction)
AB0359-C,Ag3.0-WestAfrica-Caputo2024,Burkina Faso,,,,,,,coluzzii,BFcol,https://cog.sanger.ac.uk/vo_agam_output/AB0359-C.vcf.gz,Caputo2024 Communications Biology Supplementary Data 1 (Ag1000G Ag3.0 West Africa; semicolon-row first-field specimen ID + explicit population-code extraction)
AB0360-C,Ag3.0-WestAfrica-Caputo2024,Burkina Faso,,,,,,,coluzzii,BFcol,https://cog.sanger.ac.uk/vo_agam_output/AB0360-C.vcf.gz,Caputo2024 Communications Biology Supplementary Data 1 (Ag1000G Ag3.0 West Africa; semicolon-row first-field specimen ID + explicit population-code extraction)
AB0361-C,Ag3.0-WestAfrica-Caputo2024,Burkina Faso,,,,,,,coluzzii,BFcol,https://cog.sanger.ac.uk/vo_agam_output/AB0361-C.vcf.gz,Caputo2024 Communications Biology Supplementary Data 1 (Ag1000G Ag3.0 West Africa; semicolon-row first-field specimen ID + explicit population-code extraction)
AB0362-C,Ag3.0-WestAfrica-Caputo2024,Burkina Faso,,,,,,,coluzzii,BFcol,https://cog.sanger.ac.uk/vo_agam_output/AB0362-C.vcf.gz,Caputo2024 Communications Biology Supplementary Data 1 (Ag1000G Ag3.0 West Africa; semicolon-row first-field specimen ID + explicit population-code extraction)
AB0363-C,Ag3.0-WestAfrica-Caputo2024,Burkina Faso,,,,,,,coluzzii,BFcol,https://cog.sanger.ac.uk/vo_agam_output/AB0363-C.vcf.gz,Caputo2024 Communications Biology Supplementary Data 1 (Ag1000G Ag3.0 West Africa; semicolon-row first-field specimen ID + explicit population-code extraction)
AB0364-C,Ag3.0-WestAfrica-Caputo2024,Burkina Faso,,,,,,,coluzzii,BFcol,https://cog.sanger.ac.uk/vo_agam_output/AB0364-C.vcf.gz,Caputo2024 Communications Biology Supplementary Data 1 (Ag1000G Ag3.0 West Africa; semicolon-row first-field specimen ID + explicit population-code extraction)
AB0365-C,Ag3.0-WestAfrica-Caputo2024,Burkina Faso,,,,,,,coluzzii,BFcol,https://cog.sanger.ac.uk/vo_agam_output/AB0365-C.vcf.gz,Caputo2024 Communications Biology Supplementary Data 1 (Ag1000G Ag3.0 West Africa; semicolon-row first-field specimen ID + explicit population-code extraction)
AB0366-C,Ag3.0-WestAfrica-Caputo2024,Burkina Faso,,,,,,,coluzzii,BFcol,https://cog.sanger.ac.uk/vo_agam_output/AB0366-C.vcf.gz,Caputo2024 Communications Biology Supplementary Data 1 (Ag1000G Ag3.0 West Africa; semicolon-row first-field specimen ID + explicit population-code extraction)
AB0367-C,Ag3.0-WestAfrica-Caputo2024,Burkina Faso,,,,,,,coluzzii,BFcol,https://cog.sanger.ac.uk/vo_agam_output/AB0367-C.vcf.gz,Caputo2024 Communications Biology Supplementary Data 1 (Ag1000G Ag3.0 West Africa; semicolon-row first-field specimen ID + explicit population-code extraction)
AB0368-C,Ag3.0-WestAfrica-Caputo2024,Burkina Faso,,,,,,,coluzzii,BFcol,https://cog.sanger.ac.uk/vo_agam_output/AB0368-C.vcf.gz,Caputo2024 Communications Biology Supplementary Data 1 (Ag1000G Ag3.0 West Africa; semicolon-row first-field specimen ID + explicit population-code extraction)
AB0369-C,Ag3.0-WestAfrica-Caputo2024,Burkina Faso,,,,,,,coluzzii,BFcol,https://cog.sanger.ac.uk/vo_agam_output/AB0369-C.vcf.gz,Caputo2024 Communications Biology Supplementary Data 1 (Ag1000G Ag3.0 West Africa; semicolon-row first-field specimen ID + explicit population-code extraction)
AB0370-C,Ag3.0-WestAfrica-Caputo2024,Burkina Faso,,,,,,,coluzzii,BFcol,https://cog.sanger.ac.uk/vo_agam_output/AB0370-C.vcf.gz,Caputo2024 Communications Biology Supplementary Data 1 (Ag1000G Ag3.0 West Africa; semicolon-row first-field specimen ID + explicit population-code extraction)
AB0371-C,Ag3.0-WestAfrica-Caputo2024,Burkina Faso,,,,,,,coluzzii,BFcol,https://cog.sanger.ac.uk/vo_agam_output/AB0371-C.vcf.gz,Caputo2024 Communications Biology Supplementary Data 1 (Ag1000G Ag3.0 West Africa; semicolon-row first-field specimen ID + explicit population-code extraction)
AB0372-C,Ag3.0-WestAfrica-Caputo2024,Burkina Faso,,,,,,,coluzzii,BFcol,https://cog.sanger.ac.uk/vo_agam_output/AB0372-C.vcf.gz,Caputo2024 Communications Biology Supplementary Data 1 (Ag1000G Ag3.0 West Africa; semicolon-row first-field specimen ID + explicit population-code extraction)
AB0396-C,Ag3.0-WestAfrica-Caputo2024,Burkina Faso,,,,,,,coluzzii,BFcol,https://cog.sanger.ac.uk/vo_agam_output/AB0396-C.vcf.gz,Caputo2024 Communications Biology Supplementary Data 1 (Ag1000G Ag3.0 West Africa; semicolon-row first-field specimen ID + explicit population-code extraction)
AB0397-C,Ag3.0-WestAfrica-Caputo2024,Burkina Faso,,,,,,,coluzzii,BFcol,https://cog.sanger.ac.uk/vo_agam_output/AB0397-C.vcf.gz,Caputo2024 Communications Biology Supplementary Data 1 (Ag1000G Ag3.0 West Africa; semicolon-row first-field specimen ID + explicit population-code extraction)
AB0398-C,Ag3.0-WestAfrica-Caputo2024,Burkina Faso,,,,,,,coluzzii,BFcol,https://cog.sanger.ac.uk/vo_agam_output/AB0398-C.vcf.gz,Caputo2024 Communications Biology Supplementary Data 1 (Ag1000G Ag3.0 West Africa; semicolon-row first-field specimen ID + explicit population-code extraction)
AB0399-C,Ag3.0-WestAfrica-Caputo2024,Burkina Faso,,,,,,,coluzzii,BFcol,https://cog.sanger.ac.uk/vo_agam_output/AB0399-C.vcf.gz,Caputo2024 Communications Biology Supplementary Data 1 (Ag1000G Ag3.0 West Africa; semicolon-row first-field specimen ID + explicit population-code extraction)
AB0400-C,Ag3.0-WestAfrica-Caputo2024,Burkina Faso,,,,,,,coluzzii,BFcol,https://cog.sanger.ac.uk/vo_agam_output/AB0400-C.vcf.gz,Caputo2024 Communications Biology Supplementary Data 1 (Ag1000G Ag3.0 West Africa; semicolon-row first-field specimen ID + explicit population-code extraction)
AB0403-C,Ag3.0-WestAfrica-Caputo2024,Burkina Faso,,,,,,,coluzzii,BFcol,https://cog.sanger.ac.uk/vo_agam_output/AB0403-C.vcf.gz,Caputo2024 Communications Biology Supplementary Data 1 (Ag1000G Ag3.0 West Africa; semicolon-row first-field specimen ID + explicit population-code extraction)
AB0404-C,Ag3.0-WestAfrica-Caputo2024,Burkina Faso,,,,,,,coluzzii,BFcol,https://cog.sanger.ac.uk/vo_agam_output/AB0404-C.vcf.gz,Caputo2024 Communications Biology Supplementary Data 1 (Ag1000G Ag3.0 West Africa; semicolon-row first-field specimen ID + explicit population-code extraction)
AB0408-C,Ag3.0-WestAfrica-Caputo2024,Burkina Faso,,,,,,,coluzzii,BFcol,https://cog.sanger.ac.uk/vo_agam_output/AB0408-C.vcf.gz,Caputo2024 Communications Biology Supplementary Data 1 (Ag1000G Ag3.0 West Africa; semicolon-row first-field specimen ID + explicit population-code extraction)
AB0409-C,Ag3.0-WestAfrica-Caputo2024,Burkina Faso,,,,,,,coluzzii,BFcol,https://cog.sanger.ac.uk/vo_agam_output/AB0409-C.vcf.gz,Caputo2024 Communications Biology Supplementary Data 1 (Ag1000G Ag3.0 West Africa; semicolon-row first-field specimen ID + explicit population-code extraction)
AB0410-C,Ag3.0-WestAfrica-Caputo2024,Burkina Faso,,,,,,,coluzzii,BFcol,https://cog.sanger.ac.uk/vo_agam_output/AB0410-C.vcf.gz,Caputo2024 Communications Biology Supplementary Data 1 (Ag1000G Ag3.0 West Africa; semicolon-row first-field specimen ID + explicit population-code extraction)
AB0411-C,Ag3.0-WestAfrica-Caputo2024,Burkina Faso,,,,,,,coluzzii,BFcol,https://cog.sanger.ac.uk/vo_agam_output/AB0411-C.vcf.gz,Caputo2024 Communications Biology Supplementary Data 1 (Ag1000G Ag3.0 West Africa; semicolon-row first-field specimen ID + explicit population-code extraction)
AB0413-C,Ag3.0-WestAfrica-Caputo2024,Burkina Faso,,,,,,,coluzzii,BFcol,https://cog.sanger.ac.uk/vo_agam_output/AB0413-C.vcf.gz,Caputo2024 Communications Biology Supplementary Data 1 (Ag1000G Ag3.0 West Africa; semicolon-row first-field specimen ID + explicit population-code extraction)
AB0503-C,Ag3.0-WestAfrica-Caputo2024,Burkina Faso,,,,,,,coluzzii,BFcol,https://cog.sanger.ac.uk/vo_agam_output/AB0503-C.vcf.gz,Caputo2024 Communications Biology Supplementary Data 1 (Ag1000G Ag3.0 West Africa; semicolon-row first-field specimen ID + explicit population-code extraction)
AB0505-C,Ag3.0-WestAfrica-Caputo2024,Burkina Faso,,,,,,,coluzzii,BFcol,https://cog.sanger.ac.uk/vo_agam_output/AB0505-C.vcf.gz,Caputo2024 Communications Biology Supplementary Data 1 (Ag1000G Ag3.0 West Africa; semicolon-row first-field specimen ID + explicit population-code extraction)
AB0508-C,Ag3.0-WestAfrica-Caputo2024,Burkina Faso,,,,,,,coluzzii,BFcol,https://cog.sanger.ac.uk/vo_agam_output/AB0508-C.vcf.gz,Caputo2024 Communications Biology Supplementary Data 1 (Ag1000G Ag3.0 West Africa; semicolon-row first-field specimen ID + explicit population-code extraction)
AB0509-C,Ag3.0-WestAfrica-Caputo2024,Burkina Faso,,,,,,,coluzzii,BFcol,https://cog.sanger.ac.uk/vo_agam_output/AB0509-C.vcf.gz,Caputo2024 Communications Biology Supplementary Data 1 (Ag1000G Ag3.0 West Africa; semicolon-row first-field specimen ID + explicit population-code extraction)
AB0510-C,Ag3.0-WestAfrica-Caputo2024,Burkina Faso,,,,,,,coluzzii,BFcol,https://cog.sanger.ac.uk/vo_agam_output/AB0510-C.vcf.gz,Caputo2024 Communications Biology Supplementary Data 1 (Ag1000G Ag3.0 West Africa; semicolon-row first-field specimen ID + explicit population-code extraction)
AB0523-C,Ag3.0-WestAfrica-Caputo2024,Burkina Faso,,,,,,,coluzzii,BFcol,https://cog.sanger.ac.uk/vo_agam_output/AB0523-C.vcf.gz,Caputo2024 Communications Biology Supplementary Data 1 (Ag1000G Ag3.0 West Africa; semicolon-row first-field specimen ID + explicit population-code extraction)
AY0006-C,Ag3.0-WestAfrica-Caputo2024,Côte d'Ivoire,,,,,,,coluzzii,CIcol,https://cog.sanger.ac.uk/vo_agam_output/AY0006-C.vcf.gz,Caputo2024 Communications Biology Supplementary Data 1 (Ag1000G Ag3.0 West Africa; semicolon-row first-field specimen ID + explicit population-code extraction)
AY0007-C,Ag3.0-WestAfrica-Caputo2024,Côte d'Ivoire,,,,,,,coluzzii,CIcol,https://cog.sanger.ac.uk/vo_agam_output/AY0007-C.vcf.gz,Caputo2024 Communications Biology Supplementary Data 1 (Ag1000G Ag3.0 West Africa; semicolon-row first-field specimen ID + explicit population-code extraction)
AY0010-C,Ag3.0-WestAfrica-Caputo2024,Côte d'Ivoire,,,,,,,coluzzii,CIcol,https://cog.sanger.ac.uk/vo_agam_output/AY0010-C.vcf.gz,Caputo2024 Communications Biology Supplementary Data 1 (Ag1000G Ag3.0 West Africa; semicolon-row first-field specimen ID + explicit population-code extraction)
AY0011-C,Ag3.0-WestAfrica-Caputo2024,Côte d'Ivoire,,,,,,,coluzzii,CIcol,https://cog.sanger.ac.uk/vo_agam_output/AY0011-C.vcf.gz,Caputo2024 Communications Biology Supplementary Data 1 (Ag1000G Ag3.0 West Africa; semicolon-row first-field specimen ID + explicit population-code extraction)
AY0012-C,Ag3.0-WestAfrica-Caputo2024,Côte d'Ivoire,,,,,,,coluzzii,CIcol,https://cog.sanger.ac.uk/vo_agam_output/AY0012-C.vcf.gz,Caputo2024 Communications Biology Supplementary Data 1 (Ag1000G Ag3.0 West Africa; semicolon-row first-field specimen ID + explicit population-code extraction)
AY0013-C,Ag3.0-WestAfrica-Caputo2024,Côte d'Ivoire,,,,,,,coluzzii,CIcol,https://cog.sanger.ac.uk/vo_agam_output/AY0013-C.vcf.gz,Caputo2024 Communications Biology Supplementary Data 1 (Ag1000G Ag3.0 West Africa; semicolon-row first-field specimen ID + explicit population-code extraction)
AY0014-C,Ag3.0-WestAfrica-Caputo2024,Côte d'Ivoire,,,,,,,coluzzii,CIcol,https://cog.sanger.ac.uk/vo_agam_output/AY0014-C.vcf.gz,Caputo2024 Communications Biology Supplementary Data 1 (Ag1000G Ag3.0 West Africa; semicolon-row first-field specimen ID + explicit population-code extraction)
AY0015-C,Ag3.0-WestAfrica-Caputo2024,Côte d'Ivoire,,,,,,,coluzzii,CIcol,https://cog.sanger.ac.uk/vo_agam_output/AY0015-C.vcf.gz,Caputo2024 Communications Biology Supplementary Data 1 (Ag1000G Ag3.0 West Africa; semicolon-row first-field specimen ID + explicit population-code extraction)
AY0016-C,Ag3.0-WestAfrica-Caputo2024,Côte d'Ivoire,,,,,,,coluzzii,CIcol,https://cog.sanger.ac.uk/vo_agam_output/AY0016-C.vcf.gz,Caputo2024 Communications Biology Supplementary Data 1 (Ag1000G Ag3.0 West Africa; semicolon-row first-field specimen ID + explicit population-code extraction)
AY0017-C,Ag3.0-WestAfrica-Caputo2024,Côte d'Ivoire,,,,,,,coluzzii,CIcol,https://cog.sanger.ac.uk/vo_agam_output/AY0017-C.vcf.gz,Caputo2024 Communications Biology Supplementary Data 1 (Ag1000G Ag3.0 West Africa; semicolon-row first-field specimen ID + explicit population-code extraction)
AY0018-C,Ag3.0-WestAfrica-Caputo2024,Côte d'Ivoire,,,,,,,coluzzii,CIcol,https://cog.sanger.ac.uk/vo_agam_output/AY0018-C.vcf.gz,Caputo2024 Communications Biology Supplementary Data 1 (Ag1000G Ag3.0 West Africa; semicolon-row first-field specimen ID + explicit population-code extraction)
AY0019-C,Ag3.0-WestAfrica-Caputo2024,Côte d'Ivoire,,,,,,,coluzzii,CIcol,https://cog.sanger.ac.uk/vo_agam_output/AY0019-C.vcf.gz,Caputo2024 Communications Biology Supplementary Data 1 (Ag1000G Ag3.0 West Africa; semicolon-row first-field specimen ID + explicit population-code extraction)
AY0020-C,Ag3.0-WestAfrica-Caputo2024,Côte d'Ivoire,,,,,,,coluzzii,CIcol,https://cog.sanger.ac.uk/vo_agam_output/AY0020-C.vcf.gz,Caputo2024 Communications Biology Supplementary Data 1 (Ag1000G Ag3.0 West Africa; semicolon-row first-field specimen ID + explicit population-code extraction)
AY0021-C,Ag3.0-WestAfrica-Caputo2024,Côte d'Ivoire,,,,,,,coluzzii,CIcol,https://cog.sanger.ac.uk/vo_agam_output/AY0021-C.vcf.gz,Caputo2024 Communications Biology Supplementary Data 1 (Ag1000G Ag3.0 West Africa; semicolon-row first-field specimen ID + explicit population-code extraction)
AY0023-C,Ag3.0-WestAfrica-Caputo2024,Côte d'Ivoire,,,,,,,coluzzii,CIcol,https://cog.sanger.ac.uk/vo_agam_output/AY0023-C.vcf.gz,Caputo2024 Communications Biology Supplementary Data 1 (Ag1000G Ag3.0 West Africa; semicolon-row first-field specimen ID + explicit population-code extraction)
AY0024-C,Ag3.0-WestAfrica-Caputo2024,Côte d'Ivoire,,,,,,,coluzzii,CIcol,https://cog.sanger.ac.uk/vo_agam_output/AY0024-C.vcf.gz,Caputo2024 Communications Biology Supplementary Data 1 (Ag1000G Ag3.0 West Africa; semicolon-row first-field specimen ID + explicit population-code extraction)
AY0025-C,Ag3.0-WestAfrica-Caputo2024,Côte d'Ivoire,,,,,,,coluzzii,CIcol,https://cog.sanger.ac.uk/vo_agam_output/AY0025-C.vcf.gz,Caputo2024 Communications Biology Supplementary Data 1 (Ag1000G Ag3.0 West Africa; semicolon-row first-field specimen ID + explicit population-code extraction)
AY0026-C,Ag3.0-WestAfrica-Caputo2024,Côte d'Ivoire,,,,,,,coluzzii,CIcol,https://cog.sanger.ac.uk/vo_agam_output/AY0026-C.vcf.gz,Caputo2024 Communications Biology Supplementary Data 1 (Ag1000G Ag3.0 West Africa; semicolon-row first-field specimen ID + explicit population-code extraction)
AY0027-C,Ag3.0-WestAfrica-Caputo2024,Côte d'Ivoire,,,,,,,coluzzii,CIcol,https://cog.sanger.ac.uk/vo_agam_output/AY0027-C.vcf.gz,Caputo2024 Communications Biology Supplementary Data 1 (Ag1000G Ag3.0 West Africa; semicolon-row first-field specimen ID + explicit population-code extraction)
AY0028-C,Ag3.0-WestAfrica-Caputo2024,Côte d'Ivoire,,,,,,,coluzzii,CIcol,https://cog.sanger.ac.uk/vo_agam_output/AY0028-C.vcf.gz,Caputo2024 Communications Biology Supplementary Data 1 (Ag1000G Ag3.0 West Africa; semicolon-row first-field specimen ID + explicit population-code extraction)
AY0029-C,Ag3.0-WestAfrica-Caputo2024,Côte d'Ivoire,,,,,,,coluzzii,CIcol,https://cog.sanger.ac.uk/vo_agam_output/AY0029-C.vcf.gz,Caputo2024 Communications Biology Supplementary Data 1 (Ag1000G Ag3.0 West Africa; semicolon-row first-field specimen ID + explicit population-code extraction)
AY0031-C,Ag3.0-WestAfrica-Caputo2024,Côte d'Ivoire,,,,,,,coluzzii,CIcol,https://cog.sanger.ac.uk/vo_agam_output/AY0031-C.vcf.gz,Caputo2024 Communications Biology Supplementary Data 1 (Ag1000G Ag3.0 West Africa; semicolon-row first-field specimen ID + explicit population-code extraction)
AY0032-C,Ag3.0-WestAfrica-Caputo2024,Côte d'Ivoire,,,,,,,coluzzii,CIcol,https://cog.sanger.ac.uk/vo_agam_output/AY0032-C.vcf.gz,Caputo2024 Communications Biology Supplementary Data 1 (Ag1000G Ag3.0 West Africa; semicolon-row first-field specimen ID + explicit population-code extraction)
AY0033-C,Ag3.0-WestAfrica-Caputo2024,Côte d'Ivoire,,,,,,,coluzzii,CIcol,https://cog.sanger.ac.uk/vo_agam_output/AY0033-C.vcf.gz,Caputo2024 Communications Biology Supplementary Data 1 (Ag1000G Ag3.0 West Africa; semicolon-row first-field specimen ID + explicit population-code extraction)
AY0034-C,Ag3.0-WestAfrica-Caputo2024,Côte d'Ivoire,,,,,,,coluzzii,CIcol,https://cog.sanger.ac.uk/vo_agam_output/AY0034-C.vcf.gz,Caputo2024 Communications Biology Supplementary Data 1 (Ag1000G Ag3.0 West Africa; semicolon-row first-field specimen ID + explicit population-code extraction)
AY0035-C,Ag3.0-WestAfrica-Caputo2024,Côte d'Ivoire,,,,,,,coluzzii,CIcol,https://cog.sanger.ac.uk/vo_agam_output/AY0035-C.vcf.gz,Caputo2024 Communications Biology Supplementary Data 1 (Ag1000G Ag3.0 West Africa; semicolon-row first-field specimen ID + explicit population-code extraction)
AY0036-C,Ag3.0-WestAfrica-Caputo2024,Côte d'Ivoire,,,,,,,coluzzii,CIcol,https://cog.sanger.ac.uk/vo_agam_output/AY0036-C.vcf.gz,Caputo2024 Communications Biology Supplementary Data 1 (Ag1000G Ag3.0 West Africa; semicolon-row first-field specimen ID + explicit population-code extraction)
AY0038-C,Ag3.0-WestAfrica-Caputo2024,Côte d'Ivoire,,,,,,,coluzzii,CIcol,https://cog.sanger.ac.uk/vo_agam_output/AY0038-C.vcf.gz,Caputo2024 Communications Biology Supplementary Data 1 (Ag1000G Ag3.0 West Africa; semicolon-row first-field specimen ID + explicit population-code extraction)
AY0039-C,Ag3.0-WestAfrica-Caputo2024,Côte d'Ivoire,,,,,,,coluzzii,CIcol,https://cog.sanger.ac.uk/vo_agam_output/AY0039-C.vcf.gz,Caputo2024 Communications Biology Supplementary Data 1 (Ag1000G Ag3.0 West Africa; semicolon-row first-field specimen ID + explicit population-code extraction)
AY0040-C,Ag3.0-WestAfrica-Caputo2024,Côte d'Ivoire,,,,,,,coluzzii,CIcol,https://cog.sanger.ac.uk/vo_agam_output/AY0040-C.vcf.gz,Caputo2024 Communications Biology Supplementary Data 1 (Ag1000G Ag3.0 West Africa; semicolon-row first-field specimen ID + explicit population-code extraction)
AY0041-C,Ag3.0-WestAfrica-Caputo2024,Côte d'Ivoire,,,,,,,coluzzii,CIcol,https://cog.sanger.ac.uk/vo_agam_output/AY0041-C.vcf.gz,Caputo2024 Communications Biology Supplementary Data 1 (Ag1000G Ag3.0 West Africa; semicolon-row first-field specimen ID + explicit population-code extraction)
AY0042-C,Ag3.0-WestAfrica-Caputo2024,Côte d'Ivoire,,,,,,,coluzzii,CIcol,https://cog.sanger.ac.uk/vo_agam_output/AY0042-C.vcf.gz,Caputo2024 Communications Biology Supplementary Data 1 (Ag1000G Ag3.0 West Africa; semicolon-row first-field specimen ID + explicit population-code extraction)
AY0043-C,Ag3.0-WestAfrica-Caputo2024,Côte d'Ivoire,,,,,,,coluzzii,CIcol,https://cog.sanger.ac.uk/vo_agam_output/AY0043-C.vcf.gz,Caputo2024 Communications Biology Supplementary Data 1 (Ag1000G Ag3.0 West Africa; semicolon-row first-field specimen ID + explicit population-code extraction)
AY0044-C,Ag3.0-WestAfrica-Caputo2024,Côte d'Ivoire,,,,,,,coluzzii,CIcol,https://cog.sanger.ac.uk/vo_agam_output/AY0044-C.vcf.gz,Caputo2024 Communications Biology Supplementary Data 1 (Ag1000G Ag3.0 West Africa; semicolon-row first-field specimen ID + explicit population-code extraction)
AY0045-C,Ag3.0-WestAfrica-Caputo2024,Côte d'Ivoire,,,,,,,coluzzii,CIcol,https://cog.sanger.ac.uk/vo_agam_output/AY0045-C.vcf.gz,Caputo2024 Communications Biology Supplementary Data 1 (Ag1000G Ag3.0 West Africa; semicolon-row first-field specimen ID + explicit population-code extraction)
AY0046-C,Ag3.0-WestAfrica-Caputo2024,Côte d'Ivoire,,,,,,,coluzzii,CIcol,https://cog.sanger.ac.uk/vo_agam_output/AY0046-C.vcf.gz,Caputo2024 Communications Biology Supplementary Data 1 (Ag1000G Ag3.0 West Africa; semicolon-row first-field specimen ID + explicit population-code extraction)
AY0047-C,Ag3.0-WestAfrica-Caputo2024,Côte d'Ivoire,,,,,,,coluzzii,CIcol,https://cog.sanger.ac.uk/vo_agam_output/AY0047-C.vcf.gz,Caputo2024 Communications Biology Supplementary Data 1 (Ag1000G Ag3.0 West Africa; semicolon-row first-field specimen ID + explicit population-code extraction)
AY0048-C,Ag3.0-WestAfrica-Caputo2024,Côte d'Ivoire,,,,,,,coluzzii,CIcol,https://cog.sanger.ac.uk/vo_agam_output/AY0048-C.vcf.gz,Caputo2024 Communications Biology Supplementary Data 1 (Ag1000G Ag3.0 West Africa; semicolon-row first-field specimen ID + explicit population-code extraction)
AY0049-C,Ag3.0-WestAfrica-Caputo2024,Côte d'Ivoire,,,,,,,coluzzii,CIcol,https://cog.sanger.ac.uk/vo_agam_output/AY0049-C.vcf.gz,Caputo2024 Communications Biology Supplementary Data 1 (Ag1000G Ag3.0 West Africa; semicolon-row first-field specimen ID + explicit population-code extraction)
AY0050-C,Ag3.0-WestAfrica-Caputo2024,Côte d'Ivoire,,,,,,,coluzzii,CIcol,https://cog.sanger.ac.uk/vo_agam_output/AY0050-C.vcf.gz,Caputo2024 Communications Biology Supplementary Data 1 (Ag1000G Ag3.0 West Africa; semicolon-row first-field specimen ID + explicit population-code extraction)
AY0052-C,Ag3.0-WestAfrica-Caputo2024,Côte d'Ivoire,,,,,,,coluzzii,CIcol,https://cog.sanger.ac.uk/vo_agam_output/AY0052-C.vcf.gz,Caputo2024 Communications Biology Supplementary Data 1 (Ag1000G Ag3.0 West Africa; semicolon-row first-field specimen ID + explicit population-code extraction)
AY0053-C,Ag3.0-WestAfrica-Caputo2024,Côte d'Ivoire,,,,,,,coluzzii,CIcol,https://cog.sanger.ac.uk/vo_agam_output/AY0053-C.vcf.gz,Caputo2024 Communications Biology Supplementary Data 1 (Ag1000G Ag3.0 West Africa; semicolon-row first-field specimen ID + explicit population-code extraction)
AY0054-C,Ag3.0-WestAfrica-Caputo2024,Côte d'Ivoire,,,,,,,coluzzii,CIcol,https://cog.sanger.ac.uk/vo_agam_output/AY0054-C.vcf.gz,Caputo2024 Communications Biology Supplementary Data 1 (Ag1000G Ag3.0 West Africa; semicolon-row first-field specimen ID + explicit population-code extraction)
AY0055-C,Ag3.0-WestAfrica-Caputo2024,Côte d'Ivoire,,,,,,,coluzzii,CIcol,https://cog.sanger.ac.uk/vo_agam_output/AY0055-C.vcf.gz,Caputo2024 Communications Biology Supplementary Data 1 (Ag1000G Ag3.0 West Africa; semicolon-row first-field specimen ID + explicit population-code extraction)
AY0056-C,Ag3.0-WestAfrica-Caputo2024,Côte d'Ivoire,,,,,,,coluzzii,CIcol,https://cog.sanger.ac.uk/vo_agam_output/AY0056-C.vcf.gz,Caputo2024 Communications Biology Supplementary Data 1 (Ag1000G Ag3.0 West Africa; semicolon-row first-field specimen ID + explicit population-code extraction)
AY0057-C,Ag3.0-WestAfrica-Caputo2024,Côte d'Ivoire,,,,,,,coluzzii,CIcol,https://cog.sanger.ac.uk/vo_agam_output/AY0057-C.vcf.gz,Caputo2024 Communications Biology Supplementary Data 1 (Ag1000G Ag3.0 West Africa; semicolon-row first-field specimen ID + explicit population-code extraction)
AY0058-C,Ag3.0-WestAfrica-Caputo2024,Côte d'Ivoire,,,,,,,coluzzii,CIcol,https://cog.sanger.ac.uk/vo_agam_output/AY0058-C.vcf.gz,Caputo2024 Communications Biology Supplementary Data 1 (Ag1000G Ag3.0 West Africa; semicolon-row first-field specimen ID + explicit population-code extraction)
AY0059-C,Ag3.0-WestAfrica-Caputo2024,Côte d'Ivoire,,,,,,,coluzzii,CIcol,https://cog.sanger.ac.uk/vo_agam_output/AY0059-C.vcf.gz,Caputo2024 Communications Biology Supplementary Data 1 (Ag1000G Ag3.0 West Africa; semicolon-row first-field specimen ID + explicit population-code extraction)
AY0060-C,Ag3.0-WestAfrica-Caputo2024,Côte d'Ivoire,,,,,,,coluzzii,CIcol,https://cog.sanger.ac.uk/vo_agam_output/AY0060-C.vcf.gz,Caputo2024 Communications Biology Supplementary Data 1 (Ag1000G Ag3.0 West Africa; semicolon-row first-field specimen ID + explicit population-code extraction)
AY0061-C,Ag3.0-WestAfrica-Caputo2024,Côte d'Ivoire,,,,,,,coluzzii,CIcol,https://cog.sanger.ac.uk/vo_agam_output/AY0061-C.vcf.gz,Caputo2024 Communications Biology Supplementary Data 1 (Ag1000G Ag3.0 West Africa; semicolon-row first-field specimen ID + explicit population-code extraction)
AY0062-C,Ag3.0-WestAfrica-Caputo2024,Côte d'Ivoire,,,,,,,coluzzii,CIcol,https://cog.sanger.ac.uk/vo_agam_output/AY0062-C.vcf.gz,Caputo2024 Communications Biology Supplementary Data 1 (Ag1000G Ag3.0 West Africa; semicolon-row first-field specimen ID + explicit population-code extraction)
AY0063-C,Ag3.0-WestAfrica-Caputo2024,Côte d'Ivoire,,,,,,,coluzzii,CIcol,https://cog.sanger.ac.uk/vo_agam_output/AY0063-C.vcf.gz,Caputo2024 Communications Biology Supplementary Data 1 (Ag1000G Ag3.0 West Africa; semicolon-row first-field specimen ID + explicit population-code extraction)
AY0064-C,Ag3.0-WestAfrica-Caputo2024,Côte d'Ivoire,,,,,,,coluzzii,CIcol,https://cog.sanger.ac.uk/vo_agam_output/AY0064-C.vcf.gz,Caputo2024 Communications Biology Supplementary Data 1 (Ag1000G Ag3.0 West Africa; semicolon-row first-field specimen ID + explicit population-code extraction)
AY0065-C,Ag3.0-WestAfrica-Caputo2024,Côte d'Ivoire,,,,,,,coluzzii,CIcol,https://cog.sanger.ac.uk/vo_agam_output/AY0065-C.vcf.gz,Caputo2024 Communications Biology Supplementary Data 1 (Ag1000G Ag3.0 West Africa; semicolon-row first-field specimen ID + explicit population-code extraction)
AY0066-C,Ag3.0-WestAfrica-Caputo2024,Côte d'Ivoire,,,,,,,coluzzii,CIcol,https://cog.sanger.ac.uk/vo_agam_output/AY0066-C.vcf.gz,Caputo2024 Communications Biology Supplementary Data 1 (Ag1000G Ag3.0 West Africa; semicolon-row first-field specimen ID + explicit population-code extraction)
AY0067-C,Ag3.0-WestAfrica-Caputo2024,Côte d'Ivoire,,,,,,,coluzzii,CIcol,https://cog.sanger.ac.uk/vo_agam_output/AY0067-C.vcf.gz,Caputo2024 Communications Biology Supplementary Data 1 (Ag1000G Ag3.0 West Africa; semicolon-row first-field specimen ID + explicit population-code extraction)
AY0068-C,Ag3.0-WestAfrica-Caputo2024,Côte d'Ivoire,,,,,,,coluzzii,CIcol,https://cog.sanger.ac.uk/vo_agam_output/AY0068-C.vcf.gz,Caputo2024 Communications Biology Supplementary Data 1 (Ag1000G Ag3.0 West Africa; semicolon-row first-field specimen ID + explicit population-code extraction)
AY0069-C,Ag3.0-WestAfrica-Caputo2024,Côte d'Ivoire,,,,,,,coluzzii,CIcol,https://cog.sanger.ac.uk/vo_agam_output/AY0069-C.vcf.gz,Caputo2024 Communications Biology Supplementary Data 1 (Ag1000G Ag3.0 West Africa; semicolon-row first-field specimen ID + explicit population-code extraction)
AY0070-C,Ag3.0-WestAfrica-Caputo2024,Côte d'Ivoire,,,,,,,coluzzii,CIcol,https://cog.sanger.ac.uk/vo_agam_output/AY0070-C.vcf.gz,Caputo2024 Communications Biology Supplementary Data 1 (Ag1000G Ag3.0 West Africa; semicolon-row first-field specimen ID + explicit population-code extraction)
AY0071-C,Ag3.0-WestAfrica-Caputo2024,Côte d'Ivoire,,,,,,,coluzzii,CIcol,https://cog.sanger.ac.uk/vo_agam_output/AY0071-C.vcf.gz,Caputo2024 Communications Biology Supplementary Data 1 (Ag1000G Ag3.0 West Africa; semicolon-row first-field specimen ID + explicit population-code extraction)
AY0072-C,Ag3.0-WestAfrica-Caputo2024,Côte d'Ivoire,,,,,,,coluzzii,CIcol,https://cog.sanger.ac.uk/vo_agam_output/AY0072-C.vcf.gz,Caputo2024 Communications Biology Supplementary Data 1 (Ag1000G Ag3.0 West Africa; semicolon-row first-field specimen ID + explicit population-code extraction)
AY0073-C,Ag3.0-WestAfrica-Caputo2024,Côte d'Ivoire,,,,,,,coluzzii,CIcol,https://cog.sanger.ac.uk/vo_agam_output/AY0073-C.vcf.gz,Caputo2024 Communications Biology Supplementary Data 1 (Ag1000G Ag3.0 West Africa; semicolon-row first-field specimen ID + explicit population-code extraction)
AY0074-C,Ag3.0-WestAfrica-Caputo2024,Côte d'Ivoire,,,,,,,coluzzii,CIcol,https://cog.sanger.ac.uk/vo_agam_output/AY0074-C.vcf.gz,Caputo2024 Communications Biology Supplementary Data 1 (Ag1000G Ag3.0 West Africa; semicolon-row first-field specimen ID + explicit population-code extraction)
AY0075-C,Ag3.0-WestAfrica-Caputo2024,Côte d'Ivoire,,,,,,,coluzzii,CIcol,https://cog.sanger.ac.uk/vo_agam_output/AY0075-C.vcf.gz,Caputo2024 Communications Biology Supplementary Data 1 (Ag1000G Ag3.0 West Africa; semicolon-row first-field specimen ID + explicit population-code extraction)
AY0076-C,Ag3.0-WestAfrica-Caputo2024,Côte d'Ivoire,,,,,,,coluzzii,CIcol,https://cog.sanger.ac.uk/vo_agam_output/AY0076-C.vcf.gz,Caputo2024 Communications Biology Supplementary Data 1 (Ag1000G Ag3.0 West Africa; semicolon-row first-field specimen ID + explicit population-code extraction)
AY0077-C,Ag3.0-WestAfrica-Caputo2024,Côte d'Ivoire,,,,,,,coluzzii,CIcol,https://cog.sanger.ac.uk/vo_agam_output/AY0077-C.vcf.gz,Caputo2024 Communications Biology Supplementary Data 1 (Ag1000G Ag3.0 West Africa; semicolon-row first-field specimen ID + explicit population-code extraction)
AY0078-C,Ag3.0-WestAfrica-Caputo2024,Côte d'Ivoire,,,,,,,coluzzii,CIcol,https://cog.sanger.ac.uk/vo_agam_output/AY0078-C.vcf.gz,Caputo2024 Communications Biology Supplementary Data 1 (Ag1000G Ag3.0 West Africa; semicolon-row first-field specimen ID + explicit population-code extraction)
AY0079-C,Ag3.0-WestAfrica-Caputo2024,Côte d'Ivoire,,,,,,,coluzzii,CIcol,https://cog.sanger.ac.uk/vo_agam_output/AY0079-C.vcf.gz,Caputo2024 Communications Biology Supplementary Data 1 (Ag1000G Ag3.0 West Africa; semicolon-row first-field specimen ID + explicit population-code extraction)
AY0080-C,Ag3.0-WestAfrica-Caputo2024,Côte d'Ivoire,,,,,,,coluzzii,CIcol,https://cog.sanger.ac.uk/vo_agam_output/AY0080-C.vcf.gz,Caputo2024 Communications Biology Supplementary Data 1 (Ag1000G Ag3.0 West Africa; semicolon-row first-field specimen ID + explicit population-code extraction)
AY0082-C,Ag3.0-WestAfrica-Caputo2024,Côte d'Ivoire,,,,,,,coluzzii,CIcol,https://cog.sanger.ac.uk/vo_agam_output/AY0082-C.vcf.gz,Caputo2024 Communications Biology Supplementary Data 1 (Ag1000G Ag3.0 West Africa; semicolon-row first-field specimen ID + explicit population-code extraction)
AY0083-C,Ag3.0-WestAfrica-Caputo2024,Côte d'Ivoire,,,,,,,coluzzii,CIcol,https://cog.sanger.ac.uk/vo_agam_output/AY0083-C.vcf.gz,Caputo2024 Communications Biology Supplementary Data 1 (Ag1000G Ag3.0 West Africa; semicolon-row first-field specimen ID + explicit population-code extraction)
AY0084-C,Ag3.0-WestAfrica-Caputo2024,Côte d'Ivoire,,,,,,,coluzzii,CIcol,https://cog.sanger.ac.uk/vo_agam_output/AY0084-C.vcf.gz,Caputo2024 Communications Biology Supplementary Data 1 (Ag1000G Ag3.0 West Africa; semicolon-row first-field specimen ID + explicit population-code extraction)
AY0085-C,Ag3.0-WestAfrica-Caputo2024,Côte d'Ivoire,,,,,,,coluzzii,CIcol,https://cog.sanger.ac.uk/vo_agam_output/AY0085-C.vcf.gz,Caputo2024 Communications Biology Supplementary Data 1 (Ag1000G Ag3.0 West Africa; semicolon-row first-field specimen ID + explicit population-code extraction)
AY0086-C,Ag3.0-WestAfrica-Caputo2024,Côte d'Ivoire,,,,,,,coluzzii,CIcol,https://cog.sanger.ac.uk/vo_agam_output/AY0086-C.vcf.gz,Caputo2024 Communications Biology Supplementary Data 1 (Ag1000G Ag3.0 West Africa; semicolon-row first-field specimen ID + explicit population-code extraction)
AY0087-C,Ag3.0-WestAfrica-Caputo2024,Côte d'Ivoire,,,,,,,coluzzii,CIcol,https://cog.sanger.ac.uk/vo_agam_output/AY0087-C.vcf.gz,Caputo2024 Communications Biology Supplementary Data 1 (Ag1000G Ag3.0 West Africa; semicolon-row first-field specimen ID + explicit population-code extraction)
AY0088-C,Ag3.0-WestAfrica-Caputo2024,Côte d'Ivoire,,,,,,,coluzzii,CIcol,https://cog.sanger.ac.uk/vo_agam_output/AY0088-C.vcf.gz,Caputo2024 Communications Biology Supplementary Data 1 (Ag1000G Ag3.0 West Africa; semicolon-row first-field specimen ID + explicit population-code extraction)
AY0089-C,Ag3.0-WestAfrica-Caputo2024,Côte d'Ivoire,,,,,,,coluzzii,CIcol,https://cog.sanger.ac.uk/vo_agam_output/AY0089-C.vcf.gz,Caputo2024 Communications Biology Supplementary Data 1 (Ag1000G Ag3.0 West Africa; semicolon-row first-field specimen ID + explicit population-code extraction)
AY0090-C,Ag3.0-WestAfrica-Caputo2024,Côte d'Ivoire,,,,,,,coluzzii,CIcol,https://cog.sanger.ac.uk/vo_agam_output/AY0090-C.vcf.gz,Caputo2024 Communications Biology Supplementary Data 1 (Ag1000G Ag3.0 West Africa; semicolon-row first-field specimen ID + explicit population-code extraction)
AY0091-C,Ag3.0-WestAfrica-Caputo2024,Côte d'Ivoire,,,,,,,coluzzii,CIcol,https://cog.sanger.ac.uk/vo_agam_output/AY0091-C.vcf.gz,Caputo2024 Communications Biology Supplementary Data 1 (Ag1000G Ag3.0 West Africa; semicolon-row first-field specimen ID + explicit population-code extraction)
AY0092-C,Ag3.0-WestAfrica-Caputo2024,Côte d'Ivoire,,,,,,,coluzzii,CIcol,https://cog.sanger.ac.uk/vo_agam_output/AY0092-C.vcf.gz,Caputo2024 Communications Biology Supplementary Data 1 (Ag1000G Ag3.0 West Africa; semicolon-row first-field specimen ID + explicit population-code extraction)
AA0039-C,Ag3.0-WestAfrica-Caputo2024,Ghana,,,,,,,coluzzii,GHcol,https://cog.sanger.ac.uk/vo_agam_output/AA0039-C.vcf.gz,Caputo2024 Communications Biology Supplementary Data 1 (Ag1000G Ag3.0 West Africa; semicolon-row first-field specimen ID + explicit population-code extraction)
AA0040-C,Ag3.0-WestAfrica-Caputo2024,Ghana,,,,,,,coluzzii,GHcol,https://cog.sanger.ac.uk/vo_agam_output/AA0040-C.vcf.gz,Caputo2024 Communications Biology Supplementary Data 1 (Ag1000G Ag3.0 West Africa; semicolon-row first-field specimen ID + explicit population-code extraction)
AA0041-C,Ag3.0-WestAfrica-Caputo2024,Ghana,,,,,,,coluzzii,GHcol,https://cog.sanger.ac.uk/vo_agam_output/AA0041-C.vcf.gz,Caputo2024 Communications Biology Supplementary Data 1 (Ag1000G Ag3.0 West Africa; semicolon-row first-field specimen ID + explicit population-code extraction)
AA0042-C,Ag3.0-WestAfrica-Caputo2024,Ghana,,,,,,,coluzzii,GHcol,https://cog.sanger.ac.uk/vo_agam_output/AA0042-C.vcf.gz,Caputo2024 Communications Biology Supplementary Data 1 (Ag1000G Ag3.0 West Africa; semicolon-row first-field specimen ID + explicit population-code extraction)
AA0043-C,Ag3.0-WestAfrica-Caputo2024,Ghana,,,,,,,coluzzii,GHcol,https://cog.sanger.ac.uk/vo_agam_output/AA0043-C.vcf.gz,Caputo2024 Communications Biology Supplementary Data 1 (Ag1000G Ag3.0 West Africa; semicolon-row first-field specimen ID + explicit population-code extraction)
AA0044-C,Ag3.0-WestAfrica-Caputo2024,Ghana,,,,,,,coluzzii,GHcol,https://cog.sanger.ac.uk/vo_agam_output/AA0044-C.vcf.gz,Caputo2024 Communications Biology Supplementary Data 1 (Ag1000G Ag3.0 West Africa; semicolon-row first-field specimen ID + explicit population-code extraction)
AA0049-C,Ag3.0-WestAfrica-Caputo2024,Ghana,,,,,,,coluzzii,GHcol,https://cog.sanger.ac.uk/vo_agam_output/AA0049-C.vcf.gz,Caputo2024 Communications Biology Supplementary Data 1 (Ag1000G Ag3.0 West Africa; semicolon-row first-field specimen ID + explicit population-code extraction)
AA0051-C,Ag3.0-WestAfrica-Caputo2024,Ghana,,,,,,,coluzzii,GHcol,https://cog.sanger.ac.uk/vo_agam_output/AA0051-C.vcf.gz,Caputo2024 Communications Biology Supplementary Data 1 (Ag1000G Ag3.0 West Africa; semicolon-row first-field specimen ID + explicit population-code extraction)
AA0052-C,Ag3.0-WestAfrica-Caputo2024,Ghana,,,,,,,coluzzii,GHcol,https://cog.sanger.ac.uk/vo_agam_output/AA0052-C.vcf.gz,Caputo2024 Communications Biology Supplementary Data 1 (Ag1000G Ag3.0 West Africa; semicolon-row first-field specimen ID + explicit population-code extraction)
AA0053-C,Ag3.0-WestAfrica-Caputo2024,Ghana,,,,,,,coluzzii,GHcol,https://cog.sanger.ac.uk/vo_agam_output/AA0053-C.vcf.gz,Caputo2024 Communications Biology Supplementary Data 1 (Ag1000G Ag3.0 West Africa; semicolon-row first-field specimen ID + explicit population-code extraction)
AA0054-C,Ag3.0-WestAfrica-Caputo2024,Ghana,,,,,,,coluzzii,GHcol,https://cog.sanger.ac.uk/vo_agam_output/AA0054-C.vcf.gz,Caputo2024 Communications Biology Supplementary Data 1 (Ag1000G Ag3.0 West Africa; semicolon-row first-field specimen ID + explicit population-code extraction)
AA0055-C,Ag3.0-WestAfrica-Caputo2024,Ghana,,,,,,,coluzzii,GHcol,https://cog.sanger.ac.uk/vo_agam_output/AA0055-C.vcf.gz,Caputo2024 Communications Biology Supplementary Data 1 (Ag1000G Ag3.0 West Africa; semicolon-row first-field specimen ID + explicit population-code extraction)
AA0056-C,Ag3.0-WestAfrica-Caputo2024,Ghana,,,,,,,coluzzii,GHcol,https://cog.sanger.ac.uk/vo_agam_output/AA0056-C.vcf.gz,Caputo2024 Communications Biology Supplementary Data 1 (Ag1000G Ag3.0 West Africa; semicolon-row first-field specimen ID + explicit population-code extraction)
AA0063-C,Ag3.0-WestAfrica-Caputo2024,Ghana,,,,,,,coluzzii,GHcol,https://cog.sanger.ac.uk/vo_agam_output/AA0063-C.vcf.gz,Caputo2024 Communications Biology Supplementary Data 1 (Ag1000G Ag3.0 West Africa; semicolon-row first-field specimen ID + explicit population-code extraction)
AA0064-C,Ag3.0-WestAfrica-Caputo2024,Ghana,,,,,,,coluzzii,GHcol,https://cog.sanger.ac.uk/vo_agam_output/AA0064-C.vcf.gz,Caputo2024 Communications Biology Supplementary Data 1 (Ag1000G Ag3.0 West Africa; semicolon-row first-field specimen ID + explicit population-code extraction)
AA0065-C,Ag3.0-WestAfrica-Caputo2024,Ghana,,,,,,,coluzzii,GHcol,https://cog.sanger.ac.uk/vo_agam_output/AA0065-C.vcf.gz,Caputo2024 Communications Biology Supplementary Data 1 (Ag1000G Ag3.0 West Africa; semicolon-row first-field specimen ID + explicit population-code extraction)
AA0066-C,Ag3.0-WestAfrica-Caputo2024,Ghana,,,,,,,coluzzii,GHcol,https://cog.sanger.ac.uk/vo_agam_output/AA0066-C.vcf.gz,Caputo2024 Communications Biology Supplementary Data 1 (Ag1000G Ag3.0 West Africa; semicolon-row first-field specimen ID + explicit population-code extraction)
AA0067-C,Ag3.0-WestAfrica-Caputo2024,Ghana,,,,,,,coluzzii,GHcol,https://cog.sanger.ac.uk/vo_agam_output/AA0067-C.vcf.gz,Caputo2024 Communications Biology Supplementary Data 1 (Ag1000G Ag3.0 West Africa; semicolon-row first-field specimen ID + explicit population-code extraction)
AA0068-C,Ag3.0-WestAfrica-Caputo2024,Ghana,,,,,,,coluzzii,GHcol,https://cog.sanger.ac.uk/vo_agam_output/AA0068-C.vcf.gz,Caputo2024 Communications Biology Supplementary Data 1 (Ag1000G Ag3.0 West Africa; semicolon-row first-field specimen ID + explicit population-code extraction)
AA0073-C,Ag3.0-WestAfrica-Caputo2024,Ghana,,,,,,,coluzzii,GHcol,https://cog.sanger.ac.uk/vo_agam_output/AA0073-C.vcf.gz,Caputo2024 Communications Biology Supplementary Data 1 (Ag1000G Ag3.0 West Africa; semicolon-row first-field specimen ID + explicit population-code extraction)
AA0074-C,Ag3.0-WestAfrica-Caputo2024,Ghana,,,,,,,coluzzii,GHcol,https://cog.sanger.ac.uk/vo_agam_output/AA0074-C.vcf.gz,Caputo2024 Communications Biology Supplementary Data 1 (Ag1000G Ag3.0 West Africa; semicolon-row first-field specimen ID + explicit population-code extraction)
AA0075-C,Ag3.0-WestAfrica-Caputo2024,Ghana,,,,,,,coluzzii,GHcol,https://cog.sanger.ac.uk/vo_agam_output/AA0075-C.vcf.gz,Caputo2024 Communications Biology Supplementary Data 1 (Ag1000G Ag3.0 West Africa; semicolon-row first-field specimen ID + explicit population-code extraction)
AA0076-C,Ag3.0-WestAfrica-Caputo2024,Ghana,,,,,,,coluzzii,GHcol,https://cog.sanger.ac.uk/vo_agam_output/AA0076-C.vcf.gz,Caputo2024 Communications Biology Supplementary Data 1 (Ag1000G Ag3.0 West Africa; semicolon-row first-field specimen ID + explicit population-code extraction)
AA0077-C,Ag3.0-WestAfrica-Caputo2024,Ghana,,,,,,,coluzzii,GHcol,https://cog.sanger.ac.uk/vo_agam_output/AA0077-C.vcf.gz,Caputo2024 Communications Biology Supplementary Data 1 (Ag1000G Ag3.0 West Africa; semicolon-row first-field specimen ID + explicit population-code extraction)
AA0079-C,Ag3.0-WestAfrica-Caputo2024,Ghana,,,,,,,coluzzii,GHcol,https://cog.sanger.ac.uk/vo_agam_output/AA0079-C.vcf.gz,Caputo2024 Communications Biology Supplementary Data 1 (Ag1000G Ag3.0 West Africa; semicolon-row first-field specimen ID + explicit population-code extraction)
AA0080-C,Ag3.0-WestAfrica-Caputo2024,Ghana,,,,,,,coluzzii,GHcol,https://cog.sanger.ac.uk/vo_agam_output/AA0080-C.vcf.gz,Caputo2024 Communications Biology Supplementary Data 1 (Ag1000G Ag3.0 West Africa; semicolon-row first-field specimen ID + explicit population-code extraction)
AA0087-C,Ag3.0-WestAfrica-Caputo2024,Ghana,,,,,,,coluzzii,GHcol,https://cog.sanger.ac.uk/vo_agam_output/AA0087-C.vcf.gz,Caputo2024 Communications Biology Supplementary Data 1 (Ag1000G Ag3.0 West Africa; semicolon-row first-field specimen ID + explicit population-code extraction)
AA0088-C,Ag3.0-WestAfrica-Caputo2024,Ghana,,,,,,,coluzzii,GHcol,https://cog.sanger.ac.uk/vo_agam_output/AA0088-C.vcf.gz,Caputo2024 Communications Biology Supplementary Data 1 (Ag1000G Ag3.0 West Africa; semicolon-row first-field specimen ID + explicit population-code extraction)
AA0089-C,Ag3.0-WestAfrica-Caputo2024,Ghana,,,,,,,coluzzii,GHcol,https://cog.sanger.ac.uk/vo_agam_output/AA0089-C.vcf.gz,Caputo2024 Communications Biology Supplementary Data 1 (Ag1000G Ag3.0 West Africa; semicolon-row first-field specimen ID + explicit population-code extraction)
AA0090-C,Ag3.0-WestAfrica-Caputo2024,Ghana,,,,,,,coluzzii,GHcol,https://cog.sanger.ac.uk/vo_agam_output/AA0090-C.vcf.gz,Caputo2024 Communications Biology Supplementary Data 1 (Ag1000G Ag3.0 West Africa; semicolon-row first-field specimen ID + explicit population-code extraction)
AA0091-C,Ag3.0-WestAfrica-Caputo2024,Ghana,,,,,,,coluzzii,GHcol,https://cog.sanger.ac.uk/vo_agam_output/AA0091-C.vcf.gz,Caputo2024 Communications Biology Supplementary Data 1 (Ag1000G Ag3.0 West Africa; semicolon-row first-field specimen ID + explicit population-code extraction)
AA0092-C,Ag3.0-WestAfrica-Caputo2024,Ghana,,,,,,,coluzzii,GHcol,https://cog.sanger.ac.uk/vo_agam_output/AA0092-C.vcf.gz,Caputo2024 Communications Biology Supplementary Data 1 (Ag1000G Ag3.0 West Africa; semicolon-row first-field specimen ID + explicit population-code extraction)
AA0097-C,Ag3.0-WestAfrica-Caputo2024,Ghana,,,,,,,coluzzii,GHcol,https://cog.sanger.ac.uk/vo_agam_output/AA0097-C.vcf.gz,Caputo2024 Communications Biology Supplementary Data 1 (Ag1000G Ag3.0 West Africa; semicolon-row first-field specimen ID + explicit population-code extraction)
AA0098-C,Ag3.0-WestAfrica-Caputo2024,Ghana,,,,,,,coluzzii,GHcol,https://cog.sanger.ac.uk/vo_agam_output/AA0098-C.vcf.gz,Caputo2024 Communications Biology Supplementary Data 1 (Ag1000G Ag3.0 West Africa; semicolon-row first-field specimen ID + explicit population-code extraction)
AA0099-C,Ag3.0-WestAfrica-Caputo2024,Ghana,,,,,,,coluzzii,GHcol,https://cog.sanger.ac.uk/vo_agam_output/AA0099-C.vcf.gz,Caputo2024 Communications Biology Supplementary Data 1 (Ag1000G Ag3.0 West Africa; semicolon-row first-field specimen ID + explicit population-code extraction)
AA0100-C,Ag3.0-WestAfrica-Caputo2024,Ghana,,,,,,,coluzzii,GHcol,https://cog.sanger.ac.uk/vo_agam_output/AA0100-C.vcf.gz,Caputo2024 Communications Biology Supplementary Data 1 (Ag1000G Ag3.0 West Africa; semicolon-row first-field specimen ID + explicit population-code extraction)
AA0101-C,Ag3.0-WestAfrica-Caputo2024,Ghana,,,,,,,coluzzii,GHcol,https://cog.sanger.ac.uk/vo_agam_output/AA0101-C.vcf.gz,Caputo2024 Communications Biology Supplementary Data 1 (Ag1000G Ag3.0 West Africa; semicolon-row first-field specimen ID + explicit population-code extraction)
AA0102-C,Ag3.0-WestAfrica-Caputo2024,Ghana,,,,,,,coluzzii,GHcol,https://cog.sanger.ac.uk/vo_agam_output/AA0102-C.vcf.gz,Caputo2024 Communications Biology Supplementary Data 1 (Ag1000G Ag3.0 West Africa; semicolon-row first-field specimen ID + explicit population-code extraction)
AA0103-C,Ag3.0-WestAfrica-Caputo2024,Ghana,,,,,,,coluzzii,GHcol,https://cog.sanger.ac.uk/vo_agam_output/AA0103-C.vcf.gz,Caputo2024 Communications Biology Supplementary Data 1 (Ag1000G Ag3.0 West Africa; semicolon-row first-field specimen ID + explicit population-code extraction)
AA0104-C,Ag3.0-WestAfrica-Caputo2024,Ghana,,,,,,,coluzzii,GHcol,https://cog.sanger.ac.uk/vo_agam_output/AA0104-C.vcf.gz,Caputo2024 Communications Biology Supplementary Data 1 (Ag1000G Ag3.0 West Africa; semicolon-row first-field specimen ID + explicit population-code extraction)
AA0109-C,Ag3.0-WestAfrica-Caputo2024,Ghana,,,,,,,coluzzii,GHcol,https://cog.sanger.ac.uk/vo_agam_output/AA0109-C.vcf.gz,Caputo2024 Communications Biology Supplementary Data 1 (Ag1000G Ag3.0 West Africa; semicolon-row first-field specimen ID + explicit population-code extraction)
AA0110-C,Ag3.0-WestAfrica-Caputo2024,Ghana,,,,,,,coluzzii,GHcol,https://cog.sanger.ac.uk/vo_agam_output/AA0110-C.vcf.gz,Caputo2024 Communications Biology Supplementary Data 1 (Ag1000G Ag3.0 West Africa; semicolon-row first-field specimen ID + explicit population-code extraction)
AA0111-C,Ag3.0-WestAfrica-Caputo2024,Ghana,,,,,,,coluzzii,GHcol,https://cog.sanger.ac.uk/vo_agam_output/AA0111-C.vcf.gz,Caputo2024 Communications Biology Supplementary Data 1 (Ag1000G Ag3.0 West Africa; semicolon-row first-field specimen ID + explicit population-code extraction)
AA0112-C,Ag3.0-WestAfrica-Caputo2024,Ghana,,,,,,,coluzzii,GHcol,https://cog.sanger.ac.uk/vo_agam_output/AA0112-C.vcf.gz,Caputo2024 Communications Biology Supplementary Data 1 (Ag1000G Ag3.0 West Africa; semicolon-row first-field specimen ID + explicit population-code extraction)
AA0113-C,Ag3.0-WestAfrica-Caputo2024,Ghana,,,,,,,coluzzii,GHcol,https://cog.sanger.ac.uk/vo_agam_output/AA0113-C.vcf.gz,Caputo2024 Communications Biology Supplementary Data 1 (Ag1000G Ag3.0 West Africa; semicolon-row first-field specimen ID + explicit population-code extraction)
AA0114-C,Ag3.0-WestAfrica-Caputo2024,Ghana,,,,,,,coluzzii,GHcol,https://cog.sanger.ac.uk/vo_agam_output/AA0114-C.vcf.gz,Caputo2024 Communications Biology Supplementary Data 1 (Ag1000G Ag3.0 West Africa; semicolon-row first-field specimen ID + explicit population-code extraction)
AA0115-C,Ag3.0-WestAfrica-Caputo2024,Ghana,,,,,,,coluzzii,GHcol,https://cog.sanger.ac.uk/vo_agam_output/AA0115-C.vcf.gz,Caputo2024 Communications Biology Supplementary Data 1 (Ag1000G Ag3.0 West Africa; semicolon-row first-field specimen ID + explicit population-code extraction)
AA0116-C,Ag3.0-WestAfrica-Caputo2024,Ghana,,,,,,,coluzzii,GHcol,https://cog.sanger.ac.uk/vo_agam_output/AA0116-C.vcf.gz,Caputo2024 Communications Biology Supplementary Data 1 (Ag1000G Ag3.0 West Africa; semicolon-row first-field specimen ID + explicit population-code extraction)
AA0120-C,Ag3.0-WestAfrica-Caputo2024,Ghana,,,,,,,coluzzii,GHcol,https://cog.sanger.ac.uk/vo_agam_output/AA0120-C.vcf.gz,Caputo2024 Communications Biology Supplementary Data 1 (Ag1000G Ag3.0 West Africa; semicolon-row first-field specimen ID + explicit population-code extraction)
AA0123-C,Ag3.0-WestAfrica-Caputo2024,Ghana,,,,,,,coluzzii,GHcol,https://cog.sanger.ac.uk/vo_agam_output/AA0123-C.vcf.gz,Caputo2024 Communications Biology Supplementary Data 1 (Ag1000G Ag3.0 West Africa; semicolon-row first-field specimen ID + explicit population-code extraction)
AA0124-C,Ag3.0-WestAfrica-Caputo2024,Ghana,,,,,,,coluzzii,GHcol,https://cog.sanger.ac.uk/vo_agam_output/AA0124-C.vcf.gz,Caputo2024 Communications Biology Supplementary Data 1 (Ag1000G Ag3.0 West Africa; semicolon-row first-field specimen ID + explicit population-code extraction)
AA0125-C,Ag3.0-WestAfrica-Caputo2024,Ghana,,,,,,,coluzzii,GHcol,https://cog.sanger.ac.uk/vo_agam_output/AA0125-C.vcf.gz,Caputo2024 Communications Biology Supplementary Data 1 (Ag1000G Ag3.0 West Africa; semicolon-row first-field specimen ID + explicit population-code extraction)
AA0126-C,Ag3.0-WestAfrica-Caputo2024,Ghana,,,,,,,coluzzii,GHcol,https://cog.sanger.ac.uk/vo_agam_output/AA0126-C.vcf.gz,Caputo2024 Communications Biology Supplementary Data 1 (Ag1000G Ag3.0 West Africa; semicolon-row first-field specimen ID + explicit population-code extraction)
AA0127-C,Ag3.0-WestAfrica-Caputo2024,Ghana,,,,,,,coluzzii,GHcol,https://cog.sanger.ac.uk/vo_agam_output/AA0127-C.vcf.gz,Caputo2024 Communications Biology Supplementary Data 1 (Ag1000G Ag3.0 West Africa; semicolon-row first-field specimen ID + explicit population-code extraction)
AA0128-C,Ag3.0-WestAfrica-Caputo2024,Ghana,,,,,,,coluzzii,GHcol,https://cog.sanger.ac.uk/vo_agam_output/AA0128-C.vcf.gz,Caputo2024 Communications Biology Supplementary Data 1 (Ag1000G Ag3.0 West Africa; semicolon-row first-field specimen ID + explicit population-code extraction)
AA0132-C,Ag3.0-WestAfrica-Caputo2024,Ghana,,,,,,,coluzzii,GHcol,https://cog.sanger.ac.uk/vo_agam_output/AA0132-C.vcf.gz,Caputo2024 Communications Biology Supplementary Data 1 (Ag1000G Ag3.0 West Africa; semicolon-row first-field specimen ID + explicit population-code extraction)
AA0134-C,Ag3.0-WestAfrica-Caputo2024,Ghana,,,,,,,coluzzii,GHcol,https://cog.sanger.ac.uk/vo_agam_output/AA0134-C.vcf.gz,Caputo2024 Communications Biology Supplementary Data 1 (Ag1000G Ag3.0 West Africa; semicolon-row first-field specimen ID + explicit population-code extraction)
AA0135-C,Ag3.0-WestAfrica-Caputo2024,Ghana,,,,,,,coluzzii,GHcol,https://cog.sanger.ac.uk/vo_agam_output/AA0135-C.vcf.gz,Caputo2024 Communications Biology Supplementary Data 1 (Ag1000G Ag3.0 West Africa; semicolon-row first-field specimen ID + explicit population-code extraction)
AA0136-C,Ag3.0-WestAfrica-Caputo2024,Ghana,,,,,,,coluzzii,GHcol,https://cog.sanger.ac.uk/vo_agam_output/AA0136-C.vcf.gz,Caputo2024 Communications Biology Supplementary Data 1 (Ag1000G Ag3.0 West Africa; semicolon-row first-field specimen ID + explicit population-code extraction)
AA0138-C,Ag3.0-WestAfrica-Caputo2024,Ghana,,,,,,,coluzzii,GHcol,https://cog.sanger.ac.uk/vo_agam_output/AA0138-C.vcf.gz,Caputo2024 Communications Biology Supplementary Data 1 (Ag1000G Ag3.0 West Africa; semicolon-row first-field specimen ID + explicit population-code extraction)
AA0139-C,Ag3.0-WestAfrica-Caputo2024,Ghana,,,,,,,coluzzii,GHcol,https://cog.sanger.ac.uk/vo_agam_output/AA0139-C.vcf.gz,Caputo2024 Communications Biology Supplementary Data 1 (Ag1000G Ag3.0 West Africa; semicolon-row first-field specimen ID + explicit population-code extraction)
AA0140-C,Ag3.0-WestAfrica-Caputo2024,Ghana,,,,,,,coluzzii,GHcol,https://cog.sanger.ac.uk/vo_agam_output/AA0140-C.vcf.gz,Caputo2024 Communications Biology Supplementary Data 1 (Ag1000G Ag3.0 West Africa; semicolon-row first-field specimen ID + explicit population-code extraction)
AA0141-C,Ag3.0-WestAfrica-Caputo2024,Ghana,,,,,,,coluzzii,GHcol,https://cog.sanger.ac.uk/vo_agam_output/AA0141-C.vcf.gz,Caputo2024 Communications Biology Supplementary Data 1 (Ag1000G Ag3.0 West Africa; semicolon-row first-field specimen ID + explicit population-code extraction)
AV0038-C,Ag3.0-WestAfrica-Caputo2024,Guinea,,,,,,,coluzzii,GNcol,https://cog.sanger.ac.uk/vo_agam_output/AV0038-C.vcf.gz,Caputo2024 Communications Biology Supplementary Data 1 (Ag1000G Ag3.0 West Africa; semicolon-row first-field specimen ID + explicit population-code extraction)
AV0040-C,Ag3.0-WestAfrica-Caputo2024,Guinea,,,,,,,coluzzii,GNcol,https://cog.sanger.ac.uk/vo_agam_output/AV0040-C.vcf.gz,Caputo2024 Communications Biology Supplementary Data 1 (Ag1000G Ag3.0 West Africa; semicolon-row first-field specimen ID + explicit population-code extraction)
AV0042-Cx,Ag3.0-WestAfrica-Caputo2024,Guinea,,,,,,,coluzzii,GNcol,https://cog.sanger.ac.uk/vo_agam_output/AV0042-Cx.vcf.gz,Caputo2024 Communications Biology Supplementary Data 1 (Ag1000G Ag3.0 West Africa; semicolon-row first-field specimen ID + explicit population-code extraction)
AV0046-Cx,Ag3.0-WestAfrica-Caputo2024,Guinea,,,,,,,coluzzii,GNcol,https://cog.sanger.ac.uk/vo_agam_output/AV0046-Cx.vcf.gz,Caputo2024 Communications Biology Supplementary Data 1 (Ag1000G Ag3.0 West Africa; semicolon-row first-field specimen ID + explicit population-code extraction)
AV0149-C,Ag3.0-WestAfrica-Caputo2024,Guinea,,,,,,,coluzzii,GNcol,https://cog.sanger.ac.uk/vo_agam_output/AV0149-C.vcf.gz,Caputo2024 Communications Biology Supplementary Data 1 (Ag1000G Ag3.0 West Africa; semicolon-row first-field specimen ID + explicit population-code extraction)
AV0161-C,Ag3.0-WestAfrica-Caputo2024,Guinea,,,,,,,coluzzii,GNcol,https://cog.sanger.ac.uk/vo_agam_output/AV0161-C.vcf.gz,Caputo2024 Communications Biology Supplementary Data 1 (Ag1000G Ag3.0 West Africa; semicolon-row first-field specimen ID + explicit population-code extraction)
AV0173-C,Ag3.0-WestAfrica-Caputo2024,Guinea,,,,,,,coluzzii,GNcol,https://cog.sanger.ac.uk/vo_agam_output/AV0173-C.vcf.gz,Caputo2024 Communications Biology Supplementary Data 1 (Ag1000G Ag3.0 West Africa; semicolon-row first-field specimen ID + explicit population-code extraction)
AV0207-C,Ag3.0-WestAfrica-Caputo2024,Guinea,,,,,,,coluzzii,GNcol,https://cog.sanger.ac.uk/vo_agam_output/AV0207-C.vcf.gz,Caputo2024 Communications Biology Supplementary Data 1 (Ag1000G Ag3.0 West Africa; semicolon-row first-field specimen ID + explicit population-code extraction)
AV0209-CW,Ag3.0-WestAfrica-Caputo2024,Guinea,,,,,,,coluzzii,GNcol,https://cog.sanger.ac.uk/vo_agam_output/AV0209-CW.vcf.gz,Caputo2024 Communications Biology Supplementary Data 1 (Ag1000G Ag3.0 West Africa; semicolon-row first-field specimen ID + explicit population-code extraction)
AV0220-C,Ag3.0-WestAfrica-Caputo2024,Guinea,,,,,,,coluzzii,GNcol,https://cog.sanger.ac.uk/vo_agam_output/AV0220-C.vcf.gz,Caputo2024 Communications Biology Supplementary Data 1 (Ag1000G Ag3.0 West Africa; semicolon-row first-field specimen ID + explicit population-code extraction)
AV0232-C,Ag3.0-WestAfrica-Caputo2024,Guinea,,,,,,,coluzzii,GNcol,https://cog.sanger.ac.uk/vo_agam_output/AV0232-C.vcf.gz,Caputo2024 Communications Biology Supplementary Data 1 (Ag1000G Ag3.0 West Africa; semicolon-row first-field specimen ID + explicit population-code extraction)
AV0236-C,Ag3.0-WestAfrica-Caputo2024,Mali,,,,,,,coluzzii,MAcol,https://cog.sanger.ac.uk/vo_agam_output/AV0236-C.vcf.gz,Caputo2024 Communications Biology Supplementary Data 1 (Ag1000G Ag3.0 West Africa; semicolon-row first-field specimen ID + explicit population-code extraction)
AV0237-C,Ag3.0-WestAfrica-Caputo2024,Mali,,,,,,,coluzzii,MAcol,https://cog.sanger.ac.uk/vo_agam_output/AV0237-C.vcf.gz,Caputo2024 Communications Biology Supplementary Data 1 (Ag1000G Ag3.0 West Africa; semicolon-row first-field specimen ID + explicit population-code extraction)
AV0241-C,Ag3.0-WestAfrica-Caputo2024,Mali,,,,,,,coluzzii,MAcol,https://cog.sanger.ac.uk/vo_agam_output/AV0241-C.vcf.gz,Caputo2024 Communications Biology Supplementary Data 1 (Ag1000G Ag3.0 West Africa; semicolon-row first-field specimen ID + explicit population-code extraction)
AV0243-C,Ag3.0-WestAfrica-Caputo2024,Mali,,,,,,,coluzzii,MAcol,https://cog.sanger.ac.uk/vo_agam_output/AV0243-C.vcf.gz,Caputo2024 Communications Biology Supplementary Data 1 (Ag1000G Ag3.0 West Africa; semicolon-row first-field specimen ID + explicit population-code extraction)
AV0245-C,Ag3.0-WestAfrica-Caputo2024,Mali,,,,,,,coluzzii,MAcol,https://cog.sanger.ac.uk/vo_agam_output/AV0245-C.vcf.gz,Caputo2024 Communications Biology Supplementary Data 1 (Ag1000G Ag3.0 West Africa; semicolon-row first-field specimen ID + explicit population-code extraction)
AV0248-C,Ag3.0-WestAfrica-Caputo2024,Mali,,,,,,,coluzzii,MAcol,https://cog.sanger.ac.uk/vo_agam_output/AV0248-C.vcf.gz,Caputo2024 Communications Biology Supplementary Data 1 (Ag1000G Ag3.0 West Africa; semicolon-row first-field specimen ID + explicit population-code extraction)
AV0249-C,Ag3.0-WestAfrica-Caputo2024,Mali,,,,,,,coluzzii,MAcol,https://cog.sanger.ac.uk/vo_agam_output/AV0249-C.vcf.gz,Caputo2024 Communications Biology Supplementary Data 1 (Ag1000G Ag3.0 West Africa; semicolon-row first-field specimen ID + explicit population-code extraction)
AV0253-C,Ag3.0-WestAfrica-Caputo2024,Mali,,,,,,,coluzzii,MAcol,https://cog.sanger.ac.uk/vo_agam_output/AV0253-C.vcf.gz,Caputo2024 Communications Biology Supplementary Data 1 (Ag1000G Ag3.0 West Africa; semicolon-row first-field specimen ID + explicit population-code extraction)
AV0254-C,Ag3.0-WestAfrica-Caputo2024,Mali,,,,,,,coluzzii,MAcol,https://cog.sanger.ac.uk/vo_agam_output/AV0254-C.vcf.gz,Caputo2024 Communications Biology Supplementary Data 1 (Ag1000G Ag3.0 West Africa; semicolon-row first-field specimen ID + explicit population-code extraction)
AV0255-C,Ag3.0-WestAfrica-Caputo2024,Mali,,,,,,,coluzzii,MAcol,https://cog.sanger.ac.uk/vo_agam_output/AV0255-C.vcf.gz,Caputo2024 Communications Biology Supplementary Data 1 (Ag1000G Ag3.0 West Africa; semicolon-row first-field specimen ID + explicit population-code extraction)
AV0262-C,Ag3.0-WestAfrica-Caputo2024,Mali,,,,,,,coluzzii,MAcol,https://cog.sanger.ac.uk/vo_agam_output/AV0262-C.vcf.gz,Caputo2024 Communications Biology Supplementary Data 1 (Ag1000G Ag3.0 West Africa; semicolon-row first-field specimen ID + explicit population-code extraction)
AV0265-C,Ag3.0-WestAfrica-Caputo2024,Mali,,,,,,,coluzzii,MAcol,https://cog.sanger.ac.uk/vo_agam_output/AV0265-C.vcf.gz,Caputo2024 Communications Biology Supplementary Data 1 (Ag1000G Ag3.0 West Africa; semicolon-row first-field specimen ID + explicit population-code extraction)
AV0268-C,Ag3.0-WestAfrica-Caputo2024,Mali,,,,,,,coluzzii,MAcol,https://cog.sanger.ac.uk/vo_agam_output/AV0268-C.vcf.gz,Caputo2024 Communications Biology Supplementary Data 1 (Ag1000G Ag3.0 West Africa; semicolon-row first-field specimen ID + explicit population-code extraction)
AV0275-C,Ag3.0-WestAfrica-Caputo2024,Mali,,,,,,,coluzzii,MAcol,https://cog.sanger.ac.uk/vo_agam_output/AV0275-C.vcf.gz,Caputo2024 Communications Biology Supplementary Data 1 (Ag1000G Ag3.0 West Africa; semicolon-row first-field specimen ID + explicit population-code extraction)
AV0278-C,Ag3.0-WestAfrica-Caputo2024,Mali,,,,,,,coluzzii,MAcol,https://cog.sanger.ac.uk/vo_agam_output/AV0278-C.vcf.gz,Caputo2024 Communications Biology Supplementary Data 1 (Ag1000G Ag3.0 West Africa; semicolon-row first-field specimen ID + explicit population-code extraction)
AV0280-C,Ag3.0-WestAfrica-Caputo2024,Mali,,,,,,,coluzzii,MAcol,https://cog.sanger.ac.uk/vo_agam_output/AV0280-C.vcf.gz,Caputo2024 Communications Biology Supplementary Data 1 (Ag1000G Ag3.0 West Africa; semicolon-row first-field specimen ID + explicit population-code extraction)
AV0285-C,Ag3.0-WestAfrica-Caputo2024,Mali,,,,,,,coluzzii,MAcol,https://cog.sanger.ac.uk/vo_agam_output/AV0285-C.vcf.gz,Caputo2024 Communications Biology Supplementary Data 1 (Ag1000G Ag3.0 West Africa; semicolon-row first-field specimen ID + explicit population-code extraction)
AV0292-C,Ag3.0-WestAfrica-Caputo2024,Mali,,,,,,,coluzzii,MAcol,https://cog.sanger.ac.uk/vo_agam_output/AV0292-C.vcf.gz,Caputo2024 Communications Biology Supplementary Data 1 (Ag1000G Ag3.0 West Africa; semicolon-row first-field specimen ID + explicit population-code extraction)
AV0293-C,Ag3.0-WestAfrica-Caputo2024,Mali,,,,,,,coluzzii,MAcol,https://cog.sanger.ac.uk/vo_agam_output/AV0293-C.vcf.gz,Caputo2024 Communications Biology Supplementary Data 1 (Ag1000G Ag3.0 West Africa; semicolon-row first-field specimen ID + explicit population-code extraction)
AV0297-C,Ag3.0-WestAfrica-Caputo2024,Mali,,,,,,,coluzzii,MAcol,https://cog.sanger.ac.uk/vo_agam_output/AV0297-C.vcf.gz,Caputo2024 Communications Biology Supplementary Data 1 (Ag1000G Ag3.0 West Africa; semicolon-row first-field specimen ID + explicit population-code extraction)
AV0303-C,Ag3.0-WestAfrica-Caputo2024,Mali,,,,,,,coluzzii,MAcol,https://cog.sanger.ac.uk/vo_agam_output/AV0303-C.vcf.gz,Caputo2024 Communications Biology Supplementary Data 1 (Ag1000G Ag3.0 West Africa; semicolon-row first-field specimen ID + explicit population-code extraction)
AV0304-C,Ag3.0-WestAfrica-Caputo2024,Mali,,,,,,,coluzzii,MAcol,https://cog.sanger.ac.uk/vo_agam_output/AV0304-C.vcf.gz,Caputo2024 Communications Biology Supplementary Data 1 (Ag1000G Ag3.0 West Africa; semicolon-row first-field specimen ID + explicit population-code extraction)
AV0305-C,Ag3.0-WestAfrica-Caputo2024,Mali,,,,,,,coluzzii,MAcol,https://cog.sanger.ac.uk/vo_agam_output/AV0305-C.vcf.gz,Caputo2024 Communications Biology Supplementary Data 1 (Ag1000G Ag3.0 West Africa; semicolon-row first-field specimen ID + explicit population-code extraction)
AV0308-C,Ag3.0-WestAfrica-Caputo2024,Mali,,,,,,,coluzzii,MAcol,https://cog.sanger.ac.uk/vo_agam_output/AV0308-C.vcf.gz,Caputo2024 Communications Biology Supplementary Data 1 (Ag1000G Ag3.0 West Africa; semicolon-row first-field specimen ID + explicit population-code extraction)
AV0320-C,Ag3.0-WestAfrica-Caputo2024,Mali,,,,,,,coluzzii,MAcol,https://cog.sanger.ac.uk/vo_agam_output/AV0320-C.vcf.gz,Caputo2024 Communications Biology Supplementary Data 1 (Ag1000G Ag3.0 West Africa; semicolon-row first-field specimen ID + explicit population-code extraction)
AV0323-C,Ag3.0-WestAfrica-Caputo2024,Mali,,,,,,,coluzzii,MAcol,https://cog.sanger.ac.uk/vo_agam_output/AV0323-C.vcf.gz,Caputo2024 Communications Biology Supplementary Data 1 (Ag1000G Ag3.0 West Africa; semicolon-row first-field specimen ID + explicit population-code extraction)
AZ0268-C,Ag3.0-WestAfrica-Caputo2024,Mali,,,,,,,coluzzii,MAcol,https://cog.sanger.ac.uk/vo_agam_output/AZ0268-C.vcf.gz,Caputo2024 Communications Biology Supplementary Data 1 (Ag1000G Ag3.0 West Africa; semicolon-row first-field specimen ID + explicit population-code extraction)
AZ0269-C,Ag3.0-WestAfrica-Caputo2024,Mali,,,,,,,coluzzii,MAcol,https://cog.sanger.ac.uk/vo_agam_output/AZ0269-C.vcf.gz,Caputo2024 Communications Biology Supplementary Data 1 (Ag1000G Ag3.0 West Africa; semicolon-row first-field specimen ID + explicit population-code extraction)
AZ0270-C,Ag3.0-WestAfrica-Caputo2024,Mali,,,,,,,coluzzii,MAcol,https://cog.sanger.ac.uk/vo_agam_output/AZ0270-C.vcf.gz,Caputo2024 Communications Biology Supplementary Data 1 (Ag1000G Ag3.0 West Africa; semicolon-row first-field specimen ID + explicit population-code extraction)
AZ0271-C,Ag3.0-WestAfrica-Caputo2024,Mali,,,,,,,coluzzii,MAcol,https://cog.sanger.ac.uk/vo_agam_output/AZ0271-C.vcf.gz,Caputo2024 Communications Biology Supplementary Data 1 (Ag1000G Ag3.0 West Africa; semicolon-row first-field specimen ID + explicit population-code extraction)
AZ0272-C,Ag3.0-WestAfrica-Caputo2024,Mali,,,,,,,coluzzii,MAcol,https://cog.sanger.ac.uk/vo_agam_output/AZ0272-C.vcf.gz,Caputo2024 Communications Biology Supplementary Data 1 (Ag1000G Ag3.0 West Africa; semicolon-row first-field specimen ID + explicit population-code extraction)
AZ0273-C,Ag3.0-WestAfrica-Caputo2024,Mali,,,,,,,coluzzii,MAcol,https://cog.sanger.ac.uk/vo_agam_output/AZ0273-C.vcf.gz,Caputo2024 Communications Biology Supplementary Data 1 (Ag1000G Ag3.0 West Africa; semicolon-row first-field specimen ID + explicit population-code extraction)
AZ0274-C,Ag3.0-WestAfrica-Caputo2024,Mali,,,,,,,coluzzii,MAcol,https://cog.sanger.ac.uk/vo_agam_output/AZ0274-C.vcf.gz,Caputo2024 Communications Biology Supplementary Data 1 (Ag1000G Ag3.0 West Africa; semicolon-row first-field specimen ID + explicit population-code extraction)
AZ0275-C,Ag3.0-WestAfrica-Caputo2024,Mali,,,,,,,coluzzii,MAcol,https://cog.sanger.ac.uk/vo_agam_output/AZ0275-C.vcf.gz,Caputo2024 Communications Biology Supplementary Data 1 (Ag1000G Ag3.0 West Africa; semicolon-row first-field specimen ID + explicit population-code extraction)
AZ0276-C,Ag3.0-WestAfrica-Caputo2024,Mali,,,,,,,coluzzii,MAcol,https://cog.sanger.ac.uk/vo_agam_output/AZ0276-C.vcf.gz,Caputo2024 Communications Biology Supplementary Data 1 (Ag1000G Ag3.0 West Africa; semicolon-row first-field specimen ID + explicit population-code extraction)
AZ0277-C,Ag3.0-WestAfrica-Caputo2024,Mali,,,,,,,coluzzii,MAcol,https://cog.sanger.ac.uk/vo_agam_output/AZ0277-C.vcf.gz,Caputo2024 Communications Biology Supplementary Data 1 (Ag1000G Ag3.0 West Africa; semicolon-row first-field specimen ID + explicit population-code extraction)
AZ0278-C,Ag3.0-WestAfrica-Caputo2024,Mali,,,,,,,coluzzii,MAcol,https://cog.sanger.ac.uk/vo_agam_output/AZ0278-C.vcf.gz,Caputo2024 Communications Biology Supplementary Data 1 (Ag1000G Ag3.0 West Africa; semicolon-row first-field specimen ID + explicit population-code extraction)
AZ0280-C,Ag3.0-WestAfrica-Caputo2024,Mali,,,,,,,coluzzii,MAcol,https://cog.sanger.ac.uk/vo_agam_output/AZ0280-C.vcf.gz,Caputo2024 Communications Biology Supplementary Data 1 (Ag1000G Ag3.0 West Africa; semicolon-row first-field specimen ID + explicit population-code extraction)
AZ0281-C,Ag3.0-WestAfrica-Caputo2024,Mali,,,,,,,coluzzii,MAcol,https://cog.sanger.ac.uk/vo_agam_output/AZ0281-C.vcf.gz,Caputo2024 Communications Biology Supplementary Data 1 (Ag1000G Ag3.0 West Africa; semicolon-row first-field specimen ID + explicit population-code extraction)
AZ0282-C,Ag3.0-WestAfrica-Caputo2024,Mali,,,,,,,coluzzii,MAcol,https://cog.sanger.ac.uk/vo_agam_output/AZ0282-C.vcf.gz,Caputo2024 Communications Biology Supplementary Data 1 (Ag1000G Ag3.0 West Africa; semicolon-row first-field specimen ID + explicit population-code extraction)
AZ0284-C,Ag3.0-WestAfrica-Caputo2024,Mali,,,,,,,coluzzii,MAcol,https://cog.sanger.ac.uk/vo_agam_output/AZ0284-C.vcf.gz,Caputo2024 Communications Biology Supplementary Data 1 (Ag1000G Ag3.0 West Africa; semicolon-row first-field specimen ID + explicit population-code extraction)
AZ0287-C,Ag3.0-WestAfrica-Caputo2024,Mali,,,,,,,coluzzii,MAcol,https://cog.sanger.ac.uk/vo_agam_output/AZ0287-C.vcf.gz,Caputo2024 Communications Biology Supplementary Data 1 (Ag1000G Ag3.0 West Africa; semicolon-row first-field specimen ID + explicit population-code extraction)
AZ0289-C,Ag3.0-WestAfrica-Caputo2024,Mali,,,,,,,coluzzii,MAcol,https://cog.sanger.ac.uk/vo_agam_output/AZ0289-C.vcf.gz,Caputo2024 Communications Biology Supplementary Data 1 (Ag1000G Ag3.0 West Africa; semicolon-row first-field specimen ID + explicit population-code extraction)
AZ0290-C,Ag3.0-WestAfrica-Caputo2024,Mali,,,,,,,coluzzii,MAcol,https://cog.sanger.ac.uk/vo_agam_output/AZ0290-C.vcf.gz,Caputo2024 Communications Biology Supplementary Data 1 (Ag1000G Ag3.0 West Africa; semicolon-row first-field specimen ID + explicit population-code extraction)
AZ0291-C,Ag3.0-WestAfrica-Caputo2024,Mali,,,,,,,coluzzii,MAcol,https://cog.sanger.ac.uk/vo_agam_output/AZ0291-C.vcf.gz,Caputo2024 Communications Biology Supplementary Data 1 (Ag1000G Ag3.0 West Africa; semicolon-row first-field specimen ID + explicit population-code extraction)
AZ0292-C,Ag3.0-WestAfrica-Caputo2024,Mali,,,,,,,coluzzii,MAcol,https://cog.sanger.ac.uk/vo_agam_output/AZ0292-C.vcf.gz,Caputo2024 Communications Biology Supplementary Data 1 (Ag1000G Ag3.0 West Africa; semicolon-row first-field specimen ID + explicit population-code extraction)
AZ0293-C,Ag3.0-WestAfrica-Caputo2024,Mali,,,,,,,coluzzii,MAcol,https://cog.sanger.ac.uk/vo_agam_output/AZ0293-C.vcf.gz,Caputo2024 Communications Biology Supplementary Data 1 (Ag1000G Ag3.0 West Africa; semicolon-row first-field specimen ID + explicit population-code extraction)
AZ0294-C,Ag3.0-WestAfrica-Caputo2024,Mali,,,,,,,coluzzii,MAcol,https://cog.sanger.ac.uk/vo_agam_output/AZ0294-C.vcf.gz,Caputo2024 Communications Biology Supplementary Data 1 (Ag1000G Ag3.0 West Africa; semicolon-row first-field specimen ID + explicit population-code extraction)
AZ0295-C,Ag3.0-WestAfrica-Caputo2024,Mali,,,,,,,coluzzii,MAcol,https://cog.sanger.ac.uk/vo_agam_output/AZ0295-C.vcf.gz,Caputo2024 Communications Biology Supplementary Data 1 (Ag1000G Ag3.0 West Africa; semicolon-row first-field specimen ID + explicit population-code extraction)
AZ0296-C,Ag3.0-WestAfrica-Caputo2024,Mali,,,,,,,coluzzii,MAcol,https://cog.sanger.ac.uk/vo_agam_output/AZ0296-C.vcf.gz,Caputo2024 Communications Biology Supplementary Data 1 (Ag1000G Ag3.0 West Africa; semicolon-row first-field specimen ID + explicit population-code extraction)
AZ0297-C,Ag3.0-WestAfrica-Caputo2024,Mali,,,,,,,coluzzii,MAcol,https://cog.sanger.ac.uk/vo_agam_output/AZ0297-C.vcf.gz,Caputo2024 Communications Biology Supplementary Data 1 (Ag1000G Ag3.0 West Africa; semicolon-row first-field specimen ID + explicit population-code extraction)
AZ0298-C,Ag3.0-WestAfrica-Caputo2024,Mali,,,,,,,coluzzii,MAcol,https://cog.sanger.ac.uk/vo_agam_output/AZ0298-C.vcf.gz,Caputo2024 Communications Biology Supplementary Data 1 (Ag1000G Ag3.0 West Africa; semicolon-row first-field specimen ID + explicit population-code extraction)
AZ0332-C,Ag3.0-WestAfrica-Caputo2024,Mali,,,,,,,coluzzii,MAcol,https://cog.sanger.ac.uk/vo_agam_output/AZ0332-C.vcf.gz,Caputo2024 Communications Biology Supplementary Data 1 (Ag1000G Ag3.0 West Africa; semicolon-row first-field specimen ID + explicit population-code extraction)
AZ0333-C,Ag3.0-WestAfrica-Caputo2024,Mali,,,,,,,coluzzii,MAcol,https://cog.sanger.ac.uk/vo_agam_output/AZ0333-C.vcf.gz,Caputo2024 Communications Biology Supplementary Data 1 (Ag1000G Ag3.0 West Africa; semicolon-row first-field specimen ID + explicit population-code extraction)
AZ0334-C,Ag3.0-WestAfrica-Caputo2024,Mali,,,,,,,coluzzii,MAcol,https://cog.sanger.ac.uk/vo_agam_output/AZ0334-C.vcf.gz,Caputo2024 Communications Biology Supplementary Data 1 (Ag1000G Ag3.0 West Africa; semicolon-row first-field specimen ID + explicit population-code extraction)
AZ0339-C,Ag3.0-WestAfrica-Caputo2024,Mali,,,,,,,coluzzii,MAcol,https://cog.sanger.ac.uk/vo_agam_output/AZ0339-C.vcf.gz,Caputo2024 Communications Biology Supplementary Data 1 (Ag1000G Ag3.0 West Africa; semicolon-row first-field specimen ID + explicit population-code extraction)
AZ0340-C,Ag3.0-WestAfrica-Caputo2024,Mali,,,,,,,coluzzii,MAcol,https://cog.sanger.ac.uk/vo_agam_output/AZ0340-C.vcf.gz,Caputo2024 Communications Biology Supplementary Data 1 (Ag1000G Ag3.0 West Africa; semicolon-row first-field specimen ID + explicit population-code extraction)
AZ0341-C,Ag3.0-WestAfrica-Caputo2024,Mali,,,,,,,coluzzii,MAcol,https://cog.sanger.ac.uk/vo_agam_output/AZ0341-C.vcf.gz,Caputo2024 Communications Biology Supplementary Data 1 (Ag1000G Ag3.0 West Africa; semicolon-row first-field specimen ID + explicit population-code extraction)
AZ0342-C,Ag3.0-WestAfrica-Caputo2024,Mali,,,,,,,coluzzii,MAcol,https://cog.sanger.ac.uk/vo_agam_output/AZ0342-C.vcf.gz,Caputo2024 Communications Biology Supplementary Data 1 (Ag1000G Ag3.0 West Africa; semicolon-row first-field specimen ID + explicit population-code extraction)
AZ0343-C,Ag3.0-WestAfrica-Caputo2024,Mali,,,,,,,coluzzii,MAcol,https://cog.sanger.ac.uk/vo_agam_output/AZ0343-C.vcf.gz,Caputo2024 Communications Biology Supplementary Data 1 (Ag1000G Ag3.0 West Africa; semicolon-row first-field specimen ID + explicit population-code extraction)
AZ0344-C,Ag3.0-WestAfrica-Caputo2024,Mali,,,,,,,coluzzii,MAcol,https://cog.sanger.ac.uk/vo_agam_output/AZ0344-C.vcf.gz,Caputo2024 Communications Biology Supplementary Data 1 (Ag1000G Ag3.0 West Africa; semicolon-row first-field specimen ID + explicit population-code extraction)
AZ0416-CW,Ag3.0-WestAfrica-Caputo2024,Mali,,,,,,,coluzzii,MAcol,https://cog.sanger.ac.uk/vo_agam_output/AZ0416-CW.vcf.gz,Caputo2024 Communications Biology Supplementary Data 1 (Ag1000G Ag3.0 West Africa; semicolon-row first-field specimen ID + explicit population-code extraction)
AZ0425-CW,Ag3.0-WestAfrica-Caputo2024,Mali,,,,,,,coluzzii,MAcol,https://cog.sanger.ac.uk/vo_agam_output/AZ0425-CW.vcf.gz,Caputo2024 Communications Biology Supplementary Data 1 (Ag1000G Ag3.0 West Africa; semicolon-row first-field specimen ID + explicit population-code extraction)
AZ0433-CW,Ag3.0-WestAfrica-Caputo2024,Mali,,,,,,,coluzzii,MAcol,https://cog.sanger.ac.uk/vo_agam_output/AZ0433-CW.vcf.gz,Caputo2024 Communications Biology Supplementary Data 1 (Ag1000G Ag3.0 West Africa; semicolon-row first-field specimen ID + explicit population-code extraction)
AZ0434-CW,Ag3.0-WestAfrica-Caputo2024,Mali,,,,,,,coluzzii,MAcol,https://cog.sanger.ac.uk/vo_agam_output/AZ0434-CW.vcf.gz,Caputo2024 Communications Biology Supplementary Data 1 (Ag1000G Ag3.0 West Africa; semicolon-row first-field specimen ID + explicit population-code extraction)
AZ0444-CW,Ag3.0-WestAfrica-Caputo2024,Mali,,,,,,,coluzzii,MAcol,https://cog.sanger.ac.uk/vo_agam_output/AZ0444-CW.vcf.gz,Caputo2024 Communications Biology Supplementary Data 1 (Ag1000G Ag3.0 West Africa; semicolon-row first-field specimen ID + explicit population-code extraction)
AZ0459-CW,Ag3.0-WestAfrica-Caputo2024,Mali,,,,,,,coluzzii,MAcol,https://cog.sanger.ac.uk/vo_agam_output/AZ0459-CW.vcf.gz,Caputo2024 Communications Biology Supplementary Data 1 (Ag1000G Ag3.0 West Africa; semicolon-row first-field specimen ID + explicit population-code extraction)
VBS02049-4431STDY6672917,Ag3.0-WestAfrica-Caputo2024,Mali,,,,,,,coluzzii,MAcol,https://cog.sanger.ac.uk/vo_agam_output/VBS02049-4431STDY6672917.vcf.gz,Caputo2024 Communications Biology Supplementary Data 1 (Ag1000G Ag3.0 West Africa; semicolon-row first-field specimen ID + explicit population-code extraction)
VBS02050-4431STDY6672918,Ag3.0-WestAfrica-Caputo2024,Mali,,,,,,,coluzzii,MAcol,https://cog.sanger.ac.uk/vo_agam_output/VBS02050-4431STDY6672918.vcf.gz,Caputo2024 Communications Biology Supplementary Data 1 (Ag1000G Ag3.0 West Africa; semicolon-row first-field specimen ID + explicit population-code extraction)
VBS02052-4431STDY6672920,Ag3.0-WestAfrica-Caputo2024,Mali,,,,,,,coluzzii,MAcol,https://cog.sanger.ac.uk/vo_agam_output/VBS02052-4431STDY6672920.vcf.gz,Caputo2024 Communications Biology Supplementary Data 1 (Ag1000G Ag3.0 West Africa; semicolon-row first-field specimen ID + explicit population-code extraction)
VBS02054-4431STDY6672922,Ag3.0-WestAfrica-Caputo2024,Mali,,,,,,,coluzzii,MAcol,https://cog.sanger.ac.uk/vo_agam_output/VBS02054-4431STDY6672922.vcf.gz,Caputo2024 Communications Biology Supplementary Data 1 (Ag1000G Ag3.0 West Africa; semicolon-row first-field specimen ID + explicit population-code extraction)
VBS02057-4431STDY6672925,Ag3.0-WestAfrica-Caputo2024,Mali,,,,,,,coluzzii,MAcol,https://cog.sanger.ac.uk/vo_agam_output/VBS02057-4431STDY6672925.vcf.gz,Caputo2024 Communications Biology Supplementary Data 1 (Ag1000G Ag3.0 West Africa; semicolon-row first-field specimen ID + explicit population-code extraction)
VBS02058-4431STDY6672926,Ag3.0-WestAfrica-Caputo2024,Mali,,,,,,,coluzzii,MAcol,https://cog.sanger.ac.uk/vo_agam_output/VBS02058-4431STDY6672926.vcf.gz,Caputo2024 Communications Biology Supplementary Data 1 (Ag1000G Ag3.0 West Africa; semicolon-row first-field specimen ID + explicit population-code extraction)
VBS02062-4431STDY6672930,Ag3.0-WestAfrica-Caputo2024,Mali,,,,,,,coluzzii,MAcol,https://cog.sanger.ac.uk/vo_agam_output/VBS02062-4431STDY6672930.vcf.gz,Caputo2024 Communications Biology Supplementary Data 1 (Ag1000G Ag3.0 West Africa; semicolon-row first-field specimen ID + explicit population-code extraction)
VBS02063-4431STDY6672931,Ag3.0-WestAfrica-Caputo2024,Mali,,,,,,,coluzzii,MAcol,https://cog.sanger.ac.uk/vo_agam_output/VBS02063-4431STDY6672931.vcf.gz,Caputo2024 Communications Biology Supplementary Data 1 (Ag1000G Ag3.0 West Africa; semicolon-row first-field specimen ID + explicit population-code extraction)
VBS02064-4431STDY6672932,Ag3.0-WestAfrica-Caputo2024,Mali,,,,,,,coluzzii,MAcol,https://cog.sanger.ac.uk/vo_agam_output/VBS02064-4431STDY6672932.vcf.gz,Caputo2024 Communications Biology Supplementary Data 1 (Ag1000G Ag3.0 West Africa; semicolon-row first-field specimen ID + explicit population-code extraction)
VBS02065-4431STDY6672933,Ag3.0-WestAfrica-Caputo2024,Mali,,,,,,,coluzzii,MAcol,https://cog.sanger.ac.uk/vo_agam_output/VBS02065-4431STDY6672933.vcf.gz,Caputo2024 Communications Biology Supplementary Data 1 (Ag1000G Ag3.0 West Africa; semicolon-row first-field specimen ID + explicit population-code extraction)
VBS02066-4431STDY6672934,Ag3.0-WestAfrica-Caputo2024,Mali,,,,,,,coluzzii,MAcol,https://cog.sanger.ac.uk/vo_agam_output/VBS02066-4431STDY6672934.vcf.gz,Caputo2024 Communications Biology Supplementary Data 1 (Ag1000G Ag3.0 West Africa; semicolon-row first-field specimen ID + explicit population-code extraction)
VBS02067-4431STDY6672935,Ag3.0-WestAfrica-Caputo2024,Mali,,,,,,,coluzzii,MAcol,https://cog.sanger.ac.uk/vo_agam_output/VBS02067-4431STDY6672935.vcf.gz,Caputo2024 Communications Biology Supplementary Data 1 (Ag1000G Ag3.0 West Africa; semicolon-row first-field specimen ID + explicit population-code extraction)
VBS02068-4431STDY6672936,Ag3.0-WestAfrica-Caputo2024,Mali,,,,,,,coluzzii,MAcol,https://cog.sanger.ac.uk/vo_agam_output/VBS02068-4431STDY6672936.vcf.gz,Caputo2024 Communications Biology Supplementary Data 1 (Ag1000G Ag3.0 West Africa; semicolon-row first-field specimen ID + explicit population-code extraction)
VBS02069-4431STDY6672937,Ag3.0-WestAfrica-Caputo2024,Mali,,,,,,,coluzzii,MAcol,https://cog.sanger.ac.uk/vo_agam_output/VBS02069-4431STDY6672937.vcf.gz,Caputo2024 Communications Biology Supplementary Data 1 (Ag1000G Ag3.0 West Africa; semicolon-row first-field specimen ID + explicit population-code extraction)
VBS02070-4431STDY6672938,Ag3.0-WestAfrica-Caputo2024,Mali,,,,,,,coluzzii,MAcol,https://cog.sanger.ac.uk/vo_agam_output/VBS02070-4431STDY6672938.vcf.gz,Caputo2024 Communications Biology Supplementary Data 1 (Ag1000G Ag3.0 West Africa; semicolon-row first-field specimen ID + explicit population-code extraction)
VBS02071-4431STDY6672939,Ag3.0-WestAfrica-Caputo2024,Mali,,,,,,,coluzzii,MAcol,https://cog.sanger.ac.uk/vo_agam_output/VBS02071-4431STDY6672939.vcf.gz,Caputo2024 Communications Biology Supplementary Data 1 (Ag1000G Ag3.0 West Africa; semicolon-row first-field specimen ID + explicit population-code extraction)
VBS02072-4431STDY6672940,Ag3.0-WestAfrica-Caputo2024,Mali,,,,,,,coluzzii,MAcol,https://cog.sanger.ac.uk/vo_agam_output/VBS02072-4431STDY6672940.vcf.gz,Caputo2024 Communications Biology Supplementary Data 1 (Ag1000G Ag3.0 West Africa; semicolon-row first-field specimen ID + explicit population-code extraction)
VBS02073-4431STDY6672941,Ag3.0-WestAfrica-Caputo2024,Mali,,,,,,,coluzzii,MAcol,https://cog.sanger.ac.uk/vo_agam_output/VBS02073-4431STDY6672941.vcf.gz,Caputo2024 Communications Biology Supplementary Data 1 (Ag1000G Ag3.0 West Africa; semicolon-row first-field specimen ID + explicit population-code extraction)
AB0085-Cx,Ag3.0-WestAfrica-Caputo2024,Burkina Faso,,,,,,,gambiae,BFgam,https://cog.sanger.ac.uk/vo_agam_output/AB0085-Cx.vcf.gz,Caputo2024 Communications Biology Supplementary Data 1 (Ag1000G Ag3.0 West Africa; semicolon-row first-field specimen ID + explicit population-code extraction)
AB0086-Cx,Ag3.0-WestAfrica-Caputo2024,Burkina Faso,,,,,,,gambiae,BFgam,https://cog.sanger.ac.uk/vo_agam_output/AB0086-Cx.vcf.gz,Caputo2024 Communications Biology Supplementary Data 1 (Ag1000G Ag3.0 West Africa; semicolon-row first-field specimen ID + explicit population-code extraction)
AB0096-C,Ag3.0-WestAfrica-Caputo2024,Burkina Faso,,,,,,,gambiae,BFgam,https://cog.sanger.ac.uk/vo_agam_output/AB0096-C.vcf.gz,Caputo2024 Communications Biology Supplementary Data 1 (Ag1000G Ag3.0 West Africa; semicolon-row first-field specimen ID + explicit population-code extraction)
AB0103-C,Ag3.0-WestAfrica-Caputo2024,Burkina Faso,,,,,,,gambiae,BFgam,https://cog.sanger.ac.uk/vo_agam_output/AB0103-C.vcf.gz,Caputo2024 Communications Biology Supplementary Data 1 (Ag1000G Ag3.0 West Africa; semicolon-row first-field specimen ID + explicit population-code extraction)
AB0104-Cx,Ag3.0-WestAfrica-Caputo2024,Burkina Faso,,,,,,,gambiae,BFgam,https://cog.sanger.ac.uk/vo_agam_output/AB0104-Cx.vcf.gz,Caputo2024 Communications Biology Supplementary Data 1 (Ag1000G Ag3.0 West Africa; semicolon-row first-field specimen ID + explicit population-code extraction)
AB0116-C,Ag3.0-WestAfrica-Caputo2024,Burkina Faso,,,,,,,gambiae,BFgam,https://cog.sanger.ac.uk/vo_agam_output/AB0116-C.vcf.gz,Caputo2024 Communications Biology Supplementary Data 1 (Ag1000G Ag3.0 West Africa; semicolon-row first-field specimen ID + explicit population-code extraction)
AB0117-C,Ag3.0-WestAfrica-Caputo2024,Burkina Faso,,,,,,,gambiae,BFgam,https://cog.sanger.ac.uk/vo_agam_output/AB0117-C.vcf.gz,Caputo2024 Communications Biology Supplementary Data 1 (Ag1000G Ag3.0 West Africa; semicolon-row first-field specimen ID + explicit population-code extraction)
AB0118-C,Ag3.0-WestAfrica-Caputo2024,Burkina Faso,,,,,,,gambiae,BFgam,https://cog.sanger.ac.uk/vo_agam_output/AB0118-C.vcf.gz,Caputo2024 Communications Biology Supplementary Data 1 (Ag1000G Ag3.0 West Africa; semicolon-row first-field specimen ID + explicit population-code extraction)
AB0119-C,Ag3.0-WestAfrica-Caputo2024,Burkina Faso,,,,,,,gambiae,BFgam,https://cog.sanger.ac.uk/vo_agam_output/AB0119-C.vcf.gz,Caputo2024 Communications Biology Supplementary Data 1 (Ag1000G Ag3.0 West Africa; semicolon-row first-field specimen ID + explicit population-code extraction)
AB0126-Cx,Ag3.0-WestAfrica-Caputo2024,Burkina Faso,,,,,,,gambiae,BFgam,https://cog.sanger.ac.uk/vo_agam_output/AB0126-Cx.vcf.gz,Caputo2024 Communications Biology Supplementary Data 1 (Ag1000G Ag3.0 West Africa; semicolon-row first-field specimen ID + explicit population-code extraction)
AB0127-C,Ag3.0-WestAfrica-Caputo2024,Burkina Faso,,,,,,,gambiae,BFgam,https://cog.sanger.ac.uk/vo_agam_output/AB0127-C.vcf.gz,Caputo2024 Communications Biology Supplementary Data 1 (Ag1000G Ag3.0 West Africa; semicolon-row first-field specimen ID + explicit population-code extraction)
AB0128-C,Ag3.0-WestAfrica-Caputo2024,Burkina Faso,,,,,,,gambiae,BFgam,https://cog.sanger.ac.uk/vo_agam_output/AB0128-C.vcf.gz,Caputo2024 Communications Biology Supplementary Data 1 (Ag1000G Ag3.0 West Africa; semicolon-row first-field specimen ID + explicit population-code extraction)
AB0129-C,Ag3.0-WestAfrica-Caputo2024,Burkina Faso,,,,,,,gambiae,BFgam,https://cog.sanger.ac.uk/vo_agam_output/AB0129-C.vcf.gz,Caputo2024 Communications Biology Supplementary Data 1 (Ag1000G Ag3.0 West Africa; semicolon-row first-field specimen ID + explicit population-code extraction)
AB0130-Cx,Ag3.0-WestAfrica-Caputo2024,Burkina Faso,,,,,,,gambiae,BFgam,https://cog.sanger.ac.uk/vo_agam_output/AB0130-Cx.vcf.gz,Caputo2024 Communications Biology Supplementary Data 1 (Ag1000G Ag3.0 West Africa; semicolon-row first-field specimen ID + explicit population-code extraction)
AB0133-C,Ag3.0-WestAfrica-Caputo2024,Burkina Faso,,,,,,,gambiae,BFgam,https://cog.sanger.ac.uk/vo_agam_output/AB0133-C.vcf.gz,Caputo2024 Communications Biology Supplementary Data 1 (Ag1000G Ag3.0 West Africa; semicolon-row first-field specimen ID + explicit population-code extraction)
AB0134-C,Ag3.0-WestAfrica-Caputo2024,Burkina Faso,,,,,,,gambiae,BFgam,https://cog.sanger.ac.uk/vo_agam_output/AB0134-C.vcf.gz,Caputo2024 Communications Biology Supplementary Data 1 (Ag1000G Ag3.0 West Africa; semicolon-row first-field specimen ID + explicit population-code extraction)
AB0135-C,Ag3.0-WestAfrica-Caputo2024,Burkina Faso,,,,,,,gambiae,BFgam,https://cog.sanger.ac.uk/vo_agam_output/AB0135-C.vcf.gz,Caputo2024 Communications Biology Supplementary Data 1 (Ag1000G Ag3.0 West Africa; semicolon-row first-field specimen ID + explicit population-code extraction)
AB0136-Cx,Ag3.0-WestAfrica-Caputo2024,Burkina Faso,,,,,,,gambiae,BFgam,https://cog.sanger.ac.uk/vo_agam_output/AB0136-Cx.vcf.gz,Caputo2024 Communications Biology Supplementary Data 1 (Ag1000G Ag3.0 West Africa; semicolon-row first-field specimen ID + explicit population-code extraction)
AB0143-Cx,Ag3.0-WestAfrica-Caputo2024,Burkina Faso,,,,,,,gambiae,BFgam,https://cog.sanger.ac.uk/vo_agam_output/AB0143-Cx.vcf.gz,Caputo2024 Communications Biology Supplementary Data 1 (Ag1000G Ag3.0 West Africa; semicolon-row first-field specimen ID + explicit population-code extraction)
AB0144-C,Ag3.0-WestAfrica-Caputo2024,Burkina Faso,,,,,,,gambiae,BFgam,https://cog.sanger.ac.uk/vo_agam_output/AB0144-C.vcf.gz,Caputo2024 Communications Biology Supplementary Data 1 (Ag1000G Ag3.0 West Africa; semicolon-row first-field specimen ID + explicit population-code extraction)
AB0145-C,Ag3.0-WestAfrica-Caputo2024,Burkina Faso,,,,,,,gambiae,BFgam,https://cog.sanger.ac.uk/vo_agam_output/AB0145-C.vcf.gz,Caputo2024 Communications Biology Supplementary Data 1 (Ag1000G Ag3.0 West Africa; semicolon-row first-field specimen ID + explicit population-code extraction)
AB0146-Cx,Ag3.0-WestAfrica-Caputo2024,Burkina Faso,,,,,,,gambiae,BFgam,https://cog.sanger.ac.uk/vo_agam_output/AB0146-Cx.vcf.gz,Caputo2024 Communications Biology Supplementary Data 1 (Ag1000G Ag3.0 West Africa; semicolon-row first-field specimen ID + explicit population-code extraction)
AB0147-C,Ag3.0-WestAfrica-Caputo2024,Burkina Faso,,,,,,,gambiae,BFgam,https://cog.sanger.ac.uk/vo_agam_output/AB0147-C.vcf.gz,Caputo2024 Communications Biology Supplementary Data 1 (Ag1000G Ag3.0 West Africa; semicolon-row first-field specimen ID + explicit population-code extraction)
AB0148-Cx,Ag3.0-WestAfrica-Caputo2024,Burkina Faso,,,,,,,gambiae,BFgam,https://cog.sanger.ac.uk/vo_agam_output/AB0148-Cx.vcf.gz,Caputo2024 Communications Biology Supplementary Data 1 (Ag1000G Ag3.0 West Africa; semicolon-row first-field specimen ID + explicit population-code extraction)
AB0150-Cx,Ag3.0-WestAfrica-Caputo2024,Burkina Faso,,,,,,,gambiae,BFgam,https://cog.sanger.ac.uk/vo_agam_output/AB0150-Cx.vcf.gz,Caputo2024 Communications Biology Supplementary Data 1 (Ag1000G Ag3.0 West Africa; semicolon-row first-field specimen ID + explicit population-code extraction)
AB0151-Cx,Ag3.0-WestAfrica-Caputo2024,Burkina Faso,,,,,,,gambiae,BFgam,https://cog.sanger.ac.uk/vo_agam_output/AB0151-Cx.vcf.gz,Caputo2024 Communications Biology Supplementary Data 1 (Ag1000G Ag3.0 West Africa; semicolon-row first-field specimen ID + explicit population-code extraction)
AB0153-C,Ag3.0-WestAfrica-Caputo2024,Burkina Faso,,,,,,,gambiae,BFgam,https://cog.sanger.ac.uk/vo_agam_output/AB0153-C.vcf.gz,Caputo2024 Communications Biology Supplementary Data 1 (Ag1000G Ag3.0 West Africa; semicolon-row first-field specimen ID + explicit population-code extraction)
AB0155-Cx,Ag3.0-WestAfrica-Caputo2024,Burkina Faso,,,,,,,gambiae,BFgam,https://cog.sanger.ac.uk/vo_agam_output/AB0155-Cx.vcf.gz,Caputo2024 Communications Biology Supplementary Data 1 (Ag1000G Ag3.0 West Africa; semicolon-row first-field specimen ID + explicit population-code extraction)
AB0157-Cx,Ag3.0-WestAfrica-Caputo2024,Burkina Faso,,,,,,,gambiae,BFgam,https://cog.sanger.ac.uk/vo_agam_output/AB0157-Cx.vcf.gz,Caputo2024 Communications Biology Supplementary Data 1 (Ag1000G Ag3.0 West Africa; semicolon-row first-field specimen ID + explicit population-code extraction)
AB0158-Cx,Ag3.0-WestAfrica-Caputo2024,Burkina Faso,,,,,,,gambiae,BFgam,https://cog.sanger.ac.uk/vo_agam_output/AB0158-Cx.vcf.gz,Caputo2024 Communications Biology Supplementary Data 1 (Ag1000G Ag3.0 West Africa; semicolon-row first-field specimen ID + explicit population-code extraction)
AB0159-C,Ag3.0-WestAfrica-Caputo2024,Burkina Faso,,,,,,,gambiae,BFgam,https://cog.sanger.ac.uk/vo_agam_output/AB0159-C.vcf.gz,Caputo2024 Communications Biology Supplementary Data 1 (Ag1000G Ag3.0 West Africa; semicolon-row first-field specimen ID + explicit population-code extraction)
AB0160-Cx,Ag3.0-WestAfrica-Caputo2024,Burkina Faso,,,,,,,gambiae,BFgam,https://cog.sanger.ac.uk/vo_agam_output/AB0160-Cx.vcf.gz,Caputo2024 Communications Biology Supplementary Data 1 (Ag1000G Ag3.0 West Africa; semicolon-row first-field specimen ID + explicit population-code extraction)
AB0161-C,Ag3.0-WestAfrica-Caputo2024,Burkina Faso,,,,,,,gambiae,BFgam,https://cog.sanger.ac.uk/vo_agam_output/AB0161-C.vcf.gz,Caputo2024 Communications Biology Supplementary Data 1 (Ag1000G Ag3.0 West Africa; semicolon-row first-field specimen ID + explicit population-code extraction)
AB0162-C,Ag3.0-WestAfrica-Caputo2024,Burkina Faso,,,,,,,gambiae,BFgam,https://cog.sanger.ac.uk/vo_agam_output/AB0162-C.vcf.gz,Caputo2024 Communications Biology Supplementary Data 1 (Ag1000G Ag3.0 West Africa; semicolon-row first-field specimen ID + explicit population-code extraction)
AB0164-C,Ag3.0-WestAfrica-Caputo2024,Burkina Faso,,,,,,,gambiae,BFgam,https://cog.sanger.ac.uk/vo_agam_output/AB0164-C.vcf.gz,Caputo2024 Communications Biology Supplementary Data 1 (Ag1000G Ag3.0 West Africa; semicolon-row first-field specimen ID + explicit population-code extraction)
AB0165-C,Ag3.0-WestAfrica-Caputo2024,Burkina Faso,,,,,,,gambiae,BFgam,https://cog.sanger.ac.uk/vo_agam_output/AB0165-C.vcf.gz,Caputo2024 Communications Biology Supplementary Data 1 (Ag1000G Ag3.0 West Africa; semicolon-row first-field specimen ID + explicit population-code extraction)
AB0166-C,Ag3.0-WestAfrica-Caputo2024,Burkina Faso,,,,,,,gambiae,BFgam,https://cog.sanger.ac.uk/vo_agam_output/AB0166-C.vcf.gz,Caputo2024 Communications Biology Supplementary Data 1 (Ag1000G Ag3.0 West Africa; semicolon-row first-field specimen ID + explicit population-code extraction)
AB0167-C,Ag3.0-WestAfrica-Caputo2024,Burkina Faso,,,,,,,gambiae,BFgam,https://cog.sanger.ac.uk/vo_agam_output/AB0167-C.vcf.gz,Caputo2024 Communications Biology Supplementary Data 1 (Ag1000G Ag3.0 West Africa; semicolon-row first-field specimen ID + explicit population-code extraction)
AB0169-C,Ag3.0-WestAfrica-Caputo2024,Burkina Faso,,,,,,,gambiae,BFgam,https://cog.sanger.ac.uk/vo_agam_output/AB0169-C.vcf.gz,Caputo2024 Communications Biology Supplementary Data 1 (Ag1000G Ag3.0 West Africa; semicolon-row first-field specimen ID + explicit population-code extraction)
AB0170-C,Ag3.0-WestAfrica-Caputo2024,Burkina Faso,,,,,,,gambiae,BFgam,https://cog.sanger.ac.uk/vo_agam_output/AB0170-C.vcf.gz,Caputo2024 Communications Biology Supplementary Data 1 (Ag1000G Ag3.0 West Africa; semicolon-row first-field specimen ID + explicit population-code extraction)
AB0171-Cx,Ag3.0-WestAfrica-Caputo2024,Burkina Faso,,,,,,,gambiae,BFgam,https://cog.sanger.ac.uk/vo_agam_output/AB0171-Cx.vcf.gz,Caputo2024 Communications Biology Supplementary Data 1 (Ag1000G Ag3.0 West Africa; semicolon-row first-field specimen ID + explicit population-code extraction)
AB0172-Cx,Ag3.0-WestAfrica-Caputo2024,Burkina Faso,,,,,,,gambiae,BFgam,https://cog.sanger.ac.uk/vo_agam_output/AB0172-Cx.vcf.gz,Caputo2024 Communications Biology Supplementary Data 1 (Ag1000G Ag3.0 West Africa; semicolon-row first-field specimen ID + explicit population-code extraction)
AB0173-C,Ag3.0-WestAfrica-Caputo2024,Burkina Faso,,,,,,,gambiae,BFgam,https://cog.sanger.ac.uk/vo_agam_output/AB0173-C.vcf.gz,Caputo2024 Communications Biology Supplementary Data 1 (Ag1000G Ag3.0 West Africa; semicolon-row first-field specimen ID + explicit population-code extraction)
AB0174-C,Ag3.0-WestAfrica-Caputo2024,Burkina Faso,,,,,,,gambiae,BFgam,https://cog.sanger.ac.uk/vo_agam_output/AB0174-C.vcf.gz,Caputo2024 Communications Biology Supplementary Data 1 (Ag1000G Ag3.0 West Africa; semicolon-row first-field specimen ID + explicit population-code extraction)
AB0175-Cx,Ag3.0-WestAfrica-Caputo2024,Burkina Faso,,,,,,,gambiae,BFgam,https://cog.sanger.ac.uk/vo_agam_output/AB0175-Cx.vcf.gz,Caputo2024 Communications Biology Supplementary Data 1 (Ag1000G Ag3.0 West Africa; semicolon-row first-field specimen ID + explicit population-code extraction)
AB0176-Cx,Ag3.0-WestAfrica-Caputo2024,Burkina Faso,,,,,,,gambiae,BFgam,https://cog.sanger.ac.uk/vo_agam_output/AB0176-Cx.vcf.gz,Caputo2024 Communications Biology Supplementary Data 1 (Ag1000G Ag3.0 West Africa; semicolon-row first-field specimen ID + explicit population-code extraction)
AB0177-C,Ag3.0-WestAfrica-Caputo2024,Burkina Faso,,,,,,,gambiae,BFgam,https://cog.sanger.ac.uk/vo_agam_output/AB0177-C.vcf.gz,Caputo2024 Communications Biology Supplementary Data 1 (Ag1000G Ag3.0 West Africa; semicolon-row first-field specimen ID + explicit population-code extraction)
AB0178-C,Ag3.0-WestAfrica-Caputo2024,Burkina Faso,,,,,,,gambiae,BFgam,https://cog.sanger.ac.uk/vo_agam_output/AB0178-C.vcf.gz,Caputo2024 Communications Biology Supplementary Data 1 (Ag1000G Ag3.0 West Africa; semicolon-row first-field specimen ID + explicit population-code extraction)
AB0179-Cx,Ag3.0-WestAfrica-Caputo2024,Burkina Faso,,,,,,,gambiae,BFgam,https://cog.sanger.ac.uk/vo_agam_output/AB0179-Cx.vcf.gz,Caputo2024 Communications Biology Supplementary Data 1 (Ag1000G Ag3.0 West Africa; semicolon-row first-field specimen ID + explicit population-code extraction)
AB0180-Cx,Ag3.0-WestAfrica-Caputo2024,Burkina Faso,,,,,,,gambiae,BFgam,https://cog.sanger.ac.uk/vo_agam_output/AB0180-Cx.vcf.gz,Caputo2024 Communications Biology Supplementary Data 1 (Ag1000G Ag3.0 West Africa; semicolon-row first-field specimen ID + explicit population-code extraction)
AB0197-C,Ag3.0-WestAfrica-Caputo2024,Burkina Faso,,,,,,,gambiae,BFgam,https://cog.sanger.ac.uk/vo_agam_output/AB0197-C.vcf.gz,Caputo2024 Communications Biology Supplementary Data 1 (Ag1000G Ag3.0 West Africa; semicolon-row first-field specimen ID + explicit population-code extraction)
AB0198-C,Ag3.0-WestAfrica-Caputo2024,Burkina Faso,,,,,,,gambiae,BFgam,https://cog.sanger.ac.uk/vo_agam_output/AB0198-C.vcf.gz,Caputo2024 Communications Biology Supplementary Data 1 (Ag1000G Ag3.0 West Africa; semicolon-row first-field specimen ID + explicit population-code extraction)
AB0199-C,Ag3.0-WestAfrica-Caputo2024,Burkina Faso,,,,,,,gambiae,BFgam,https://cog.sanger.ac.uk/vo_agam_output/AB0199-C.vcf.gz,Caputo2024 Communications Biology Supplementary Data 1 (Ag1000G Ag3.0 West Africa; semicolon-row first-field specimen ID + explicit population-code extraction)
AB0200-C,Ag3.0-WestAfrica-Caputo2024,Burkina Faso,,,,,,,gambiae,BFgam,https://cog.sanger.ac.uk/vo_agam_output/AB0200-C.vcf.gz,Caputo2024 Communications Biology Supplementary Data 1 (Ag1000G Ag3.0 West Africa; semicolon-row first-field specimen ID + explicit population-code extraction)
AB0201-Cx,Ag3.0-WestAfrica-Caputo2024,Burkina Faso,,,,,,,gambiae,BFgam,https://cog.sanger.ac.uk/vo_agam_output/AB0201-Cx.vcf.gz,Caputo2024 Communications Biology Supplementary Data 1 (Ag1000G Ag3.0 West Africa; semicolon-row first-field specimen ID + explicit population-code extraction)
AB0202-Cx,Ag3.0-WestAfrica-Caputo2024,Burkina Faso,,,,,,,gambiae,BFgam,https://cog.sanger.ac.uk/vo_agam_output/AB0202-Cx.vcf.gz,Caputo2024 Communications Biology Supplementary Data 1 (Ag1000G Ag3.0 West Africa; semicolon-row first-field specimen ID + explicit population-code extraction)
AB0203-C,Ag3.0-WestAfrica-Caputo2024,Burkina Faso,,,,,,,gambiae,BFgam,https://cog.sanger.ac.uk/vo_agam_output/AB0203-C.vcf.gz,Caputo2024 Communications Biology Supplementary Data 1 (Ag1000G Ag3.0 West Africa; semicolon-row first-field specimen ID + explicit population-code extraction)
AB0205-C,Ag3.0-WestAfrica-Caputo2024,Burkina Faso,,,,,,,gambiae,BFgam,https://cog.sanger.ac.uk/vo_agam_output/AB0205-C.vcf.gz,Caputo2024 Communications Biology Supplementary Data 1 (Ag1000G Ag3.0 West Africa; semicolon-row first-field specimen ID + explicit population-code extraction)
AB0206-C,Ag3.0-WestAfrica-Caputo2024,Burkina Faso,,,,,,,gambiae,BFgam,https://cog.sanger.ac.uk/vo_agam_output/AB0206-C.vcf.gz,Caputo2024 Communications Biology Supplementary Data 1 (Ag1000G Ag3.0 West Africa; semicolon-row first-field specimen ID + explicit population-code extraction)
AB0207-C,Ag3.0-WestAfrica-Caputo2024,Burkina Faso,,,,,,,gambiae,BFgam,https://cog.sanger.ac.uk/vo_agam_output/AB0207-C.vcf.gz,Caputo2024 Communications Biology Supplementary Data 1 (Ag1000G Ag3.0 West Africa; semicolon-row first-field specimen ID + explicit population-code extraction)
AB0208-C,Ag3.0-WestAfrica-Caputo2024,Burkina Faso,,,,,,,gambiae,BFgam,https://cog.sanger.ac.uk/vo_agam_output/AB0208-C.vcf.gz,Caputo2024 Communications Biology Supplementary Data 1 (Ag1000G Ag3.0 West Africa; semicolon-row first-field specimen ID + explicit population-code extraction)
AB0211-C,Ag3.0-WestAfrica-Caputo2024,Burkina Faso,,,,,,,gambiae,BFgam,https://cog.sanger.ac.uk/vo_agam_output/AB0211-C.vcf.gz,Caputo2024 Communications Biology Supplementary Data 1 (Ag1000G Ag3.0 West Africa; semicolon-row first-field specimen ID + explicit population-code extraction)
AB0217-C,Ag3.0-WestAfrica-Caputo2024,Burkina Faso,,,,,,,gambiae,BFgam,https://cog.sanger.ac.uk/vo_agam_output/AB0217-C.vcf.gz,Caputo2024 Communications Biology Supplementary Data 1 (Ag1000G Ag3.0 West Africa; semicolon-row first-field specimen ID + explicit population-code extraction)
AB0218-C,Ag3.0-WestAfrica-Caputo2024,Burkina Faso,,,,,,,gambiae,BFgam,https://cog.sanger.ac.uk/vo_agam_output/AB0218-C.vcf.gz,Caputo2024 Communications Biology Supplementary Data 1 (Ag1000G Ag3.0 West Africa; semicolon-row first-field specimen ID + explicit population-code extraction)
AB0225-C,Ag3.0-WestAfrica-Caputo2024,Burkina Faso,,,,,,,gambiae,BFgam,https://cog.sanger.ac.uk/vo_agam_output/AB0225-C.vcf.gz,Caputo2024 Communications Biology Supplementary Data 1 (Ag1000G Ag3.0 West Africa; semicolon-row first-field specimen ID + explicit population-code extraction)
AB0228-C,Ag3.0-WestAfrica-Caputo2024,Burkina Faso,,,,,,,gambiae,BFgam,https://cog.sanger.ac.uk/vo_agam_output/AB0228-C.vcf.gz,Caputo2024 Communications Biology Supplementary Data 1 (Ag1000G Ag3.0 West Africa; semicolon-row first-field specimen ID + explicit population-code extraction)
AB0231-C,Ag3.0-WestAfrica-Caputo2024,Burkina Faso,,,,,,,gambiae,BFgam,https://cog.sanger.ac.uk/vo_agam_output/AB0231-C.vcf.gz,Caputo2024 Communications Biology Supplementary Data 1 (Ag1000G Ag3.0 West Africa; semicolon-row first-field specimen ID + explicit population-code extraction)
AB0232-Cx,Ag3.0-WestAfrica-Caputo2024,Burkina Faso,,,,,,,gambiae,BFgam,https://cog.sanger.ac.uk/vo_agam_output/AB0232-Cx.vcf.gz,Caputo2024 Communications Biology Supplementary Data 1 (Ag1000G Ag3.0 West Africa; semicolon-row first-field specimen ID + explicit population-code extraction)
AB0233-C,Ag3.0-WestAfrica-Caputo2024,Burkina Faso,,,,,,,gambiae,BFgam,https://cog.sanger.ac.uk/vo_agam_output/AB0233-C.vcf.gz,Caputo2024 Communications Biology Supplementary Data 1 (Ag1000G Ag3.0 West Africa; semicolon-row first-field specimen ID + explicit population-code extraction)
AB0235-C,Ag3.0-WestAfrica-Caputo2024,Burkina Faso,,,,,,,gambiae,BFgam,https://cog.sanger.ac.uk/vo_agam_output/AB0235-C.vcf.gz,Caputo2024 Communications Biology Supplementary Data 1 (Ag1000G Ag3.0 West Africa; semicolon-row first-field specimen ID + explicit population-code extraction)
AB0236-Cx,Ag3.0-WestAfrica-Caputo2024,Burkina Faso,,,,,,,gambiae,BFgam,https://cog.sanger.ac.uk/vo_agam_output/AB0236-Cx.vcf.gz,Caputo2024 Communications Biology Supplementary Data 1 (Ag1000G Ag3.0 West Africa; semicolon-row first-field specimen ID + explicit population-code extraction)
AB0238-C,Ag3.0-WestAfrica-Caputo2024,Burkina Faso,,,,,,,gambiae,BFgam,https://cog.sanger.ac.uk/vo_agam_output/AB0238-C.vcf.gz,Caputo2024 Communications Biology Supplementary Data 1 (Ag1000G Ag3.0 West Africa; semicolon-row first-field specimen ID + explicit population-code extraction)
AB0239-C,Ag3.0-WestAfrica-Caputo2024,Burkina Faso,,,,,,,gambiae,BFgam,https://cog.sanger.ac.uk/vo_agam_output/AB0239-C.vcf.gz,Caputo2024 Communications Biology Supplementary Data 1 (Ag1000G Ag3.0 West Africa; semicolon-row first-field specimen ID + explicit population-code extraction)
AB0241-C,Ag3.0-WestAfrica-Caputo2024,Burkina Faso,,,,,,,gambiae,BFgam,https://cog.sanger.ac.uk/vo_agam_output/AB0241-C.vcf.gz,Caputo2024 Communications Biology Supplementary Data 1 (Ag1000G Ag3.0 West Africa; semicolon-row first-field specimen ID + explicit population-code extraction)
AB0244-C,Ag3.0-WestAfrica-Caputo2024,Burkina Faso,,,,,,,gambiae,BFgam,https://cog.sanger.ac.uk/vo_agam_output/AB0244-C.vcf.gz,Caputo2024 Communications Biology Supplementary Data 1 (Ag1000G Ag3.0 West Africa; semicolon-row first-field specimen ID + explicit population-code extraction)
AB0251-C,Ag3.0-WestAfrica-Caputo2024,Burkina Faso,,,,,,,gambiae,BFgam,https://cog.sanger.ac.uk/vo_agam_output/AB0251-C.vcf.gz,Caputo2024 Communications Biology Supplementary Data 1 (Ag1000G Ag3.0 West Africa; semicolon-row first-field specimen ID + explicit population-code extraction)
AB0252-C,Ag3.0-WestAfrica-Caputo2024,Burkina Faso,,,,,,,gambiae,BFgam,https://cog.sanger.ac.uk/vo_agam_output/AB0252-C.vcf.gz,Caputo2024 Communications Biology Supplementary Data 1 (Ag1000G Ag3.0 West Africa; semicolon-row first-field specimen ID + explicit population-code extraction)
AB0253-C,Ag3.0-WestAfrica-Caputo2024,Burkina Faso,,,,,,,gambiae,BFgam,https://cog.sanger.ac.uk/vo_agam_output/AB0253-C.vcf.gz,Caputo2024 Communications Biology Supplementary Data 1 (Ag1000G Ag3.0 West Africa; semicolon-row first-field specimen ID + explicit population-code extraction)
AB0255-C,Ag3.0-WestAfrica-Caputo2024,Burkina Faso,,,,,,,gambiae,BFgam,https://cog.sanger.ac.uk/vo_agam_output/AB0255-C.vcf.gz,Caputo2024 Communications Biology Supplementary Data 1 (Ag1000G Ag3.0 West Africa; semicolon-row first-field specimen ID + explicit population-code extraction)
AB0256-C,Ag3.0-WestAfrica-Caputo2024,Burkina Faso,,,,,,,gambiae,BFgam,https://cog.sanger.ac.uk/vo_agam_output/AB0256-C.vcf.gz,Caputo2024 Communications Biology Supplementary Data 1 (Ag1000G Ag3.0 West Africa; semicolon-row first-field specimen ID + explicit population-code extraction)
AB0260-C,Ag3.0-WestAfrica-Caputo2024,Burkina Faso,,,,,,,gambiae,BFgam,https://cog.sanger.ac.uk/vo_agam_output/AB0260-C.vcf.gz,Caputo2024 Communications Biology Supplementary Data 1 (Ag1000G Ag3.0 West Africa; semicolon-row first-field specimen ID + explicit population-code extraction)
AB0261-Cx,Ag3.0-WestAfrica-Caputo2024,Burkina Faso,,,,,,,gambiae,BFgam,https://cog.sanger.ac.uk/vo_agam_output/AB0261-Cx.vcf.gz,Caputo2024 Communications Biology Supplementary Data 1 (Ag1000G Ag3.0 West Africa; semicolon-row first-field specimen ID + explicit population-code extraction)
AB0264-C,Ag3.0-WestAfrica-Caputo2024,Burkina Faso,,,,,,,gambiae,BFgam,https://cog.sanger.ac.uk/vo_agam_output/AB0264-C.vcf.gz,Caputo2024 Communications Biology Supplementary Data 1 (Ag1000G Ag3.0 West Africa; semicolon-row first-field specimen ID + explicit population-code extraction)
AB0265-C,Ag3.0-WestAfrica-Caputo2024,Burkina Faso,,,,,,,gambiae,BFgam,https://cog.sanger.ac.uk/vo_agam_output/AB0265-C.vcf.gz,Caputo2024 Communications Biology Supplementary Data 1 (Ag1000G Ag3.0 West Africa; semicolon-row first-field specimen ID + explicit population-code extraction)
AB0268-C,Ag3.0-WestAfrica-Caputo2024,Burkina Faso,,,,,,,gambiae,BFgam,https://cog.sanger.ac.uk/vo_agam_output/AB0268-C.vcf.gz,Caputo2024 Communications Biology Supplementary Data 1 (Ag1000G Ag3.0 West Africa; semicolon-row first-field specimen ID + explicit population-code extraction)
AB0269-Cx,Ag3.0-WestAfrica-Caputo2024,Burkina Faso,,,,,,,gambiae,BFgam,https://cog.sanger.ac.uk/vo_agam_output/AB0269-Cx.vcf.gz,Caputo2024 Communications Biology Supplementary Data 1 (Ag1000G Ag3.0 West Africa; semicolon-row first-field specimen ID + explicit population-code extraction)
AB0270-C,Ag3.0-WestAfrica-Caputo2024,Burkina Faso,,,,,,,gambiae,BFgam,https://cog.sanger.ac.uk/vo_agam_output/AB0270-C.vcf.gz,Caputo2024 Communications Biology Supplementary Data 1 (Ag1000G Ag3.0 West Africa; semicolon-row first-field specimen ID + explicit population-code extraction)
AB0271-Cx,Ag3.0-WestAfrica-Caputo2024,Burkina Faso,,,,,,,gambiae,BFgam,https://cog.sanger.ac.uk/vo_agam_output/AB0271-Cx.vcf.gz,Caputo2024 Communications Biology Supplementary Data 1 (Ag1000G Ag3.0 West Africa; semicolon-row first-field specimen ID + explicit population-code extraction)
AB0272-Cx,Ag3.0-WestAfrica-Caputo2024,Burkina Faso,,,,,,,gambiae,BFgam,https://cog.sanger.ac.uk/vo_agam_output/AB0272-Cx.vcf.gz,Caputo2024 Communications Biology Supplementary Data 1 (Ag1000G Ag3.0 West Africa; semicolon-row first-field specimen ID + explicit population-code extraction)
AB0273-Cx,Ag3.0-WestAfrica-Caputo2024,Burkina Faso,,,,,,,gambiae,BFgam,https://cog.sanger.ac.uk/vo_agam_output/AB0273-Cx.vcf.gz,Caputo2024 Communications Biology Supplementary Data 1 (Ag1000G Ag3.0 West Africa; semicolon-row first-field specimen ID + explicit population-code extraction)
AB0274-C,Ag3.0-WestAfrica-Caputo2024,Burkina Faso,,,,,,,gambiae,BFgam,https://cog.sanger.ac.uk/vo_agam_output/AB0274-C.vcf.gz,Caputo2024 Communications Biology Supplementary Data 1 (Ag1000G Ag3.0 West Africa; semicolon-row first-field specimen ID + explicit population-code extraction)
AB0275-C,Ag3.0-WestAfrica-Caputo2024,Burkina Faso,,,,,,,gambiae,BFgam,https://cog.sanger.ac.uk/vo_agam_output/AB0275-C.vcf.gz,Caputo2024 Communications Biology Supplementary Data 1 (Ag1000G Ag3.0 West Africa; semicolon-row first-field specimen ID + explicit population-code extraction)
AB0277-C,Ag3.0-WestAfrica-Caputo2024,Burkina Faso,,,,,,,gambiae,BFgam,https://cog.sanger.ac.uk/vo_agam_output/AB0277-C.vcf.gz,Caputo2024 Communications Biology Supplementary Data 1 (Ag1000G Ag3.0 West Africa; semicolon-row first-field specimen ID + explicit population-code extraction)
AB0278-C,Ag3.0-WestAfrica-Caputo2024,Burkina Faso,,,,,,,gambiae,BFgam,https://cog.sanger.ac.uk/vo_agam_output/AB0278-C.vcf.gz,Caputo2024 Communications Biology Supplementary Data 1 (Ag1000G Ag3.0 West Africa; semicolon-row first-field specimen ID + explicit population-code extraction)
AB0280-Cx,Ag3.0-WestAfrica-Caputo2024,Burkina Faso,,,,,,,gambiae,BFgam,https://cog.sanger.ac.uk/vo_agam_output/AB0280-Cx.vcf.gz,Caputo2024 Communications Biology Supplementary Data 1 (Ag1000G Ag3.0 West Africa; semicolon-row first-field specimen ID + explicit population-code extraction)
AB0281-Cx,Ag3.0-WestAfrica-Caputo2024,Burkina Faso,,,,,,,gambiae,BFgam,https://cog.sanger.ac.uk/vo_agam_output/AB0281-Cx.vcf.gz,Caputo2024 Communications Biology Supplementary Data 1 (Ag1000G Ag3.0 West Africa; semicolon-row first-field specimen ID + explicit population-code extraction)
AB0283-C,Ag3.0-WestAfrica-Caputo2024,Burkina Faso,,,,,,,gambiae,BFgam,https://cog.sanger.ac.uk/vo_agam_output/AB0283-C.vcf.gz,Caputo2024 Communications Biology Supplementary Data 1 (Ag1000G Ag3.0 West Africa; semicolon-row first-field specimen ID + explicit population-code extraction)
AB0284-C,Ag3.0-WestAfrica-Caputo2024,Burkina Faso,,,,,,,gambiae,BFgam,https://cog.sanger.ac.uk/vo_agam_output/AB0284-C.vcf.gz,Caputo2024 Communications Biology Supplementary Data 1 (Ag1000G Ag3.0 West Africa; semicolon-row first-field specimen ID + explicit population-code extraction)
AB0298-C,Ag3.0-WestAfrica-Caputo2024,Burkina Faso,,,,,,,gambiae,BFgam,https://cog.sanger.ac.uk/vo_agam_output/AB0298-C.vcf.gz,Caputo2024 Communications Biology Supplementary Data 1 (Ag1000G Ag3.0 West Africa; semicolon-row first-field specimen ID + explicit population-code extraction)
AB0299-C,Ag3.0-WestAfrica-Caputo2024,Burkina Faso,,,,,,,gambiae,BFgam,https://cog.sanger.ac.uk/vo_agam_output/AB0299-C.vcf.gz,Caputo2024 Communications Biology Supplementary Data 1 (Ag1000G Ag3.0 West Africa; semicolon-row first-field specimen ID + explicit population-code extraction)
AB0301-C,Ag3.0-WestAfrica-Caputo2024,Burkina Faso,,,,,,,gambiae,BFgam,https://cog.sanger.ac.uk/vo_agam_output/AB0301-C.vcf.gz,Caputo2024 Communications Biology Supplementary Data 1 (Ag1000G Ag3.0 West Africa; semicolon-row first-field specimen ID + explicit population-code extraction)
AB0302-C,Ag3.0-WestAfrica-Caputo2024,Burkina Faso,,,,,,,gambiae,BFgam,https://cog.sanger.ac.uk/vo_agam_output/AB0302-C.vcf.gz,Caputo2024 Communications Biology Supplementary Data 1 (Ag1000G Ag3.0 West Africa; semicolon-row first-field specimen ID + explicit population-code extraction)
AB0303-C,Ag3.0-WestAfrica-Caputo2024,Burkina Faso,,,,,,,gambiae,BFgam,https://cog.sanger.ac.uk/vo_agam_output/AB0303-C.vcf.gz,Caputo2024 Communications Biology Supplementary Data 1 (Ag1000G Ag3.0 West Africa; semicolon-row first-field specimen ID + explicit population-code extraction)
AB0309-C,Ag3.0-WestAfrica-Caputo2024,Burkina Faso,,,,,,,gambiae,BFgam,https://cog.sanger.ac.uk/vo_agam_output/AB0309-C.vcf.gz,Caputo2024 Communications Biology Supplementary Data 1 (Ag1000G Ag3.0 West Africa; semicolon-row first-field specimen ID + explicit population-code extraction)
AB0312-C,Ag3.0-WestAfrica-Caputo2024,Burkina Faso,,,,,,,gambiae,BFgam,https://cog.sanger.ac.uk/vo_agam_output/AB0312-C.vcf.gz,Caputo2024 Communications Biology Supplementary Data 1 (Ag1000G Ag3.0 West Africa; semicolon-row first-field specimen ID + explicit population-code extraction)
AB0313-C,Ag3.0-WestAfrica-Caputo2024,Burkina Faso,,,,,,,gambiae,BFgam,https://cog.sanger.ac.uk/vo_agam_output/AB0313-C.vcf.gz,Caputo2024 Communications Biology Supplementary Data 1 (Ag1000G Ag3.0 West Africa; semicolon-row first-field specimen ID + explicit population-code extraction)
AB0314-C,Ag3.0-WestAfrica-Caputo2024,Burkina Faso,,,,,,,gambiae,BFgam,https://cog.sanger.ac.uk/vo_agam_output/AB0314-C.vcf.gz,Caputo2024 Communications Biology Supplementary Data 1 (Ag1000G Ag3.0 West Africa; semicolon-row first-field specimen ID + explicit population-code extraction)
AB0315-C,Ag3.0-WestAfrica-Caputo2024,Burkina Faso,,,,,,,gambiae,BFgam,https://cog.sanger.ac.uk/vo_agam_output/AB0315-C.vcf.gz,Caputo2024 Communications Biology Supplementary Data 1 (Ag1000G Ag3.0 West Africa; semicolon-row first-field specimen ID + explicit population-code extraction)
AB0316-C,Ag3.0-WestAfrica-Caputo2024,Burkina Faso,,,,,,,gambiae,BFgam,https://cog.sanger.ac.uk/vo_agam_output/AB0316-C.vcf.gz,Caputo2024 Communications Biology Supplementary Data 1 (Ag1000G Ag3.0 West Africa; semicolon-row first-field specimen ID + explicit population-code extraction)
AB0318-C,Ag3.0-WestAfrica-Caputo2024,Burkina Faso,,,,,,,gambiae,BFgam,https://cog.sanger.ac.uk/vo_agam_output/AB0318-C.vcf.gz,Caputo2024 Communications Biology Supplementary Data 1 (Ag1000G Ag3.0 West Africa; semicolon-row first-field specimen ID + explicit population-code extraction)
AB0325-C,Ag3.0-WestAfrica-Caputo2024,Burkina Faso,,,,,,,gambiae,BFgam,https://cog.sanger.ac.uk/vo_agam_output/AB0325-C.vcf.gz,Caputo2024 Communications Biology Supplementary Data 1 (Ag1000G Ag3.0 West Africa; semicolon-row first-field specimen ID + explicit population-code extraction)
AB0373-C,Ag3.0-WestAfrica-Caputo2024,Burkina Faso,,,,,,,gambiae,BFgam,https://cog.sanger.ac.uk/vo_agam_output/AB0373-C.vcf.gz,Caputo2024 Communications Biology Supplementary Data 1 (Ag1000G Ag3.0 West Africa; semicolon-row first-field specimen ID + explicit population-code extraction)
AB0374-C,Ag3.0-WestAfrica-Caputo2024,Burkina Faso,,,,,,,gambiae,BFgam,https://cog.sanger.ac.uk/vo_agam_output/AB0374-C.vcf.gz,Caputo2024 Communications Biology Supplementary Data 1 (Ag1000G Ag3.0 West Africa; semicolon-row first-field specimen ID + explicit population-code extraction)
AB0375-C,Ag3.0-WestAfrica-Caputo2024,Burkina Faso,,,,,,,gambiae,BFgam,https://cog.sanger.ac.uk/vo_agam_output/AB0375-C.vcf.gz,Caputo2024 Communications Biology Supplementary Data 1 (Ag1000G Ag3.0 West Africa; semicolon-row first-field specimen ID + explicit population-code extraction)
AB0378-C,Ag3.0-WestAfrica-Caputo2024,Burkina Faso,,,,,,,gambiae,BFgam,https://cog.sanger.ac.uk/vo_agam_output/AB0378-C.vcf.gz,Caputo2024 Communications Biology Supplementary Data 1 (Ag1000G Ag3.0 West Africa; semicolon-row first-field specimen ID + explicit population-code extraction)
AB0379-C,Ag3.0-WestAfrica-Caputo2024,Burkina Faso,,,,,,,gambiae,BFgam,https://cog.sanger.ac.uk/vo_agam_output/AB0379-C.vcf.gz,Caputo2024 Communications Biology Supplementary Data 1 (Ag1000G Ag3.0 West Africa; semicolon-row first-field specimen ID + explicit population-code extraction)
AB0381-C,Ag3.0-WestAfrica-Caputo2024,Burkina Faso,,,,,,,gambiae,BFgam,https://cog.sanger.ac.uk/vo_agam_output/AB0381-C.vcf.gz,Caputo2024 Communications Biology Supplementary Data 1 (Ag1000G Ag3.0 West Africa; semicolon-row first-field specimen ID + explicit population-code extraction)
AB0386-C,Ag3.0-WestAfrica-Caputo2024,Burkina Faso,,,,,,,gambiae,BFgam,https://cog.sanger.ac.uk/vo_agam_output/AB0386-C.vcf.gz,Caputo2024 Communications Biology Supplementary Data 1 (Ag1000G Ag3.0 West Africa; semicolon-row first-field specimen ID + explicit population-code extraction)
AB0388-C,Ag3.0-WestAfrica-Caputo2024,Burkina Faso,,,,,,,gambiae,BFgam,https://cog.sanger.ac.uk/vo_agam_output/AB0388-C.vcf.gz,Caputo2024 Communications Biology Supplementary Data 1 (Ag1000G Ag3.0 West Africa; semicolon-row first-field specimen ID + explicit population-code extraction)
AB0389-C,Ag3.0-WestAfrica-Caputo2024,Burkina Faso,,,,,,,gambiae,BFgam,https://cog.sanger.ac.uk/vo_agam_output/AB0389-C.vcf.gz,Caputo2024 Communications Biology Supplementary Data 1 (Ag1000G Ag3.0 West Africa; semicolon-row first-field specimen ID + explicit population-code extraction)
AB0432-C,Ag3.0-WestAfrica-Caputo2024,Burkina Faso,,,,,,,gambiae,BFgam,https://cog.sanger.ac.uk/vo_agam_output/AB0432-C.vcf.gz,Caputo2024 Communications Biology Supplementary Data 1 (Ag1000G Ag3.0 West Africa; semicolon-row first-field specimen ID + explicit population-code extraction)
AB0433-C,Ag3.0-WestAfrica-Caputo2024,Burkina Faso,,,,,,,gambiae,BFgam,https://cog.sanger.ac.uk/vo_agam_output/AB0433-C.vcf.gz,Caputo2024 Communications Biology Supplementary Data 1 (Ag1000G Ag3.0 West Africa; semicolon-row first-field specimen ID + explicit population-code extraction)
AB0435-C,Ag3.0-WestAfrica-Caputo2024,Burkina Faso,,,,,,,gambiae,BFgam,https://cog.sanger.ac.uk/vo_agam_output/AB0435-C.vcf.gz,Caputo2024 Communications Biology Supplementary Data 1 (Ag1000G Ag3.0 West Africa; semicolon-row first-field specimen ID + explicit population-code extraction)
AB0436-C,Ag3.0-WestAfrica-Caputo2024,Burkina Faso,,,,,,,gambiae,BFgam,https://cog.sanger.ac.uk/vo_agam_output/AB0436-C.vcf.gz,Caputo2024 Communications Biology Supplementary Data 1 (Ag1000G Ag3.0 West Africa; semicolon-row first-field specimen ID + explicit population-code extraction)
AB0439-C,Ag3.0-WestAfrica-Caputo2024,Burkina Faso,,,,,,,gambiae,BFgam,https://cog.sanger.ac.uk/vo_agam_output/AB0439-C.vcf.gz,Caputo2024 Communications Biology Supplementary Data 1 (Ag1000G Ag3.0 West Africa; semicolon-row first-field specimen ID + explicit population-code extraction)
AB0440-C,Ag3.0-WestAfrica-Caputo2024,Burkina Faso,,,,,,,gambiae,BFgam,https://cog.sanger.ac.uk/vo_agam_output/AB0440-C.vcf.gz,Caputo2024 Communications Biology Supplementary Data 1 (Ag1000G Ag3.0 West Africa; semicolon-row first-field specimen ID + explicit population-code extraction)
AB0458-C,Ag3.0-WestAfrica-Caputo2024,Burkina Faso,,,,,,,gambiae,BFgam,https://cog.sanger.ac.uk/vo_agam_output/AB0458-C.vcf.gz,Caputo2024 Communications Biology Supplementary Data 1 (Ag1000G Ag3.0 West Africa; semicolon-row first-field specimen ID + explicit population-code extraction)
AB0459-C,Ag3.0-WestAfrica-Caputo2024,Burkina Faso,,,,,,,gambiae,BFgam,https://cog.sanger.ac.uk/vo_agam_output/AB0459-C.vcf.gz,Caputo2024 Communications Biology Supplementary Data 1 (Ag1000G Ag3.0 West Africa; semicolon-row first-field specimen ID + explicit population-code extraction)
AB0460-C,Ag3.0-WestAfrica-Caputo2024,Burkina Faso,,,,,,,gambiae,BFgam,https://cog.sanger.ac.uk/vo_agam_output/AB0460-C.vcf.gz,Caputo2024 Communications Biology Supplementary Data 1 (Ag1000G Ag3.0 West Africa; semicolon-row first-field specimen ID + explicit population-code extraction)
AB0462-C,Ag3.0-WestAfrica-Caputo2024,Burkina Faso,,,,,,,gambiae,BFgam,https://cog.sanger.ac.uk/vo_agam_output/AB0462-C.vcf.gz,Caputo2024 Communications Biology Supplementary Data 1 (Ag1000G Ag3.0 West Africa; semicolon-row first-field specimen ID + explicit population-code extraction)
AB0463-C,Ag3.0-WestAfrica-Caputo2024,Burkina Faso,,,,,,,gambiae,BFgam,https://cog.sanger.ac.uk/vo_agam_output/AB0463-C.vcf.gz,Caputo2024 Communications Biology Supplementary Data 1 (Ag1000G Ag3.0 West Africa; semicolon-row first-field specimen ID + explicit population-code extraction)
AB0465-C,Ag3.0-WestAfrica-Caputo2024,Burkina Faso,,,,,,,gambiae,BFgam,https://cog.sanger.ac.uk/vo_agam_output/AB0465-C.vcf.gz,Caputo2024 Communications Biology Supplementary Data 1 (Ag1000G Ag3.0 West Africa; semicolon-row first-field specimen ID + explicit population-code extraction)
AB0466-C,Ag3.0-WestAfrica-Caputo2024,Burkina Faso,,,,,,,gambiae,BFgam,https://cog.sanger.ac.uk/vo_agam_output/AB0466-C.vcf.gz,Caputo2024 Communications Biology Supplementary Data 1 (Ag1000G Ag3.0 West Africa; semicolon-row first-field specimen ID + explicit population-code extraction)
AB0467-C,Ag3.0-WestAfrica-Caputo2024,Burkina Faso,,,,,,,gambiae,BFgam,https://cog.sanger.ac.uk/vo_agam_output/AB0467-C.vcf.gz,Caputo2024 Communications Biology Supplementary Data 1 (Ag1000G Ag3.0 West Africa; semicolon-row first-field specimen ID + explicit population-code extraction)
AB0468-C,Ag3.0-WestAfrica-Caputo2024,Burkina Faso,,,,,,,gambiae,BFgam,https://cog.sanger.ac.uk/vo_agam_output/AB0468-C.vcf.gz,Caputo2024 Communications Biology Supplementary Data 1 (Ag1000G Ag3.0 West Africa; semicolon-row first-field specimen ID + explicit population-code extraction)
AB0469-C,Ag3.0-WestAfrica-Caputo2024,Burkina Faso,,,,,,,gambiae,BFgam,https://cog.sanger.ac.uk/vo_agam_output/AB0469-C.vcf.gz,Caputo2024 Communications Biology Supplementary Data 1 (Ag1000G Ag3.0 West Africa; semicolon-row first-field specimen ID + explicit population-code extraction)
AB0470-C,Ag3.0-WestAfrica-Caputo2024,Burkina Faso,,,,,,,gambiae,BFgam,https://cog.sanger.ac.uk/vo_agam_output/AB0470-C.vcf.gz,Caputo2024 Communications Biology Supplementary Data 1 (Ag1000G Ag3.0 West Africa; semicolon-row first-field specimen ID + explicit population-code extraction)
AB0471-C,Ag3.0-WestAfrica-Caputo2024,Burkina Faso,,,,,,,gambiae,BFgam,https://cog.sanger.ac.uk/vo_agam_output/AB0471-C.vcf.gz,Caputo2024 Communications Biology Supplementary Data 1 (Ag1000G Ag3.0 West Africa; semicolon-row first-field specimen ID + explicit population-code extraction)
AB0472-C,Ag3.0-WestAfrica-Caputo2024,Burkina Faso,,,,,,,gambiae,BFgam,https://cog.sanger.ac.uk/vo_agam_output/AB0472-C.vcf.gz,Caputo2024 Communications Biology Supplementary Data 1 (Ag1000G Ag3.0 West Africa; semicolon-row first-field specimen ID + explicit population-code extraction)
AB0473-C,Ag3.0-WestAfrica-Caputo2024,Burkina Faso,,,,,,,gambiae,BFgam,https://cog.sanger.ac.uk/vo_agam_output/AB0473-C.vcf.gz,Caputo2024 Communications Biology Supplementary Data 1 (Ag1000G Ag3.0 West Africa; semicolon-row first-field specimen ID + explicit population-code extraction)
AB0474-C,Ag3.0-WestAfrica-Caputo2024,Burkina Faso,,,,,,,gambiae,BFgam,https://cog.sanger.ac.uk/vo_agam_output/AB0474-C.vcf.gz,Caputo2024 Communications Biology Supplementary Data 1 (Ag1000G Ag3.0 West Africa; semicolon-row first-field specimen ID + explicit population-code extraction)
AB0477-C,Ag3.0-WestAfrica-Caputo2024,Burkina Faso,,,,,,,gambiae,BFgam,https://cog.sanger.ac.uk/vo_agam_output/AB0477-C.vcf.gz,Caputo2024 Communications Biology Supplementary Data 1 (Ag1000G Ag3.0 West Africa; semicolon-row first-field specimen ID + explicit population-code extraction)
AB0504-C,Ag3.0-WestAfrica-Caputo2024,Burkina Faso,,,,,,,gambiae,BFgam,https://cog.sanger.ac.uk/vo_agam_output/AB0504-C.vcf.gz,Caputo2024 Communications Biology Supplementary Data 1 (Ag1000G Ag3.0 West Africa; semicolon-row first-field specimen ID + explicit population-code extraction)
AB0517-C,Ag3.0-WestAfrica-Caputo2024,Burkina Faso,,,,,,,gambiae,BFgam,https://cog.sanger.ac.uk/vo_agam_output/AB0517-C.vcf.gz,Caputo2024 Communications Biology Supplementary Data 1 (Ag1000G Ag3.0 West Africa; semicolon-row first-field specimen ID + explicit population-code extraction)
AB0524-C,Ag3.0-WestAfrica-Caputo2024,Burkina Faso,,,,,,,gambiae,BFgam,https://cog.sanger.ac.uk/vo_agam_output/AB0524-C.vcf.gz,Caputo2024 Communications Biology Supplementary Data 1 (Ag1000G Ag3.0 West Africa; semicolon-row first-field specimen ID + explicit population-code extraction)
AB0525-C,Ag3.0-WestAfrica-Caputo2024,Burkina Faso,,,,,,,gambiae,BFgam,https://cog.sanger.ac.uk/vo_agam_output/AB0525-C.vcf.gz,Caputo2024 Communications Biology Supplementary Data 1 (Ag1000G Ag3.0 West Africa; semicolon-row first-field specimen ID + explicit population-code extraction)
AB0526-C,Ag3.0-WestAfrica-Caputo2024,Burkina Faso,,,,,,,gambiae,BFgam,https://cog.sanger.ac.uk/vo_agam_output/AB0526-C.vcf.gz,Caputo2024 Communications Biology Supplementary Data 1 (Ag1000G Ag3.0 West Africa; semicolon-row first-field specimen ID + explicit population-code extraction)
AB0527-C,Ag3.0-WestAfrica-Caputo2024,Burkina Faso,,,,,,,gambiae,BFgam,https://cog.sanger.ac.uk/vo_agam_output/AB0527-C.vcf.gz,Caputo2024 Communications Biology Supplementary Data 1 (Ag1000G Ag3.0 West Africa; semicolon-row first-field specimen ID + explicit population-code extraction)
AB0528-C,Ag3.0-WestAfrica-Caputo2024,Burkina Faso,,,,,,,gambiae,BFgam,https://cog.sanger.ac.uk/vo_agam_output/AB0528-C.vcf.gz,Caputo2024 Communications Biology Supplementary Data 1 (Ag1000G Ag3.0 West Africa; semicolon-row first-field specimen ID + explicit population-code extraction)
AB0529-C,Ag3.0-WestAfrica-Caputo2024,Burkina Faso,,,,,,,gambiae,BFgam,https://cog.sanger.ac.uk/vo_agam_output/AB0529-C.vcf.gz,Caputo2024 Communications Biology Supplementary Data 1 (Ag1000G Ag3.0 West Africa; semicolon-row first-field specimen ID + explicit population-code extraction)
AB0530-C,Ag3.0-WestAfrica-Caputo2024,Burkina Faso,,,,,,,gambiae,BFgam,https://cog.sanger.ac.uk/vo_agam_output/AB0530-C.vcf.gz,Caputo2024 Communications Biology Supplementary Data 1 (Ag1000G Ag3.0 West Africa; semicolon-row first-field specimen ID + explicit population-code extraction)
AB0531-C,Ag3.0-WestAfrica-Caputo2024,Burkina Faso,,,,,,,gambiae,BFgam,https://cog.sanger.ac.uk/vo_agam_output/AB0531-C.vcf.gz,Caputo2024 Communications Biology Supplementary Data 1 (Ag1000G Ag3.0 West Africa; semicolon-row first-field specimen ID + explicit population-code extraction)
AB0532-C,Ag3.0-WestAfrica-Caputo2024,Burkina Faso,,,,,,,gambiae,BFgam,https://cog.sanger.ac.uk/vo_agam_output/AB0532-C.vcf.gz,Caputo2024 Communications Biology Supplementary Data 1 (Ag1000G Ag3.0 West Africa; semicolon-row first-field specimen ID + explicit population-code extraction)
AB0533-C,Ag3.0-WestAfrica-Caputo2024,Burkina Faso,,,,,,,gambiae,BFgam,https://cog.sanger.ac.uk/vo_agam_output/AB0533-C.vcf.gz,Caputo2024 Communications Biology Supplementary Data 1 (Ag1000G Ag3.0 West Africa; semicolon-row first-field specimen ID + explicit population-code extraction)
AB0536-C,Ag3.0-WestAfrica-Caputo2024,Burkina Faso,,,,,,,gambiae,BFgam,https://cog.sanger.ac.uk/vo_agam_output/AB0536-C.vcf.gz,Caputo2024 Communications Biology Supplementary Data 1 (Ag1000G Ag3.0 West Africa; semicolon-row first-field specimen ID + explicit population-code extraction)
AB0537-C,Ag3.0-WestAfrica-Caputo2024,Burkina Faso,,,,,,,gambiae,BFgam,https://cog.sanger.ac.uk/vo_agam_output/AB0537-C.vcf.gz,Caputo2024 Communications Biology Supplementary Data 1 (Ag1000G Ag3.0 West Africa; semicolon-row first-field specimen ID + explicit population-code extraction)
AB0538-C,Ag3.0-WestAfrica-Caputo2024,Burkina Faso,,,,,,,gambiae,BFgam,https://cog.sanger.ac.uk/vo_agam_output/AB0538-C.vcf.gz,Caputo2024 Communications Biology Supplementary Data 1 (Ag1000G Ag3.0 West Africa; semicolon-row first-field specimen ID + explicit population-code extraction)
AA0045-C,Ag3.0-WestAfrica-Caputo2024,Ghana,,,,,,,gambiae,GHgam,https://cog.sanger.ac.uk/vo_agam_output/AA0045-C.vcf.gz,Caputo2024 Communications Biology Supplementary Data 1 (Ag1000G Ag3.0 West Africa; semicolon-row first-field specimen ID + explicit population-code extraction)
AA0046-C,Ag3.0-WestAfrica-Caputo2024,Ghana,,,,,,,gambiae,GHgam,https://cog.sanger.ac.uk/vo_agam_output/AA0046-C.vcf.gz,Caputo2024 Communications Biology Supplementary Data 1 (Ag1000G Ag3.0 West Africa; semicolon-row first-field specimen ID + explicit population-code extraction)
AA0047-C,Ag3.0-WestAfrica-Caputo2024,Ghana,,,,,,,gambiae,GHgam,https://cog.sanger.ac.uk/vo_agam_output/AA0047-C.vcf.gz,Caputo2024 Communications Biology Supplementary Data 1 (Ag1000G Ag3.0 West Africa; semicolon-row first-field specimen ID + explicit population-code extraction)
AA0048-C,Ag3.0-WestAfrica-Caputo2024,Ghana,,,,,,,gambiae,GHgam,https://cog.sanger.ac.uk/vo_agam_output/AA0048-C.vcf.gz,Caputo2024 Communications Biology Supplementary Data 1 (Ag1000G Ag3.0 West Africa; semicolon-row first-field specimen ID + explicit population-code extraction)
AA0050-C,Ag3.0-WestAfrica-Caputo2024,Ghana,,,,,,,gambiae,GHgam,https://cog.sanger.ac.uk/vo_agam_output/AA0050-C.vcf.gz,Caputo2024 Communications Biology Supplementary Data 1 (Ag1000G Ag3.0 West Africa; semicolon-row first-field specimen ID + explicit population-code extraction)
AA0057-C,Ag3.0-WestAfrica-Caputo2024,Ghana,,,,,,,gambiae,GHgam,https://cog.sanger.ac.uk/vo_agam_output/AA0057-C.vcf.gz,Caputo2024 Communications Biology Supplementary Data 1 (Ag1000G Ag3.0 West Africa; semicolon-row first-field specimen ID + explicit population-code extraction)
AA0058-C,Ag3.0-WestAfrica-Caputo2024,Ghana,,,,,,,gambiae,GHgam,https://cog.sanger.ac.uk/vo_agam_output/AA0058-C.vcf.gz,Caputo2024 Communications Biology Supplementary Data 1 (Ag1000G Ag3.0 West Africa; semicolon-row first-field specimen ID + explicit population-code extraction)
AA0059-C,Ag3.0-WestAfrica-Caputo2024,Ghana,,,,,,,gambiae,GHgam,https://cog.sanger.ac.uk/vo_agam_output/AA0059-C.vcf.gz,Caputo2024 Communications Biology Supplementary Data 1 (Ag1000G Ag3.0 West Africa; semicolon-row first-field specimen ID + explicit population-code extraction)
AA0060-C,Ag3.0-WestAfrica-Caputo2024,Ghana,,,,,,,gambiae,GHgam,https://cog.sanger.ac.uk/vo_agam_output/AA0060-C.vcf.gz,Caputo2024 Communications Biology Supplementary Data 1 (Ag1000G Ag3.0 West Africa; semicolon-row first-field specimen ID + explicit population-code extraction)
AA0061-C,Ag3.0-WestAfrica-Caputo2024,Ghana,,,,,,,gambiae,GHgam,https://cog.sanger.ac.uk/vo_agam_output/AA0061-C.vcf.gz,Caputo2024 Communications Biology Supplementary Data 1 (Ag1000G Ag3.0 West Africa; semicolon-row first-field specimen ID + explicit population-code extraction)
AA0062-C,Ag3.0-WestAfrica-Caputo2024,Ghana,,,,,,,gambiae,GHgam,https://cog.sanger.ac.uk/vo_agam_output/AA0062-C.vcf.gz,Caputo2024 Communications Biology Supplementary Data 1 (Ag1000G Ag3.0 West Africa; semicolon-row first-field specimen ID + explicit population-code extraction)
AA0069-C,Ag3.0-WestAfrica-Caputo2024,Ghana,,,,,,,gambiae,GHgam,https://cog.sanger.ac.uk/vo_agam_output/AA0069-C.vcf.gz,Caputo2024 Communications Biology Supplementary Data 1 (Ag1000G Ag3.0 West Africa; semicolon-row first-field specimen ID + explicit population-code extraction)
AA0070-C,Ag3.0-WestAfrica-Caputo2024,Ghana,,,,,,,gambiae,GHgam,https://cog.sanger.ac.uk/vo_agam_output/AA0070-C.vcf.gz,Caputo2024 Communications Biology Supplementary Data 1 (Ag1000G Ag3.0 West Africa; semicolon-row first-field specimen ID + explicit population-code extraction)
AA0071-C,Ag3.0-WestAfrica-Caputo2024,Ghana,,,,,,,gambiae,GHgam,https://cog.sanger.ac.uk/vo_agam_output/AA0071-C.vcf.gz,Caputo2024 Communications Biology Supplementary Data 1 (Ag1000G Ag3.0 West Africa; semicolon-row first-field specimen ID + explicit population-code extraction)
AA0072-C,Ag3.0-WestAfrica-Caputo2024,Ghana,,,,,,,gambiae,GHgam,https://cog.sanger.ac.uk/vo_agam_output/AA0072-C.vcf.gz,Caputo2024 Communications Biology Supplementary Data 1 (Ag1000G Ag3.0 West Africa; semicolon-row first-field specimen ID + explicit population-code extraction)
AA0081-C,Ag3.0-WestAfrica-Caputo2024,Ghana,,,,,,,gambiae,GHgam,https://cog.sanger.ac.uk/vo_agam_output/AA0081-C.vcf.gz,Caputo2024 Communications Biology Supplementary Data 1 (Ag1000G Ag3.0 West Africa; semicolon-row first-field specimen ID + explicit population-code extraction)
AA0082-C,Ag3.0-WestAfrica-Caputo2024,Ghana,,,,,,,gambiae,GHgam,https://cog.sanger.ac.uk/vo_agam_output/AA0082-C.vcf.gz,Caputo2024 Communications Biology Supplementary Data 1 (Ag1000G Ag3.0 West Africa; semicolon-row first-field specimen ID + explicit population-code extraction)
AA0084-C,Ag3.0-WestAfrica-Caputo2024,Ghana,,,,,,,gambiae,GHgam,https://cog.sanger.ac.uk/vo_agam_output/AA0084-C.vcf.gz,Caputo2024 Communications Biology Supplementary Data 1 (Ag1000G Ag3.0 West Africa; semicolon-row first-field specimen ID + explicit population-code extraction)
AA0085-C,Ag3.0-WestAfrica-Caputo2024,Ghana,,,,,,,gambiae,GHgam,https://cog.sanger.ac.uk/vo_agam_output/AA0085-C.vcf.gz,Caputo2024 Communications Biology Supplementary Data 1 (Ag1000G Ag3.0 West Africa; semicolon-row first-field specimen ID + explicit population-code extraction)
AA0086-C,Ag3.0-WestAfrica-Caputo2024,Ghana,,,,,,,gambiae,GHgam,https://cog.sanger.ac.uk/vo_agam_output/AA0086-C.vcf.gz,Caputo2024 Communications Biology Supplementary Data 1 (Ag1000G Ag3.0 West Africa; semicolon-row first-field specimen ID + explicit population-code extraction)
AA0093-C,Ag3.0-WestAfrica-Caputo2024,Ghana,,,,,,,gambiae,GHgam,https://cog.sanger.ac.uk/vo_agam_output/AA0093-C.vcf.gz,Caputo2024 Communications Biology Supplementary Data 1 (Ag1000G Ag3.0 West Africa; semicolon-row first-field specimen ID + explicit population-code extraction)
AA0094-C,Ag3.0-WestAfrica-Caputo2024,Ghana,,,,,,,gambiae,GHgam,https://cog.sanger.ac.uk/vo_agam_output/AA0094-C.vcf.gz,Caputo2024 Communications Biology Supplementary Data 1 (Ag1000G Ag3.0 West Africa; semicolon-row first-field specimen ID + explicit population-code extraction)
AA0095-C,Ag3.0-WestAfrica-Caputo2024,Ghana,,,,,,,gambiae,GHgam,https://cog.sanger.ac.uk/vo_agam_output/AA0095-C.vcf.gz,Caputo2024 Communications Biology Supplementary Data 1 (Ag1000G Ag3.0 West Africa; semicolon-row first-field specimen ID + explicit population-code extraction)
AA0096-C,Ag3.0-WestAfrica-Caputo2024,Ghana,,,,,,,gambiae,GHgam,https://cog.sanger.ac.uk/vo_agam_output/AA0096-C.vcf.gz,Caputo2024 Communications Biology Supplementary Data 1 (Ag1000G Ag3.0 West Africa; semicolon-row first-field specimen ID + explicit population-code extraction)
AA0105-C,Ag3.0-WestAfrica-Caputo2024,Ghana,,,,,,,gambiae,GHgam,https://cog.sanger.ac.uk/vo_agam_output/AA0105-C.vcf.gz,Caputo2024 Communications Biology Supplementary Data 1 (Ag1000G Ag3.0 West Africa; semicolon-row first-field specimen ID + explicit population-code extraction)
AA0106-C,Ag3.0-WestAfrica-Caputo2024,Ghana,,,,,,,gambiae,GHgam,https://cog.sanger.ac.uk/vo_agam_output/AA0106-C.vcf.gz,Caputo2024 Communications Biology Supplementary Data 1 (Ag1000G Ag3.0 West Africa; semicolon-row first-field specimen ID + explicit population-code extraction)
AA0108-C,Ag3.0-WestAfrica-Caputo2024,Ghana,,,,,,,gambiae,GHgam,https://cog.sanger.ac.uk/vo_agam_output/AA0108-C.vcf.gz,Caputo2024 Communications Biology Supplementary Data 1 (Ag1000G Ag3.0 West Africa; semicolon-row first-field specimen ID + explicit population-code extraction)
AA0117-C,Ag3.0-WestAfrica-Caputo2024,Ghana,,,,,,,gambiae,GHgam,https://cog.sanger.ac.uk/vo_agam_output/AA0117-C.vcf.gz,Caputo2024 Communications Biology Supplementary Data 1 (Ag1000G Ag3.0 West Africa; semicolon-row first-field specimen ID + explicit population-code extraction)
AA0118-C,Ag3.0-WestAfrica-Caputo2024,Ghana,,,,,,,gambiae,GHgam,https://cog.sanger.ac.uk/vo_agam_output/AA0118-C.vcf.gz,Caputo2024 Communications Biology Supplementary Data 1 (Ag1000G Ag3.0 West Africa; semicolon-row first-field specimen ID + explicit population-code extraction)
AA0119-C,Ag3.0-WestAfrica-Caputo2024,Ghana,,,,,,,gambiae,GHgam,https://cog.sanger.ac.uk/vo_agam_output/AA0119-C.vcf.gz,Caputo2024 Communications Biology Supplementary Data 1 (Ag1000G Ag3.0 West Africa; semicolon-row first-field specimen ID + explicit population-code extraction)
AA0122-C,Ag3.0-WestAfrica-Caputo2024,Ghana,,,,,,,gambiae,GHgam,https://cog.sanger.ac.uk/vo_agam_output/AA0122-C.vcf.gz,Caputo2024 Communications Biology Supplementary Data 1 (Ag1000G Ag3.0 West Africa; semicolon-row first-field specimen ID + explicit population-code extraction)
AA0129-C,Ag3.0-WestAfrica-Caputo2024,Ghana,,,,,,,gambiae,GHgam,https://cog.sanger.ac.uk/vo_agam_output/AA0129-C.vcf.gz,Caputo2024 Communications Biology Supplementary Data 1 (Ag1000G Ag3.0 West Africa; semicolon-row first-field specimen ID + explicit population-code extraction)
AA0130-C,Ag3.0-WestAfrica-Caputo2024,Ghana,,,,,,,gambiae,GHgam,https://cog.sanger.ac.uk/vo_agam_output/AA0130-C.vcf.gz,Caputo2024 Communications Biology Supplementary Data 1 (Ag1000G Ag3.0 West Africa; semicolon-row first-field specimen ID + explicit population-code extraction)
AA0131-C,Ag3.0-WestAfrica-Caputo2024,Ghana,,,,,,,gambiae,GHgam,https://cog.sanger.ac.uk/vo_agam_output/AA0131-C.vcf.gz,Caputo2024 Communications Biology Supplementary Data 1 (Ag1000G Ag3.0 West Africa; semicolon-row first-field specimen ID + explicit population-code extraction)
AA0133-C,Ag3.0-WestAfrica-Caputo2024,Ghana,,,,,,,gambiae,GHgam,https://cog.sanger.ac.uk/vo_agam_output/AA0133-C.vcf.gz,Caputo2024 Communications Biology Supplementary Data 1 (Ag1000G Ag3.0 West Africa; semicolon-row first-field specimen ID + explicit population-code extraction)
AA0137-C,Ag3.0-WestAfrica-Caputo2024,Ghana,,,,,,,gambiae,GHgam,https://cog.sanger.ac.uk/vo_agam_output/AA0137-C.vcf.gz,Caputo2024 Communications Biology Supplementary Data 1 (Ag1000G Ag3.0 West Africa; semicolon-row first-field specimen ID + explicit population-code extraction)
AV0001-C,Ag3.0-WestAfrica-Caputo2024,Guinea,,,,,,,gambiae,GNgam,https://cog.sanger.ac.uk/vo_agam_output/AV0001-C.vcf.gz,Caputo2024 Communications Biology Supplementary Data 1 (Ag1000G Ag3.0 West Africa; semicolon-row first-field specimen ID + explicit population-code extraction)
AV0002-C,Ag3.0-WestAfrica-Caputo2024,Guinea,,,,,,,gambiae,GNgam,https://cog.sanger.ac.uk/vo_agam_output/AV0002-C.vcf.gz,Caputo2024 Communications Biology Supplementary Data 1 (Ag1000G Ag3.0 West Africa; semicolon-row first-field specimen ID + explicit population-code extraction)
AV0003-Cx,Ag3.0-WestAfrica-Caputo2024,Guinea,,,,,,,gambiae,GNgam,https://cog.sanger.ac.uk/vo_agam_output/AV0003-Cx.vcf.gz,Caputo2024 Communications Biology Supplementary Data 1 (Ag1000G Ag3.0 West Africa; semicolon-row first-field specimen ID + explicit population-code extraction)
AV0004-Cx,Ag3.0-WestAfrica-Caputo2024,Guinea,,,,,,,gambiae,GNgam,https://cog.sanger.ac.uk/vo_agam_output/AV0004-Cx.vcf.gz,Caputo2024 Communications Biology Supplementary Data 1 (Ag1000G Ag3.0 West Africa; semicolon-row first-field specimen ID + explicit population-code extraction)
AV0005-C,Ag3.0-WestAfrica-Caputo2024,Guinea,,,,,,,gambiae,GNgam,https://cog.sanger.ac.uk/vo_agam_output/AV0005-C.vcf.gz,Caputo2024 Communications Biology Supplementary Data 1 (Ag1000G Ag3.0 West Africa; semicolon-row first-field specimen ID + explicit population-code extraction)
AV0006-C,Ag3.0-WestAfrica-Caputo2024,Guinea,,,,,,,gambiae,GNgam,https://cog.sanger.ac.uk/vo_agam_output/AV0006-C.vcf.gz,Caputo2024 Communications Biology Supplementary Data 1 (Ag1000G Ag3.0 West Africa; semicolon-row first-field specimen ID + explicit population-code extraction)
AV0008-C,Ag3.0-WestAfrica-Caputo2024,Guinea,,,,,,,gambiae,GNgam,https://cog.sanger.ac.uk/vo_agam_output/AV0008-C.vcf.gz,Caputo2024 Communications Biology Supplementary Data 1 (Ag1000G Ag3.0 West Africa; semicolon-row first-field specimen ID + explicit population-code extraction)
AV0009-C,Ag3.0-WestAfrica-Caputo2024,Guinea,,,,,,,gambiae,GNgam,https://cog.sanger.ac.uk/vo_agam_output/AV0009-C.vcf.gz,Caputo2024 Communications Biology Supplementary Data 1 (Ag1000G Ag3.0 West Africa; semicolon-row first-field specimen ID + explicit population-code extraction)
AV0010-C,Ag3.0-WestAfrica-Caputo2024,Guinea,,,,,,,gambiae,GNgam,https://cog.sanger.ac.uk/vo_agam_output/AV0010-C.vcf.gz,Caputo2024 Communications Biology Supplementary Data 1 (Ag1000G Ag3.0 West Africa; semicolon-row first-field specimen ID + explicit population-code extraction)
AV0011-C,Ag3.0-WestAfrica-Caputo2024,Guinea,,,,,,,gambiae,GNgam,https://cog.sanger.ac.uk/vo_agam_output/AV0011-C.vcf.gz,Caputo2024 Communications Biology Supplementary Data 1 (Ag1000G Ag3.0 West Africa; semicolon-row first-field specimen ID + explicit population-code extraction)
AV0012-C,Ag3.0-WestAfrica-Caputo2024,Guinea,,,,,,,gambiae,GNgam,https://cog.sanger.ac.uk/vo_agam_output/AV0012-C.vcf.gz,Caputo2024 Communications Biology Supplementary Data 1 (Ag1000G Ag3.0 West Africa; semicolon-row first-field specimen ID + explicit population-code extraction)
AV0013-C,Ag3.0-WestAfrica-Caputo2024,Guinea,,,,,,,gambiae,GNgam,https://cog.sanger.ac.uk/vo_agam_output/AV0013-C.vcf.gz,Caputo2024 Communications Biology Supplementary Data 1 (Ag1000G Ag3.0 West Africa; semicolon-row first-field specimen ID + explicit population-code extraction)
AV0014-C,Ag3.0-WestAfrica-Caputo2024,Guinea,,,,,,,gambiae,GNgam,https://cog.sanger.ac.uk/vo_agam_output/AV0014-C.vcf.gz,Caputo2024 Communications Biology Supplementary Data 1 (Ag1000G Ag3.0 West Africa; semicolon-row first-field specimen ID + explicit population-code extraction)
AV0015-C,Ag3.0-WestAfrica-Caputo2024,Guinea,,,,,,,gambiae,GNgam,https://cog.sanger.ac.uk/vo_agam_output/AV0015-C.vcf.gz,Caputo2024 Communications Biology Supplementary Data 1 (Ag1000G Ag3.0 West Africa; semicolon-row first-field specimen ID + explicit population-code extraction)
AV0017-C,Ag3.0-WestAfrica-Caputo2024,Guinea,,,,,,,gambiae,GNgam,https://cog.sanger.ac.uk/vo_agam_output/AV0017-C.vcf.gz,Caputo2024 Communications Biology Supplementary Data 1 (Ag1000G Ag3.0 West Africa; semicolon-row first-field specimen ID + explicit population-code extraction)
AV0018-C,Ag3.0-WestAfrica-Caputo2024,Guinea,,,,,,,gambiae,GNgam,https://cog.sanger.ac.uk/vo_agam_output/AV0018-C.vcf.gz,Caputo2024 Communications Biology Supplementary Data 1 (Ag1000G Ag3.0 West Africa; semicolon-row first-field specimen ID + explicit population-code extraction)
AV0020-C,Ag3.0-WestAfrica-Caputo2024,Guinea,,,,,,,gambiae,GNgam,https://cog.sanger.ac.uk/vo_agam_output/AV0020-C.vcf.gz,Caputo2024 Communications Biology Supplementary Data 1 (Ag1000G Ag3.0 West Africa; semicolon-row first-field specimen ID + explicit population-code extraction)
AV0021-C,Ag3.0-WestAfrica-Caputo2024,Guinea,,,,,,,gambiae,GNgam,https://cog.sanger.ac.uk/vo_agam_output/AV0021-C.vcf.gz,Caputo2024 Communications Biology Supplementary Data 1 (Ag1000G Ag3.0 West Africa; semicolon-row first-field specimen ID + explicit population-code extraction)
AV0022-C,Ag3.0-WestAfrica-Caputo2024,Guinea,,,,,,,gambiae,GNgam,https://cog.sanger.ac.uk/vo_agam_output/AV0022-C.vcf.gz,Caputo2024 Communications Biology Supplementary Data 1 (Ag1000G Ag3.0 West Africa; semicolon-row first-field specimen ID + explicit population-code extraction)
AV0023-C,Ag3.0-WestAfrica-Caputo2024,Guinea,,,,,,,gambiae,GNgam,https://cog.sanger.ac.uk/vo_agam_output/AV0023-C.vcf.gz,Caputo2024 Communications Biology Supplementary Data 1 (Ag1000G Ag3.0 West Africa; semicolon-row first-field specimen ID + explicit population-code extraction)
AV0024-C,Ag3.0-WestAfrica-Caputo2024,Guinea,,,,,,,gambiae,GNgam,https://cog.sanger.ac.uk/vo_agam_output/AV0024-C.vcf.gz,Caputo2024 Communications Biology Supplementary Data 1 (Ag1000G Ag3.0 West Africa; semicolon-row first-field specimen ID + explicit population-code extraction)
AV0025-C,Ag3.0-WestAfrica-Caputo2024,Guinea,,,,,,,gambiae,GNgam,https://cog.sanger.ac.uk/vo_agam_output/AV0025-C.vcf.gz,Caputo2024 Communications Biology Supplementary Data 1 (Ag1000G Ag3.0 West Africa; semicolon-row first-field specimen ID + explicit population-code extraction)
AV0026-C,Ag3.0-WestAfrica-Caputo2024,Guinea,,,,,,,gambiae,GNgam,https://cog.sanger.ac.uk/vo_agam_output/AV0026-C.vcf.gz,Caputo2024 Communications Biology Supplementary Data 1 (Ag1000G Ag3.0 West Africa; semicolon-row first-field specimen ID + explicit population-code extraction)
AV0027-C,Ag3.0-WestAfrica-Caputo2024,Guinea,,,,,,,gambiae,GNgam,https://cog.sanger.ac.uk/vo_agam_output/AV0027-C.vcf.gz,Caputo2024 Communications Biology Supplementary Data 1 (Ag1000G Ag3.0 West Africa; semicolon-row first-field specimen ID + explicit population-code extraction)
AV0028-C,Ag3.0-WestAfrica-Caputo2024,Guinea,,,,,,,gambiae,GNgam,https://cog.sanger.ac.uk/vo_agam_output/AV0028-C.vcf.gz,Caputo2024 Communications Biology Supplementary Data 1 (Ag1000G Ag3.0 West Africa; semicolon-row first-field specimen ID + explicit population-code extraction)
AV0029-Cx,Ag3.0-WestAfrica-Caputo2024,Guinea,,,,,,,gambiae,GNgam,https://cog.sanger.ac.uk/vo_agam_output/AV0029-Cx.vcf.gz,Caputo2024 Communications Biology Supplementary Data 1 (Ag1000G Ag3.0 West Africa; semicolon-row first-field specimen ID + explicit population-code extraction)
AV0030-Cx,Ag3.0-WestAfrica-Caputo2024,Guinea,,,,,,,gambiae,GNgam,https://cog.sanger.ac.uk/vo_agam_output/AV0030-Cx.vcf.gz,Caputo2024 Communications Biology Supplementary Data 1 (Ag1000G Ag3.0 West Africa; semicolon-row first-field specimen ID + explicit population-code extraction)
AV0031-C,Ag3.0-WestAfrica-Caputo2024,Guinea,,,,,,,gambiae,GNgam,https://cog.sanger.ac.uk/vo_agam_output/AV0031-C.vcf.gz,Caputo2024 Communications Biology Supplementary Data 1 (Ag1000G Ag3.0 West Africa; semicolon-row first-field specimen ID + explicit population-code extraction)
AV0032-C,Ag3.0-WestAfrica-Caputo2024,Guinea,,,,,,,gambiae,GNgam,https://cog.sanger.ac.uk/vo_agam_output/AV0032-C.vcf.gz,Caputo2024 Communications Biology Supplementary Data 1 (Ag1000G Ag3.0 West Africa; semicolon-row first-field specimen ID + explicit population-code extraction)
AV0033-C,Ag3.0-WestAfrica-Caputo2024,Guinea,,,,,,,gambiae,GNgam,https://cog.sanger.ac.uk/vo_agam_output/AV0033-C.vcf.gz,Caputo2024 Communications Biology Supplementary Data 1 (Ag1000G Ag3.0 West Africa; semicolon-row first-field specimen ID + explicit population-code extraction)
AV0034-Cx,Ag3.0-WestAfrica-Caputo2024,Guinea,,,,,,,gambiae,GNgam,https://cog.sanger.ac.uk/vo_agam_output/AV0034-Cx.vcf.gz,Caputo2024 Communications Biology Supplementary Data 1 (Ag1000G Ag3.0 West Africa; semicolon-row first-field specimen ID + explicit population-code extraction)
AV0035-C,Ag3.0-WestAfrica-Caputo2024,Guinea,,,,,,,gambiae,GNgam,https://cog.sanger.ac.uk/vo_agam_output/AV0035-C.vcf.gz,Caputo2024 Communications Biology Supplementary Data 1 (Ag1000G Ag3.0 West Africa; semicolon-row first-field specimen ID + explicit population-code extraction)
AV0036-C,Ag3.0-WestAfrica-Caputo2024,Guinea,,,,,,,gambiae,GNgam,https://cog.sanger.ac.uk/vo_agam_output/AV0036-C.vcf.gz,Caputo2024 Communications Biology Supplementary Data 1 (Ag1000G Ag3.0 West Africa; semicolon-row first-field specimen ID + explicit population-code extraction)
AV0037-C,Ag3.0-WestAfrica-Caputo2024,Guinea,,,,,,,gambiae,GNgam,https://cog.sanger.ac.uk/vo_agam_output/AV0037-C.vcf.gz,Caputo2024 Communications Biology Supplementary Data 1 (Ag1000G Ag3.0 West Africa; semicolon-row first-field specimen ID + explicit population-code extraction)
AV0039-C,Ag3.0-WestAfrica-Caputo2024,Guinea,,,,,,,gambiae,GNgam,https://cog.sanger.ac.uk/vo_agam_output/AV0039-C.vcf.gz,Caputo2024 Communications Biology Supplementary Data 1 (Ag1000G Ag3.0 West Africa; semicolon-row first-field specimen ID + explicit population-code extraction)
AV0041-C,Ag3.0-WestAfrica-Caputo2024,Guinea,,,,,,,gambiae,GNgam,https://cog.sanger.ac.uk/vo_agam_output/AV0041-C.vcf.gz,Caputo2024 Communications Biology Supplementary Data 1 (Ag1000G Ag3.0 West Africa; semicolon-row first-field specimen ID + explicit population-code extraction)
AV0043-C,Ag3.0-WestAfrica-Caputo2024,Guinea,,,,,,,gambiae,GNgam,https://cog.sanger.ac.uk/vo_agam_output/AV0043-C.vcf.gz,Caputo2024 Communications Biology Supplementary Data 1 (Ag1000G Ag3.0 West Africa; semicolon-row first-field specimen ID + explicit population-code extraction)
AV0044-Cx,Ag3.0-WestAfrica-Caputo2024,Guinea,,,,,,,gambiae,GNgam,https://cog.sanger.ac.uk/vo_agam_output/AV0044-Cx.vcf.gz,Caputo2024 Communications Biology Supplementary Data 1 (Ag1000G Ag3.0 West Africa; semicolon-row first-field specimen ID + explicit population-code extraction)
AV0045-C,Ag3.0-WestAfrica-Caputo2024,Guinea,,,,,,,gambiae,GNgam,https://cog.sanger.ac.uk/vo_agam_output/AV0045-C.vcf.gz,Caputo2024 Communications Biology Supplementary Data 1 (Ag1000G Ag3.0 West Africa; semicolon-row first-field specimen ID + explicit population-code extraction)
AV0047-C,Ag3.0-WestAfrica-Caputo2024,Guinea,,,,,,,gambiae,GNgam,https://cog.sanger.ac.uk/vo_agam_output/AV0047-C.vcf.gz,Caputo2024 Communications Biology Supplementary Data 1 (Ag1000G Ag3.0 West Africa; semicolon-row first-field specimen ID + explicit population-code extraction)
AV0055-C,Ag3.0-WestAfrica-Caputo2024,Guinea,,,,,,,gambiae,GNgam,https://cog.sanger.ac.uk/vo_agam_output/AV0055-C.vcf.gz,Caputo2024 Communications Biology Supplementary Data 1 (Ag1000G Ag3.0 West Africa; semicolon-row first-field specimen ID + explicit population-code extraction)
AV0058-C,Ag3.0-WestAfrica-Caputo2024,Guinea,,,,,,,gambiae,GNgam,https://cog.sanger.ac.uk/vo_agam_output/AV0058-C.vcf.gz,Caputo2024 Communications Biology Supplementary Data 1 (Ag1000G Ag3.0 West Africa; semicolon-row first-field specimen ID + explicit population-code extraction)
AV0059-C,Ag3.0-WestAfrica-Caputo2024,Guinea,,,,,,,gambiae,GNgam,https://cog.sanger.ac.uk/vo_agam_output/AV0059-C.vcf.gz,Caputo2024 Communications Biology Supplementary Data 1 (Ag1000G Ag3.0 West Africa; semicolon-row first-field specimen ID + explicit population-code extraction)
AV0061-C,Ag3.0-WestAfrica-Caputo2024,Guinea,,,,,,,gambiae,GNgam,https://cog.sanger.ac.uk/vo_agam_output/AV0061-C.vcf.gz,Caputo2024 Communications Biology Supplementary Data 1 (Ag1000G Ag3.0 West Africa; semicolon-row first-field specimen ID + explicit population-code extraction)
AV0067-C,Ag3.0-WestAfrica-Caputo2024,Guinea,,,,,,,gambiae,GNgam,https://cog.sanger.ac.uk/vo_agam_output/AV0067-C.vcf.gz,Caputo2024 Communications Biology Supplementary Data 1 (Ag1000G Ag3.0 West Africa; semicolon-row first-field specimen ID + explicit population-code extraction)
AV0068-C,Ag3.0-WestAfrica-Caputo2024,Guinea,,,,,,,gambiae,GNgam,https://cog.sanger.ac.uk/vo_agam_output/AV0068-C.vcf.gz,Caputo2024 Communications Biology Supplementary Data 1 (Ag1000G Ag3.0 West Africa; semicolon-row first-field specimen ID + explicit population-code extraction)
AV0069-CW,Ag3.0-WestAfrica-Caputo2024,Guinea,,,,,,,gambiae,GNgam,https://cog.sanger.ac.uk/vo_agam_output/AV0069-CW.vcf.gz,Caputo2024 Communications Biology Supplementary Data 1 (Ag1000G Ag3.0 West Africa; semicolon-row first-field specimen ID + explicit population-code extraction)
AV0070-C,Ag3.0-WestAfrica-Caputo2024,Guinea,,,,,,,gambiae,GNgam,https://cog.sanger.ac.uk/vo_agam_output/AV0070-C.vcf.gz,Caputo2024 Communications Biology Supplementary Data 1 (Ag1000G Ag3.0 West Africa; semicolon-row first-field specimen ID + explicit population-code extraction)
AV0074-C,Ag3.0-WestAfrica-Caputo2024,Guinea,,,,,,,gambiae,GNgam,https://cog.sanger.ac.uk/vo_agam_output/AV0074-C.vcf.gz,Caputo2024 Communications Biology Supplementary Data 1 (Ag1000G Ag3.0 West Africa; semicolon-row first-field specimen ID + explicit population-code extraction)
AV0078-C,Ag3.0-WestAfrica-Caputo2024,Guinea,,,,,,,gambiae,GNgam,https://cog.sanger.ac.uk/vo_agam_output/AV0078-C.vcf.gz,Caputo2024 Communications Biology Supplementary Data 1 (Ag1000G Ag3.0 West Africa; semicolon-row first-field specimen ID + explicit population-code extraction)
AV0080-C,Ag3.0-WestAfrica-Caputo2024,Guinea,,,,,,,gambiae,GNgam,https://cog.sanger.ac.uk/vo_agam_output/AV0080-C.vcf.gz,Caputo2024 Communications Biology Supplementary Data 1 (Ag1000G Ag3.0 West Africa; semicolon-row first-field specimen ID + explicit population-code extraction)
AV0082-C,Ag3.0-WestAfrica-Caputo2024,Guinea,,,,,,,gambiae,GNgam,https://cog.sanger.ac.uk/vo_agam_output/AV0082-C.vcf.gz,Caputo2024 Communications Biology Supplementary Data 1 (Ag1000G Ag3.0 West Africa; semicolon-row first-field specimen ID + explicit population-code extraction)
AV0083-C,Ag3.0-WestAfrica-Caputo2024,Guinea,,,,,,,gambiae,GNgam,https://cog.sanger.ac.uk/vo_agam_output/AV0083-C.vcf.gz,Caputo2024 Communications Biology Supplementary Data 1 (Ag1000G Ag3.0 West Africa; semicolon-row first-field specimen ID + explicit population-code extraction)
AV0086-C,Ag3.0-WestAfrica-Caputo2024,Guinea,,,,,,,gambiae,GNgam,https://cog.sanger.ac.uk/vo_agam_output/AV0086-C.vcf.gz,Caputo2024 Communications Biology Supplementary Data 1 (Ag1000G Ag3.0 West Africa; semicolon-row first-field specimen ID + explicit population-code extraction)
AV0091-C,Ag3.0-WestAfrica-Caputo2024,Guinea,,,,,,,gambiae,GNgam,https://cog.sanger.ac.uk/vo_agam_output/AV0091-C.vcf.gz,Caputo2024 Communications Biology Supplementary Data 1 (Ag1000G Ag3.0 West Africa; semicolon-row first-field specimen ID + explicit population-code extraction)
AV0092-C,Ag3.0-WestAfrica-Caputo2024,Guinea,,,,,,,gambiae,GNgam,https://cog.sanger.ac.uk/vo_agam_output/AV0092-C.vcf.gz,Caputo2024 Communications Biology Supplementary Data 1 (Ag1000G Ag3.0 West Africa; semicolon-row first-field specimen ID + explicit population-code extraction)
AV0094-C,Ag3.0-WestAfrica-Caputo2024,Guinea,,,,,,,gambiae,GNgam,https://cog.sanger.ac.uk/vo_agam_output/AV0094-C.vcf.gz,Caputo2024 Communications Biology Supplementary Data 1 (Ag1000G Ag3.0 West Africa; semicolon-row first-field specimen ID + explicit population-code extraction)
AV0095-C,Ag3.0-WestAfrica-Caputo2024,Guinea,,,,,,,gambiae,GNgam,https://cog.sanger.ac.uk/vo_agam_output/AV0095-C.vcf.gz,Caputo2024 Communications Biology Supplementary Data 1 (Ag1000G Ag3.0 West Africa; semicolon-row first-field specimen ID + explicit population-code extraction)
AV0098-C,Ag3.0-WestAfrica-Caputo2024,Guinea,,,,,,,gambiae,GNgam,https://cog.sanger.ac.uk/vo_agam_output/AV0098-C.vcf.gz,Caputo2024 Communications Biology Supplementary Data 1 (Ag1000G Ag3.0 West Africa; semicolon-row first-field specimen ID + explicit population-code extraction)
AV0104-C,Ag3.0-WestAfrica-Caputo2024,Guinea,,,,,,,gambiae,GNgam,https://cog.sanger.ac.uk/vo_agam_output/AV0104-C.vcf.gz,Caputo2024 Communications Biology Supplementary Data 1 (Ag1000G Ag3.0 West Africa; semicolon-row first-field specimen ID + explicit population-code extraction)
AV0106-C,Ag3.0-WestAfrica-Caputo2024,Guinea,,,,,,,gambiae,GNgam,https://cog.sanger.ac.uk/vo_agam_output/AV0106-C.vcf.gz,Caputo2024 Communications Biology Supplementary Data 1 (Ag1000G Ag3.0 West Africa; semicolon-row first-field specimen ID + explicit population-code extraction)
AV0107-C,Ag3.0-WestAfrica-Caputo2024,Guinea,,,,,,,gambiae,GNgam,https://cog.sanger.ac.uk/vo_agam_output/AV0107-C.vcf.gz,Caputo2024 Communications Biology Supplementary Data 1 (Ag1000G Ag3.0 West Africa; semicolon-row first-field specimen ID + explicit population-code extraction)
AV0109-C,Ag3.0-WestAfrica-Caputo2024,Guinea,,,,,,,gambiae,GNgam,https://cog.sanger.ac.uk/vo_agam_output/AV0109-C.vcf.gz,Caputo2024 Communications Biology Supplementary Data 1 (Ag1000G Ag3.0 West Africa; semicolon-row first-field specimen ID + explicit population-code extraction)
AV0113-C,Ag3.0-WestAfrica-Caputo2024,Guinea,,,,,,,gambiae,GNgam,https://cog.sanger.ac.uk/vo_agam_output/AV0113-C.vcf.gz,Caputo2024 Communications Biology Supplementary Data 1 (Ag1000G Ag3.0 West Africa; semicolon-row first-field specimen ID + explicit population-code extraction)
AV0115-C,Ag3.0-WestAfrica-Caputo2024,Guinea,,,,,,,gambiae,GNgam,https://cog.sanger.ac.uk/vo_agam_output/AV0115-C.vcf.gz,Caputo2024 Communications Biology Supplementary Data 1 (Ag1000G Ag3.0 West Africa; semicolon-row first-field specimen ID + explicit population-code extraction)
AV0116-C,Ag3.0-WestAfrica-Caputo2024,Guinea,,,,,,,gambiae,GNgam,https://cog.sanger.ac.uk/vo_agam_output/AV0116-C.vcf.gz,Caputo2024 Communications Biology Supplementary Data 1 (Ag1000G Ag3.0 West Africa; semicolon-row first-field specimen ID + explicit population-code extraction)
AV0119-C,Ag3.0-WestAfrica-Caputo2024,Guinea,,,,,,,gambiae,GNgam,https://cog.sanger.ac.uk/vo_agam_output/AV0119-C.vcf.gz,Caputo2024 Communications Biology Supplementary Data 1 (Ag1000G Ag3.0 West Africa; semicolon-row first-field specimen ID + explicit population-code extraction)
AV0128-C,Ag3.0-WestAfrica-Caputo2024,Guinea,,,,,,,gambiae,GNgam,https://cog.sanger.ac.uk/vo_agam_output/AV0128-C.vcf.gz,Caputo2024 Communications Biology Supplementary Data 1 (Ag1000G Ag3.0 West Africa; semicolon-row first-field specimen ID + explicit population-code extraction)
AV0129-C,Ag3.0-WestAfrica-Caputo2024,Guinea,,,,,,,gambiae,GNgam,https://cog.sanger.ac.uk/vo_agam_output/AV0129-C.vcf.gz,Caputo2024 Communications Biology Supplementary Data 1 (Ag1000G Ag3.0 West Africa; semicolon-row first-field specimen ID + explicit population-code extraction)
AV0130-C,Ag3.0-WestAfrica-Caputo2024,Guinea,,,,,,,gambiae,GNgam,https://cog.sanger.ac.uk/vo_agam_output/AV0130-C.vcf.gz,Caputo2024 Communications Biology Supplementary Data 1 (Ag1000G Ag3.0 West Africa; semicolon-row first-field specimen ID + explicit population-code extraction)
AV0131-C,Ag3.0-WestAfrica-Caputo2024,Guinea,,,,,,,gambiae,GNgam,https://cog.sanger.ac.uk/vo_agam_output/AV0131-C.vcf.gz,Caputo2024 Communications Biology Supplementary Data 1 (Ag1000G Ag3.0 West Africa; semicolon-row first-field specimen ID + explicit population-code extraction)
AV0132-C,Ag3.0-WestAfrica-Caputo2024,Guinea,,,,,,,gambiae,GNgam,https://cog.sanger.ac.uk/vo_agam_output/AV0132-C.vcf.gz,Caputo2024 Communications Biology Supplementary Data 1 (Ag1000G Ag3.0 West Africa; semicolon-row first-field specimen ID + explicit population-code extraction)
AV0134-C,Ag3.0-WestAfrica-Caputo2024,Guinea,,,,,,,gambiae,GNgam,https://cog.sanger.ac.uk/vo_agam_output/AV0134-C.vcf.gz,Caputo2024 Communications Biology Supplementary Data 1 (Ag1000G Ag3.0 West Africa; semicolon-row first-field specimen ID + explicit population-code extraction)
AV0137-C,Ag3.0-WestAfrica-Caputo2024,Guinea,,,,,,,gambiae,GNgam,https://cog.sanger.ac.uk/vo_agam_output/AV0137-C.vcf.gz,Caputo2024 Communications Biology Supplementary Data 1 (Ag1000G Ag3.0 West Africa; semicolon-row first-field specimen ID + explicit population-code extraction)
AV0140-C,Ag3.0-WestAfrica-Caputo2024,Guinea,,,,,,,gambiae,GNgam,https://cog.sanger.ac.uk/vo_agam_output/AV0140-C.vcf.gz,Caputo2024 Communications Biology Supplementary Data 1 (Ag1000G Ag3.0 West Africa; semicolon-row first-field specimen ID + explicit population-code extraction)
AV0141-C,Ag3.0-WestAfrica-Caputo2024,Guinea,,,,,,,gambiae,GNgam,https://cog.sanger.ac.uk/vo_agam_output/AV0141-C.vcf.gz,Caputo2024 Communications Biology Supplementary Data 1 (Ag1000G Ag3.0 West Africa; semicolon-row first-field specimen ID + explicit population-code extraction)
AV0142-C,Ag3.0-WestAfrica-Caputo2024,Guinea,,,,,,,gambiae,GNgam,https://cog.sanger.ac.uk/vo_agam_output/AV0142-C.vcf.gz,Caputo2024 Communications Biology Supplementary Data 1 (Ag1000G Ag3.0 West Africa; semicolon-row first-field specimen ID + explicit population-code extraction)
AV0143-C,Ag3.0-WestAfrica-Caputo2024,Guinea,,,,,,,gambiae,GNgam,https://cog.sanger.ac.uk/vo_agam_output/AV0143-C.vcf.gz,Caputo2024 Communications Biology Supplementary Data 1 (Ag1000G Ag3.0 West Africa; semicolon-row first-field specimen ID + explicit population-code extraction)
AV0150-C,Ag3.0-WestAfrica-Caputo2024,Guinea,,,,,,,gambiae,GNgam,https://cog.sanger.ac.uk/vo_agam_output/AV0150-C.vcf.gz,Caputo2024 Communications Biology Supplementary Data 1 (Ag1000G Ag3.0 West Africa; semicolon-row first-field specimen ID + explicit population-code extraction)
AV0152-C,Ag3.0-WestAfrica-Caputo2024,Guinea,,,,,,,gambiae,GNgam,https://cog.sanger.ac.uk/vo_agam_output/AV0152-C.vcf.gz,Caputo2024 Communications Biology Supplementary Data 1 (Ag1000G Ag3.0 West Africa; semicolon-row first-field specimen ID + explicit population-code extraction)
AV0154-C,Ag3.0-WestAfrica-Caputo2024,Guinea,,,,,,,gambiae,GNgam,https://cog.sanger.ac.uk/vo_agam_output/AV0154-C.vcf.gz,Caputo2024 Communications Biology Supplementary Data 1 (Ag1000G Ag3.0 West Africa; semicolon-row first-field specimen ID + explicit population-code extraction)
AV0160-C,Ag3.0-WestAfrica-Caputo2024,Guinea,,,,,,,gambiae,GNgam,https://cog.sanger.ac.uk/vo_agam_output/AV0160-C.vcf.gz,Caputo2024 Communications Biology Supplementary Data 1 (Ag1000G Ag3.0 West Africa; semicolon-row first-field specimen ID + explicit population-code extraction)
AV0162-C,Ag3.0-WestAfrica-Caputo2024,Guinea,,,,,,,gambiae,GNgam,https://cog.sanger.ac.uk/vo_agam_output/AV0162-C.vcf.gz,Caputo2024 Communications Biology Supplementary Data 1 (Ag1000G Ag3.0 West Africa; semicolon-row first-field specimen ID + explicit population-code extraction)
AV0164-C,Ag3.0-WestAfrica-Caputo2024,Guinea,,,,,,,gambiae,GNgam,https://cog.sanger.ac.uk/vo_agam_output/AV0164-C.vcf.gz,Caputo2024 Communications Biology Supplementary Data 1 (Ag1000G Ag3.0 West Africa; semicolon-row first-field specimen ID + explicit population-code extraction)
AV0165-C,Ag3.0-WestAfrica-Caputo2024,Guinea,,,,,,,gambiae,GNgam,https://cog.sanger.ac.uk/vo_agam_output/AV0165-C.vcf.gz,Caputo2024 Communications Biology Supplementary Data 1 (Ag1000G Ag3.0 West Africa; semicolon-row first-field specimen ID + explicit population-code extraction)
AV0170-C,Ag3.0-WestAfrica-Caputo2024,Guinea,,,,,,,gambiae,GNgam,https://cog.sanger.ac.uk/vo_agam_output/AV0170-C.vcf.gz,Caputo2024 Communications Biology Supplementary Data 1 (Ag1000G Ag3.0 West Africa; semicolon-row first-field specimen ID + explicit population-code extraction)
AV0171-C,Ag3.0-WestAfrica-Caputo2024,Guinea,,,,,,,gambiae,GNgam,https://cog.sanger.ac.uk/vo_agam_output/AV0171-C.vcf.gz,Caputo2024 Communications Biology Supplementary Data 1 (Ag1000G Ag3.0 West Africa; semicolon-row first-field specimen ID + explicit population-code extraction)
AV0174-C,Ag3.0-WestAfrica-Caputo2024,Guinea,,,,,,,gambiae,GNgam,https://cog.sanger.ac.uk/vo_agam_output/AV0174-C.vcf.gz,Caputo2024 Communications Biology Supplementary Data 1 (Ag1000G Ag3.0 West Africa; semicolon-row first-field specimen ID + explicit population-code extraction)
AV0176-C,Ag3.0-WestAfrica-Caputo2024,Guinea,,,,,,,gambiae,GNgam,https://cog.sanger.ac.uk/vo_agam_output/AV0176-C.vcf.gz,Caputo2024 Communications Biology Supplementary Data 1 (Ag1000G Ag3.0 West Africa; semicolon-row first-field specimen ID + explicit population-code extraction)
AV0177-C,Ag3.0-WestAfrica-Caputo2024,Guinea,,,,,,,gambiae,GNgam,https://cog.sanger.ac.uk/vo_agam_output/AV0177-C.vcf.gz,Caputo2024 Communications Biology Supplementary Data 1 (Ag1000G Ag3.0 West Africa; semicolon-row first-field specimen ID + explicit population-code extraction)
AV0179-C,Ag3.0-WestAfrica-Caputo2024,Guinea,,,,,,,gambiae,GNgam,https://cog.sanger.ac.uk/vo_agam_output/AV0179-C.vcf.gz,Caputo2024 Communications Biology Supplementary Data 1 (Ag1000G Ag3.0 West Africa; semicolon-row first-field specimen ID + explicit population-code extraction)
AV0180-C,Ag3.0-WestAfrica-Caputo2024,Guinea,,,,,,,gambiae,GNgam,https://cog.sanger.ac.uk/vo_agam_output/AV0180-C.vcf.gz,Caputo2024 Communications Biology Supplementary Data 1 (Ag1000G Ag3.0 West Africa; semicolon-row first-field specimen ID + explicit population-code extraction)
AV0185-C,Ag3.0-WestAfrica-Caputo2024,Guinea,,,,,,,gambiae,GNgam,https://cog.sanger.ac.uk/vo_agam_output/AV0185-C.vcf.gz,Caputo2024 Communications Biology Supplementary Data 1 (Ag1000G Ag3.0 West Africa; semicolon-row first-field specimen ID + explicit population-code extraction)
AV0186-C,Ag3.0-WestAfrica-Caputo2024,Guinea,,,,,,,gambiae,GNgam,https://cog.sanger.ac.uk/vo_agam_output/AV0186-C.vcf.gz,Caputo2024 Communications Biology Supplementary Data 1 (Ag1000G Ag3.0 West Africa; semicolon-row first-field specimen ID + explicit population-code extraction)
AV0188-C,Ag3.0-WestAfrica-Caputo2024,Guinea,,,,,,,gambiae,GNgam,https://cog.sanger.ac.uk/vo_agam_output/AV0188-C.vcf.gz,Caputo2024 Communications Biology Supplementary Data 1 (Ag1000G Ag3.0 West Africa; semicolon-row first-field specimen ID + explicit population-code extraction)
AV0189-C,Ag3.0-WestAfrica-Caputo2024,Guinea,,,,,,,gambiae,GNgam,https://cog.sanger.ac.uk/vo_agam_output/AV0189-C.vcf.gz,Caputo2024 Communications Biology Supplementary Data 1 (Ag1000G Ag3.0 West Africa; semicolon-row first-field specimen ID + explicit population-code extraction)
AV0191-C,Ag3.0-WestAfrica-Caputo2024,Guinea,,,,,,,gambiae,GNgam,https://cog.sanger.ac.uk/vo_agam_output/AV0191-C.vcf.gz,Caputo2024 Communications Biology Supplementary Data 1 (Ag1000G Ag3.0 West Africa; semicolon-row first-field specimen ID + explicit population-code extraction)
AV0192-C,Ag3.0-WestAfrica-Caputo2024,Guinea,,,,,,,gambiae,GNgam,https://cog.sanger.ac.uk/vo_agam_output/AV0192-C.vcf.gz,Caputo2024 Communications Biology Supplementary Data 1 (Ag1000G Ag3.0 West Africa; semicolon-row first-field specimen ID + explicit population-code extraction)
AV0194-C,Ag3.0-WestAfrica-Caputo2024,Guinea,,,,,,,gambiae,GNgam,https://cog.sanger.ac.uk/vo_agam_output/AV0194-C.vcf.gz,Caputo2024 Communications Biology Supplementary Data 1 (Ag1000G Ag3.0 West Africa; semicolon-row first-field specimen ID + explicit population-code extraction)
AV0195-C,Ag3.0-WestAfrica-Caputo2024,Guinea,,,,,,,gambiae,GNgam,https://cog.sanger.ac.uk/vo_agam_output/AV0195-C.vcf.gz,Caputo2024 Communications Biology Supplementary Data 1 (Ag1000G Ag3.0 West Africa; semicolon-row first-field specimen ID + explicit population-code extraction)
AV0196-C,Ag3.0-WestAfrica-Caputo2024,Guinea,,,,,,,gambiae,GNgam,https://cog.sanger.ac.uk/vo_agam_output/AV0196-C.vcf.gz,Caputo2024 Communications Biology Supplementary Data 1 (Ag1000G Ag3.0 West Africa; semicolon-row first-field specimen ID + explicit population-code extraction)
AV0198-C,Ag3.0-WestAfrica-Caputo2024,Guinea,,,,,,,gambiae,GNgam,https://cog.sanger.ac.uk/vo_agam_output/AV0198-C.vcf.gz,Caputo2024 Communications Biology Supplementary Data 1 (Ag1000G Ag3.0 West Africa; semicolon-row first-field specimen ID + explicit population-code extraction)
AV0199-C,Ag3.0-WestAfrica-Caputo2024,Guinea,,,,,,,gambiae,GNgam,https://cog.sanger.ac.uk/vo_agam_output/AV0199-C.vcf.gz,Caputo2024 Communications Biology Supplementary Data 1 (Ag1000G Ag3.0 West Africa; semicolon-row first-field specimen ID + explicit population-code extraction)
AV0200-C,Ag3.0-WestAfrica-Caputo2024,Guinea,,,,,,,gambiae,GNgam,https://cog.sanger.ac.uk/vo_agam_output/AV0200-C.vcf.gz,Caputo2024 Communications Biology Supplementary Data 1 (Ag1000G Ag3.0 West Africa; semicolon-row first-field specimen ID + explicit population-code extraction)
AV0201-C,Ag3.0-WestAfrica-Caputo2024,Guinea,,,,,,,gambiae,GNgam,https://cog.sanger.ac.uk/vo_agam_output/AV0201-C.vcf.gz,Caputo2024 Communications Biology Supplementary Data 1 (Ag1000G Ag3.0 West Africa; semicolon-row first-field specimen ID + explicit population-code extraction)
AV0206-C,Ag3.0-WestAfrica-Caputo2024,Guinea,,,,,,,gambiae,GNgam,https://cog.sanger.ac.uk/vo_agam_output/AV0206-C.vcf.gz,Caputo2024 Communications Biology Supplementary Data 1 (Ag1000G Ag3.0 West Africa; semicolon-row first-field specimen ID + explicit population-code extraction)
AV0208-C,Ag3.0-WestAfrica-Caputo2024,Guinea,,,,,,,gambiae,GNgam,https://cog.sanger.ac.uk/vo_agam_output/AV0208-C.vcf.gz,Caputo2024 Communications Biology Supplementary Data 1 (Ag1000G Ag3.0 West Africa; semicolon-row first-field specimen ID + explicit population-code extraction)
AV0210-C,Ag3.0-WestAfrica-Caputo2024,Guinea,,,,,,,gambiae,GNgam,https://cog.sanger.ac.uk/vo_agam_output/AV0210-C.vcf.gz,Caputo2024 Communications Biology Supplementary Data 1 (Ag1000G Ag3.0 West Africa; semicolon-row first-field specimen ID + explicit population-code extraction)
AV0211-C,Ag3.0-WestAfrica-Caputo2024,Guinea,,,,,,,gambiae,GNgam,https://cog.sanger.ac.uk/vo_agam_output/AV0211-C.vcf.gz,Caputo2024 Communications Biology Supplementary Data 1 (Ag1000G Ag3.0 West Africa; semicolon-row first-field specimen ID + explicit population-code extraction)
AV0213-C,Ag3.0-WestAfrica-Caputo2024,Guinea,,,,,,,gambiae,GNgam,https://cog.sanger.ac.uk/vo_agam_output/AV0213-C.vcf.gz,Caputo2024 Communications Biology Supplementary Data 1 (Ag1000G Ag3.0 West Africa; semicolon-row first-field specimen ID + explicit population-code extraction)
AV0218-C,Ag3.0-WestAfrica-Caputo2024,Guinea,,,,,,,gambiae,GNgam,https://cog.sanger.ac.uk/vo_agam_output/AV0218-C.vcf.gz,Caputo2024 Communications Biology Supplementary Data 1 (Ag1000G Ag3.0 West Africa; semicolon-row first-field specimen ID + explicit population-code extraction)
AV0219-C,Ag3.0-WestAfrica-Caputo2024,Guinea,,,,,,,gambiae,GNgam,https://cog.sanger.ac.uk/vo_agam_output/AV0219-C.vcf.gz,Caputo2024 Communications Biology Supplementary Data 1 (Ag1000G Ag3.0 West Africa; semicolon-row first-field specimen ID + explicit population-code extraction)
AV0222-C,Ag3.0-WestAfrica-Caputo2024,Guinea,,,,,,,gambiae,GNgam,https://cog.sanger.ac.uk/vo_agam_output/AV0222-C.vcf.gz,Caputo2024 Communications Biology Supplementary Data 1 (Ag1000G Ag3.0 West Africa; semicolon-row first-field specimen ID + explicit population-code extraction)
AV0223-C,Ag3.0-WestAfrica-Caputo2024,Guinea,,,,,,,gambiae,GNgam,https://cog.sanger.ac.uk/vo_agam_output/AV0223-C.vcf.gz,Caputo2024 Communications Biology Supplementary Data 1 (Ag1000G Ag3.0 West Africa; semicolon-row first-field specimen ID + explicit population-code extraction)
AV0225-C,Ag3.0-WestAfrica-Caputo2024,Guinea,,,,,,,gambiae,GNgam,https://cog.sanger.ac.uk/vo_agam_output/AV0225-C.vcf.gz,Caputo2024 Communications Biology Supplementary Data 1 (Ag1000G Ag3.0 West Africa; semicolon-row first-field specimen ID + explicit population-code extraction)
AV0226-C,Ag3.0-WestAfrica-Caputo2024,Guinea,,,,,,,gambiae,GNgam,https://cog.sanger.ac.uk/vo_agam_output/AV0226-C.vcf.gz,Caputo2024 Communications Biology Supplementary Data 1 (Ag1000G Ag3.0 West Africa; semicolon-row first-field specimen ID + explicit population-code extraction)
AV0231-C,Ag3.0-WestAfrica-Caputo2024,Guinea,,,,,,,gambiae,GNgam,https://cog.sanger.ac.uk/vo_agam_output/AV0231-C.vcf.gz,Caputo2024 Communications Biology Supplementary Data 1 (Ag1000G Ag3.0 West Africa; semicolon-row first-field specimen ID + explicit population-code extraction)
AV0234-C,Ag3.0-WestAfrica-Caputo2024,Guinea,,,,,,,gambiae,GNgam,https://cog.sanger.ac.uk/vo_agam_output/AV0234-C.vcf.gz,Caputo2024 Communications Biology Supplementary Data 1 (Ag1000G Ag3.0 West Africa; semicolon-row first-field specimen ID + explicit population-code extraction)
AV0235-CW,Ag3.0-WestAfrica-Caputo2024,Guinea,,,,,,,gambiae,GNgam,https://cog.sanger.ac.uk/vo_agam_output/AV0235-CW.vcf.gz,Caputo2024 Communications Biology Supplementary Data 1 (Ag1000G Ag3.0 West Africa; semicolon-row first-field specimen ID + explicit population-code extraction)
AV0341-C,Ag3.0-WestAfrica-Caputo2024,Guinea,,,,,,,gambiae,GNgam,https://cog.sanger.ac.uk/vo_agam_output/AV0341-C.vcf.gz,Caputo2024 Communications Biology Supplementary Data 1 (Ag1000G Ag3.0 West Africa; semicolon-row first-field specimen ID + explicit population-code extraction)
AV0352-C,Ag3.0-WestAfrica-Caputo2024,Guinea,,,,,,,gambiae,GNgam,https://cog.sanger.ac.uk/vo_agam_output/AV0352-C.vcf.gz,Caputo2024 Communications Biology Supplementary Data 1 (Ag1000G Ag3.0 West Africa; semicolon-row first-field specimen ID + explicit population-code extraction)
AV0353-C,Ag3.0-WestAfrica-Caputo2024,Guinea,,,,,,,gambiae,GNgam,https://cog.sanger.ac.uk/vo_agam_output/AV0353-C.vcf.gz,Caputo2024 Communications Biology Supplementary Data 1 (Ag1000G Ag3.0 West Africa; semicolon-row first-field specimen ID + explicit population-code extraction)
AV0364-C,Ag3.0-WestAfrica-Caputo2024,Guinea,,,,,,,gambiae,GNgam,https://cog.sanger.ac.uk/vo_agam_output/AV0364-C.vcf.gz,Caputo2024 Communications Biology Supplementary Data 1 (Ag1000G Ag3.0 West Africa; semicolon-row first-field specimen ID + explicit population-code extraction)
AJ0120-C,Ag3.0-WestAfrica-Caputo2024,Guinea-Bissau,,,,,,,gambiae,GWgam,https://cog.sanger.ac.uk/vo_agam_output/AJ0120-C.vcf.gz,Caputo2024 Communications Biology Supplementary Data 1 (Ag1000G Ag3.0 West Africa; semicolon-row first-field specimen ID + explicit population-code extraction)
AJ0121-C,Ag3.0-WestAfrica-Caputo2024,Guinea-Bissau,,,,,,,gambiae,GWgam,https://cog.sanger.ac.uk/vo_agam_output/AJ0121-C.vcf.gz,Caputo2024 Communications Biology Supplementary Data 1 (Ag1000G Ag3.0 West Africa; semicolon-row first-field specimen ID + explicit population-code extraction)
AJ0122-C,Ag3.0-WestAfrica-Caputo2024,Guinea-Bissau,,,,,,,gambiae,GWgam,https://cog.sanger.ac.uk/vo_agam_output/AJ0122-C.vcf.gz,Caputo2024 Communications Biology Supplementary Data 1 (Ag1000G Ag3.0 West Africa; semicolon-row first-field specimen ID + explicit population-code extraction)
AJ0123-C,Ag3.0-WestAfrica-Caputo2024,Guinea-Bissau,,,,,,,gambiae,GWgam,https://cog.sanger.ac.uk/vo_agam_output/AJ0123-C.vcf.gz,Caputo2024 Communications Biology Supplementary Data 1 (Ag1000G Ag3.0 West Africa; semicolon-row first-field specimen ID + explicit population-code extraction)
AJ0124-C,Ag3.0-WestAfrica-Caputo2024,Guinea-Bissau,,,,,,,gambiae,GWgam,https://cog.sanger.ac.uk/vo_agam_output/AJ0124-C.vcf.gz,Caputo2024 Communications Biology Supplementary Data 1 (Ag1000G Ag3.0 West Africa; semicolon-row first-field specimen ID + explicit population-code extraction)
AJ0125-C,Ag3.0-WestAfrica-Caputo2024,Guinea-Bissau,,,,,,,gambiae,GWgam,https://cog.sanger.ac.uk/vo_agam_output/AJ0125-C.vcf.gz,Caputo2024 Communications Biology Supplementary Data 1 (Ag1000G Ag3.0 West Africa; semicolon-row first-field specimen ID + explicit population-code extraction)
AJ0126-C,Ag3.0-WestAfrica-Caputo2024,Guinea-Bissau,,,,,,,gambiae,GWgam,https://cog.sanger.ac.uk/vo_agam_output/AJ0126-C.vcf.gz,Caputo2024 Communications Biology Supplementary Data 1 (Ag1000G Ag3.0 West Africa; semicolon-row first-field specimen ID + explicit population-code extraction)
AJ0127-C,Ag3.0-WestAfrica-Caputo2024,Guinea-Bissau,,,,,,,gambiae,GWgam,https://cog.sanger.ac.uk/vo_agam_output/AJ0127-C.vcf.gz,Caputo2024 Communications Biology Supplementary Data 1 (Ag1000G Ag3.0 West Africa; semicolon-row first-field specimen ID + explicit population-code extraction)
AV0263-C,Ag3.0-WestAfrica-Caputo2024,Mali,,,,,,,gambiae,MAgam,https://cog.sanger.ac.uk/vo_agam_output/AV0263-C.vcf.gz,Caputo2024 Communications Biology Supplementary Data 1 (Ag1000G Ag3.0 West Africa; semicolon-row first-field specimen ID + explicit population-code extraction)
AV0277-C,Ag3.0-WestAfrica-Caputo2024,Mali,,,,,,,gambiae,MAgam,https://cog.sanger.ac.uk/vo_agam_output/AV0277-C.vcf.gz,Caputo2024 Communications Biology Supplementary Data 1 (Ag1000G Ag3.0 West Africa; semicolon-row first-field specimen ID + explicit population-code extraction)
AV0287-C,Ag3.0-WestAfrica-Caputo2024,Mali,,,,,,,gambiae,MAgam,https://cog.sanger.ac.uk/vo_agam_output/AV0287-C.vcf.gz,Caputo2024 Communications Biology Supplementary Data 1 (Ag1000G Ag3.0 West Africa; semicolon-row first-field specimen ID + explicit population-code extraction)
AV0314-C,Ag3.0-WestAfrica-Caputo2024,Mali,,,,,,,gambiae,MAgam,https://cog.sanger.ac.uk/vo_agam_output/AV0314-C.vcf.gz,Caputo2024 Communications Biology Supplementary Data 1 (Ag1000G Ag3.0 West Africa; semicolon-row first-field specimen ID + explicit population-code extraction)
AV0325-C,Ag3.0-WestAfrica-Caputo2024,Mali,,,,,,,gambiae,MAgam,https://cog.sanger.ac.uk/vo_agam_output/AV0325-C.vcf.gz,Caputo2024 Communications Biology Supplementary Data 1 (Ag1000G Ag3.0 West Africa; semicolon-row first-field specimen ID + explicit population-code extraction)
AV0330-C,Ag3.0-WestAfrica-Caputo2024,Mali,,,,,,,gambiae,MAgam,https://cog.sanger.ac.uk/vo_agam_output/AV0330-C.vcf.gz,Caputo2024 Communications Biology Supplementary Data 1 (Ag1000G Ag3.0 West Africa; semicolon-row first-field specimen ID + explicit population-code extraction)
AV0332-C,Ag3.0-WestAfrica-Caputo2024,Mali,,,,,,,gambiae,MAgam,https://cog.sanger.ac.uk/vo_agam_output/AV0332-C.vcf.gz,Caputo2024 Communications Biology Supplementary Data 1 (Ag1000G Ag3.0 West Africa; semicolon-row first-field specimen ID + explicit population-code extraction)
AV0333-C,Ag3.0-WestAfrica-Caputo2024,Mali,,,,,,,gambiae,MAgam,https://cog.sanger.ac.uk/vo_agam_output/AV0333-C.vcf.gz,Caputo2024 Communications Biology Supplementary Data 1 (Ag1000G Ag3.0 West Africa; semicolon-row first-field specimen ID + explicit population-code extraction)
AV0334-C,Ag3.0-WestAfrica-Caputo2024,Mali,,,,,,,gambiae,MAgam,https://cog.sanger.ac.uk/vo_agam_output/AV0334-C.vcf.gz,Caputo2024 Communications Biology Supplementary Data 1 (Ag1000G Ag3.0 West Africa; semicolon-row first-field specimen ID + explicit population-code extraction)
AV0335-C,Ag3.0-WestAfrica-Caputo2024,Mali,,,,,,,gambiae,MAgam,https://cog.sanger.ac.uk/vo_agam_output/AV0335-C.vcf.gz,Caputo2024 Communications Biology Supplementary Data 1 (Ag1000G Ag3.0 West Africa; semicolon-row first-field specimen ID + explicit population-code extraction)
AV0336-C,Ag3.0-WestAfrica-Caputo2024,Mali,,,,,,,gambiae,MAgam,https://cog.sanger.ac.uk/vo_agam_output/AV0336-C.vcf.gz,Caputo2024 Communications Biology Supplementary Data 1 (Ag1000G Ag3.0 West Africa; semicolon-row first-field specimen ID + explicit population-code extraction)
AV0337-C,Ag3.0-WestAfrica-Caputo2024,Mali,,,,,,,gambiae,MAgam,https://cog.sanger.ac.uk/vo_agam_output/AV0337-C.vcf.gz,Caputo2024 Communications Biology Supplementary Data 1 (Ag1000G Ag3.0 West Africa; semicolon-row first-field specimen ID + explicit population-code extraction)
AV0338-C,Ag3.0-WestAfrica-Caputo2024,Mali,,,,,,,gambiae,MAgam,https://cog.sanger.ac.uk/vo_agam_output/AV0338-C.vcf.gz,Caputo2024 Communications Biology Supplementary Data 1 (Ag1000G Ag3.0 West Africa; semicolon-row first-field specimen ID + explicit population-code extraction)
AV0342-C,Ag3.0-WestAfrica-Caputo2024,Mali,,,,,,,gambiae,MAgam,https://cog.sanger.ac.uk/vo_agam_output/AV0342-C.vcf.gz,Caputo2024 Communications Biology Supplementary Data 1 (Ag1000G Ag3.0 West Africa; semicolon-row first-field specimen ID + explicit population-code extraction)
AV0344-C,Ag3.0-WestAfrica-Caputo2024,Mali,,,,,,,gambiae,MAgam,https://cog.sanger.ac.uk/vo_agam_output/AV0344-C.vcf.gz,Caputo2024 Communications Biology Supplementary Data 1 (Ag1000G Ag3.0 West Africa; semicolon-row first-field specimen ID + explicit population-code extraction)
AV0346-C,Ag3.0-WestAfrica-Caputo2024,Mali,,,,,,,gambiae,MAgam,https://cog.sanger.ac.uk/vo_agam_output/AV0346-C.vcf.gz,Caputo2024 Communications Biology Supplementary Data 1 (Ag1000G Ag3.0 West Africa; semicolon-row first-field specimen ID + explicit population-code extraction)
AV0347-C,Ag3.0-WestAfrica-Caputo2024,Mali,,,,,,,gambiae,MAgam,https://cog.sanger.ac.uk/vo_agam_output/AV0347-C.vcf.gz,Caputo2024 Communications Biology Supplementary Data 1 (Ag1000G Ag3.0 West Africa; semicolon-row first-field specimen ID + explicit population-code extraction)
AV0349-C,Ag3.0-WestAfrica-Caputo2024,Mali,,,,,,,gambiae,MAgam,https://cog.sanger.ac.uk/vo_agam_output/AV0349-C.vcf.gz,Caputo2024 Communications Biology Supplementary Data 1 (Ag1000G Ag3.0 West Africa; semicolon-row first-field specimen ID + explicit population-code extraction)
AV0350-C,Ag3.0-WestAfrica-Caputo2024,Mali,,,,,,,gambiae,MAgam,https://cog.sanger.ac.uk/vo_agam_output/AV0350-C.vcf.gz,Caputo2024 Communications Biology Supplementary Data 1 (Ag1000G Ag3.0 West Africa; semicolon-row first-field specimen ID + explicit population-code extraction)
AV0351-C,Ag3.0-WestAfrica-Caputo2024,Mali,,,,,,,gambiae,MAgam,https://cog.sanger.ac.uk/vo_agam_output/AV0351-C.vcf.gz,Caputo2024 Communications Biology Supplementary Data 1 (Ag1000G Ag3.0 West Africa; semicolon-row first-field specimen ID + explicit population-code extraction)
AV0354-C,Ag3.0-WestAfrica-Caputo2024,Mali,,,,,,,gambiae,MAgam,https://cog.sanger.ac.uk/vo_agam_output/AV0354-C.vcf.gz,Caputo2024 Communications Biology Supplementary Data 1 (Ag1000G Ag3.0 West Africa; semicolon-row first-field specimen ID + explicit population-code extraction)
AV0356-C,Ag3.0-WestAfrica-Caputo2024,Mali,,,,,,,gambiae,MAgam,https://cog.sanger.ac.uk/vo_agam_output/AV0356-C.vcf.gz,Caputo2024 Communications Biology Supplementary Data 1 (Ag1000G Ag3.0 West Africa; semicolon-row first-field specimen ID + explicit population-code extraction)
AV0358-C,Ag3.0-WestAfrica-Caputo2024,Mali,,,,,,,gambiae,MAgam,https://cog.sanger.ac.uk/vo_agam_output/AV0358-C.vcf.gz,Caputo2024 Communications Biology Supplementary Data 1 (Ag1000G Ag3.0 West Africa; semicolon-row first-field specimen ID + explicit population-code extraction)
AV0359-C,Ag3.0-WestAfrica-Caputo2024,Mali,,,,,,,gambiae,MAgam,https://cog.sanger.ac.uk/vo_agam_output/AV0359-C.vcf.gz,Caputo2024 Communications Biology Supplementary Data 1 (Ag1000G Ag3.0 West Africa; semicolon-row first-field specimen ID + explicit population-code extraction)
AV0360-C,Ag3.0-WestAfrica-Caputo2024,Mali,,,,,,,gambiae,MAgam,https://cog.sanger.ac.uk/vo_agam_output/AV0360-C.vcf.gz,Caputo2024 Communications Biology Supplementary Data 1 (Ag1000G Ag3.0 West Africa; semicolon-row first-field specimen ID + explicit population-code extraction)
AV0361-C,Ag3.0-WestAfrica-Caputo2024,Mali,,,,,,,gambiae,MAgam,https://cog.sanger.ac.uk/vo_agam_output/AV0361-C.vcf.gz,Caputo2024 Communications Biology Supplementary Data 1 (Ag1000G Ag3.0 West Africa; semicolon-row first-field specimen ID + explicit population-code extraction)
AV0362-C,Ag3.0-WestAfrica-Caputo2024,Mali,,,,,,,gambiae,MAgam,https://cog.sanger.ac.uk/vo_agam_output/AV0362-C.vcf.gz,Caputo2024 Communications Biology Supplementary Data 1 (Ag1000G Ag3.0 West Africa; semicolon-row first-field specimen ID + explicit population-code extraction)
AV0363-C,Ag3.0-WestAfrica-Caputo2024,Mali,,,,,,,gambiae,MAgam,https://cog.sanger.ac.uk/vo_agam_output/AV0363-C.vcf.gz,Caputo2024 Communications Biology Supplementary Data 1 (Ag1000G Ag3.0 West Africa; semicolon-row first-field specimen ID + explicit population-code extraction)
AV0367-C,Ag3.0-WestAfrica-Caputo2024,Mali,,,,,,,gambiae,MAgam,https://cog.sanger.ac.uk/vo_agam_output/AV0367-C.vcf.gz,Caputo2024 Communications Biology Supplementary Data 1 (Ag1000G Ag3.0 West Africa; semicolon-row first-field specimen ID + explicit population-code extraction)
AV0368-C,Ag3.0-WestAfrica-Caputo2024,Mali,,,,,,,gambiae,MAgam,https://cog.sanger.ac.uk/vo_agam_output/AV0368-C.vcf.gz,Caputo2024 Communications Biology Supplementary Data 1 (Ag1000G Ag3.0 West Africa; semicolon-row first-field specimen ID + explicit population-code extraction)
AV0371-C,Ag3.0-WestAfrica-Caputo2024,Mali,,,,,,,gambiae,MAgam,https://cog.sanger.ac.uk/vo_agam_output/AV0371-C.vcf.gz,Caputo2024 Communications Biology Supplementary Data 1 (Ag1000G Ag3.0 West Africa; semicolon-row first-field specimen ID + explicit population-code extraction)
AV0372-C,Ag3.0-WestAfrica-Caputo2024,Mali,,,,,,,gambiae,MAgam,https://cog.sanger.ac.uk/vo_agam_output/AV0372-C.vcf.gz,Caputo2024 Communications Biology Supplementary Data 1 (Ag1000G Ag3.0 West Africa; semicolon-row first-field specimen ID + explicit population-code extraction)
AV0373-C,Ag3.0-WestAfrica-Caputo2024,Mali,,,,,,,gambiae,MAgam,https://cog.sanger.ac.uk/vo_agam_output/AV0373-C.vcf.gz,Caputo2024 Communications Biology Supplementary Data 1 (Ag1000G Ag3.0 West Africa; semicolon-row first-field specimen ID + explicit population-code extraction)
AV0375-C,Ag3.0-WestAfrica-Caputo2024,Mali,,,,,,,gambiae,MAgam,https://cog.sanger.ac.uk/vo_agam_output/AV0375-C.vcf.gz,Caputo2024 Communications Biology Supplementary Data 1 (Ag1000G Ag3.0 West Africa; semicolon-row first-field specimen ID + explicit population-code extraction)
AV0376-C,Ag3.0-WestAfrica-Caputo2024,Mali,,,,,,,gambiae,MAgam,https://cog.sanger.ac.uk/vo_agam_output/AV0376-C.vcf.gz,Caputo2024 Communications Biology Supplementary Data 1 (Ag1000G Ag3.0 West Africa; semicolon-row first-field specimen ID + explicit population-code extraction)
AV0377-C,Ag3.0-WestAfrica-Caputo2024,Mali,,,,,,,gambiae,MAgam,https://cog.sanger.ac.uk/vo_agam_output/AV0377-C.vcf.gz,Caputo2024 Communications Biology Supplementary Data 1 (Ag1000G Ag3.0 West Africa; semicolon-row first-field specimen ID + explicit population-code extraction)
AV0378-C,Ag3.0-WestAfrica-Caputo2024,Mali,,,,,,,gambiae,MAgam,https://cog.sanger.ac.uk/vo_agam_output/AV0378-C.vcf.gz,Caputo2024 Communications Biology Supplementary Data 1 (Ag1000G Ag3.0 West Africa; semicolon-row first-field specimen ID + explicit population-code extraction)
AV0380-C,Ag3.0-WestAfrica-Caputo2024,Mali,,,,,,,gambiae,MAgam,https://cog.sanger.ac.uk/vo_agam_output/AV0380-C.vcf.gz,Caputo2024 Communications Biology Supplementary Data 1 (Ag1000G Ag3.0 West Africa; semicolon-row first-field specimen ID + explicit population-code extraction)
AV0381-C,Ag3.0-WestAfrica-Caputo2024,Mali,,,,,,,gambiae,MAgam,https://cog.sanger.ac.uk/vo_agam_output/AV0381-C.vcf.gz,Caputo2024 Communications Biology Supplementary Data 1 (Ag1000G Ag3.0 West Africa; semicolon-row first-field specimen ID + explicit population-code extraction)
AV0382-C,Ag3.0-WestAfrica-Caputo2024,Mali,,,,,,,gambiae,MAgam,https://cog.sanger.ac.uk/vo_agam_output/AV0382-C.vcf.gz,Caputo2024 Communications Biology Supplementary Data 1 (Ag1000G Ag3.0 West Africa; semicolon-row first-field specimen ID + explicit population-code extraction)
AV0383-C,Ag3.0-WestAfrica-Caputo2024,Mali,,,,,,,gambiae,MAgam,https://cog.sanger.ac.uk/vo_agam_output/AV0383-C.vcf.gz,Caputo2024 Communications Biology Supplementary Data 1 (Ag1000G Ag3.0 West Africa; semicolon-row first-field specimen ID + explicit population-code extraction)
AV0384-C,Ag3.0-WestAfrica-Caputo2024,Mali,,,,,,,gambiae,MAgam,https://cog.sanger.ac.uk/vo_agam_output/AV0384-C.vcf.gz,Caputo2024 Communications Biology Supplementary Data 1 (Ag1000G Ag3.0 West Africa; semicolon-row first-field specimen ID + explicit population-code extraction)
AV0386-C,Ag3.0-WestAfrica-Caputo2024,Mali,,,,,,,gambiae,MAgam,https://cog.sanger.ac.uk/vo_agam_output/AV0386-C.vcf.gz,Caputo2024 Communications Biology Supplementary Data 1 (Ag1000G Ag3.0 West Africa; semicolon-row first-field specimen ID + explicit population-code extraction)
AV0387-C,Ag3.0-WestAfrica-Caputo2024,Mali,,,,,,,gambiae,MAgam,https://cog.sanger.ac.uk/vo_agam_output/AV0387-C.vcf.gz,Caputo2024 Communications Biology Supplementary Data 1 (Ag1000G Ag3.0 West Africa; semicolon-row first-field specimen ID + explicit population-code extraction)
AV0389-C,Ag3.0-WestAfrica-Caputo2024,Mali,,,,,,,gambiae,MAgam,https://cog.sanger.ac.uk/vo_agam_output/AV0389-C.vcf.gz,Caputo2024 Communications Biology Supplementary Data 1 (Ag1000G Ag3.0 West Africa; semicolon-row first-field specimen ID + explicit population-code extraction)
AV0390-C,Ag3.0-WestAfrica-Caputo2024,Mali,,,,,,,gambiae,MAgam,https://cog.sanger.ac.uk/vo_agam_output/AV0390-C.vcf.gz,Caputo2024 Communications Biology Supplementary Data 1 (Ag1000G Ag3.0 West Africa; semicolon-row first-field specimen ID + explicit population-code extraction)
AV0391-C,Ag3.0-WestAfrica-Caputo2024,Mali,,,,,,,gambiae,MAgam,https://cog.sanger.ac.uk/vo_agam_output/AV0391-C.vcf.gz,Caputo2024 Communications Biology Supplementary Data 1 (Ag1000G Ag3.0 West Africa; semicolon-row first-field specimen ID + explicit population-code extraction)
AV0392-C,Ag3.0-WestAfrica-Caputo2024,Mali,,,,,,,gambiae,MAgam,https://cog.sanger.ac.uk/vo_agam_output/AV0392-C.vcf.gz,Caputo2024 Communications Biology Supplementary Data 1 (Ag1000G Ag3.0 West Africa; semicolon-row first-field specimen ID + explicit population-code extraction)
AV0393-C,Ag3.0-WestAfrica-Caputo2024,Mali,,,,,,,gambiae,MAgam,https://cog.sanger.ac.uk/vo_agam_output/AV0393-C.vcf.gz,Caputo2024 Communications Biology Supplementary Data 1 (Ag1000G Ag3.0 West Africa; semicolon-row first-field specimen ID + explicit population-code extraction)
AV0394-C,Ag3.0-WestAfrica-Caputo2024,Mali,,,,,,,gambiae,MAgam,https://cog.sanger.ac.uk/vo_agam_output/AV0394-C.vcf.gz,Caputo2024 Communications Biology Supplementary Data 1 (Ag1000G Ag3.0 West Africa; semicolon-row first-field specimen ID + explicit population-code extraction)
AV0396-C,Ag3.0-WestAfrica-Caputo2024,Mali,,,,,,,gambiae,MAgam,https://cog.sanger.ac.uk/vo_agam_output/AV0396-C.vcf.gz,Caputo2024 Communications Biology Supplementary Data 1 (Ag1000G Ag3.0 West Africa; semicolon-row first-field specimen ID + explicit population-code extraction)
AV0400-C,Ag3.0-WestAfrica-Caputo2024,Mali,,,,,,,gambiae,MAgam,https://cog.sanger.ac.uk/vo_agam_output/AV0400-C.vcf.gz,Caputo2024 Communications Biology Supplementary Data 1 (Ag1000G Ag3.0 West Africa; semicolon-row first-field specimen ID + explicit population-code extraction)
AV0401-C,Ag3.0-WestAfrica-Caputo2024,Mali,,,,,,,gambiae,MAgam,https://cog.sanger.ac.uk/vo_agam_output/AV0401-C.vcf.gz,Caputo2024 Communications Biology Supplementary Data 1 (Ag1000G Ag3.0 West Africa; semicolon-row first-field specimen ID + explicit population-code extraction)
AV0402-C,Ag3.0-WestAfrica-Caputo2024,Mali,,,,,,,gambiae,MAgam,https://cog.sanger.ac.uk/vo_agam_output/AV0402-C.vcf.gz,Caputo2024 Communications Biology Supplementary Data 1 (Ag1000G Ag3.0 West Africa; semicolon-row first-field specimen ID + explicit population-code extraction)
AV0403-C,Ag3.0-WestAfrica-Caputo2024,Mali,,,,,,,gambiae,MAgam,https://cog.sanger.ac.uk/vo_agam_output/AV0403-C.vcf.gz,Caputo2024 Communications Biology Supplementary Data 1 (Ag1000G Ag3.0 West Africa; semicolon-row first-field specimen ID + explicit population-code extraction)
AV0404-C,Ag3.0-WestAfrica-Caputo2024,Mali,,,,,,,gambiae,MAgam,https://cog.sanger.ac.uk/vo_agam_output/AV0404-C.vcf.gz,Caputo2024 Communications Biology Supplementary Data 1 (Ag1000G Ag3.0 West Africa; semicolon-row first-field specimen ID + explicit population-code extraction)
AV0405-C,Ag3.0-WestAfrica-Caputo2024,Mali,,,,,,,gambiae,MAgam,https://cog.sanger.ac.uk/vo_agam_output/AV0405-C.vcf.gz,Caputo2024 Communications Biology Supplementary Data 1 (Ag1000G Ag3.0 West Africa; semicolon-row first-field specimen ID + explicit population-code extraction)
AV0406-C,Ag3.0-WestAfrica-Caputo2024,Mali,,,,,,,gambiae,MAgam,https://cog.sanger.ac.uk/vo_agam_output/AV0406-C.vcf.gz,Caputo2024 Communications Biology Supplementary Data 1 (Ag1000G Ag3.0 West Africa; semicolon-row first-field specimen ID + explicit population-code extraction)
AV0407-C,Ag3.0-WestAfrica-Caputo2024,Mali,,,,,,,gambiae,MAgam,https://cog.sanger.ac.uk/vo_agam_output/AV0407-C.vcf.gz,Caputo2024 Communications Biology Supplementary Data 1 (Ag1000G Ag3.0 West Africa; semicolon-row first-field specimen ID + explicit population-code extraction)
AV0408-C,Ag3.0-WestAfrica-Caputo2024,Mali,,,,,,,gambiae,MAgam,https://cog.sanger.ac.uk/vo_agam_output/AV0408-C.vcf.gz,Caputo2024 Communications Biology Supplementary Data 1 (Ag1000G Ag3.0 West Africa; semicolon-row first-field specimen ID + explicit population-code extraction)
AV0409-C,Ag3.0-WestAfrica-Caputo2024,Mali,,,,,,,gambiae,MAgam,https://cog.sanger.ac.uk/vo_agam_output/AV0409-C.vcf.gz,Caputo2024 Communications Biology Supplementary Data 1 (Ag1000G Ag3.0 West Africa; semicolon-row first-field specimen ID + explicit population-code extraction)
AV0410-C,Ag3.0-WestAfrica-Caputo2024,Mali,,,,,,,gambiae,MAgam,https://cog.sanger.ac.uk/vo_agam_output/AV0410-C.vcf.gz,Caputo2024 Communications Biology Supplementary Data 1 (Ag1000G Ag3.0 West Africa; semicolon-row first-field specimen ID + explicit population-code extraction)
AV0412-C,Ag3.0-WestAfrica-Caputo2024,Mali,,,,,,,gambiae,MAgam,https://cog.sanger.ac.uk/vo_agam_output/AV0412-C.vcf.gz,Caputo2024 Communications Biology Supplementary Data 1 (Ag1000G Ag3.0 West Africa; semicolon-row first-field specimen ID + explicit population-code extraction)
AV0414-C,Ag3.0-WestAfrica-Caputo2024,Mali,,,,,,,gambiae,MAgam,https://cog.sanger.ac.uk/vo_agam_output/AV0414-C.vcf.gz,Caputo2024 Communications Biology Supplementary Data 1 (Ag1000G Ag3.0 West Africa; semicolon-row first-field specimen ID + explicit population-code extraction)
AV0415-C,Ag3.0-WestAfrica-Caputo2024,Mali,,,,,,,gambiae,MAgam,https://cog.sanger.ac.uk/vo_agam_output/AV0415-C.vcf.gz,Caputo2024 Communications Biology Supplementary Data 1 (Ag1000G Ag3.0 West Africa; semicolon-row first-field specimen ID + explicit population-code extraction)
AZ0253-C,Ag3.0-WestAfrica-Caputo2024,Mali,,,,,,,gambiae,MAgam,https://cog.sanger.ac.uk/vo_agam_output/AZ0253-C.vcf.gz,Caputo2024 Communications Biology Supplementary Data 1 (Ag1000G Ag3.0 West Africa; semicolon-row first-field specimen ID + explicit population-code extraction)
AZ0254-C,Ag3.0-WestAfrica-Caputo2024,Mali,,,,,,,gambiae,MAgam,https://cog.sanger.ac.uk/vo_agam_output/AZ0254-C.vcf.gz,Caputo2024 Communications Biology Supplementary Data 1 (Ag1000G Ag3.0 West Africa; semicolon-row first-field specimen ID + explicit population-code extraction)
AZ0255-C,Ag3.0-WestAfrica-Caputo2024,Mali,,,,,,,gambiae,MAgam,https://cog.sanger.ac.uk/vo_agam_output/AZ0255-C.vcf.gz,Caputo2024 Communications Biology Supplementary Data 1 (Ag1000G Ag3.0 West Africa; semicolon-row first-field specimen ID + explicit population-code extraction)
AZ0256-C,Ag3.0-WestAfrica-Caputo2024,Mali,,,,,,,gambiae,MAgam,https://cog.sanger.ac.uk/vo_agam_output/AZ0256-C.vcf.gz,Caputo2024 Communications Biology Supplementary Data 1 (Ag1000G Ag3.0 West Africa; semicolon-row first-field specimen ID + explicit population-code extraction)
AZ0258-C,Ag3.0-WestAfrica-Caputo2024,Mali,,,,,,,gambiae,MAgam,https://cog.sanger.ac.uk/vo_agam_output/AZ0258-C.vcf.gz,Caputo2024 Communications Biology Supplementary Data 1 (Ag1000G Ag3.0 West Africa; semicolon-row first-field specimen ID + explicit population-code extraction)
AZ0259-C,Ag3.0-WestAfrica-Caputo2024,Mali,,,,,,,gambiae,MAgam,https://cog.sanger.ac.uk/vo_agam_output/AZ0259-C.vcf.gz,Caputo2024 Communications Biology Supplementary Data 1 (Ag1000G Ag3.0 West Africa; semicolon-row first-field specimen ID + explicit population-code extraction)
AZ0260-C,Ag3.0-WestAfrica-Caputo2024,Mali,,,,,,,gambiae,MAgam,https://cog.sanger.ac.uk/vo_agam_output/AZ0260-C.vcf.gz,Caputo2024 Communications Biology Supplementary Data 1 (Ag1000G Ag3.0 West Africa; semicolon-row first-field specimen ID + explicit population-code extraction)
AZ0261-C,Ag3.0-WestAfrica-Caputo2024,Mali,,,,,,,gambiae,MAgam,https://cog.sanger.ac.uk/vo_agam_output/AZ0261-C.vcf.gz,Caputo2024 Communications Biology Supplementary Data 1 (Ag1000G Ag3.0 West Africa; semicolon-row first-field specimen ID + explicit population-code extraction)
AZ0263-C,Ag3.0-WestAfrica-Caputo2024,Mali,,,,,,,gambiae,MAgam,https://cog.sanger.ac.uk/vo_agam_output/AZ0263-C.vcf.gz,Caputo2024 Communications Biology Supplementary Data 1 (Ag1000G Ag3.0 West Africa; semicolon-row first-field specimen ID + explicit population-code extraction)
AZ0279-C,Ag3.0-WestAfrica-Caputo2024,Mali,,,,,,,gambiae,MAgam,https://cog.sanger.ac.uk/vo_agam_output/AZ0279-C.vcf.gz,Caputo2024 Communications Biology Supplementary Data 1 (Ag1000G Ag3.0 West Africa; semicolon-row first-field specimen ID + explicit population-code extraction)
AZ0283-C,Ag3.0-WestAfrica-Caputo2024,Mali,,,,,,,gambiae,MAgam,https://cog.sanger.ac.uk/vo_agam_output/AZ0283-C.vcf.gz,Caputo2024 Communications Biology Supplementary Data 1 (Ag1000G Ag3.0 West Africa; semicolon-row first-field specimen ID + explicit population-code extraction)
AZ0300-C,Ag3.0-WestAfrica-Caputo2024,Mali,,,,,,,gambiae,MAgam,https://cog.sanger.ac.uk/vo_agam_output/AZ0300-C.vcf.gz,Caputo2024 Communications Biology Supplementary Data 1 (Ag1000G Ag3.0 West Africa; semicolon-row first-field specimen ID + explicit population-code extraction)
AZ0301-C,Ag3.0-WestAfrica-Caputo2024,Mali,,,,,,,gambiae,MAgam,https://cog.sanger.ac.uk/vo_agam_output/AZ0301-C.vcf.gz,Caputo2024 Communications Biology Supplementary Data 1 (Ag1000G Ag3.0 West Africa; semicolon-row first-field specimen ID + explicit population-code extraction)
AZ0302-C,Ag3.0-WestAfrica-Caputo2024,Mali,,,,,,,gambiae,MAgam,https://cog.sanger.ac.uk/vo_agam_output/AZ0302-C.vcf.gz,Caputo2024 Communications Biology Supplementary Data 1 (Ag1000G Ag3.0 West Africa; semicolon-row first-field specimen ID + explicit population-code extraction)
AZ0304-C,Ag3.0-WestAfrica-Caputo2024,Mali,,,,,,,gambiae,MAgam,https://cog.sanger.ac.uk/vo_agam_output/AZ0304-C.vcf.gz,Caputo2024 Communications Biology Supplementary Data 1 (Ag1000G Ag3.0 West Africa; semicolon-row first-field specimen ID + explicit population-code extraction)
AZ0305-C,Ag3.0-WestAfrica-Caputo2024,Mali,,,,,,,gambiae,MAgam,https://cog.sanger.ac.uk/vo_agam_output/AZ0305-C.vcf.gz,Caputo2024 Communications Biology Supplementary Data 1 (Ag1000G Ag3.0 West Africa; semicolon-row first-field specimen ID + explicit population-code extraction)
AZ0306-C,Ag3.0-WestAfrica-Caputo2024,Mali,,,,,,,gambiae,MAgam,https://cog.sanger.ac.uk/vo_agam_output/AZ0306-C.vcf.gz,Caputo2024 Communications Biology Supplementary Data 1 (Ag1000G Ag3.0 West Africa; semicolon-row first-field specimen ID + explicit population-code extraction)
AZ0307-C,Ag3.0-WestAfrica-Caputo2024,Mali,,,,,,,gambiae,MAgam,https://cog.sanger.ac.uk/vo_agam_output/AZ0307-C.vcf.gz,Caputo2024 Communications Biology Supplementary Data 1 (Ag1000G Ag3.0 West Africa; semicolon-row first-field specimen ID + explicit population-code extraction)
AZ0308-C,Ag3.0-WestAfrica-Caputo2024,Mali,,,,,,,gambiae,MAgam,https://cog.sanger.ac.uk/vo_agam_output/AZ0308-C.vcf.gz,Caputo2024 Communications Biology Supplementary Data 1 (Ag1000G Ag3.0 West Africa; semicolon-row first-field specimen ID + explicit population-code extraction)
AZ0309-C,Ag3.0-WestAfrica-Caputo2024,Mali,,,,,,,gambiae,MAgam,https://cog.sanger.ac.uk/vo_agam_output/AZ0309-C.vcf.gz,Caputo2024 Communications Biology Supplementary Data 1 (Ag1000G Ag3.0 West Africa; semicolon-row first-field specimen ID + explicit population-code extraction)
AZ0310-C,Ag3.0-WestAfrica-Caputo2024,Mali,,,,,,,gambiae,MAgam,https://cog.sanger.ac.uk/vo_agam_output/AZ0310-C.vcf.gz,Caputo2024 Communications Biology Supplementary Data 1 (Ag1000G Ag3.0 West Africa; semicolon-row first-field specimen ID + explicit population-code extraction)
AZ0311-C,Ag3.0-WestAfrica-Caputo2024,Mali,,,,,,,gambiae,MAgam,https://cog.sanger.ac.uk/vo_agam_output/AZ0311-C.vcf.gz,Caputo2024 Communications Biology Supplementary Data 1 (Ag1000G Ag3.0 West Africa; semicolon-row first-field specimen ID + explicit population-code extraction)
AZ0312-C,Ag3.0-WestAfrica-Caputo2024,Mali,,,,,,,gambiae,MAgam,https://cog.sanger.ac.uk/vo_agam_output/AZ0312-C.vcf.gz,Caputo2024 Communications Biology Supplementary Data 1 (Ag1000G Ag3.0 West Africa; semicolon-row first-field specimen ID + explicit population-code extraction)
AZ0313-C,Ag3.0-WestAfrica-Caputo2024,Mali,,,,,,,gambiae,MAgam,https://cog.sanger.ac.uk/vo_agam_output/AZ0313-C.vcf.gz,Caputo2024 Communications Biology Supplementary Data 1 (Ag1000G Ag3.0 West Africa; semicolon-row first-field specimen ID + explicit population-code extraction)
AZ0314-C,Ag3.0-WestAfrica-Caputo2024,Mali,,,,,,,gambiae,MAgam,https://cog.sanger.ac.uk/vo_agam_output/AZ0314-C.vcf.gz,Caputo2024 Communications Biology Supplementary Data 1 (Ag1000G Ag3.0 West Africa; semicolon-row first-field specimen ID + explicit population-code extraction)
AZ0316-C,Ag3.0-WestAfrica-Caputo2024,Mali,,,,,,,gambiae,MAgam,https://cog.sanger.ac.uk/vo_agam_output/AZ0316-C.vcf.gz,Caputo2024 Communications Biology Supplementary Data 1 (Ag1000G Ag3.0 West Africa; semicolon-row first-field specimen ID + explicit population-code extraction)
AZ0317-C,Ag3.0-WestAfrica-Caputo2024,Mali,,,,,,,gambiae,MAgam,https://cog.sanger.ac.uk/vo_agam_output/AZ0317-C.vcf.gz,Caputo2024 Communications Biology Supplementary Data 1 (Ag1000G Ag3.0 West Africa; semicolon-row first-field specimen ID + explicit population-code extraction)
AZ0318-C,Ag3.0-WestAfrica-Caputo2024,Mali,,,,,,,gambiae,MAgam,https://cog.sanger.ac.uk/vo_agam_output/AZ0318-C.vcf.gz,Caputo2024 Communications Biology Supplementary Data 1 (Ag1000G Ag3.0 West Africa; semicolon-row first-field specimen ID + explicit population-code extraction)
AZ0319-C,Ag3.0-WestAfrica-Caputo2024,Mali,,,,,,,gambiae,MAgam,https://cog.sanger.ac.uk/vo_agam_output/AZ0319-C.vcf.gz,Caputo2024 Communications Biology Supplementary Data 1 (Ag1000G Ag3.0 West Africa; semicolon-row first-field specimen ID + explicit population-code extraction)
AZ0320-C,Ag3.0-WestAfrica-Caputo2024,Mali,,,,,,,gambiae,MAgam,https://cog.sanger.ac.uk/vo_agam_output/AZ0320-C.vcf.gz,Caputo2024 Communications Biology Supplementary Data 1 (Ag1000G Ag3.0 West Africa; semicolon-row first-field specimen ID + explicit population-code extraction)
AZ0321-C,Ag3.0-WestAfrica-Caputo2024,Mali,,,,,,,gambiae,MAgam,https://cog.sanger.ac.uk/vo_agam_output/AZ0321-C.vcf.gz,Caputo2024 Communications Biology Supplementary Data 1 (Ag1000G Ag3.0 West Africa; semicolon-row first-field specimen ID + explicit population-code extraction)
AZ0322-C,Ag3.0-WestAfrica-Caputo2024,Mali,,,,,,,gambiae,MAgam,https://cog.sanger.ac.uk/vo_agam_output/AZ0322-C.vcf.gz,Caputo2024 Communications Biology Supplementary Data 1 (Ag1000G Ag3.0 West Africa; semicolon-row first-field specimen ID + explicit population-code extraction)
AZ0323-C,Ag3.0-WestAfrica-Caputo2024,Mali,,,,,,,gambiae,MAgam,https://cog.sanger.ac.uk/vo_agam_output/AZ0323-C.vcf.gz,Caputo2024 Communications Biology Supplementary Data 1 (Ag1000G Ag3.0 West Africa; semicolon-row first-field specimen ID + explicit population-code extraction)
AZ0325-C,Ag3.0-WestAfrica-Caputo2024,Mali,,,,,,,gambiae,MAgam,https://cog.sanger.ac.uk/vo_agam_output/AZ0325-C.vcf.gz,Caputo2024 Communications Biology Supplementary Data 1 (Ag1000G Ag3.0 West Africa; semicolon-row first-field specimen ID + explicit population-code extraction)
AZ0326-C,Ag3.0-WestAfrica-Caputo2024,Mali,,,,,,,gambiae,MAgam,https://cog.sanger.ac.uk/vo_agam_output/AZ0326-C.vcf.gz,Caputo2024 Communications Biology Supplementary Data 1 (Ag1000G Ag3.0 West Africa; semicolon-row first-field specimen ID + explicit population-code extraction)
AZ0328-C,Ag3.0-WestAfrica-Caputo2024,Mali,,,,,,,gambiae,MAgam,https://cog.sanger.ac.uk/vo_agam_output/AZ0328-C.vcf.gz,Caputo2024 Communications Biology Supplementary Data 1 (Ag1000G Ag3.0 West Africa; semicolon-row first-field specimen ID + explicit population-code extraction)
AZ0329-C,Ag3.0-WestAfrica-Caputo2024,Mali,,,,,,,gambiae,MAgam,https://cog.sanger.ac.uk/vo_agam_output/AZ0329-C.vcf.gz,Caputo2024 Communications Biology Supplementary Data 1 (Ag1000G Ag3.0 West Africa; semicolon-row first-field specimen ID + explicit population-code extraction)
AZ0330-C,Ag3.0-WestAfrica-Caputo2024,Mali,,,,,,,gambiae,MAgam,https://cog.sanger.ac.uk/vo_agam_output/AZ0330-C.vcf.gz,Caputo2024 Communications Biology Supplementary Data 1 (Ag1000G Ag3.0 West Africa; semicolon-row first-field specimen ID + explicit population-code extraction)
AZ0331-C,Ag3.0-WestAfrica-Caputo2024,Mali,,,,,,,gambiae,MAgam,https://cog.sanger.ac.uk/vo_agam_output/AZ0331-C.vcf.gz,Caputo2024 Communications Biology Supplementary Data 1 (Ag1000G Ag3.0 West Africa; semicolon-row first-field specimen ID + explicit population-code extraction)
VBS02077-4431STDY6772805,Ag3.0-WestAfrica-Caputo2024,Mali,,,,,,,gambiae,MAgam,https://cog.sanger.ac.uk/vo_agam_output/VBS02077-4431STDY6772805.vcf.gz,Caputo2024 Communications Biology Supplementary Data 1 (Ag1000G Ag3.0 West Africa; semicolon-row first-field specimen ID + explicit population-code extraction)
VBS02083-4431STDY6772806,Ag3.0-WestAfrica-Caputo2024,Mali,,,,,,,gambiae,MAgam,https://cog.sanger.ac.uk/vo_agam_output/VBS02083-4431STDY6772806.vcf.gz,Caputo2024 Communications Biology Supplementary Data 1 (Ag1000G Ag3.0 West Africa; semicolon-row first-field specimen ID + explicit population-code extraction)
VBS02088-4431STDY6772808,Ag3.0-WestAfrica-Caputo2024,Mali,,,,,,,gambiae,MAgam,https://cog.sanger.ac.uk/vo_agam_output/VBS02088-4431STDY6772808.vcf.gz,Caputo2024 Communications Biology Supplementary Data 1 (Ag1000G Ag3.0 West Africa; semicolon-row first-field specimen ID + explicit population-code extraction)
VBS02090-4431STDY6772809,Ag3.0-WestAfrica-Caputo2024,Mali,,,,,,,gambiae,MAgam,https://cog.sanger.ac.uk/vo_agam_output/VBS02090-4431STDY6772809.vcf.gz,Caputo2024 Communications Biology Supplementary Data 1 (Ag1000G Ag3.0 West Africa; semicolon-row first-field specimen ID + explicit population-code extraction)
VBS02093-4431STDY6772811,Ag3.0-WestAfrica-Caputo2024,Mali,,,,,,,gambiae,MAgam,https://cog.sanger.ac.uk/vo_agam_output/VBS02093-4431STDY6772811.vcf.gz,Caputo2024 Communications Biology Supplementary Data 1 (Ag1000G Ag3.0 West Africa; semicolon-row first-field specimen ID + explicit population-code extraction)
VBS02094-4431STDY6772812,Ag3.0-WestAfrica-Caputo2024,Mali,,,,,,,gambiae,MAgam,https://cog.sanger.ac.uk/vo_agam_output/VBS02094-4431STDY6772812.vcf.gz,Caputo2024 Communications Biology Supplementary Data 1 (Ag1000G Ag3.0 West Africa; semicolon-row first-field specimen ID + explicit population-code extraction)
VBS02095-4431STDY6772813,Ag3.0-WestAfrica-Caputo2024,Mali,,,,,,,gambiae,MAgam,https://cog.sanger.ac.uk/vo_agam_output/VBS02095-4431STDY6772813.vcf.gz,Caputo2024 Communications Biology Supplementary Data 1 (Ag1000G Ag3.0 West Africa; semicolon-row first-field specimen ID + explicit population-code extraction)
VBS02097-4431STDY6772815,Ag3.0-WestAfrica-Caputo2024,Mali,,,,,,,gambiae,MAgam,https://cog.sanger.ac.uk/vo_agam_output/VBS02097-4431STDY6772815.vcf.gz,Caputo2024 Communications Biology Supplementary Data 1 (Ag1000G Ag3.0 West Africa; semicolon-row first-field specimen ID + explicit population-code extraction)
VBS02101-4431STDY6772818,Ag3.0-WestAfrica-Caputo2024,Mali,,,,,,,gambiae,MAgam,https://cog.sanger.ac.uk/vo_agam_output/VBS02101-4431STDY6772818.vcf.gz,Caputo2024 Communications Biology Supplementary Data 1 (Ag1000G Ag3.0 West Africa; semicolon-row first-field specimen ID + explicit population-code extraction)
VBS02103-4431STDY6772819,Ag3.0-WestAfrica-Caputo2024,Mali,,,,,,,gambiae,MAgam,https://cog.sanger.ac.uk/vo_agam_output/VBS02103-4431STDY6772819.vcf.gz,Caputo2024 Communications Biology Supplementary Data 1 (Ag1000G Ag3.0 West Africa; semicolon-row first-field specimen ID + explicit population-code extraction)
VBS02104-4431STDY6772820,Ag3.0-WestAfrica-Caputo2024,Mali,,,,,,,gambiae,MAgam,https://cog.sanger.ac.uk/vo_agam_output/VBS02104-4431STDY6772820.vcf.gz,Caputo2024 Communications Biology Supplementary Data 1 (Ag1000G Ag3.0 West Africa; semicolon-row first-field specimen ID + explicit population-code extraction)
VBS02106-4431STDY6772821,Ag3.0-WestAfrica-Caputo2024,Mali,,,,,,,gambiae,MAgam,https://cog.sanger.ac.uk/vo_agam_output/VBS02106-4431STDY6772821.vcf.gz,Caputo2024 Communications Biology Supplementary Data 1 (Ag1000G Ag3.0 West Africa; semicolon-row first-field specimen ID + explicit population-code extraction)
VBS02107-4431STDY6772822,Ag3.0-WestAfrica-Caputo2024,Mali,,,,,,,gambiae,MAgam,https://cog.sanger.ac.uk/vo_agam_output/VBS02107-4431STDY6772822.vcf.gz,Caputo2024 Communications Biology Supplementary Data 1 (Ag1000G Ag3.0 West Africa; semicolon-row first-field specimen ID + explicit population-code extraction)
VBS02109-4431STDY6772823,Ag3.0-WestAfrica-Caputo2024,Mali,,,,,,,gambiae,MAgam,https://cog.sanger.ac.uk/vo_agam_output/VBS02109-4431STDY6772823.vcf.gz,Caputo2024 Communications Biology Supplementary Data 1 (Ag1000G Ag3.0 West Africa; semicolon-row first-field specimen ID + explicit population-code extraction)
VBS02110-4431STDY6772824,Ag3.0-WestAfrica-Caputo2024,Mali,,,,,,,gambiae,MAgam,https://cog.sanger.ac.uk/vo_agam_output/VBS02110-4431STDY6772824.vcf.gz,Caputo2024 Communications Biology Supplementary Data 1 (Ag1000G Ag3.0 West Africa; semicolon-row first-field specimen ID + explicit population-code extraction)
VBS02112-4431STDY6772826,Ag3.0-WestAfrica-Caputo2024,Mali,,,,,,,gambiae,MAgam,https://cog.sanger.ac.uk/vo_agam_output/VBS02112-4431STDY6772826.vcf.gz,Caputo2024 Communications Biology Supplementary Data 1 (Ag1000G Ag3.0 West Africa; semicolon-row first-field specimen ID + explicit population-code extraction)
VBS02119-4431STDY6772831,Ag3.0-WestAfrica-Caputo2024,Mali,,,,,,,gambiae,MAgam,https://cog.sanger.ac.uk/vo_agam_output/VBS02119-4431STDY6772831.vcf.gz,Caputo2024 Communications Biology Supplementary Data 1 (Ag1000G Ag3.0 West Africa; semicolon-row first-field specimen ID + explicit population-code extraction)
VBS02121-4431STDY6772832,Ag3.0-WestAfrica-Caputo2024,Mali,,,,,,,gambiae,MAgam,https://cog.sanger.ac.uk/vo_agam_output/VBS02121-4431STDY6772832.vcf.gz,Caputo2024 Communications Biology Supplementary Data 1 (Ag1000G Ag3.0 West Africa; semicolon-row first-field specimen ID + explicit population-code extraction)
VBS02127-4431STDY6772833,Ag3.0-WestAfrica-Caputo2024,Mali,,,,,,,gambiae,MAgam,https://cog.sanger.ac.uk/vo_agam_output/VBS02127-4431STDY6772833.vcf.gz,Caputo2024 Communications Biology Supplementary Data 1 (Ag1000G Ag3.0 West Africa; semicolon-row first-field specimen ID + explicit population-code extraction)
VBS02129-4431STDY6772835,Ag3.0-WestAfrica-Caputo2024,Mali,,,,,,,gambiae,MAgam,https://cog.sanger.ac.uk/vo_agam_output/VBS02129-4431STDY6772835.vcf.gz,Caputo2024 Communications Biology Supplementary Data 1 (Ag1000G Ag3.0 West Africa; semicolon-row first-field specimen ID + explicit population-code extraction)
VBS02130-4431STDY6772836,Ag3.0-WestAfrica-Caputo2024,Mali,,,,,,,gambiae,MAgam,https://cog.sanger.ac.uk/vo_agam_output/VBS02130-4431STDY6772836.vcf.gz,Caputo2024 Communications Biology Supplementary Data 1 (Ag1000G Ag3.0 West Africa; semicolon-row first-field specimen ID + explicit population-code extraction)
