contig,population_id,population_site_id,n_haplotypes_total,n_haplotypes_called_23bp,callable_fraction_23bp,target_23bp_exact_match_fraction,pam_intact_fraction,protospacer_exact_match_fraction,max_target_variant_alt_af,mean_target_heterozygosity_proxy,n_variable_positions,n_variant_positions_in_panel,n_samples,primary_population_n20,sensitivity_population_n10,sensitivity_population_n30
3R,AOcol,AGAP007999__SITE01,156,156,1,0.987179487179487,1,0.987179487179487,0.0128205128205128,0.0011005345453506,7,7,78,TRUE,TRUE,TRUE
3R,BFcol,AGAP007999__SITE01,150,150,1,0.993333333333333,1,0.993333333333333,0.00666666666666667,0.000575845410628019,7,7,75,TRUE,TRUE,TRUE
3R,BFgam,AGAP007999__SITE01,184,184,1,0.972826086956522,0.994565217391304,0.978260869565217,0.0108695652173913,0.0023449700008219,7,7,92,TRUE,TRUE,TRUE
3R,CMgam,AGAP007999__SITE01,594,594,1,0.973063973063973,0.998316498316498,0.974747474747475,0.0252525252525253,0.00228656545447645,7,7,297,TRUE,TRUE,TRUE
3R,CIcol,AGAP007999__SITE01,142,142,1,0.992957746478873,0.992957746478873,1,0.00704225352112676,0.000608057407519212,7,7,71,TRUE,TRUE,TRUE
3R,FRgam,AGAP007999__SITE01,48,48,1,0.729166666666667,1,0.729166666666667,0.270833333333333,0.0171724033816425,7,7,24,TRUE,TRUE,FALSE
3R,GAgam,AGAP007999__SITE01,138,138,1,0.86231884057971,1,0.86231884057971,0.13768115942029,0.0103239180661717,7,7,69,TRUE,TRUE,TRUE
3R,GHcol,AGAP007999__SITE01,110,110,1,0.963636363636364,0.981818181818182,0.981818181818182,0.0181818181818182,0.00310456342076895,7,7,55,TRUE,TRUE,TRUE
3R,GHgam,AGAP007999__SITE01,24,24,1,1,1,1,0,0,7,7,12,FALSE,TRUE,FALSE
3R,GNgam,AGAP007999__SITE01,80,80,1,0.9625,1,0.9625,0.025,0.0031929347826087,7,7,40,TRUE,TRUE,TRUE
3R,UGgam,AGAP007999__SITE01,224,224,1,0.915178571428571,1,0.915178571428571,0.0848214285714286,0.00675015250665484,7,7,112,TRUE,TRUE,TRUE
3R,AOcol,AGAP007999__SITE02,156,156,1,1,1,1,0,0,6,6,78,TRUE,TRUE,TRUE
3R,BFcol,AGAP007999__SITE02,150,150,1,0.993333333333333,1,0.993333333333333,0.00666666666666667,0.000575845410628019,6,6,75,TRUE,TRUE,TRUE
3R,BFgam,AGAP007999__SITE02,184,184,1,0.994565217391304,1,0.994565217391304,0.00543478260869565,0.000470021369277554,6,6,92,TRUE,TRUE,TRUE
3R,CMgam,AGAP007999__SITE02,594,594,1,0.986531986531987,0.998316498316498,0.988215488215488,0.00673400673400673,0.00116570970033128,6,6,297,TRUE,TRUE,TRUE
3R,CIcol,AGAP007999__SITE02,142,142,1,1,1,1,0,0,6,6,71,TRUE,TRUE,TRUE
3R,FRgam,AGAP007999__SITE02,48,48,1,1,1,1,0,0,6,6,24,TRUE,TRUE,FALSE
3R,GAgam,AGAP007999__SITE02,138,138,1,1,1,1,0,0,6,6,69,TRUE,TRUE,TRUE
3R,GHcol,AGAP007999__SITE02,110,110,1,1,1,1,0,0,6,6,55,TRUE,TRUE,TRUE
3R,GHgam,AGAP007999__SITE02,24,24,1,1,1,1,0,0,6,6,12,FALSE,TRUE,FALSE
3R,GNgam,AGAP007999__SITE02,80,80,1,1,1,1,0,0,6,6,40,TRUE,TRUE,TRUE
3R,UGgam,AGAP007999__SITE02,224,224,1,0.991071428571429,1,0.991071428571429,0.00892857142857143,0.000769465394853594,6,6,112,TRUE,TRUE,TRUE
3R,AOcol,AGAP007999__SITE03,156,156,1,1,1,1,0,0,5,5,78,TRUE,TRUE,TRUE
3R,BFcol,AGAP007999__SITE03,150,150,1,0.993333333333333,1,0.993333333333333,0.00666666666666667,0.000575845410628019,5,5,75,TRUE,TRUE,TRUE
3R,BFgam,AGAP007999__SITE03,184,184,1,0.994565217391304,1,0.994565217391304,0.00543478260869565,0.000470021369277554,5,5,92,TRUE,TRUE,TRUE
3R,CMgam,AGAP007999__SITE03,594,594,1,0.988215488215488,1,0.988215488215488,0.00673400673400673,0.00101956469984577,5,5,297,TRUE,TRUE,TRUE
3R,CIcol,AGAP007999__SITE03,142,142,1,1,1,1,0,0,5,5,71,TRUE,TRUE,TRUE
3R,FRgam,AGAP007999__SITE03,48,48,1,1,1,1,0,0,5,5,24,TRUE,TRUE,FALSE
3R,GAgam,AGAP007999__SITE03,138,138,1,1,1,1,0,0,5,5,69,TRUE,TRUE,TRUE
3R,GHcol,AGAP007999__SITE03,110,110,1,1,1,1,0,0,5,5,55,TRUE,TRUE,TRUE
3R,GHgam,AGAP007999__SITE03,24,24,1,1,1,1,0,0,5,5,12,FALSE,TRUE,FALSE
3R,GNgam,AGAP007999__SITE03,80,80,1,1,1,1,0,0,5,5,40,TRUE,TRUE,TRUE
3R,UGgam,AGAP007999__SITE03,224,224,1,0.991071428571429,1,0.991071428571429,0.00892857142857143,0.000769465394853594,5,5,112,TRUE,TRUE,TRUE
3R,AOcol,AGAP007999__SITE04,156,156,1,0.525641025641026,1,0.525641025641026,0.474358974358974,0.0216819598090501,6,6,78,TRUE,TRUE,TRUE
3R,BFcol,AGAP007999__SITE04,150,150,1,0.713333333333333,1,0.713333333333333,0.28,0.0181062801932367,6,6,75,TRUE,TRUE,TRUE
3R,BFgam,AGAP007999__SITE04,184,184,1,0.548913043478261,1,0.548913043478261,0.445652173913043,0.0228872154187557,6,6,92,TRUE,TRUE,TRUE
3R,CMgam,AGAP007999__SITE04,594,594,1,0.599326599326599,1,0.599326599326599,0.382154882154882,0.02355571525532,6,6,297,TRUE,TRUE,TRUE
3R,CIcol,AGAP007999__SITE04,142,142,1,0.732394366197183,1,0.732394366197183,0.267605633802817,0.0176509146735896,6,6,71,TRUE,TRUE,TRUE
3R,FRgam,AGAP007999__SITE04,48,48,1,0.291666666666667,1,0.291666666666667,0.708333333333333,0.0179649758454106,6,6,24,TRUE,TRUE,FALSE
3R,GAgam,AGAP007999__SITE04,138,138,1,0.550724637681159,1,0.550724637681159,0.449275362318841,0.0215153922723578,6,6,69,TRUE,TRUE,TRUE
3R,GHcol,AGAP007999__SITE04,110,110,1,0.727272727272727,1,0.727272727272727,0.263636363636364,0.0176643909450234,6,6,55,TRUE,TRUE,TRUE
3R,GHgam,AGAP007999__SITE04,24,24,1,0.75,1,0.75,0.25,0.016304347826087,6,6,12,FALSE,TRUE,FALSE
3R,GNgam,AGAP007999__SITE04,80,80,1,0.5375,1,0.5375,0.4625,0.021616847826087,6,6,40,TRUE,TRUE,TRUE
3R,UGgam,AGAP007999__SITE04,224,224,1,0.691964285714286,0.995535714285714,0.691964285714286,0.294642857142857,0.0196075033274179,6,6,112,TRUE,TRUE,TRUE
3R,AOcol,AGAP007999__SITE05,156,156,1,1,1,1,0,0,10,10,78,TRUE,TRUE,TRUE
3R,BFcol,AGAP007999__SITE05,150,150,1,1,1,1,0,0,10,10,75,TRUE,TRUE,TRUE
3R,BFgam,AGAP007999__SITE05,184,184,1,0.978260869565217,1,0.978260869565217,0.0108695652173913,0.0023449700008219,10,10,92,TRUE,TRUE,TRUE
3R,CMgam,AGAP007999__SITE05,594,594,1,0.994949494949495,0.998316498316498,0.996632996632997,0.00168350168350168,0.000438435001456521,10,10,297,TRUE,TRUE,TRUE
3R,CIcol,AGAP007999__SITE05,142,142,1,1,1,1,0,0,10,10,71,TRUE,TRUE,TRUE
3R,FRgam,AGAP007999__SITE05,48,48,1,1,1,1,0,0,10,10,24,TRUE,TRUE,FALSE
3R,GAgam,AGAP007999__SITE05,138,138,1,1,1,1,0,0,10,10,69,TRUE,TRUE,TRUE
3R,GHcol,AGAP007999__SITE05,110,110,1,0.972727272727273,0.990909090909091,0.981818181818182,0.00909090909090909,0.0023499820337765,10,10,55,TRUE,TRUE,TRUE
3R,GHgam,AGAP007999__SITE05,24,24,1,0.916666666666667,1,0.916666666666667,0.0416666666666667,0.00694444444444444,10,10,12,FALSE,TRUE,FALSE
3R,GNgam,AGAP007999__SITE05,80,80,1,1,1,1,0,0,10,10,40,TRUE,TRUE,TRUE
3R,UGgam,AGAP007999__SITE05,224,224,1,1,1,1,0,0,10,10,112,TRUE,TRUE,TRUE
2L,AOcol,AGAP005917__SITE01,156,156,1,1,1,1,0,0,4,4,78,TRUE,TRUE,TRUE
2L,BFcol,AGAP005917__SITE01,150,150,1,0.966666666666667,1,0.966666666666667,0.02,0.00285603864734299,4,4,75,TRUE,TRUE,TRUE
2L,BFgam,AGAP005917__SITE01,184,184,1,0.994565217391304,1,0.994565217391304,0.00543478260869565,0.000470021369277554,4,4,92,TRUE,TRUE,TRUE
2L,CMgam,AGAP005917__SITE01,594,594,1,0.994949494949495,1,0.994949494949495,0.00336700336700337,0.000437942100948981,4,4,297,TRUE,TRUE,TRUE
2L,CIcol,AGAP005917__SITE01,142,142,1,1,1,1,0,0,4,4,71,TRUE,TRUE,TRUE
2L,FRgam,AGAP005917__SITE01,48,48,1,1,1,1,0,0,4,4,24,TRUE,TRUE,FALSE
2L,GAgam,AGAP005917__SITE01,138,138,1,1,1,1,0,0,4,4,69,TRUE,TRUE,TRUE
2L,GHcol,AGAP005917__SITE01,110,110,1,1,1,1,0,0,4,4,55,TRUE,TRUE,TRUE
2L,GHgam,AGAP005917__SITE01,24,24,1,1,1,1,0,0,4,4,12,FALSE,TRUE,FALSE
2L,GNgam,AGAP005917__SITE01,80,80,1,0.9875,1,0.9875,0.0125,0.00107336956521739,4,4,40,TRUE,TRUE,TRUE
2L,UGgam,AGAP005917__SITE01,224,224,1,0.995535714285714,1,0.995535714285714,0.00446428571428571,0.000386465727595386,4,4,112,TRUE,TRUE,TRUE
2L,AOcol,AGAP005917__SITE02,156,156,1,1,1,1,0,0,1,1,78,TRUE,TRUE,TRUE
2L,BFcol,AGAP005917__SITE02,150,150,1,1,1,1,0,0,1,1,75,TRUE,TRUE,TRUE
2L,BFgam,AGAP005917__SITE02,184,184,1,1,1,1,0,0,1,1,92,TRUE,TRUE,TRUE
2L,CMgam,AGAP005917__SITE02,594,594,1,0.996632996632997,1,0.996632996632997,0.00336700336700337,0.000291797100463474,1,1,297,TRUE,TRUE,TRUE
2L,CIcol,AGAP005917__SITE02,142,142,1,1,1,1,0,0,1,1,71,TRUE,TRUE,TRUE
2L,FRgam,AGAP005917__SITE02,48,48,1,1,1,1,0,0,1,1,24,TRUE,TRUE,FALSE
2L,GAgam,AGAP005917__SITE02,138,138,1,1,1,1,0,0,1,1,69,TRUE,TRUE,TRUE
2L,GHcol,AGAP005917__SITE02,110,110,1,1,1,1,0,0,1,1,55,TRUE,TRUE,TRUE
2L,GHgam,AGAP005917__SITE02,24,24,1,1,1,1,0,0,1,1,12,FALSE,TRUE,FALSE
2L,GNgam,AGAP005917__SITE02,80,80,1,1,1,1,0,0,1,1,40,TRUE,TRUE,TRUE
2L,UGgam,AGAP005917__SITE02,224,224,1,1,1,1,0,0,1,1,112,TRUE,TRUE,TRUE
2L,AOcol,AGAP005917__SITE03,156,156,1,0,1,0,1,0,12,12,78,TRUE,TRUE,TRUE
2L,BFcol,AGAP005917__SITE03,150,150,1,0.02,1,0.02,0.98,0.0169661835748792,12,12,75,TRUE,TRUE,TRUE
2L,BFgam,AGAP005917__SITE03,184,184,1,0.0108695652173913,0.994565217391304,0.0108695652173913,0.989130434782609,0.0136023670584368,12,12,92,TRUE,TRUE,TRUE
2L,CMgam,AGAP005917__SITE03,594,594,1,0.00505050505050505,1,0.00505050505050505,0.981481481481481,0.0326509618706954,12,12,297,TRUE,TRUE,TRUE
2L,CIcol,AGAP005917__SITE03,142,142,1,0.112676056338028,1,0.112676056338028,0.887323943661972,0.0200012074898873,12,12,71,TRUE,TRUE,TRUE
2L,FRgam,AGAP005917__SITE03,48,48,1,0,1,0,1,0.016304347826087,12,12,24,TRUE,TRUE,FALSE
2L,GAgam,AGAP005917__SITE03,138,138,1,0,1,0,0.942028985507246,0.033241098417395,12,12,69,TRUE,TRUE,TRUE
2L,GHcol,AGAP005917__SITE03,110,110,1,0.109090909090909,1,0.109090909090909,0.890909090909091,0.0164211282788358,12,12,55,TRUE,TRUE,TRUE
2L,GHgam,AGAP005917__SITE03,24,24,1,0,1,0,1,0.0120772946859903,12,12,12,FALSE,TRUE,FALSE
2L,GNgam,AGAP005917__SITE03,80,80,1,0,1,0,1,0.0295380434782609,12,12,40,TRUE,TRUE,TRUE
2L,UGgam,AGAP005917__SITE03,224,224,1,0,1,0,1,0.0225189940106477,12,12,112,TRUE,TRUE,TRUE
2L,AOcol,AGAP005917__SITE04,156,156,1,0,1,0,1,0,14,14,78,TRUE,TRUE,TRUE
2L,BFcol,AGAP005917__SITE04,150,150,1,0.02,0.986666666666667,0.02,0.98,0.0192618357487923,14,14,75,TRUE,TRUE,TRUE
2L,BFgam,AGAP005917__SITE04,184,184,1,0.0108695652173913,0.983695652173913,0.0108695652173913,0.989130434782609,0.0145269992602942,14,14,92,TRUE,TRUE,TRUE
2L,CMgam,AGAP005917__SITE04,594,594,1,0.00505050505050505,0.984848484848485,0.00505050505050505,0.981481481481481,0.0320984204017435,14,14,297,TRUE,TRUE,TRUE
2L,CIcol,AGAP005917__SITE04,142,142,1,0.112676056338028,0.915492957746479,0.112676056338028,0.887323943661972,0.0267286511475466,14,14,71,TRUE,TRUE,TRUE
2L,FRgam,AGAP005917__SITE04,48,48,1,0,1,0,1,0.016304347826087,14,14,24,TRUE,TRUE,FALSE
2L,GAgam,AGAP005917__SITE04,138,138,1,0,1,0,0.942028985507246,0.033241098417395,14,14,69,TRUE,TRUE,TRUE
2L,GHcol,AGAP005917__SITE04,110,110,1,0.109090909090909,0.963636363636364,0.109090909090909,0.890909090909091,0.0194681997844053,14,14,55,TRUE,TRUE,TRUE
2L,GHgam,AGAP005917__SITE04,24,24,1,0,0.958333333333333,0,1,0.0155495169082126,14,14,12,FALSE,TRUE,FALSE
2L,GNgam,AGAP005917__SITE04,80,80,1,0,0.9875,0,1,0.0306114130434783,14,14,40,TRUE,TRUE,TRUE
2L,UGgam,AGAP005917__SITE04,224,224,1,0,0.982142857142857,0,1,0.0240579248003549,14,14,112,TRUE,TRUE,TRUE
2L,AOcol,AGAP005917__SITE05,156,156,1,1,1,1,0,0,5,5,78,TRUE,TRUE,TRUE
2L,BFcol,AGAP005917__SITE05,150,150,1,0.986666666666667,1,0.986666666666667,0.00666666666666667,0.00115169082125604,5,5,75,TRUE,TRUE,TRUE
2L,BFgam,AGAP005917__SITE05,184,184,1,0.994565217391304,1,0.994565217391304,0.00543478260869565,0.000470021369277554,5,5,92,TRUE,TRUE,TRUE
2L,CMgam,AGAP005917__SITE05,594,594,1,0.961279461279461,1,0.961279461279461,0.0202020202020202,0.00330169404975436,5,5,297,TRUE,TRUE,TRUE
2L,CIcol,AGAP005917__SITE05,142,142,1,1,1,1,0,0,5,5,71,TRUE,TRUE,TRUE
2L,FRgam,AGAP005917__SITE05,48,48,1,1,1,1,0,0,5,5,24,TRUE,TRUE,FALSE
2L,GAgam,AGAP005917__SITE05,138,138,1,1,1,1,0,0,5,5,69,TRUE,TRUE,TRUE
2L,GHcol,AGAP005917__SITE05,110,110,1,1,1,1,0,0,5,5,55,TRUE,TRUE,TRUE
2L,GHgam,AGAP005917__SITE05,24,24,1,1,1,1,0,0,5,5,12,FALSE,TRUE,FALSE
2L,GNgam,AGAP005917__SITE05,80,80,1,0.9875,1,0.9875,0.0125,0.00107336956521739,5,5,40,TRUE,TRUE,TRUE
2L,UGgam,AGAP005917__SITE05,224,224,1,0.995535714285714,1,0.995535714285714,0.00446428571428571,0.000386465727595386,5,5,112,TRUE,TRUE,TRUE
3L,AOcol,AGAP011966__SITE01,156,156,1,0.993589743589744,1,0.993589743589744,0.00641025641025641,0.000553840436783581,7,7,78,TRUE,TRUE,TRUE
3L,BFcol,AGAP011966__SITE01,150,150,1,0.993333333333333,1,0.993333333333333,0.00666666666666667,0.000575845410628019,7,7,75,TRUE,TRUE,TRUE
3L,BFgam,AGAP011966__SITE01,184,184,1,0.956521739130435,0.994565217391304,0.96195652173913,0.016304347826087,0.00372934988082518,7,7,92,TRUE,TRUE,TRUE
3L,CMgam,AGAP011966__SITE01,594,594,1,0.984848484848485,0.998316498316498,0.986531986531987,0.0101010101010101,0.00130741859624893,7,7,297,TRUE,TRUE,TRUE
3L,CIcol,AGAP011966__SITE01,142,142,1,1,1,1,0,0,7,7,71,TRUE,TRUE,TRUE
3L,FRgam,AGAP011966__SITE01,48,48,1,1,1,1,0,0,7,7,24,TRUE,TRUE,FALSE
3L,GAgam,AGAP011966__SITE01,138,138,1,1,1,1,0,0,7,7,69,TRUE,TRUE,TRUE
3L,GHcol,AGAP011966__SITE01,110,110,1,1,1,1,0,0,7,7,55,TRUE,TRUE,TRUE
3L,GHgam,AGAP011966__SITE01,24,24,1,1,1,1,0,0,7,7,12,FALSE,TRUE,FALSE
3L,GNgam,AGAP011966__SITE01,80,80,1,0.975,1,0.975,0.025,0.0021195652173913,7,7,40,TRUE,TRUE,TRUE
3L,UGgam,AGAP011966__SITE01,224,224,1,1,1,1,0,0,7,7,112,TRUE,TRUE,TRUE
3L,AOcol,AGAP011966__SITE02,156,156,1,0.564102564102564,0.993589743589744,0.57051282051282,0.429487179487179,0.0218606180144642,5,5,78,TRUE,TRUE,TRUE
3L,BFcol,AGAP011966__SITE02,150,150,1,0.506666666666667,1,0.506666666666667,0.493333333333333,0.0217352657004831,5,5,75,TRUE,TRUE,TRUE
3L,BFgam,AGAP011966__SITE02,184,184,1,0.380434782608696,0.978260869565217,0.402173913043478,0.597826086956522,0.0227716363935235,5,5,92,TRUE,TRUE,TRUE
3L,CMgam,AGAP011966__SITE02,594,594,1,0.427609427609428,1,0.427609427609428,0.567340067340067,0.0219284042296778,5,5,297,TRUE,TRUE,TRUE
3L,CIcol,AGAP011966__SITE02,142,142,1,0.309859154929577,1,0.309859154929577,0.690140845070423,0.0185953442639918,5,5,71,TRUE,TRUE,TRUE
3L,FRgam,AGAP011966__SITE02,48,48,1,0.458333333333333,1,0.458333333333333,0.541666666666667,0.0215881642512077,5,5,24,TRUE,TRUE,FALSE
3L,GAgam,AGAP011966__SITE02,138,138,1,0.681159420289855,1,0.681159420289855,0.318840579710145,0.0188853273426299,5,5,69,TRUE,TRUE,TRUE
3L,GHcol,AGAP011966__SITE02,110,110,1,0.290909090909091,1,0.290909090909091,0.709090909090909,0.0179374775422206,5,5,55,TRUE,TRUE,TRUE
3L,GHgam,AGAP011966__SITE02,24,24,1,0.666666666666667,1,0.666666666666667,0.333333333333333,0.0193236714975845,5,5,12,FALSE,TRUE,FALSE
3L,GNgam,AGAP011966__SITE02,80,80,1,0.35,1,0.35,0.65,0.0197826086956522,5,5,40,TRUE,TRUE,TRUE
3L,UGgam,AGAP011966__SITE02,224,224,1,0.375,1,0.375,0.602678571428571,0.0227200255102041,5,5,112,TRUE,TRUE,TRUE
3L,AOcol,AGAP011966__SITE03,156,156,1,0.57051282051282,1,0.57051282051282,0.429487179487179,0.0213067775776806,2,2,78,TRUE,TRUE,TRUE
3L,BFcol,AGAP011966__SITE03,150,150,1,0.506666666666667,1,0.506666666666667,0.493333333333333,0.0217352657004831,2,2,75,TRUE,TRUE,TRUE
3L,BFgam,AGAP011966__SITE03,184,184,1,0.402173913043478,1,0.402173913043478,0.597826086956522,0.0209069614531109,2,2,92,TRUE,TRUE,TRUE
3L,CMgam,AGAP011966__SITE03,594,594,1,0.429292929292929,1,0.429292929292929,0.567340067340067,0.0216366071292144,2,2,297,TRUE,TRUE,TRUE
3L,CIcol,AGAP011966__SITE03,142,142,1,0.309859154929577,1,0.309859154929577,0.690140845070423,0.0185953442639918,2,2,71,TRUE,TRUE,TRUE
3L,FRgam,AGAP011966__SITE03,48,48,1,0.458333333333333,1,0.458333333333333,0.541666666666667,0.0215881642512077,2,2,24,TRUE,TRUE,FALSE
3L,GAgam,AGAP011966__SITE03,138,138,1,0.681159420289855,1,0.681159420289855,0.318840579710145,0.0188853273426299,2,2,69,TRUE,TRUE,TRUE
3L,GHcol,AGAP011966__SITE03,110,110,1,0.290909090909091,1,0.290909090909091,0.709090909090909,0.0179374775422206,2,2,55,TRUE,TRUE,TRUE
3L,GHgam,AGAP011966__SITE03,24,24,1,0.666666666666667,1,0.666666666666667,0.333333333333333,0.0193236714975845,2,2,12,FALSE,TRUE,FALSE
3L,GNgam,AGAP011966__SITE03,80,80,1,0.35,1,0.35,0.65,0.0197826086956522,2,2,40,TRUE,TRUE,TRUE
3L,UGgam,AGAP011966__SITE03,224,224,1,0.375,1,0.375,0.602678571428571,0.0227200255102041,2,2,112,TRUE,TRUE,TRUE
3L,AOcol,AGAP011966__SITE04,156,156,1,1,1,1,0,0,9,9,78,TRUE,TRUE,TRUE
3L,BFcol,AGAP011966__SITE04,150,150,1,0.986666666666667,1,0.986666666666667,0.0133333333333333,0.00114396135265701,9,9,75,TRUE,TRUE,TRUE
3L,BFgam,AGAP011966__SITE04,184,184,1,0.989130434782609,1,0.989130434782609,0.00543478260869565,0.000940042738555108,9,9,92,TRUE,TRUE,TRUE
3L,CMgam,AGAP011966__SITE04,594,594,1,0.98989898989899,0.998316498316498,0.991582491582492,0.00673400673400673,0.000873912599867804,9,9,297,TRUE,TRUE,TRUE
3L,CIcol,AGAP011966__SITE04,142,142,1,1,1,1,0,0,9,9,71,TRUE,TRUE,TRUE
3L,FRgam,AGAP011966__SITE04,48,48,1,1,1,1,0,0,9,9,24,TRUE,TRUE,FALSE
3L,GAgam,AGAP011966__SITE04,138,138,1,1,1,1,0,0,9,9,69,TRUE,TRUE,TRUE
3L,GHcol,AGAP011966__SITE04,110,110,1,1,1,1,0,0,9,9,55,TRUE,TRUE,TRUE
3L,GHgam,AGAP011966__SITE04,24,24,1,1,1,1,0,0,9,9,12,FALSE,TRUE,FALSE
3L,GNgam,AGAP011966__SITE04,80,80,1,1,1,1,0,0,9,9,40,TRUE,TRUE,TRUE
3L,UGgam,AGAP011966__SITE04,224,224,1,0.986607142857143,1,0.986607142857143,0.00446428571428571,0.00115939718278616,9,9,112,TRUE,TRUE,TRUE
3L,AOcol,AGAP011966__SITE05,156,156,1,0.0576923076923077,0.0576923076923077,0.0576923076923077,0.942307692307692,0.0339593516851042,11,11,78,TRUE,TRUE,TRUE
3L,BFcol,AGAP011966__SITE05,150,150,1,0.02,0.0933333333333333,0.02,0.98,0.0182454106280193,11,11,75,TRUE,TRUE,TRUE
3L,BFgam,AGAP011966__SITE05,184,184,1,0.0217391304347826,0.0543478260869565,0.0217391304347826,0.978260869565217,0.0205216980356703,11,11,92,TRUE,TRUE,TRUE
3L,CMgam,AGAP011966__SITE05,594,594,1,0.0252525252525253,0.0589225589225589,0.0252525252525253,0.974747474747475,0.0189722334357088,11,11,297,TRUE,TRUE,TRUE
3L,CIcol,AGAP011966__SITE05,142,142,1,0.0211267605633803,0.0492957746478873,0.0211267605633803,0.97887323943662,0.0171592937909145,11,11,71,TRUE,TRUE,TRUE
3L,FRgam,AGAP011966__SITE05,48,48,1,0.458333333333333,0.458333333333333,0.458333333333333,0.541666666666667,0.0585371376811594,11,11,24,TRUE,TRUE,FALSE
3L,GAgam,AGAP011966__SITE05,138,138,1,0.195652173913043,0.195652173913043,0.195652173913043,0.804347826086957,0.0273691131749815,11,11,69,TRUE,TRUE,TRUE
3L,GHcol,AGAP011966__SITE05,110,110,1,0,0.0272727272727273,0,1,0.0088393819619116,11,11,55,TRUE,TRUE,TRUE
3L,GHgam,AGAP011966__SITE05,24,24,1,0.0416666666666667,0.0416666666666667,0.0416666666666667,0.958333333333333,0.022493961352657,11,11,12,FALSE,TRUE,FALSE
3L,GNgam,AGAP011966__SITE05,80,80,1,0.0375,0.05,0.0375,0.9625,0.0159510869565217,11,11,40,TRUE,TRUE,TRUE
3L,UGgam,AGAP011966__SITE05,224,224,1,0.0223214285714286,0.0401785714285714,0.0267857142857143,0.973214285714286,0.014401480700976,11,11,112,TRUE,TRUE,TRUE
2R,AOcol,AGAP004036__SITE01,156,156,1,1,1,1,0,0,6,6,78,TRUE,TRUE,TRUE
2R,BFcol,AGAP004036__SITE01,150,150,1,0.9,1,0.9,0.0533333333333333,0.00825893719806763,6,6,75,TRUE,TRUE,TRUE
2R,BFgam,AGAP004036__SITE01,184,184,1,0.771739130434783,1,0.771739130434783,0.21195652173913,0.0159293580997781,6,6,92,TRUE,TRUE,TRUE
2R,CMgam,AGAP004036__SITE01,594,594,1,0.695286195286195,1,0.695286195286195,0.207070707070707,0.0219673433697735,6,6,297,TRUE,TRUE,TRUE
2R,CIcol,AGAP004036__SITE01,142,142,1,0.816901408450704,1,0.816901408450704,0.133802816901408,0.0142570055975781,6,6,71,TRUE,TRUE,TRUE
2R,FRgam,AGAP004036__SITE01,48,48,1,1,1,1,0,0,6,6,24,TRUE,TRUE,FALSE
2R,GAgam,AGAP004036__SITE01,138,138,1,0.659420289855073,1,0.659420289855073,0.333333333333333,0.0199492251353844,6,6,69,TRUE,TRUE,TRUE
2R,GHcol,AGAP004036__SITE01,110,110,1,0.845454545454546,1,0.845454545454546,0.0909090909090909,0.0124541861300755,6,6,55,TRUE,TRUE,TRUE
2R,GHgam,AGAP004036__SITE01,24,24,1,0.875,1,0.875,0.0833333333333333,0.0101147342995169,6,6,12,FALSE,TRUE,FALSE
2R,GNgam,AGAP004036__SITE01,80,80,1,0.8125,1,0.8125,0.175,0.0136277173913043,6,6,40,TRUE,TRUE,TRUE
2R,UGgam,AGAP004036__SITE01,224,224,1,0.669642857142857,1,0.669642857142857,0.3125,0.0202071317657498,6,6,112,TRUE,TRUE,TRUE
2R,AOcol,AGAP004036__SITE02,156,156,1,0.243589743589744,1,0.243589743589744,0.756410256410256,0.0160220678615327,3,3,78,TRUE,TRUE,TRUE
2R,BFcol,AGAP004036__SITE02,150,150,1,0.613333333333333,1,0.613333333333333,0.386666666666667,0.0206222222222222,3,3,75,TRUE,TRUE,TRUE
2R,BFgam,AGAP004036__SITE02,184,184,1,0.407608695652174,1,0.407608695652174,0.592391304347826,0.0214668776197912,3,3,92,TRUE,TRUE,TRUE
2R,CMgam,AGAP004036__SITE02,594,594,1,0.321548821548822,1,0.321548821548822,0.678451178451178,0.0189700153834248,3,3,297,TRUE,TRUE,TRUE
2R,CIcol,AGAP004036__SITE02,142,142,1,0.309859154929577,1,0.309859154929577,0.690140845070423,0.0185953442639918,3,3,71,TRUE,TRUE,TRUE
2R,FRgam,AGAP004036__SITE02,48,48,1,0.458333333333333,1,0.458333333333333,0.541666666666667,0.0215881642512077,3,3,24,TRUE,TRUE,FALSE
2R,GAgam,AGAP004036__SITE02,138,138,1,0.268115942028986,0.992753623188406,0.268115942028986,0.731884057971015,0.0176890130863995,3,3,69,TRUE,TRUE,TRUE
2R,GHcol,AGAP004036__SITE02,110,110,1,0.309090909090909,1,0.309090909090909,0.690909090909091,0.0185698886094143,3,3,55,TRUE,TRUE,TRUE
2R,GHgam,AGAP004036__SITE02,24,24,1,0.333333333333333,1,0.333333333333333,0.666666666666667,0.0193236714975845,3,3,12,FALSE,TRUE,FALSE
2R,GNgam,AGAP004036__SITE02,80,80,1,0.4375,1,0.4375,0.5625,0.0213994565217391,3,3,40,TRUE,TRUE,TRUE
2R,UGgam,AGAP004036__SITE02,224,224,1,0.285714285714286,1,0.285714285714286,0.714285714285714,0.0177462289263532,3,3,112,TRUE,TRUE,TRUE
2R,AOcol,AGAP004036__SITE03,156,156,1,1,1,1,0,0,6,6,78,TRUE,TRUE,TRUE
2R,BFcol,AGAP004036__SITE03,150,150,1,1,1,1,0,0,6,6,75,TRUE,TRUE,TRUE
2R,BFgam,AGAP004036__SITE03,184,184,1,0.967391304347826,1,0.967391304347826,0.0326086956521739,0.0027430755321772,6,6,92,TRUE,TRUE,TRUE
2R,CMgam,AGAP004036__SITE03,594,594,1,0.988215488215488,1,0.988215488215488,0.00841750841750842,0.00101759309781561,6,6,297,TRUE,TRUE,TRUE
2R,CIcol,AGAP004036__SITE03,142,142,1,0.992957746478873,0.992957746478873,1,0.00704225352112676,0.000608057407519212,6,6,71,TRUE,TRUE,TRUE
2R,FRgam,AGAP004036__SITE03,48,48,1,1,1,1,0,0,6,6,24,TRUE,TRUE,FALSE
2R,GAgam,AGAP004036__SITE03,138,138,1,1,1,1,0,0,6,6,69,TRUE,TRUE,TRUE
2R,GHcol,AGAP004036__SITE03,110,110,1,0.990909090909091,0.990909090909091,1,0.00909090909090909,0.000783327344592167,6,6,55,TRUE,TRUE,TRUE
2R,GHgam,AGAP004036__SITE03,24,24,1,0.875,1,0.875,0.125,0.00951086956521739,6,6,12,FALSE,TRUE,FALSE
2R,GNgam,AGAP004036__SITE03,80,80,1,0.9375,1,0.9375,0.0625,0.00509510869565217,6,6,40,TRUE,TRUE,TRUE
2R,UGgam,AGAP004036__SITE03,224,224,1,0.995535714285714,1,0.995535714285714,0.00446428571428571,0.000386465727595386,6,6,112,TRUE,TRUE,TRUE
2R,AOcol,AGAP004036__SITE04,156,156,1,1,1,1,0,0,7,7,78,TRUE,TRUE,TRUE
2R,BFcol,AGAP004036__SITE04,150,150,1,1,1,1,0,0,7,7,75,TRUE,TRUE,TRUE
2R,BFgam,AGAP004036__SITE04,184,184,1,0.967391304347826,1,0.967391304347826,0.0326086956521739,0.0027430755321772,7,7,92,TRUE,TRUE,TRUE
2R,CMgam,AGAP004036__SITE04,594,594,1,0.988215488215488,1,0.988215488215488,0.00841750841750842,0.00101759309781561,7,7,297,TRUE,TRUE,TRUE
2R,CIcol,AGAP004036__SITE04,142,142,1,0.992957746478873,0.992957746478873,1,0.00704225352112676,0.000608057407519212,7,7,71,TRUE,TRUE,TRUE
2R,FRgam,AGAP004036__SITE04,48,48,1,1,1,1,0,0,7,7,24,TRUE,TRUE,FALSE
2R,GAgam,AGAP004036__SITE04,138,138,1,1,1,1,0,0,7,7,69,TRUE,TRUE,TRUE
2R,GHcol,AGAP004036__SITE04,110,110,1,0.981818181818182,0.990909090909091,0.990909090909091,0.00909090909090909,0.00156665468918433,7,7,55,TRUE,TRUE,TRUE
2R,GHgam,AGAP004036__SITE04,24,24,1,0.875,1,0.875,0.125,0.00951086956521739,7,7,12,FALSE,TRUE,FALSE
2R,GNgam,AGAP004036__SITE04,80,80,1,0.9375,1,0.9375,0.0625,0.00509510869565217,7,7,40,TRUE,TRUE,TRUE
2R,UGgam,AGAP004036__SITE04,224,224,1,0.995535714285714,1,0.995535714285714,0.00446428571428571,0.000386465727595386,7,7,112,TRUE,TRUE,TRUE
2R,AOcol,AGAP004036__SITE05,156,156,1,1,1,1,0,0,4,4,78,TRUE,TRUE,TRUE
2R,BFcol,AGAP004036__SITE05,150,150,1,1,1,1,0,0,4,4,75,TRUE,TRUE,TRUE
2R,BFgam,AGAP004036__SITE05,184,184,1,0.891304347826087,1,0.891304347826087,0.108695652173913,0.00842442672803485,4,4,92,TRUE,TRUE,TRUE
2R,CMgam,AGAP004036__SITE05,594,594,1,0.801346801346801,1,0.801346801346801,0.106060606060606,0.0157545789224899,4,4,297,TRUE,TRUE,TRUE
2R,CIcol,AGAP004036__SITE05,142,142,1,1,1,1,0,0,4,4,71,TRUE,TRUE,TRUE
2R,FRgam,AGAP004036__SITE05,48,48,1,1,1,1,0,0,4,4,24,TRUE,TRUE,FALSE
2R,GAgam,AGAP004036__SITE05,138,138,1,0.905797101449275,1,0.905797101449275,0.0942028985507246,0.00741988803959709,4,4,69,TRUE,TRUE,TRUE
2R,GHcol,AGAP004036__SITE05,110,110,1,1,1,1,0,0,4,4,55,TRUE,TRUE,TRUE
2R,GHgam,AGAP004036__SITE05,24,24,1,0.958333333333333,1,0.958333333333333,0.0416666666666667,0.00347222222222222,4,4,12,FALSE,TRUE,FALSE
2R,GNgam,AGAP004036__SITE05,80,80,1,0.8875,1,0.8875,0.1125,0.00868206521739131,4,4,40,TRUE,TRUE,TRUE
2R,UGgam,AGAP004036__SITE05,224,224,1,0.946428571428571,1,0.946428571428571,0.03125,0.00454400510204082,4,4,112,TRUE,TRUE,TRUE
2L,AOcol,AGAP004825__SITE01,156,156,1,1,1,1,0,0,0,0,78,TRUE,TRUE,TRUE
2L,BFcol,AGAP004825__SITE01,150,150,1,1,1,1,0,0,0,0,75,TRUE,TRUE,TRUE
2L,BFgam,AGAP004825__SITE01,184,184,1,1,1,1,0,0,0,0,92,TRUE,TRUE,TRUE
2L,CMgam,AGAP004825__SITE01,594,594,1,1,1,1,0,0,0,0,297,TRUE,TRUE,TRUE
2L,CIcol,AGAP004825__SITE01,142,142,1,1,1,1,0,0,0,0,71,TRUE,TRUE,TRUE
2L,FRgam,AGAP004825__SITE01,48,48,1,1,1,1,0,0,0,0,24,TRUE,TRUE,FALSE
2L,GAgam,AGAP004825__SITE01,138,138,1,1,1,1,0,0,0,0,69,TRUE,TRUE,TRUE
2L,GHcol,AGAP004825__SITE01,110,110,1,1,1,1,0,0,0,0,55,TRUE,TRUE,TRUE
2L,GHgam,AGAP004825__SITE01,24,24,1,1,1,1,0,0,0,0,12,FALSE,TRUE,FALSE
2L,GNgam,AGAP004825__SITE01,80,80,1,1,1,1,0,0,0,0,40,TRUE,TRUE,TRUE
2L,UGgam,AGAP004825__SITE01,224,224,1,1,1,1,0,0,0,0,112,TRUE,TRUE,TRUE
2L,AOcol,AGAP004825__SITE02,156,156,1,1,1,1,0,0,6,6,78,TRUE,TRUE,TRUE
2L,BFcol,AGAP004825__SITE02,150,150,1,0.94,0.973333333333333,0.966666666666667,0.02,0.00512850241545894,6,6,75,TRUE,TRUE,TRUE
2L,BFgam,AGAP004825__SITE02,184,184,1,0.918478260869565,0.96195652173913,0.956521739130435,0.0380434782608696,0.00683457302539657,6,6,92,TRUE,TRUE,TRUE
2L,CMgam,AGAP004825__SITE02,594,594,1,0.883838383838384,0.942760942760943,0.941077441077441,0.0572390572390572,0.00962955076554842,6,6,297,TRUE,TRUE,TRUE
2L,CIcol,AGAP004825__SITE02,142,142,1,0.992957746478873,1,0.992957746478873,0.00704225352112676,0.000608057407519212,6,6,71,TRUE,TRUE,TRUE
2L,FRgam,AGAP004825__SITE02,48,48,1,0.395833333333333,1,0.395833333333333,0.5625,0.0248716787439614,6,6,24,TRUE,TRUE,FALSE
2L,GAgam,AGAP004825__SITE02,138,138,1,0.550724637681159,0.869565217391304,0.681159420289855,0.318840579710145,0.0287480708291097,6,6,69,TRUE,TRUE,TRUE
2L,GHcol,AGAP004825__SITE02,110,110,1,1,1,1,0,0,6,6,55,TRUE,TRUE,TRUE
2L,GHgam,AGAP004825__SITE02,24,24,1,0.958333333333333,0.958333333333333,1,0.0416666666666667,0.00347222222222222,6,6,12,FALSE,TRUE,FALSE
2L,GNgam,AGAP004825__SITE02,80,80,1,0.925,0.9375,0.9875,0.0625,0.00616847826086957,6,6,40,TRUE,TRUE,TRUE
2L,UGgam,AGAP004825__SITE02,224,224,1,0.982142857142857,1,0.982142857142857,0.0178571428571429,0.00152506654835847,6,6,112,TRUE,TRUE,TRUE
2L,AOcol,AGAP004825__SITE03,156,156,1,1,1,1,0,0,6,6,78,TRUE,TRUE,TRUE
2L,BFcol,AGAP004825__SITE03,150,150,1,0.853333333333333,0.993333333333333,0.86,0.106666666666667,0.011663768115942,6,6,75,TRUE,TRUE,TRUE
2L,BFgam,AGAP004825__SITE03,184,184,1,0.929347826086957,1,0.929347826086957,0.0597826086956522,0.00582261444891921,6,6,92,TRUE,TRUE,TRUE
2L,CMgam,AGAP004825__SITE03,594,594,1,0.695286195286195,1,0.695286195286195,0.276094276094276,0.0198242119629911,6,6,297,TRUE,TRUE,TRUE
2L,CIcol,AGAP004825__SITE03,142,142,1,0.943661971830986,0.992957746478873,0.950704225352113,0.0352112676056338,0.00476958505472517,6,6,71,TRUE,TRUE,TRUE
2L,FRgam,AGAP004825__SITE03,48,48,1,1,1,1,0,0,6,6,24,TRUE,TRUE,FALSE
2L,GAgam,AGAP004825__SITE03,138,138,1,0.782608695652174,1,0.782608695652174,0.217391304347826,0.0147941152297197,6,6,69,TRUE,TRUE,TRUE
2L,GHcol,AGAP004825__SITE03,110,110,1,0.954545454545455,1,0.954545454545455,0.0454545454545455,0.00377290693496227,6,6,55,TRUE,TRUE,TRUE
2L,GHgam,AGAP004825__SITE03,24,24,1,1,1,1,0,0,6,6,12,FALSE,TRUE,FALSE
2L,GNgam,AGAP004825__SITE03,80,80,1,0.9625,1,0.9625,0.0375,0.00313858695652174,6,6,40,TRUE,TRUE,TRUE
2L,UGgam,AGAP004825__SITE03,224,224,1,0.883928571428571,0.986607142857143,0.897321428571429,0.09375,0.00930637200532387,6,6,112,TRUE,TRUE,TRUE
2L,AOcol,AGAP004825__SITE04,156,156,1,1,1,1,0,0,9,9,78,TRUE,TRUE,TRUE
2L,BFcol,AGAP004825__SITE04,150,150,1,0.986666666666667,0.986666666666667,1,0.0133333333333333,0.00114396135265701,9,9,75,TRUE,TRUE,TRUE
2L,BFgam,AGAP004825__SITE04,184,184,1,0.956521739130435,1,0.956521739130435,0.0326086956521739,0.00367798142516643,9,9,92,TRUE,TRUE,TRUE
2L,CMgam,AGAP004825__SITE04,594,594,1,0.97979797979798,0.993265993265993,0.986531986531987,0.00673400673400673,0.00232796909710978,9,9,297,TRUE,TRUE,TRUE
2L,CIcol,AGAP004825__SITE04,142,142,1,0.985915492957746,1,0.985915492957746,0.0140845070422535,0.00120748988727219,9,9,71,TRUE,TRUE,TRUE
2L,FRgam,AGAP004825__SITE04,48,48,1,1,1,1,0,0,9,9,24,TRUE,TRUE,FALSE
2L,GAgam,AGAP004825__SITE04,138,138,1,1,1,1,0,0,9,9,69,TRUE,TRUE,TRUE
2L,GHcol,AGAP004825__SITE04,110,110,1,1,1,1,0,0,9,9,55,TRUE,TRUE,TRUE
2L,GHgam,AGAP004825__SITE04,24,24,1,1,1,1,0,0,9,9,12,FALSE,TRUE,FALSE
2L,GNgam,AGAP004825__SITE04,80,80,1,0.875,1,0.875,0.125,0.00951086956521739,9,9,40,TRUE,TRUE,TRUE
2L,UGgam,AGAP004825__SITE04,224,224,1,0.991071428571429,1,0.991071428571429,0.00892857142857143,0.00153893078970719,9,9,112,TRUE,TRUE,TRUE
2L,AOcol,AGAP004825__SITE05,156,156,1,1,1,1,0,0,4,4,78,TRUE,TRUE,TRUE
2L,BFcol,AGAP004825__SITE05,150,150,1,0.98,0.986666666666667,0.993333333333333,0.0133333333333333,0.00171980676328502,4,4,75,TRUE,TRUE,TRUE
2L,BFgam,AGAP004825__SITE05,184,184,1,1,1,1,0,0,4,4,92,TRUE,TRUE,TRUE
2L,CMgam,AGAP004825__SITE05,594,594,1,1,1,1,0,0,4,4,297,TRUE,TRUE,TRUE
2L,CIcol,AGAP004825__SITE05,142,142,1,1,1,1,0,0,4,4,71,TRUE,TRUE,TRUE
2L,FRgam,AGAP004825__SITE05,48,48,1,1,1,1,0,0,4,4,24,TRUE,TRUE,FALSE
2L,GAgam,AGAP004825__SITE05,138,138,1,1,1,1,0,0,4,4,69,TRUE,TRUE,TRUE
2L,GHcol,AGAP004825__SITE05,110,110,1,0.972727272727273,1,0.972727272727273,0.0272727272727273,0.00230686309737693,4,4,55,TRUE,TRUE,TRUE
2L,GHgam,AGAP004825__SITE05,24,24,1,1,1,1,0,0,4,4,12,FALSE,TRUE,FALSE
2L,GNgam,AGAP004825__SITE05,80,80,1,0.975,1,0.975,0.025,0.0021195652173913,4,4,40,TRUE,TRUE,TRUE
2L,UGgam,AGAP004825__SITE05,224,224,1,1,1,1,0,0,4,4,112,TRUE,TRUE,TRUE
2R,AOcol,AGAP003595__SITE01,156,156,1,1,1,1,0,0,7,7,78,TRUE,TRUE,TRUE
2R,BFcol,AGAP003595__SITE01,150,150,1,0.966666666666667,0.993333333333333,0.973333333333333,0.02,0.00285603864734299,7,7,75,TRUE,TRUE,TRUE
2R,BFgam,AGAP003595__SITE01,184,184,1,0.994565217391304,0.994565217391304,1,0.00543478260869565,0.000470021369277554,7,7,92,TRUE,TRUE,TRUE
2R,CMgam,AGAP003595__SITE01,594,594,1,0.978114478114478,0.996632996632997,0.981481481481481,0.0185185185185185,0.00187228257788937,7,7,297,TRUE,TRUE,TRUE
2R,CIcol,AGAP003595__SITE01,142,142,1,0.971830985915493,1,0.971830985915493,0.0211267605633803,0.00240635484677816,7,7,71,TRUE,TRUE,TRUE
2R,FRgam,AGAP003595__SITE01,48,48,1,1,1,1,0,0,7,7,24,TRUE,TRUE,FALSE
2R,GAgam,AGAP003595__SITE01,138,138,1,1,1,1,0,0,7,7,69,TRUE,TRUE,TRUE
2R,GHcol,AGAP003595__SITE01,110,110,1,1,1,1,0,0,7,7,55,TRUE,TRUE,TRUE
2R,GHgam,AGAP003595__SITE01,24,24,1,0.958333333333333,0.958333333333333,1,0.0416666666666667,0.00347222222222222,7,7,12,FALSE,TRUE,FALSE
2R,GNgam,AGAP003595__SITE01,80,80,1,0.975,0.975,1,0.0125,0.00214673913043478,7,7,40,TRUE,TRUE,TRUE
2R,UGgam,AGAP003595__SITE01,224,224,1,0.991071428571429,0.995535714285714,0.995535714285714,0.00446428571428571,0.000772931455190772,7,7,112,TRUE,TRUE,TRUE
2R,AOcol,AGAP003595__SITE02,156,156,1,0.608974358974359,1,0.608974358974359,0.391025641025641,0.0207064860074894,7,7,78,TRUE,TRUE,TRUE
2R,BFcol,AGAP003595__SITE02,150,150,1,0.933333333333333,0.993333333333333,0.933333333333333,0.04,0.0061951690821256,7,7,75,TRUE,TRUE,TRUE
2R,BFgam,AGAP003595__SITE02,184,184,1,1,1,1,0,0,7,7,92,TRUE,TRUE,TRUE
2R,CMgam,AGAP003595__SITE02,594,594,1,0.973063973063973,0.996632996632997,0.976430976430976,0.0235690235690236,0.00387345863850036,7,7,297,TRUE,TRUE,TRUE
2R,CIcol,AGAP003595__SITE02,142,142,1,0.922535211267606,1,0.922535211267606,0.0492957746478873,0.00648163321632181,7,7,71,TRUE,TRUE,TRUE
2R,FRgam,AGAP003595__SITE02,48,48,1,1,1,1,0,0,7,7,24,TRUE,TRUE,FALSE
2R,GAgam,AGAP003595__SITE02,138,138,1,0.956521739130435,1,0.956521739130435,0.0434782608695652,0.00361633927837594,7,7,69,TRUE,TRUE,TRUE
2R,GHcol,AGAP003595__SITE02,110,110,1,0.918181818181818,1,0.918181818181818,0.0818181818181818,0.00653251886453468,7,7,55,TRUE,TRUE,TRUE
2R,GHgam,AGAP003595__SITE02,24,24,1,0.958333333333333,0.958333333333333,1,0.0416666666666667,0.00347222222222222,7,7,12,FALSE,TRUE,FALSE
2R,GNgam,AGAP003595__SITE02,80,80,1,0.9875,0.9875,1,0.0125,0.00107336956521739,7,7,40,TRUE,TRUE,TRUE
2R,UGgam,AGAP003595__SITE02,224,224,1,0.995535714285714,1,0.995535714285714,0.00446428571428571,0.000386465727595386,7,7,112,TRUE,TRUE,TRUE
2R,AOcol,AGAP003595__SITE03,156,156,1,1,1,1,0,0,4,4,78,TRUE,TRUE,TRUE
2R,BFcol,AGAP003595__SITE03,150,150,1,0.953333333333333,1,0.953333333333333,0.0266666666666667,0.00396135265700483,4,4,75,TRUE,TRUE,TRUE
2R,BFgam,AGAP003595__SITE03,184,184,1,0.967391304347826,1,0.967391304347826,0.016304347826087,0.00278930714227008,4,4,92,TRUE,TRUE,TRUE
2R,CMgam,AGAP003595__SITE03,594,594,1,0.97979797979798,1,0.97979797979798,0.0168350168350168,0.00173106658247926,4,4,297,TRUE,TRUE,TRUE
2R,CIcol,AGAP003595__SITE03,142,142,1,0.901408450704225,1,0.901408450704225,0.0985915492957746,0.00772793527854204,4,4,71,TRUE,TRUE,TRUE
2R,FRgam,AGAP003595__SITE03,48,48,1,1,1,1,0,0,4,4,24,TRUE,TRUE,FALSE
2R,GAgam,AGAP003595__SITE03,138,138,1,0.949275362318841,1,0.949275362318841,0.0507246376811594,0.00418709989680648,4,4,69,TRUE,TRUE,TRUE
2R,GHcol,AGAP003595__SITE03,110,110,1,0.9,1,0.9,0.1,0.00782608695652174,4,4,55,TRUE,TRUE,TRUE
2R,GHgam,AGAP003595__SITE03,24,24,1,0.958333333333333,1,0.958333333333333,0.0416666666666667,0.00347222222222222,4,4,12,FALSE,TRUE,FALSE
2R,GNgam,AGAP003595__SITE03,80,80,1,0.9375,1,0.9375,0.0375,0.00525815217391304,4,4,40,TRUE,TRUE,TRUE
2R,UGgam,AGAP003595__SITE03,224,224,1,0.90625,1,0.90625,0.0892857142857143,0.00745722881543922,4,4,112,TRUE,TRUE,TRUE
2R,AOcol,AGAP003595__SITE04,156,156,1,0.993589743589744,0.993589743589744,1,0.00641025641025641,0.000553840436783581,7,7,78,TRUE,TRUE,TRUE
2R,BFcol,AGAP003595__SITE04,150,150,1,1,1,1,0,0,7,7,75,TRUE,TRUE,TRUE
2R,BFgam,AGAP003595__SITE04,184,184,1,0.983695652173913,1,0.983695652173913,0.0108695652173913,0.00140492726226679,7,7,92,TRUE,TRUE,TRUE
2R,CMgam,AGAP003595__SITE04,594,594,1,0.991582491582492,1,0.991582491582492,0.00336700336700337,0.000729739201412456,7,7,297,TRUE,TRUE,TRUE
2R,CIcol,AGAP003595__SITE04,142,142,1,1,1,1,0,0,7,7,71,TRUE,TRUE,TRUE
2R,FRgam,AGAP003595__SITE04,48,48,1,0.979166666666667,0.979166666666667,1,0.0208333333333333,0.00177385265700483,7,7,24,TRUE,TRUE,FALSE
2R,GAgam,AGAP003595__SITE04,138,138,1,1,1,1,0,0,7,7,69,TRUE,TRUE,TRUE
2R,GHcol,AGAP003595__SITE04,110,110,1,1,1,1,0,0,7,7,55,TRUE,TRUE,TRUE
2R,GHgam,AGAP003595__SITE04,24,24,1,1,1,1,0,0,7,7,12,FALSE,TRUE,FALSE
2R,GNgam,AGAP003595__SITE04,80,80,1,1,1,1,0,0,7,7,40,TRUE,TRUE,TRUE
2R,UGgam,AGAP003595__SITE04,224,224,1,0.986607142857143,1,0.986607142857143,0.0133928571428571,0.00114899900177462,7,7,112,TRUE,TRUE,TRUE
2R,AOcol,AGAP003595__SITE05,156,156,1,1,1,1,0,0,6,6,78,TRUE,TRUE,TRUE
2R,BFcol,AGAP003595__SITE05,150,150,1,0.946666666666667,0.973333333333333,0.973333333333333,0.02,0.00457584541062802,6,6,75,TRUE,TRUE,TRUE
2R,BFgam,AGAP003595__SITE05,184,184,1,0.994565217391304,1,0.994565217391304,0.00543478260869565,0.000470021369277554,6,6,92,TRUE,TRUE,TRUE
2R,CMgam,AGAP003595__SITE05,594,594,1,1,1,1,0,0,6,6,297,TRUE,TRUE,TRUE
2R,CIcol,AGAP003595__SITE05,142,142,1,0.97887323943662,0.992957746478873,0.985915492957746,0.0140845070422535,0.00181554729479141,6,6,71,TRUE,TRUE,TRUE
2R,FRgam,AGAP003595__SITE05,48,48,1,1,1,1,0,0,6,6,24,TRUE,TRUE,FALSE
2R,GAgam,AGAP003595__SITE05,138,138,1,1,1,1,0,0,6,6,69,TRUE,TRUE,TRUE
2R,GHcol,AGAP003595__SITE05,110,110,1,0.990909090909091,1,0.990909090909091,0.00909090909090909,0.000783327344592167,6,6,55,TRUE,TRUE,TRUE
2R,GHgam,AGAP003595__SITE05,24,24,1,1,1,1,0,0,6,6,12,FALSE,TRUE,FALSE
2R,GNgam,AGAP003595__SITE05,80,80,1,1,1,1,0,0,6,6,40,TRUE,TRUE,TRUE
2R,UGgam,AGAP003595__SITE05,224,224,1,1,1,1,0,0,6,6,112,TRUE,TRUE,TRUE
2L,AOcol,AGAP007413__SITE01,156,156,1,0.82051282051282,1,0.82051282051282,0.17948717948718,0.0128062201640797,4,4,78,TRUE,TRUE,TRUE
2L,BFcol,AGAP007413__SITE01,150,150,1,0.913333333333333,1,0.913333333333333,0.0866666666666667,0.00688309178743961,4,4,75,TRUE,TRUE,TRUE
2L,BFgam,AGAP007413__SITE01,184,184,1,0.972826086956522,1,0.972826086956522,0.0271739130434783,0.00229873839072902,4,4,92,TRUE,TRUE,TRUE
2L,CMgam,AGAP007413__SITE01,594,594,1,0.930976430976431,0.998316498316498,0.932659932659933,0.0673400673400673,0.00560748262402486,4,4,297,TRUE,TRUE,TRUE
2L,CIcol,AGAP007413__SITE01,142,142,1,0.936619718309859,1,0.936619718309859,0.0633802816901408,0.00516201926808863,4,4,71,TRUE,TRUE,TRUE
2L,FRgam,AGAP007413__SITE01,48,48,1,1,1,1,0,0,4,4,24,TRUE,TRUE,FALSE
2L,GAgam,AGAP007413__SITE01,138,138,1,0.782608695652174,1,0.782608695652174,0.217391304347826,0.0147941152297197,4,4,69,TRUE,TRUE,TRUE
2L,GHcol,AGAP007413__SITE01,110,110,1,0.9,1,0.9,0.1,0.00782608695652174,4,4,55,TRUE,TRUE,TRUE
2L,GHgam,AGAP007413__SITE01,24,24,1,0.916666666666667,1,0.916666666666667,0.0833333333333333,0.00664251207729469,4,4,12,FALSE,TRUE,FALSE
2L,GNgam,AGAP007413__SITE01,80,80,1,0.9375,1,0.9375,0.0625,0.00509510869565217,4,4,40,TRUE,TRUE,TRUE
2L,UGgam,AGAP007413__SITE01,224,224,1,0.950892857142857,1,0.950892857142857,0.0446428571428571,0.00409515028837622,4,4,112,TRUE,TRUE,TRUE
2L,AOcol,AGAP007413__SITE02,156,156,1,0.891025641025641,0.948717948717949,0.942307692307692,0.0576923076923077,0.00895792241946088,11,11,78,TRUE,TRUE,TRUE
2L,BFcol,AGAP007413__SITE02,150,150,1,0.906666666666667,1,0.906666666666667,0.0666666666666667,0.00771400966183575,11,11,75,TRUE,TRUE,TRUE
2L,BFgam,AGAP007413__SITE02,184,184,1,0.967391304347826,0.994565217391304,0.972826086956522,0.016304347826087,0.00279958083340182,11,11,92,TRUE,TRUE,TRUE
2L,CMgam,AGAP007413__SITE02,594,594,1,0.966329966329966,0.994949494949495,0.971380471380471,0.0185185185185185,0.0028938188797653,11,11,297,TRUE,TRUE,TRUE
2L,CIcol,AGAP007413__SITE02,142,142,1,0.894366197183099,1,0.894366197183099,0.0563380281690141,0.00869823965224291,11,11,71,TRUE,TRUE,TRUE
2L,FRgam,AGAP007413__SITE02,48,48,1,1,1,1,0,0,11,11,24,TRUE,TRUE,FALSE
2L,GAgam,AGAP007413__SITE02,138,138,1,1,1,1,0,0,11,11,69,TRUE,TRUE,TRUE
2L,GHcol,AGAP007413__SITE02,110,110,1,0.945454545454546,1,0.945454545454546,0.0454545454545455,0.00455623427955444,11,11,55,TRUE,TRUE,TRUE
2L,GHgam,AGAP007413__SITE02,24,24,1,1,1,1,0,0,11,11,12,FALSE,TRUE,FALSE
2L,GNgam,AGAP007413__SITE02,80,80,1,0.9875,1,0.9875,0.0125,0.00107336956521739,11,11,40,TRUE,TRUE,TRUE
2L,UGgam,AGAP007413__SITE02,224,224,1,0.986607142857143,1,0.986607142857143,0.00892857142857143,0.00115593112244898,11,11,112,TRUE,TRUE,TRUE
2L,AOcol,AGAP007413__SITE03,156,156,1,1,1,1,0,0,8,8,78,TRUE,TRUE,TRUE
2L,BFcol,AGAP007413__SITE03,150,150,1,0.986666666666667,1,0.986666666666667,0.00666666666666667,0.00115169082125604,8,8,75,TRUE,TRUE,TRUE
2L,BFgam,AGAP007413__SITE03,184,184,1,0.983695652173913,1,0.983695652173913,0.016304347826087,0.00139465357113504,8,8,92,TRUE,TRUE,TRUE
2L,CMgam,AGAP007413__SITE03,594,594,1,0.98989898989899,0.998316498316498,0.991582491582492,0.00336700336700337,0.000876377102405502,8,8,297,TRUE,TRUE,TRUE
2L,CIcol,AGAP007413__SITE03,142,142,1,0.992957746478873,0.992957746478873,1,0.00704225352112676,0.000608057407519212,8,8,71,TRUE,TRUE,TRUE
2L,FRgam,AGAP007413__SITE03,48,48,1,1,1,1,0,0,8,8,24,TRUE,TRUE,FALSE
2L,GAgam,AGAP007413__SITE03,138,138,1,1,1,1,0,0,8,8,69,TRUE,TRUE,TRUE
2L,GHcol,AGAP007413__SITE03,110,110,1,0.981818181818182,0.981818181818182,1,0.0181818181818182,0.00155228171038448,8,8,55,TRUE,TRUE,TRUE
2L,GHgam,AGAP007413__SITE03,24,24,1,1,1,1,0,0,8,8,12,FALSE,TRUE,FALSE
2L,GNgam,AGAP007413__SITE03,80,80,1,1,1,1,0,0,8,8,40,TRUE,TRUE,TRUE
2L,UGgam,AGAP007413__SITE03,224,224,1,0.991071428571429,1,0.991071428571429,0.00446428571428571,0.000772931455190772,8,8,112,TRUE,TRUE,TRUE
2L,AOcol,AGAP007413__SITE04,156,156,1,0.92948717948718,1,0.92948717948718,0.0705128205128205,0.00569919675270846,5,5,78,TRUE,TRUE,TRUE
2L,BFcol,AGAP007413__SITE04,150,150,1,1,1,1,0,0,5,5,75,TRUE,TRUE,TRUE
2L,BFgam,AGAP007413__SITE04,184,184,1,0.994565217391304,1,0.994565217391304,0.00543478260869565,0.000470021369277554,5,5,92,TRUE,TRUE,TRUE
2L,CMgam,AGAP007413__SITE04,594,594,1,0.993265993265993,0.998316498316498,0.994949494949495,0.00336700336700337,0.000584087101434488,5,5,297,TRUE,TRUE,TRUE
2L,CIcol,AGAP007413__SITE04,142,142,1,0.992957746478873,1,0.992957746478873,0.00704225352112676,0.000608057407519212,5,5,71,TRUE,TRUE,TRUE
2L,FRgam,AGAP007413__SITE04,48,48,1,1,1,1,0,0,5,5,24,TRUE,TRUE,FALSE
2L,GAgam,AGAP007413__SITE04,138,138,1,1,1,1,0,0,5,5,69,TRUE,TRUE,TRUE
2L,GHcol,AGAP007413__SITE04,110,110,1,1,1,1,0,0,5,5,55,TRUE,TRUE,TRUE
2L,GHgam,AGAP007413__SITE04,24,24,1,0.958333333333333,1,0.958333333333333,0.0416666666666667,0.00347222222222222,5,5,12,FALSE,TRUE,FALSE
2L,GNgam,AGAP007413__SITE04,80,80,1,1,1,1,0,0,5,5,40,TRUE,TRUE,TRUE
2L,UGgam,AGAP007413__SITE04,224,224,1,0.995535714285714,1,0.995535714285714,0.00446428571428571,0.000386465727595386,5,5,112,TRUE,TRUE,TRUE
2L,AOcol,AGAP007413__SITE05,156,156,1,0.166666666666667,0.166666666666667,0.92948717948718,0.833333333333333,0.0177764914386988,5,5,78,TRUE,TRUE,TRUE
2L,BFcol,AGAP007413__SITE05,150,150,1,0.546666666666667,0.546666666666667,1,0.453333333333333,0.0215497584541063,5,5,75,TRUE,TRUE,TRUE
2L,BFgam,AGAP007413__SITE05,184,184,1,0.684782608695652,0.684782608695652,0.994565217391304,0.315217391304348,0.0192400550669845,5,5,92,TRUE,TRUE,TRUE
2L,CMgam,AGAP007413__SITE05,594,594,1,0.622895622895623,0.627946127946128,0.994949494949495,0.372053872053872,0.0207535758699571,5,5,297,TRUE,TRUE,TRUE
2L,CIcol,AGAP007413__SITE05,142,142,1,0.654929577464789,0.654929577464789,1,0.345070422535211,0.019651897915355,5,5,71,TRUE,TRUE,TRUE
2L,FRgam,AGAP007413__SITE05,48,48,1,0.208333333333333,0.208333333333333,1,0.791666666666667,0.0143417874396135,5,5,24,TRUE,TRUE,FALSE
2L,GAgam,AGAP007413__SITE05,138,138,1,0.463768115942029,0.463768115942029,1,0.536231884057971,0.0216249783110965,5,5,69,TRUE,TRUE,TRUE
2L,GHcol,AGAP007413__SITE05,110,110,1,0.781818181818182,0.781818181818182,1,0.218181818181818,0.0148329141214517,5,5,55,TRUE,TRUE,TRUE
2L,GHgam,AGAP007413__SITE05,24,24,1,0.625,0.625,0.958333333333333,0.375,0.0238526570048309,5,5,12,FALSE,TRUE,FALSE
2L,GNgam,AGAP007413__SITE05,80,80,1,0.625,0.625,1,0.375,0.0203804347826087,5,5,40,TRUE,TRUE,TRUE
2L,UGgam,AGAP007413__SITE05,224,224,1,0.486607142857143,0.491071428571429,0.995535714285714,0.508928571428571,0.0221186640417036,5,5,112,TRUE,TRUE,TRUE
3R,AOcol,AGAP009600__SITE01,156,156,1,0.653846153846154,1,0.653846153846154,0.346153846153846,0.0196809879084127,4,4,78,TRUE,TRUE,TRUE
3R,BFcol,AGAP009600__SITE01,150,150,1,0.993333333333333,1,0.993333333333333,0.00666666666666667,0.000575845410628019,4,4,75,TRUE,TRUE,TRUE
3R,BFgam,AGAP009600__SITE01,184,184,1,0.978260869565217,1,0.978260869565217,0.0217391304347826,0.00184926440371497,4,4,92,TRUE,TRUE,TRUE
3R,CMgam,AGAP009600__SITE01,594,594,1,0.97979797979798,1,0.97979797979798,0.0185185185185185,0.0017266304779114,4,4,297,TRUE,TRUE,TRUE
3R,CIcol,AGAP009600__SITE01,142,142,1,0.957746478873239,1,0.957746478873239,0.0422535211267606,0.00351897052862182,4,4,71,TRUE,TRUE,TRUE
3R,FRgam,AGAP009600__SITE01,48,48,1,1,1,1,0,0,4,4,24,TRUE,TRUE,FALSE
3R,GAgam,AGAP009600__SITE01,138,138,1,0.927536231884058,1,0.927536231884058,0.072463768115942,0.00584458873272878,4,4,69,TRUE,TRUE,TRUE
3R,GHcol,AGAP009600__SITE01,110,110,1,0.981818181818182,1,0.981818181818182,0.0181818181818182,0.00155228171038448,4,4,55,TRUE,TRUE,TRUE
3R,GHgam,AGAP009600__SITE01,24,24,1,1,1,1,0,0,4,4,12,FALSE,TRUE,FALSE
3R,GNgam,AGAP009600__SITE01,80,80,1,0.9375,1,0.9375,0.0375,0.00528532608695652,4,4,40,TRUE,TRUE,TRUE
3R,UGgam,AGAP009600__SITE01,224,224,1,0.991071428571429,1,0.991071428571429,0.00892857142857143,0.000769465394853594,4,4,112,TRUE,TRUE,TRUE
3R,AOcol,AGAP009600__SITE02,156,156,1,1,1,1,0,0,2,2,78,TRUE,TRUE,TRUE
3R,BFcol,AGAP009600__SITE02,150,150,1,0.993333333333333,1,0.993333333333333,0.00666666666666667,0.000575845410628019,2,2,75,TRUE,TRUE,TRUE
3R,BFgam,AGAP009600__SITE02,184,184,1,0.983695652173913,1,0.983695652173913,0.016304347826087,0.00139465357113504,2,2,92,TRUE,TRUE,TRUE
3R,CMgam,AGAP009600__SITE02,594,594,1,0.998316498316498,1,0.998316498316498,0.00168350168350168,0.000146145000485507,2,2,297,TRUE,TRUE,TRUE
3R,CIcol,AGAP009600__SITE02,142,142,1,1,1,1,0,0,2,2,71,TRUE,TRUE,TRUE
3R,FRgam,AGAP009600__SITE02,48,48,1,1,1,1,0,0,2,2,24,TRUE,TRUE,FALSE
3R,GAgam,AGAP009600__SITE02,138,138,1,1,1,1,0,0,2,2,69,TRUE,TRUE,TRUE
3R,GHcol,AGAP009600__SITE02,110,110,1,1,1,1,0,0,2,2,55,TRUE,TRUE,TRUE
3R,GHgam,AGAP009600__SITE02,24,24,1,1,1,1,0,0,2,2,12,FALSE,TRUE,FALSE
3R,GNgam,AGAP009600__SITE02,80,80,1,1,1,1,0,0,2,2,40,TRUE,TRUE,TRUE
3R,UGgam,AGAP009600__SITE02,224,224,1,1,1,1,0,0,2,2,112,TRUE,TRUE,TRUE
3R,AOcol,AGAP009600__SITE03,156,156,1,0.897435897435897,1,0.897435897435897,0.102564102564103,0.00800388760254981,4,4,78,TRUE,TRUE,TRUE
3R,BFcol,AGAP009600__SITE03,150,150,1,0.98,1,0.98,0.02,0.00170434782608696,4,4,75,TRUE,TRUE,TRUE
3R,BFgam,AGAP009600__SITE03,184,184,1,0.864130434782609,1,0.864130434782609,0.0978260869565217,0.0109183652502671,4,4,92,TRUE,TRUE,TRUE
3R,CMgam,AGAP009600__SITE03,594,594,1,0.902356902356902,1,0.902356902356902,0.0909090909090909,0.00776959070034754,4,4,297,TRUE,TRUE,TRUE
3R,CIcol,AGAP009600__SITE03,142,142,1,0.985915492957746,1,0.985915492957746,0.0140845070422535,0.00120748988727219,4,4,71,TRUE,TRUE,TRUE
3R,FRgam,AGAP009600__SITE03,48,48,1,1,1,1,0,0,4,4,24,TRUE,TRUE,FALSE
3R,GAgam,AGAP009600__SITE03,138,138,1,0.869565217391304,1,0.869565217391304,0.123188405797101,0.0100179903746929,4,4,69,TRUE,TRUE,TRUE
3R,GHcol,AGAP009600__SITE03,110,110,1,0.990909090909091,1,0.990909090909091,0.00909090909090909,0.000783327344592167,4,4,55,TRUE,TRUE,TRUE
3R,GHgam,AGAP009600__SITE03,24,24,1,0.791666666666667,1,0.791666666666667,0.208333333333333,0.0143417874396135,4,4,12,FALSE,TRUE,FALSE
3R,GNgam,AGAP009600__SITE03,80,80,1,0.9125,1,0.9125,0.0625,0.00721467391304348,4,4,40,TRUE,TRUE,TRUE
3R,UGgam,AGAP009600__SITE03,224,224,1,0.964285714285714,1,0.964285714285714,0.0357142857142857,0.00299467613132209,4,4,112,TRUE,TRUE,TRUE
3R,AOcol,AGAP009600__SITE04,156,156,1,0.897435897435897,1,0.897435897435897,0.102564102564103,0.00800388760254981,5,5,78,TRUE,TRUE,TRUE
3R,BFcol,AGAP009600__SITE04,150,150,1,0.98,1,0.98,0.02,0.00170434782608696,5,5,75,TRUE,TRUE,TRUE
3R,BFgam,AGAP009600__SITE04,184,184,1,0.831521739130435,0.967391304347826,0.864130434782609,0.0978260869565217,0.0136614407824443,5,5,92,TRUE,TRUE,TRUE
3R,CMgam,AGAP009600__SITE04,594,594,1,0.882154882154882,0.97979797979798,0.902356902356902,0.0909090909090909,0.00949079927267601,5,5,297,TRUE,TRUE,TRUE
3R,CIcol,AGAP009600__SITE04,142,142,1,0.985915492957746,1,0.985915492957746,0.0140845070422535,0.00120748988727219,5,5,71,TRUE,TRUE,TRUE
3R,FRgam,AGAP009600__SITE04,48,48,1,1,1,1,0,0,5,5,24,TRUE,TRUE,FALSE
3R,GAgam,AGAP009600__SITE04,138,138,1,0.869565217391304,1,0.869565217391304,0.123188405797101,0.0100179903746929,5,5,69,TRUE,TRUE,TRUE
3R,GHcol,AGAP009600__SITE04,110,110,1,0.990909090909091,1,0.990909090909091,0.00909090909090909,0.000783327344592167,5,5,55,TRUE,TRUE,TRUE
3R,GHgam,AGAP009600__SITE04,24,24,1,0.708333333333333,0.916666666666667,0.791666666666667,0.208333333333333,0.0209842995169082,5,5,12,FALSE,TRUE,FALSE
3R,GNgam,AGAP009600__SITE04,80,80,1,0.8875,0.975,0.9125,0.0625,0.00933423913043478,5,5,40,TRUE,TRUE,TRUE
3R,UGgam,AGAP009600__SITE04,224,224,1,0.959821428571429,0.995535714285714,0.964285714285714,0.0357142857142857,0.00338114185891748,5,5,112,TRUE,TRUE,TRUE
3R,AOcol,AGAP009600__SITE05,156,156,1,1,1,1,0,0,2,2,78,TRUE,TRUE,TRUE
3R,BFcol,AGAP009600__SITE05,150,150,1,1,1,1,0,0,2,2,75,TRUE,TRUE,TRUE
3R,BFgam,AGAP009600__SITE05,184,184,1,0.967391304347826,1,0.967391304347826,0.0326086956521739,0.0027430755321772,2,2,92,TRUE,TRUE,TRUE
3R,CMgam,AGAP009600__SITE05,594,594,1,0.97979797979798,1,0.97979797979798,0.0202020202020202,0.00172120857232847,2,2,297,TRUE,TRUE,TRUE
3R,CIcol,AGAP009600__SITE05,142,142,1,1,1,1,0,0,2,2,71,TRUE,TRUE,TRUE
3R,FRgam,AGAP009600__SITE05,48,48,1,1,1,1,0,0,2,2,24,TRUE,TRUE,FALSE
3R,GAgam,AGAP009600__SITE05,138,138,1,1,1,1,0,0,2,2,69,TRUE,TRUE,TRUE
3R,GHcol,AGAP009600__SITE05,110,110,1,1,1,1,0,0,2,2,55,TRUE,TRUE,TRUE
3R,GHgam,AGAP009600__SITE05,24,24,1,0.916666666666667,1,0.916666666666667,0.0833333333333333,0.00664251207729469,2,2,12,FALSE,TRUE,FALSE
3R,GNgam,AGAP009600__SITE05,80,80,1,0.975,1,0.975,0.025,0.0021195652173913,2,2,40,TRUE,TRUE,TRUE
3R,UGgam,AGAP009600__SITE05,224,224,1,0.995535714285714,1,0.995535714285714,0.00446428571428571,0.000386465727595386,2,2,112,TRUE,TRUE,TRUE
2L,AOcol,AGAP005763__SITE01,156,156,1,1,1,1,0,0,7,7,78,TRUE,TRUE,TRUE
2L,BFcol,AGAP005763__SITE01,150,150,1,1,1,1,0,0,7,7,75,TRUE,TRUE,TRUE
2L,BFgam,AGAP005763__SITE01,184,184,1,1,1,1,0,0,7,7,92,TRUE,TRUE,TRUE
2L,CMgam,AGAP005763__SITE01,594,594,1,0.991582491582492,1,0.991582491582492,0.00336700336700337,0.000730232101919995,7,7,297,TRUE,TRUE,TRUE
2L,CIcol,AGAP005763__SITE01,142,142,1,1,1,1,0,0,7,7,71,TRUE,TRUE,TRUE
2L,FRgam,AGAP005763__SITE01,48,48,1,1,1,1,0,0,7,7,24,TRUE,TRUE,FALSE
2L,GAgam,AGAP005763__SITE01,138,138,1,1,1,1,0,0,7,7,69,TRUE,TRUE,TRUE
2L,GHcol,AGAP005763__SITE01,110,110,1,0.990909090909091,1,0.990909090909091,0.00909090909090909,0.000783327344592167,7,7,55,TRUE,TRUE,TRUE
2L,GHgam,AGAP005763__SITE01,24,24,1,1,1,1,0,0,7,7,12,FALSE,TRUE,FALSE
2L,GNgam,AGAP005763__SITE01,80,80,1,1,1,1,0,0,7,7,40,TRUE,TRUE,TRUE
2L,UGgam,AGAP005763__SITE01,224,224,1,0.977678571428571,0.991071428571429,0.986607142857143,0.0133928571428571,0.00192193045696539,7,7,112,TRUE,TRUE,TRUE
2L,AOcol,AGAP005763__SITE02,156,156,1,0.147435897435897,1,0.147435897435897,0.852564102564103,0.0109303090072321,6,6,78,TRUE,TRUE,TRUE
2L,BFcol,AGAP005763__SITE02,150,150,1,0.04,0.993333333333333,0.04,0.96,0.00506666666666667,6,6,75,TRUE,TRUE,TRUE
2L,BFgam,AGAP005763__SITE02,184,184,1,0.0434782608695652,0.967391304347826,0.0434782608695652,0.956521739130435,0.0104046806936796,6,6,92,TRUE,TRUE,TRUE
2L,CMgam,AGAP005763__SITE02,594,594,1,0.031986531986532,0.907407407407407,0.031986531986532,0.968013468013468,0.0191499240686768,6,6,297,TRUE,TRUE,TRUE
2L,CIcol,AGAP005763__SITE02,142,142,1,0.0915492957746479,0.985915492957746,0.0915492957746479,0.908450704225352,0.00964698170652821,6,6,71,TRUE,TRUE,TRUE
2L,FRgam,AGAP005763__SITE02,48,48,1,0,0.25,0,1,0.0326086956521739,6,6,24,TRUE,TRUE,FALSE
2L,GAgam,AGAP005763__SITE02,138,138,1,0.0289855072463768,0.934782608695652,0.0289855072463768,0.971014492753623,0.0141274668273929,6,6,69,TRUE,TRUE,TRUE
2L,GHcol,AGAP005763__SITE02,110,110,1,0.0545454545454545,0.954545454545455,0.0545454545454545,0.945454545454546,0.0120301832554797,6,6,55,TRUE,TRUE,TRUE
2L,GHgam,AGAP005763__SITE02,24,24,1,0.0416666666666667,1,0.0416666666666667,0.958333333333333,0.00347222222222222,6,6,12,FALSE,TRUE,FALSE
2L,GNgam,AGAP005763__SITE02,80,80,1,0.075,0.9625,0.075,0.925,0.0133016304347826,6,6,40,TRUE,TRUE,TRUE
2L,UGgam,AGAP005763__SITE02,224,224,1,0.0133928571428571,0.910714285714286,0.0133928571428571,0.986607142857143,0.0167566687000887,6,6,112,TRUE,TRUE,TRUE
2L,AOcol,AGAP005763__SITE03,156,156,1,0.147435897435897,1,0.147435897435897,0.852564102564103,0.0109303090072321,6,6,78,TRUE,TRUE,TRUE
2L,BFcol,AGAP005763__SITE03,150,150,1,0.04,1,0.04,0.96,0.00506666666666667,6,6,75,TRUE,TRUE,TRUE
2L,BFgam,AGAP005763__SITE03,184,184,1,0.0434782608695652,1,0.0434782608695652,0.956521739130435,0.0104046806936796,6,6,92,TRUE,TRUE,TRUE
2L,CMgam,AGAP005763__SITE03,594,594,1,0.031986531986532,1,0.031986531986532,0.968013468013468,0.0191499240686768,6,6,297,TRUE,TRUE,TRUE
2L,CIcol,AGAP005763__SITE03,142,142,1,0.0915492957746479,1,0.0915492957746479,0.908450704225352,0.00964698170652821,6,6,71,TRUE,TRUE,TRUE
2L,FRgam,AGAP005763__SITE03,48,48,1,0,1,0,1,0.0326086956521739,6,6,24,TRUE,TRUE,FALSE
2L,GAgam,AGAP005763__SITE03,138,138,1,0.0289855072463768,1,0.0289855072463768,0.971014492753623,0.0141274668273929,6,6,69,TRUE,TRUE,TRUE
2L,GHcol,AGAP005763__SITE03,110,110,1,0.0545454545454545,1,0.0545454545454545,0.945454545454546,0.0120301832554797,6,6,55,TRUE,TRUE,TRUE
2L,GHgam,AGAP005763__SITE03,24,24,1,0.0416666666666667,1,0.0416666666666667,0.958333333333333,0.00347222222222222,6,6,12,FALSE,TRUE,FALSE
2L,GNgam,AGAP005763__SITE03,80,80,1,0.075,1,0.075,0.925,0.0133016304347826,6,6,40,TRUE,TRUE,TRUE
2L,UGgam,AGAP005763__SITE03,224,224,1,0.0133928571428571,1,0.0133928571428571,0.986607142857143,0.0167566687000887,6,6,112,TRUE,TRUE,TRUE
2L,AOcol,AGAP005763__SITE04,156,156,1,1,1,1,0,0,6,6,78,TRUE,TRUE,TRUE
2L,BFcol,AGAP005763__SITE04,150,150,1,0.966666666666667,1,0.966666666666667,0.0133333333333333,0.00286376811594203,6,6,75,TRUE,TRUE,TRUE
2L,BFgam,AGAP005763__SITE04,184,184,1,0.983695652173913,1,0.983695652173913,0.0108695652173913,0.00140492726226679,6,6,92,TRUE,TRUE,TRUE
2L,CMgam,AGAP005763__SITE04,594,594,1,0.954545454545455,1,0.954545454545455,0.0454545454545455,0.00377290693496227,6,6,297,TRUE,TRUE,TRUE
2L,CIcol,AGAP005763__SITE04,142,142,1,0.894366197183099,1,0.894366197183099,0.0985915492957746,0.00833599268606125,6,6,71,TRUE,TRUE,TRUE
2L,FRgam,AGAP005763__SITE04,48,48,1,0.979166666666667,1,0.979166666666667,0.0208333333333333,0.00177385265700483,6,6,24,TRUE,TRUE,FALSE
2L,GAgam,AGAP005763__SITE04,138,138,1,0.869565217391304,1,0.869565217391304,0.130434782608696,0.00986274348647982,6,6,69,TRUE,TRUE,TRUE
2L,GHcol,AGAP005763__SITE04,110,110,1,0.790909090909091,0.990909090909091,0.8,0.2,0.014696370822853,6,6,55,TRUE,TRUE,TRUE
2L,GHgam,AGAP005763__SITE04,24,24,1,0.875,1,0.875,0.0833333333333333,0.0101147342995169,6,6,12,FALSE,TRUE,FALSE
2L,GNgam,AGAP005763__SITE04,80,80,1,1,1,1,0,0,6,6,40,TRUE,TRUE,TRUE
2L,UGgam,AGAP005763__SITE04,224,224,1,0.924107142857143,1,0.924107142857143,0.0758928571428571,0.00609853316326531,6,6,112,TRUE,TRUE,TRUE
2L,AOcol,AGAP005763__SITE05,156,156,1,1,1,1,0,0,6,6,78,TRUE,TRUE,TRUE
2L,BFcol,AGAP005763__SITE05,150,150,1,0.966666666666667,1,0.966666666666667,0.0133333333333333,0.00286376811594203,6,6,75,TRUE,TRUE,TRUE
2L,BFgam,AGAP005763__SITE05,184,184,1,0.983695652173913,1,0.983695652173913,0.0108695652173913,0.00140492726226679,6,6,92,TRUE,TRUE,TRUE
2L,CMgam,AGAP005763__SITE05,594,594,1,0.944444444444444,0.98989898989899,0.954545454545455,0.0454545454545455,0.00464238343026222,6,6,297,TRUE,TRUE,TRUE
2L,CIcol,AGAP005763__SITE05,142,142,1,0.894366197183099,1,0.894366197183099,0.0985915492957746,0.00833599268606125,6,6,71,TRUE,TRUE,TRUE
2L,FRgam,AGAP005763__SITE05,48,48,1,0.979166666666667,1,0.979166666666667,0.0208333333333333,0.00177385265700483,6,6,24,TRUE,TRUE,FALSE
2L,GAgam,AGAP005763__SITE05,138,138,1,0.869565217391304,1,0.869565217391304,0.130434782608696,0.00986274348647982,6,6,69,TRUE,TRUE,TRUE
2L,GHcol,AGAP005763__SITE05,110,110,1,0.8,1,0.8,0.2,0.0139130434782609,6,6,55,TRUE,TRUE,TRUE
2L,GHgam,AGAP005763__SITE05,24,24,1,0.875,1,0.875,0.0833333333333333,0.0101147342995169,6,6,12,FALSE,TRUE,FALSE
2L,GNgam,AGAP005763__SITE05,80,80,1,1,1,1,0,0,6,6,40,TRUE,TRUE,TRUE
2L,UGgam,AGAP005763__SITE05,224,224,1,0.924107142857143,1,0.924107142857143,0.0758928571428571,0.00609853316326531,6,6,112,TRUE,TRUE,TRUE
3L,AOcol,AGAP011204__SITE01,156,156,1,0.974358974358974,1,0.974358974358974,0.0256410256410256,0.00217248377783495,9,9,78,TRUE,TRUE,TRUE
3L,BFcol,AGAP011204__SITE01,150,150,1,0.92,1,0.92,0.04,0.00790724637681159,9,9,75,TRUE,TRUE,TRUE
3L,BFgam,AGAP011204__SITE01,184,184,1,0.929347826086957,1,0.929347826086957,0.0652173913043478,0.00624126736253801,9,9,92,TRUE,TRUE,TRUE
3L,CMgam,AGAP011204__SITE01,594,594,1,0.944444444444444,0.998316498316498,0.946127946127946,0.0505050505050505,0.00460837329524198,9,9,297,TRUE,TRUE,TRUE
3L,CIcol,AGAP011204__SITE01,142,142,1,0.964788732394366,1,0.964788732394366,0.0211267605633803,0.00301441225429737,9,9,71,TRUE,TRUE,TRUE
3L,FRgam,AGAP011204__SITE01,48,48,1,0.875,1,0.875,0.104166666666667,0.00988828502415459,9,9,24,TRUE,TRUE,FALSE
3L,GAgam,AGAP011204__SITE01,138,138,1,0.789855072463768,1,0.789855072463768,0.202898550724638,0.0153055167438335,9,9,69,TRUE,TRUE,TRUE
3L,GHcol,AGAP011204__SITE01,110,110,1,0.963636363636364,1,0.963636363636364,0.0363636363636364,0.00304707150556953,9,9,55,TRUE,TRUE,TRUE
3L,GHgam,AGAP011204__SITE01,24,24,1,0.916666666666667,1,0.916666666666667,0.0833333333333333,0.00664251207729469,9,9,12,FALSE,TRUE,FALSE
3L,GNgam,AGAP011204__SITE01,80,80,1,0.925,1,0.925,0.075,0.00710597826086957,9,9,40,TRUE,TRUE,TRUE
3L,UGgam,AGAP011204__SITE01,224,224,1,0.879464285714286,1,0.879464285714286,0.116071428571429,0.00930810503549246,9,9,112,TRUE,TRUE,TRUE
3L,AOcol,AGAP011204__SITE02,156,156,1,0.955128205128205,0.980769230769231,0.974358974358974,0.0256410256410256,0.003812566103536,7,7,78,TRUE,TRUE,TRUE
3L,BFcol,AGAP011204__SITE02,150,150,1,0.906666666666667,0.986666666666667,0.92,0.04,0.00847536231884058,7,7,75,TRUE,TRUE,TRUE
3L,BFgam,AGAP011204__SITE02,184,184,1,0.929347826086957,1,0.929347826086957,0.0652173913043478,0.00577124599326046,7,7,92,TRUE,TRUE,TRUE
3L,CMgam,AGAP011204__SITE02,594,594,1,0.942760942760943,0.998316498316498,0.944444444444444,0.0505050505050505,0.00475451829572749,7,7,297,TRUE,TRUE,TRUE
3L,CIcol,AGAP011204__SITE02,142,142,1,0.950704225352113,0.985915492957746,0.964788732394366,0.0211267605633803,0.00422190214156957,7,7,71,TRUE,TRUE,TRUE
3L,FRgam,AGAP011204__SITE02,48,48,1,0.895833333333333,1,0.895833333333333,0.104166666666667,0.00811443236714976,7,7,24,TRUE,TRUE,FALSE
3L,GAgam,AGAP011204__SITE02,138,138,1,0.797101449275362,1,0.797101449275362,0.202898550724638,0.0140635416381286,7,7,69,TRUE,TRUE,TRUE
3L,GHcol,AGAP011204__SITE02,110,110,1,0.909090909090909,0.945454545454546,0.963636363636364,0.0545454545454545,0.00753144089112469,7,7,55,TRUE,TRUE,TRUE
3L,GHgam,AGAP011204__SITE02,24,24,1,0.916666666666667,1,0.916666666666667,0.0833333333333333,0.00664251207729469,7,7,12,FALSE,TRUE,FALSE
3L,GNgam,AGAP011204__SITE02,80,80,1,0.925,1,0.925,0.075,0.00603260869565218,7,7,40,TRUE,TRUE,TRUE
3L,UGgam,AGAP011204__SITE02,224,224,1,0.883928571428571,1,0.883928571428571,0.116071428571429,0.00892163930789707,7,7,112,TRUE,TRUE,TRUE
3L,AOcol,AGAP011204__SITE03,156,156,1,0.916666666666667,1,0.916666666666667,0.0384615384615385,0.00702841380098905,8,8,78,TRUE,TRUE,TRUE
3L,BFcol,AGAP011204__SITE03,150,150,1,0.7,0.993333333333333,0.706666666666667,0.24,0.0237217391304348,8,8,75,TRUE,TRUE,TRUE
3L,BFgam,AGAP011204__SITE03,184,184,1,0.679347826086957,0.978260869565217,0.701086956521739,0.233695652173913,0.0241277636229144,8,8,92,TRUE,TRUE,TRUE
3L,CMgam,AGAP011204__SITE03,594,594,1,0.71043771043771,0.97979797979798,0.728956228956229,0.228956228956229,0.022260126271252,8,8,297,TRUE,TRUE,TRUE
3L,CIcol,AGAP011204__SITE03,142,142,1,0.690140845070423,1,0.690140845070423,0.288732394366197,0.0258877206903392,8,8,71,TRUE,TRUE,TRUE
3L,FRgam,AGAP011204__SITE03,48,48,1,0.895833333333333,1,0.895833333333333,0.104166666666667,0.00988828502415459,8,8,24,TRUE,TRUE,FALSE
3L,GAgam,AGAP011204__SITE03,138,138,1,0.434782608695652,0.992753623188406,0.434782608695652,0.398550724637681,0.0386062482306421,8,8,69,TRUE,TRUE,TRUE
3L,GHcol,AGAP011204__SITE03,110,110,1,0.745454545454546,1,0.745454545454546,0.163636363636364,0.0259647862019404,8,8,55,TRUE,TRUE,TRUE
3L,GHgam,AGAP011204__SITE03,24,24,1,0.458333333333333,0.875,0.583333333333333,0.291666666666667,0.0375905797101449,8,8,12,FALSE,TRUE,FALSE
3L,GNgam,AGAP011204__SITE03,80,80,1,0.65,0.95,0.675,0.275,0.0275,8,8,40,TRUE,TRUE,TRUE
3L,UGgam,AGAP011204__SITE03,224,224,1,0.767857142857143,0.982142857142857,0.78125,0.125,0.0199679736024845,8,8,112,TRUE,TRUE,TRUE
3L,AOcol,AGAP011204__SITE04,156,156,1,0.961538461538461,1,0.961538461538461,0.0384615384615385,0.00321584769745305,5,5,78,TRUE,TRUE,TRUE
3L,BFcol,AGAP011204__SITE04,150,150,1,0.753333333333333,1,0.753333333333333,0.24,0.0186937198067633,5,5,75,TRUE,TRUE,TRUE
3L,BFgam,AGAP011204__SITE04,184,184,1,0.717391304347826,1,0.717391304347826,0.233695652173913,0.0206347086381195,5,5,92,TRUE,TRUE,TRUE
3L,CMgam,AGAP011204__SITE04,594,594,1,0.747474747474748,1,0.747474747474748,0.228956228956229,0.0189335407458669,5,5,297,TRUE,TRUE,TRUE
3L,CIcol,AGAP011204__SITE04,142,142,1,0.711267605633803,1,0.711267605633803,0.288732394366197,0.0184659703474983,5,5,71,TRUE,TRUE,TRUE
3L,FRgam,AGAP011204__SITE04,48,48,1,0.979166666666667,1,0.979166666666667,0.0208333333333333,0.00177385265700483,5,5,24,TRUE,TRUE,FALSE
3L,GAgam,AGAP011204__SITE04,138,138,1,0.586956521739131,1,0.586956521739131,0.398550724637681,0.0279398737934121,5,5,69,TRUE,TRUE,TRUE
3L,GHcol,AGAP011204__SITE04,110,110,1,0.836363636363636,1,0.836363636363636,0.163636363636364,0.0126841537908732,5,5,55,TRUE,TRUE,TRUE
3L,GHgam,AGAP011204__SITE04,24,24,1,0.541666666666667,1,0.541666666666667,0.291666666666667,0.0309480676328502,5,5,12,FALSE,TRUE,FALSE
3L,GNgam,AGAP011204__SITE04,80,80,1,0.6875,1,0.6875,0.275,0.0255978260869565,5,5,40,TRUE,TRUE,TRUE
3L,UGgam,AGAP011204__SITE04,224,224,1,0.857142857142857,1,0.857142857142857,0.125,0.0110463342945874,5,5,112,TRUE,TRUE,TRUE
3L,AOcol,AGAP011204__SITE05,156,156,1,0.974358974358974,1,0.974358974358974,0.0256410256410256,0.00217248377783495,7,7,78,TRUE,TRUE,TRUE
3L,BFcol,AGAP011204__SITE05,150,150,1,0.913333333333333,1,0.913333333333333,0.0866666666666667,0.00688309178743961,7,7,75,TRUE,TRUE,TRUE
3L,BFgam,AGAP011204__SITE05,184,184,1,0.923913043478261,1,0.923913043478261,0.0597826086956522,0.00629777266376264,7,7,92,TRUE,TRUE,TRUE
3L,CMgam,AGAP011204__SITE05,594,594,1,0.947811447811448,1,0.947811447811448,0.0454545454545455,0.00435699403639676,7,7,297,TRUE,TRUE,TRUE
3L,CIcol,AGAP011204__SITE05,142,142,1,0.957746478873239,1,0.957746478873239,0.0352112676056338,0.00356209516745297,7,7,71,TRUE,TRUE,TRUE
3L,FRgam,AGAP011204__SITE05,48,48,1,0.75,1,0.75,0.145833333333333,0.0189462560386473,7,7,24,TRUE,TRUE,FALSE
3L,GAgam,AGAP011204__SITE05,138,138,1,0.86231884057971,1,0.86231884057971,0.130434782608696,0.0104882971242797,7,7,69,TRUE,TRUE,TRUE
3L,GHcol,AGAP011204__SITE05,110,110,1,0.9,1,0.9,0.0818181818181818,0.00808480057491915,7,7,55,TRUE,TRUE,TRUE
3L,GHgam,AGAP011204__SITE05,24,24,1,0.875,1,0.875,0.125,0.00951086956521739,7,7,12,FALSE,TRUE,FALSE
3L,GNgam,AGAP011204__SITE05,80,80,1,0.875,1,0.875,0.1,0.00997282608695652,7,7,40,TRUE,TRUE,TRUE
3L,UGgam,AGAP011204__SITE05,224,224,1,0.870535714285714,1,0.870535714285714,0.120535714285714,0.00999091892191659,7,7,112,TRUE,TRUE,TRUE
3R,AOcol,AGAP009921__SITE01,156,156,1,1,1,1,0,0,2,2,78,TRUE,TRUE,TRUE
3R,BFcol,AGAP009921__SITE01,150,150,1,0.98,1,0.98,0.02,0.00170434782608696,2,2,75,TRUE,TRUE,TRUE
3R,BFgam,AGAP009921__SITE01,184,184,1,1,1,1,0,0,2,2,92,TRUE,TRUE,TRUE
3R,CMgam,AGAP009921__SITE01,594,594,1,0.998316498316498,1,0.998316498316498,0.00168350168350168,0.000146145000485507,2,2,297,TRUE,TRUE,TRUE
3R,CIcol,AGAP009921__SITE01,142,142,1,0.971830985915493,1,0.971830985915493,0.028169014084507,0.00238048006347947,2,2,71,TRUE,TRUE,TRUE
3R,FRgam,AGAP009921__SITE01,48,48,1,1,1,1,0,0,2,2,24,TRUE,TRUE,FALSE
3R,GAgam,AGAP009921__SITE01,138,138,1,1,1,1,0,0,2,2,69,TRUE,TRUE,TRUE
3R,GHcol,AGAP009921__SITE01,110,110,1,0.981818181818182,1,0.981818181818182,0.0181818181818182,0.00155228171038448,2,2,55,TRUE,TRUE,TRUE
3R,GHgam,AGAP009921__SITE01,24,24,1,1,1,1,0,0,2,2,12,FALSE,TRUE,FALSE
3R,GNgam,AGAP009921__SITE01,80,80,1,1,1,1,0,0,2,2,40,TRUE,TRUE,TRUE
3R,UGgam,AGAP009921__SITE01,224,224,1,1,1,1,0,0,2,2,112,TRUE,TRUE,TRUE
3R,AOcol,AGAP009921__SITE02,156,156,1,1,1,1,0,0,2,2,78,TRUE,TRUE,TRUE
3R,BFcol,AGAP009921__SITE02,150,150,1,1,1,1,0,0,2,2,75,TRUE,TRUE,TRUE
3R,BFgam,AGAP009921__SITE02,184,184,1,1,1,1,0,0,2,2,92,TRUE,TRUE,TRUE
3R,CMgam,AGAP009921__SITE02,594,594,1,1,1,1,0,0,2,2,297,TRUE,TRUE,TRUE
3R,CIcol,AGAP009921__SITE02,142,142,1,0.992957746478873,0.992957746478873,1,0.00704225352112676,0.000608057407519212,2,2,71,TRUE,TRUE,TRUE
3R,FRgam,AGAP009921__SITE02,48,48,1,1,1,1,0,0,2,2,24,TRUE,TRUE,FALSE
3R,GAgam,AGAP009921__SITE02,138,138,1,1,1,1,0,0,2,2,69,TRUE,TRUE,TRUE
3R,GHcol,AGAP009921__SITE02,110,110,1,1,1,1,0,0,2,2,55,TRUE,TRUE,TRUE
3R,GHgam,AGAP009921__SITE02,24,24,1,1,1,1,0,0,2,2,12,FALSE,TRUE,FALSE
3R,GNgam,AGAP009921__SITE02,80,80,1,0.9875,1,0.9875,0.0125,0.00107336956521739,2,2,40,TRUE,TRUE,TRUE
3R,UGgam,AGAP009921__SITE02,224,224,1,1,1,1,0,0,2,2,112,TRUE,TRUE,TRUE
3R,AOcol,AGAP009921__SITE03,156,156,1,1,1,1,0,0,2,2,78,TRUE,TRUE,TRUE
3R,BFcol,AGAP009921__SITE03,150,150,1,0.993333333333333,1,0.993333333333333,0.00666666666666667,0.000575845410628019,2,2,75,TRUE,TRUE,TRUE
3R,BFgam,AGAP009921__SITE03,184,184,1,0.994565217391304,1,0.994565217391304,0.00543478260869565,0.000470021369277554,2,2,92,TRUE,TRUE,TRUE
3R,CMgam,AGAP009921__SITE03,594,594,1,0.998316498316498,1,0.998316498316498,0.00168350168350168,0.000146145000485507,2,2,297,TRUE,TRUE,TRUE
3R,CIcol,AGAP009921__SITE03,142,142,1,1,1,1,0,0,2,2,71,TRUE,TRUE,TRUE
3R,FRgam,AGAP009921__SITE03,48,48,1,1,1,1,0,0,2,2,24,TRUE,TRUE,FALSE
3R,GAgam,AGAP009921__SITE03,138,138,1,1,1,1,0,0,2,2,69,TRUE,TRUE,TRUE
3R,GHcol,AGAP009921__SITE03,110,110,1,1,1,1,0,0,2,2,55,TRUE,TRUE,TRUE
3R,GHgam,AGAP009921__SITE03,24,24,1,1,1,1,0,0,2,2,12,FALSE,TRUE,FALSE
3R,GNgam,AGAP009921__SITE03,80,80,1,1,1,1,0,0,2,2,40,TRUE,TRUE,TRUE
3R,UGgam,AGAP009921__SITE03,224,224,1,1,1,1,0,0,2,2,112,TRUE,TRUE,TRUE
3R,AOcol,AGAP009921__SITE04,156,156,1,1,1,1,0,0,1,1,78,TRUE,TRUE,TRUE
3R,BFcol,AGAP009921__SITE04,150,150,1,0.98,1,0.98,0.02,0.00170434782608696,1,1,75,TRUE,TRUE,TRUE
3R,BFgam,AGAP009921__SITE04,184,184,1,0.989130434782609,1,0.989130434782609,0.0108695652173913,0.000934905892989233,1,1,92,TRUE,TRUE,TRUE
3R,CMgam,AGAP009921__SITE04,594,594,1,0.996632996632997,1,0.996632996632997,0.00336700336700337,0.000291797100463474,1,1,297,TRUE,TRUE,TRUE
3R,CIcol,AGAP009921__SITE04,142,142,1,0.866197183098592,1,0.866197183098592,0.133802816901408,0.0100782280948397,1,1,71,TRUE,TRUE,TRUE
3R,FRgam,AGAP009921__SITE04,48,48,1,1,1,1,0,0,1,1,24,TRUE,TRUE,FALSE
3R,GAgam,AGAP009921__SITE04,138,138,1,0.91304347826087,1,0.91304347826087,0.0869565217391304,0.00690392044053588,1,1,69,TRUE,TRUE,TRUE
3R,GHcol,AGAP009921__SITE04,110,110,1,0.763636363636364,1,0.763636363636364,0.236363636363636,0.015695292849443,1,1,55,TRUE,TRUE,TRUE
3R,GHgam,AGAP009921__SITE04,24,24,1,1,1,1,0,0,1,1,12,FALSE,TRUE,FALSE
3R,GNgam,AGAP009921__SITE04,80,80,1,0.9875,1,0.9875,0.0125,0.00107336956521739,1,1,40,TRUE,TRUE,TRUE
3R,UGgam,AGAP009921__SITE04,224,224,1,1,1,1,0,0,1,1,112,TRUE,TRUE,TRUE
3R,AOcol,AGAP009921__SITE05,156,156,1,1,1,1,0,0,3,3,78,TRUE,TRUE,TRUE
3R,BFcol,AGAP009921__SITE05,150,150,1,0.96,1,0.96,0.0266666666666667,0.00340096618357488,3,3,75,TRUE,TRUE,TRUE
3R,BFgam,AGAP009921__SITE05,184,184,1,1,1,1,0,0,3,3,92,TRUE,TRUE,TRUE
3R,CMgam,AGAP009921__SITE05,594,594,1,1,1,1,0,0,3,3,297,TRUE,TRUE,TRUE
3R,CIcol,AGAP009921__SITE05,142,142,1,0.929577464788732,1,0.929577464788732,0.0633802816901408,0.00577007667560784,3,3,71,TRUE,TRUE,TRUE
3R,FRgam,AGAP009921__SITE05,48,48,1,1,1,1,0,0,3,3,24,TRUE,TRUE,FALSE
3R,GAgam,AGAP009921__SITE05,138,138,1,1,1,1,0,0,3,3,69,TRUE,TRUE,TRUE
3R,GHcol,AGAP009921__SITE05,110,110,1,0.936363636363636,1,0.936363636363636,0.0454545454545455,0.00532518864534675,3,3,55,TRUE,TRUE,TRUE
3R,GHgam,AGAP009921__SITE05,24,24,1,1,1,1,0,0,3,3,12,FALSE,TRUE,FALSE
3R,GNgam,AGAP009921__SITE05,80,80,1,0.9875,1,0.9875,0.0125,0.00107336956521739,3,3,40,TRUE,TRUE,TRUE
3R,UGgam,AGAP009921__SITE05,224,224,1,1,1,1,0,0,3,3,112,TRUE,TRUE,TRUE
2R,AOcol,AGAP002300__SITE01,156,156,1,1,1,1,0,0,4,4,78,TRUE,TRUE,TRUE
2R,BFcol,AGAP002300__SITE01,150,150,1,0.893333333333333,1,0.893333333333333,0.1,0.00840193236714976,4,4,75,TRUE,TRUE,TRUE
2R,BFgam,AGAP002300__SITE01,184,184,1,0.798913043478261,1,0.798913043478261,0.201086956521739,0.0139696515163968,4,4,92,TRUE,TRUE,TRUE
2R,CMgam,AGAP002300__SITE01,594,594,1,0.882154882154882,0.996632996632997,0.885521885521886,0.109427609427609,0.00920393117728793,4,4,297,TRUE,TRUE,TRUE
2R,CIcol,AGAP002300__SITE01,142,142,1,1,1,1,0,0,4,4,71,TRUE,TRUE,TRUE
2R,FRgam,AGAP002300__SITE01,48,48,1,1,1,1,0,0,4,4,24,TRUE,TRUE,FALSE
2R,GAgam,AGAP002300__SITE01,138,138,1,1,1,1,0,0,4,4,69,TRUE,TRUE,TRUE
2R,GHcol,AGAP002300__SITE01,110,110,1,0.945454545454546,1,0.945454545454546,0.0363636363636364,0.00459935321595401,4,4,55,TRUE,TRUE,TRUE
2R,GHgam,AGAP002300__SITE01,24,24,1,1,1,1,0,0,4,4,12,FALSE,TRUE,FALSE
2R,GNgam,AGAP002300__SITE01,80,80,1,0.875,1,0.875,0.125,0.00951086956521739,4,4,40,TRUE,TRUE,TRUE
2R,UGgam,AGAP002300__SITE01,224,224,1,0.950892857142857,1,0.950892857142857,0.0446428571428571,0.00409515028837622,4,4,112,TRUE,TRUE,TRUE
2R,AOcol,AGAP002300__SITE02,156,156,1,0.166666666666667,1,0.166666666666667,0.833333333333333,0.0120772946859903,8,8,78,TRUE,TRUE,TRUE
2R,BFcol,AGAP002300__SITE02,150,150,1,0.18,1,0.18,0.813333333333333,0.0212367149758454,8,8,75,TRUE,TRUE,TRUE
2R,BFgam,AGAP002300__SITE02,184,184,1,0.505434782608696,0.994565217391304,0.510869565217391,0.489130434782609,0.0221988781129284,8,8,92,TRUE,TRUE,TRUE
2R,CMgam,AGAP002300__SITE02,594,594,1,0.351851851851852,1,0.351851851851852,0.648148148148148,0.0207045322694569,8,8,297,TRUE,TRUE,TRUE
2R,CIcol,AGAP002300__SITE02,142,142,1,0.197183098591549,0.992957746478873,0.197183098591549,0.802816901408451,0.0235374278740416,8,8,71,TRUE,TRUE,TRUE
2R,FRgam,AGAP002300__SITE02,48,48,1,0.270833333333333,1,0.270833333333333,0.729166666666667,0.0171724033816425,8,8,24,TRUE,TRUE,FALSE
2R,GAgam,AGAP002300__SITE02,138,138,1,0.0579710144927536,1,0.0579710144927536,0.942028985507246,0.00474872834534214,8,8,69,TRUE,TRUE,TRUE
2R,GHcol,AGAP002300__SITE02,110,110,1,0.181818181818182,1,0.181818181818182,0.818181818181818,0.0231764283147682,8,8,55,TRUE,TRUE,TRUE
2R,GHgam,AGAP002300__SITE02,24,24,1,0.0833333333333333,1,0.0833333333333333,0.916666666666667,0.0202294685990338,8,8,12,FALSE,TRUE,FALSE
2R,GNgam,AGAP002300__SITE02,80,80,1,0.4,0.9875,0.4125,0.5875,0.0242663043478261,8,8,40,TRUE,TRUE,TRUE
2R,UGgam,AGAP002300__SITE02,224,224,1,0.263392857142857,1,0.263392857142857,0.732142857142857,0.0189506848935226,8,8,112,TRUE,TRUE,TRUE
2R,AOcol,AGAP002300__SITE03,156,156,1,1,1,1,0,0,3,3,78,TRUE,TRUE,TRUE
2R,BFcol,AGAP002300__SITE03,150,150,1,1,1,1,0,0,3,3,75,TRUE,TRUE,TRUE
2R,BFgam,AGAP002300__SITE03,184,184,1,1,1,1,0,0,3,3,92,TRUE,TRUE,TRUE
2R,CMgam,AGAP002300__SITE03,594,594,1,0.993265993265993,1,0.993265993265993,0.00505050505050505,0.000583101300419409,3,3,297,TRUE,TRUE,TRUE
2R,CIcol,AGAP002300__SITE03,142,142,1,0.985915492957746,1,0.985915492957746,0.0140845070422535,0.00120748988727219,3,3,71,TRUE,TRUE,TRUE
2R,FRgam,AGAP002300__SITE03,48,48,1,1,1,1,0,0,3,3,24,TRUE,TRUE,FALSE
2R,GAgam,AGAP002300__SITE03,138,138,1,0.963768115942029,1,0.963768115942029,0.036231884057971,0.0030364464900505,3,3,69,TRUE,TRUE,TRUE
2R,GHcol,AGAP002300__SITE03,110,110,1,0.990909090909091,1,0.990909090909091,0.00909090909090909,0.000783327344592167,3,3,55,TRUE,TRUE,TRUE
2R,GHgam,AGAP002300__SITE03,24,24,1,1,1,1,0,0,3,3,12,FALSE,TRUE,FALSE
2R,GNgam,AGAP002300__SITE03,80,80,1,1,1,1,0,0,3,3,40,TRUE,TRUE,TRUE
2R,UGgam,AGAP002300__SITE03,224,224,1,0.986607142857143,1,0.986607142857143,0.0133928571428571,0.00114899900177462,3,3,112,TRUE,TRUE,TRUE
2R,AOcol,AGAP002300__SITE04,156,156,1,1,1,1,0,0,4,4,78,TRUE,TRUE,TRUE
2R,BFcol,AGAP002300__SITE04,150,150,1,1,1,1,0,0,4,4,75,TRUE,TRUE,TRUE
2R,BFgam,AGAP002300__SITE04,184,184,1,0.994565217391304,0.994565217391304,1,0.00543478260869565,0.000470021369277554,4,4,92,TRUE,TRUE,TRUE
2R,CMgam,AGAP002300__SITE04,594,594,1,0.993265993265993,1,0.993265993265993,0.00505050505050505,0.000583101300419409,4,4,297,TRUE,TRUE,TRUE
2R,CIcol,AGAP002300__SITE04,142,142,1,0.985915492957746,1,0.985915492957746,0.0140845070422535,0.00120748988727219,4,4,71,TRUE,TRUE,TRUE
2R,FRgam,AGAP002300__SITE04,48,48,1,1,1,1,0,0,4,4,24,TRUE,TRUE,FALSE
2R,GAgam,AGAP002300__SITE04,138,138,1,0.963768115942029,1,0.963768115942029,0.036231884057971,0.0030364464900505,4,4,69,TRUE,TRUE,TRUE
2R,GHcol,AGAP002300__SITE04,110,110,1,0.990909090909091,1,0.990909090909091,0.00909090909090909,0.000783327344592167,4,4,55,TRUE,TRUE,TRUE
2R,GHgam,AGAP002300__SITE04,24,24,1,1,1,1,0,0,4,4,12,FALSE,TRUE,FALSE
2R,GNgam,AGAP002300__SITE04,80,80,1,0.9875,0.9875,1,0.0125,0.00107336956521739,4,4,40,TRUE,TRUE,TRUE
2R,UGgam,AGAP002300__SITE04,224,224,1,0.986607142857143,1,0.986607142857143,0.0133928571428571,0.00114899900177462,4,4,112,TRUE,TRUE,TRUE
2R,AOcol,AGAP002300__SITE05,156,156,1,0.993589743589744,1,0.993589743589744,0.00641025641025641,0.000553840436783581,4,4,78,TRUE,TRUE,TRUE
2R,BFcol,AGAP002300__SITE05,150,150,1,1,1,1,0,0,4,4,75,TRUE,TRUE,TRUE
2R,BFgam,AGAP002300__SITE05,184,184,1,1,1,1,0,0,4,4,92,TRUE,TRUE,TRUE
2R,CMgam,AGAP002300__SITE05,594,594,1,0.998316498316498,1,0.998316498316498,0.00168350168350168,0.000146145000485507,4,4,297,TRUE,TRUE,TRUE
2R,CIcol,AGAP002300__SITE05,142,142,1,1,1,1,0,0,4,4,71,TRUE,TRUE,TRUE
2R,FRgam,AGAP002300__SITE05,48,48,1,1,1,1,0,0,4,4,24,TRUE,TRUE,FALSE
2R,GAgam,AGAP002300__SITE05,138,138,1,1,1,1,0,0,4,4,69,TRUE,TRUE,TRUE
2R,GHcol,AGAP002300__SITE05,110,110,1,1,1,1,0,0,4,4,55,TRUE,TRUE,TRUE
2R,GHgam,AGAP002300__SITE05,24,24,1,1,1,1,0,0,4,4,12,FALSE,TRUE,FALSE
2R,GNgam,AGAP002300__SITE05,80,80,1,0.9875,1,0.9875,0.0125,0.00107336956521739,4,4,40,TRUE,TRUE,TRUE
2R,UGgam,AGAP002300__SITE05,224,224,1,1,1,1,0,0,4,4,112,TRUE,TRUE,TRUE
2R,AOcol,AGAP004038__SITE01,156,156,1,0.974358974358974,1,0.974358974358974,0.0256410256410256,0.00217248377783495,5,5,78,TRUE,TRUE,TRUE
2R,BFcol,AGAP004038__SITE01,150,150,1,0.986666666666667,1,0.986666666666667,0.00666666666666667,0.00115169082125604,5,5,75,TRUE,TRUE,TRUE
2R,BFgam,AGAP004038__SITE01,184,184,1,1,1,1,0,0,5,5,92,TRUE,TRUE,TRUE
2R,CMgam,AGAP004038__SITE01,594,594,1,0.998316498316498,0.998316498316498,1,0.00168350168350168,0.000146145000485507,5,5,297,TRUE,TRUE,TRUE
2R,CIcol,AGAP004038__SITE01,142,142,1,0.985915492957746,0.985915492957746,1,0.0140845070422535,0.00120748988727219,5,5,71,TRUE,TRUE,TRUE
2R,FRgam,AGAP004038__SITE01,48,48,1,1,1,1,0,0,5,5,24,TRUE,TRUE,FALSE
2R,GAgam,AGAP004038__SITE01,138,138,1,1,1,1,0,0,5,5,69,TRUE,TRUE,TRUE
2R,GHcol,AGAP004038__SITE01,110,110,1,0.990909090909091,1,0.990909090909091,0.00909090909090909,0.000783327344592167,5,5,55,TRUE,TRUE,TRUE
2R,GHgam,AGAP004038__SITE01,24,24,1,1,1,1,0,0,5,5,12,FALSE,TRUE,FALSE
2R,GNgam,AGAP004038__SITE01,80,80,1,1,1,1,0,0,5,5,40,TRUE,TRUE,TRUE
2R,UGgam,AGAP004038__SITE01,224,224,1,1,1,1,0,0,5,5,112,TRUE,TRUE,TRUE
2R,AOcol,AGAP004038__SITE02,156,156,1,0.461538461538462,1,0.461538461538462,0.538461538461538,0.0216104965268845,5,5,78,TRUE,TRUE,TRUE
2R,BFcol,AGAP004038__SITE02,150,150,1,0.986666666666667,1,0.986666666666667,0.00666666666666667,0.00115169082125604,5,5,75,TRUE,TRUE,TRUE
2R,BFgam,AGAP004038__SITE02,184,184,1,0.91304347826087,1,0.91304347826087,0.0706521739130435,0.00849891098874003,5,5,92,TRUE,TRUE,TRUE
2R,CMgam,AGAP004038__SITE02,594,594,1,0.934343434343434,1,0.934343434343434,0.0555555555555556,0.00601757584629785,5,5,297,TRUE,TRUE,TRUE
2R,CIcol,AGAP004038__SITE02,142,142,1,1,1,1,0,0,5,5,71,TRUE,TRUE,TRUE
2R,FRgam,AGAP004038__SITE02,48,48,1,1,1,1,0,0,5,5,24,TRUE,TRUE,FALSE
2R,GAgam,AGAP004038__SITE02,138,138,1,0.891304347826087,1,0.891304347826087,0.108695652173913,0.00842442672803485,5,5,69,TRUE,TRUE,TRUE
2R,GHcol,AGAP004038__SITE02,110,110,1,0.981818181818182,1,0.981818181818182,0.00909090909090909,0.00156665468918433,5,5,55,TRUE,TRUE,TRUE
2R,GHgam,AGAP004038__SITE02,24,24,1,0.833333333333333,1,0.833333333333333,0.125,0.0129830917874396,5,5,12,FALSE,TRUE,FALSE
2R,GNgam,AGAP004038__SITE02,80,80,1,0.9625,1,0.9625,0.0375,0.00313858695652174,5,5,40,TRUE,TRUE,TRUE
2R,UGgam,AGAP004038__SITE02,224,224,1,0.852678571428571,1,0.852678571428571,0.147321428571429,0.0109232891526176,5,5,112,TRUE,TRUE,TRUE
2R,AOcol,AGAP004038__SITE03,156,156,1,0,1,0,1,0.000553840436783581,5,5,78,TRUE,TRUE,TRUE
2R,BFcol,AGAP004038__SITE03,150,150,1,0.0866666666666667,1,0.0866666666666667,0.913333333333333,0.00971594202898551,5,5,75,TRUE,TRUE,TRUE
2R,BFgam,AGAP004038__SITE03,184,184,1,0,1,0,1,0.00139465357113504,5,5,92,TRUE,TRUE,TRUE
2R,CMgam,AGAP004038__SITE03,594,594,1,0,1,0,1,0.00058162259889679,5,5,297,TRUE,TRUE,TRUE
2R,CIcol,AGAP004038__SITE03,142,142,1,0,1,0,1,0.00523101869021847,5,5,71,TRUE,TRUE,TRUE
2R,FRgam,AGAP004038__SITE03,48,48,1,0,1,0,1,0,5,5,24,TRUE,TRUE,FALSE
2R,GAgam,AGAP004038__SITE03,138,138,1,0,1,0,1,0,5,5,69,TRUE,TRUE,TRUE
2R,GHcol,AGAP004038__SITE03,110,110,1,0.0454545454545455,1,0.0454545454545455,0.954545454545455,0.0122242184692778,5,5,55,TRUE,TRUE,TRUE
2R,GHgam,AGAP004038__SITE03,24,24,1,0,1,0,1,0,5,5,12,FALSE,TRUE,FALSE
2R,GNgam,AGAP004038__SITE03,80,80,1,0,1,0,1,0,5,5,40,TRUE,TRUE,TRUE
2R,UGgam,AGAP004038__SITE03,224,224,1,0,1,0,1,0.000386465727595386,5,5,112,TRUE,TRUE,TRUE
2R,AOcol,AGAP004038__SITE04,156,156,1,1,1,1,0,0,0,0,78,TRUE,TRUE,TRUE
2R,BFcol,AGAP004038__SITE04,150,150,1,1,1,1,0,0,0,0,75,TRUE,TRUE,TRUE
2R,BFgam,AGAP004038__SITE04,184,184,1,1,1,1,0,0,0,0,92,TRUE,TRUE,TRUE
2R,CMgam,AGAP004038__SITE04,594,594,1,1,1,1,0,0,0,0,297,TRUE,TRUE,TRUE
2R,CIcol,AGAP004038__SITE04,142,142,1,1,1,1,0,0,0,0,71,TRUE,TRUE,TRUE
2R,FRgam,AGAP004038__SITE04,48,48,1,1,1,1,0,0,0,0,24,TRUE,TRUE,FALSE
2R,GAgam,AGAP004038__SITE04,138,138,1,1,1,1,0,0,0,0,69,TRUE,TRUE,TRUE
2R,GHcol,AGAP004038__SITE04,110,110,1,1,1,1,0,0,0,0,55,TRUE,TRUE,TRUE
2R,GHgam,AGAP004038__SITE04,24,24,1,1,1,1,0,0,0,0,12,FALSE,TRUE,FALSE
2R,GNgam,AGAP004038__SITE04,80,80,1,1,1,1,0,0,0,0,40,TRUE,TRUE,TRUE
2R,UGgam,AGAP004038__SITE04,224,224,1,1,1,1,0,0,0,0,112,TRUE,TRUE,TRUE
2R,AOcol,AGAP004038__SITE05,156,156,1,1,1,1,0,0,6,6,78,TRUE,TRUE,TRUE
2R,BFcol,AGAP004038__SITE05,150,150,1,0.946666666666667,0.946666666666667,1,0.0266666666666667,0.00451400966183575,6,6,75,TRUE,TRUE,TRUE
2R,BFgam,AGAP004038__SITE05,184,184,1,0.760869565217391,0.809782608695652,0.951086956521739,0.190217391304348,0.0174806854606723,6,6,92,TRUE,TRUE,TRUE
2R,CMgam,AGAP004038__SITE05,594,594,1,0.833333333333333,0.853535353535354,0.97979797979798,0.146464646464646,0.0125973047214447,6,6,297,TRUE,TRUE,TRUE
2R,CIcol,AGAP004038__SITE05,142,142,1,0.929577464788732,0.929577464788732,1,0.0563380281690141,0.00583045116997145,6,6,71,TRUE,TRUE,TRUE
2R,FRgam,AGAP004038__SITE05,48,48,1,1,1,1,0,0,6,6,24,TRUE,TRUE,FALSE
2R,GAgam,AGAP004038__SITE05,138,138,1,0.608695652173913,0.826086956521739,0.782608695652174,0.217391304347826,0.0272869236459275,6,6,69,TRUE,TRUE,TRUE
2R,GHcol,AGAP004038__SITE05,110,110,1,0.872727272727273,0.872727272727273,1,0.127272727272727,0.00965864175350341,6,6,55,TRUE,TRUE,TRUE
2R,GHgam,AGAP004038__SITE05,24,24,1,0.666666666666667,0.666666666666667,1,0.333333333333333,0.0193236714975845,6,6,12,FALSE,TRUE,FALSE
2R,GNgam,AGAP004038__SITE05,80,80,1,0.7125,0.7625,0.95,0.2375,0.0198777173913043,6,6,40,TRUE,TRUE,TRUE
2R,UGgam,AGAP004038__SITE05,224,224,1,0.745535714285714,0.808035714285714,0.9375,0.191964285714286,0.0185832824977817,6,6,112,TRUE,TRUE,TRUE
2R,AOcol,AGAP003769__SITE01,156,156,1,0.987179487179487,1,0.987179487179487,0.0128205128205128,0.0011005345453506,4,4,78,TRUE,TRUE,TRUE
2R,BFcol,AGAP003769__SITE01,150,150,1,0.926666666666667,1,0.926666666666667,0.0666666666666667,0.00598647342995169,4,4,75,TRUE,TRUE,TRUE
2R,BFgam,AGAP003769__SITE01,184,184,1,0.994565217391304,1,0.994565217391304,0.00543478260869565,0.000470021369277554,4,4,92,TRUE,TRUE,TRUE
2R,CMgam,AGAP003769__SITE01,594,594,1,0.978114478114478,1,0.978114478114478,0.0202020202020202,0.00186735357281397,4,4,297,TRUE,TRUE,TRUE
2R,CIcol,AGAP003769__SITE01,142,142,1,0.936619718309859,1,0.936619718309859,0.0633802816901408,0.00516201926808863,4,4,71,TRUE,TRUE,TRUE
2R,FRgam,AGAP003769__SITE01,48,48,1,0.9375,1,0.9375,0.0625,0.00509510869565217,4,4,24,TRUE,TRUE,FALSE
2R,GAgam,AGAP003769__SITE01,138,138,1,1,1,1,0,0,4,4,69,TRUE,TRUE,TRUE
2R,GHcol,AGAP003769__SITE01,110,110,1,0.918181818181818,1,0.918181818181818,0.0636363636363636,0.00674811354653252,4,4,55,TRUE,TRUE,TRUE
2R,GHgam,AGAP003769__SITE01,24,24,1,1,1,1,0,0,4,4,12,FALSE,TRUE,FALSE
2R,GNgam,AGAP003769__SITE01,80,80,1,0.975,1,0.975,0.025,0.0021195652173913,4,4,40,TRUE,TRUE,TRUE
2R,UGgam,AGAP003769__SITE01,224,224,1,1,1,1,0,0,4,4,112,TRUE,TRUE,TRUE
2R,AOcol,AGAP003769__SITE02,156,156,1,1,1,1,0,0,2,2,78,TRUE,TRUE,TRUE
2R,BFcol,AGAP003769__SITE02,150,150,1,0.94,1,0.94,0.06,0.00490434782608696,2,2,75,TRUE,TRUE,TRUE
2R,BFgam,AGAP003769__SITE02,184,184,1,0.994565217391304,1,0.994565217391304,0.00543478260869565,0.000470021369277554,2,2,92,TRUE,TRUE,TRUE
2R,CMgam,AGAP003769__SITE02,594,594,1,0.994949494949495,1,0.994949494949495,0.00505050505050505,0.000436956299933902,2,2,297,TRUE,TRUE,TRUE
2R,CIcol,AGAP003769__SITE02,142,142,1,0.950704225352113,1,0.950704225352113,0.0492957746478873,0.00407527836954365,2,2,71,TRUE,TRUE,TRUE
2R,FRgam,AGAP003769__SITE02,48,48,1,1,1,1,0,0,2,2,24,TRUE,TRUE,FALSE
2R,GAgam,AGAP003769__SITE02,138,138,1,1,1,1,0,0,2,2,69,TRUE,TRUE,TRUE
2R,GHcol,AGAP003769__SITE02,110,110,1,0.854545454545455,0.990909090909091,0.863636363636364,0.136363636363636,0.0110240747394898,2,2,55,TRUE,TRUE,TRUE
2R,GHgam,AGAP003769__SITE02,24,24,1,1,1,1,0,0,2,2,12,FALSE,TRUE,FALSE
2R,GNgam,AGAP003769__SITE02,80,80,1,1,1,1,0,0,2,2,40,TRUE,TRUE,TRUE
2R,UGgam,AGAP003769__SITE02,224,224,1,0.991071428571429,1,0.991071428571429,0.00892857142857143,0.000769465394853594,2,2,112,TRUE,TRUE,TRUE
2R,AOcol,AGAP003769__SITE03,156,156,1,1,1,1,0,0,3,3,78,TRUE,TRUE,TRUE
2R,BFcol,AGAP003769__SITE03,150,150,1,0.94,0.993333333333333,0.946666666666667,0.0533333333333333,0.00496618357487923,3,3,75,TRUE,TRUE,TRUE
2R,BFgam,AGAP003769__SITE03,184,184,1,1,1,1,0,0,3,3,92,TRUE,TRUE,TRUE
2R,CMgam,AGAP003769__SITE03,594,594,1,1,1,1,0,0,3,3,297,TRUE,TRUE,TRUE
2R,CIcol,AGAP003769__SITE03,142,142,1,0.950704225352113,1,0.950704225352113,0.0492957746478873,0.00407527836954365,3,3,71,TRUE,TRUE,TRUE
2R,FRgam,AGAP003769__SITE03,48,48,1,0.9375,1,0.9375,0.0625,0.00509510869565217,3,3,24,TRUE,TRUE,FALSE
2R,GAgam,AGAP003769__SITE03,138,138,1,1,1,1,0,0,3,3,69,TRUE,TRUE,TRUE
2R,GHcol,AGAP003769__SITE03,110,110,1,0.981818181818182,1,0.981818181818182,0.0181818181818182,0.00155228171038448,3,3,55,TRUE,TRUE,TRUE
2R,GHgam,AGAP003769__SITE03,24,24,1,1,1,1,0,0,3,3,12,FALSE,TRUE,FALSE
2R,GNgam,AGAP003769__SITE03,80,80,1,0.9875,1,0.9875,0.0125,0.00107336956521739,3,3,40,TRUE,TRUE,TRUE
2R,UGgam,AGAP003769__SITE03,224,224,1,1,1,1,0,0,3,3,112,TRUE,TRUE,TRUE
2R,AOcol,AGAP003769__SITE04,156,156,1,0.82051282051282,1,0.82051282051282,0.17948717948718,0.0128062201640797,5,5,78,TRUE,TRUE,TRUE
2R,BFcol,AGAP003769__SITE04,150,150,1,0.9,0.986666666666667,0.913333333333333,0.0666666666666667,0.00825893719806763,5,5,75,TRUE,TRUE,TRUE
2R,BFgam,AGAP003769__SITE04,184,184,1,0.934782608695652,1,0.934782608695652,0.0652173913043478,0.00530122462398291,5,5,92,TRUE,TRUE,TRUE
2R,CMgam,AGAP003769__SITE04,594,594,1,0.954545454545455,1,0.954545454545455,0.0420875420875421,0.00379755196033925,5,5,297,TRUE,TRUE,TRUE
2R,CIcol,AGAP003769__SITE04,142,142,1,0.802816901408451,0.992957746478873,0.809859154929578,0.147887323943662,0.0150849986631362,5,5,71,TRUE,TRUE,TRUE
2R,FRgam,AGAP003769__SITE04,48,48,1,1,1,1,0,0,5,5,24,TRUE,TRUE,FALSE
2R,GAgam,AGAP003769__SITE04,138,138,1,0.869565217391304,1,0.869565217391304,0.130434782608696,0.00986274348647982,5,5,69,TRUE,TRUE,TRUE
2R,GHcol,AGAP003769__SITE04,110,110,1,0.763636363636364,0.972727272727273,0.790909090909091,0.172727272727273,0.0178081207330219,5,5,55,TRUE,TRUE,TRUE
2R,GHgam,AGAP003769__SITE04,24,24,1,0.958333333333333,1,0.958333333333333,0.0416666666666667,0.00347222222222222,5,5,12,FALSE,TRUE,FALSE
2R,GNgam,AGAP003769__SITE04,80,80,1,0.9,1,0.9,0.1,0.00782608695652174,5,5,40,TRUE,TRUE,TRUE
2R,UGgam,AGAP003769__SITE04,224,224,1,0.964285714285714,1,0.964285714285714,0.0357142857142857,0.00299467613132209,5,5,112,TRUE,TRUE,TRUE
2R,AOcol,AGAP003769__SITE05,156,156,1,1,1,1,0,0,4,4,78,TRUE,TRUE,TRUE
2R,BFcol,AGAP003769__SITE05,150,150,1,0.926666666666667,1,0.926666666666667,0.0533333333333333,0.00609468599033816,4,4,75,TRUE,TRUE,TRUE
2R,BFgam,AGAP003769__SITE05,184,184,1,1,1,1,0,0,4,4,92,TRUE,TRUE,TRUE
2R,CMgam,AGAP003769__SITE05,594,594,1,0.998316498316498,1,0.998316498316498,0.00168350168350168,0.000146145000485507,4,4,297,TRUE,TRUE,TRUE
2R,CIcol,AGAP003769__SITE05,142,142,1,0.894366197183099,1,0.894366197183099,0.0563380281690141,0.00874998921884029,4,4,71,TRUE,TRUE,TRUE
2R,FRgam,AGAP003769__SITE05,48,48,1,0.916666666666667,1,0.916666666666667,0.0833333333333333,0.00664251207729469,4,4,24,TRUE,TRUE,FALSE
2R,GAgam,AGAP003769__SITE05,138,138,1,0.963768115942029,1,0.963768115942029,0.036231884057971,0.0030364464900505,4,4,69,TRUE,TRUE,TRUE
2R,GHcol,AGAP003769__SITE05,110,110,1,0.827272727272727,1,0.827272727272727,0.136363636363636,0.0132878189004671,4,4,55,TRUE,TRUE,TRUE
2R,GHgam,AGAP003769__SITE05,24,24,1,1,1,1,0,0,4,4,12,FALSE,TRUE,FALSE
2R,GNgam,AGAP003769__SITE05,80,80,1,1,1,1,0,0,4,4,40,TRUE,TRUE,TRUE
2R,UGgam,AGAP003769__SITE05,224,224,1,1,1,1,0,0,4,4,112,TRUE,TRUE,TRUE
2R,AOcol,AGAP002004__SITE01,156,156,1,0.948717948717949,1,0.948717948717949,0.0512820512820513,0.0042306263042049,10,10,78,TRUE,TRUE,TRUE
2R,BFcol,AGAP002004__SITE01,150,150,1,0.96,0.993333333333333,0.966666666666667,0.0133333333333333,0.00343961352657005,10,10,75,TRUE,TRUE,TRUE
2R,BFgam,AGAP002004__SITE01,184,184,1,0.994565217391304,1,0.994565217391304,0.00543478260869565,0.000470021369277554,10,10,92,TRUE,TRUE,TRUE
2R,CMgam,AGAP002004__SITE01,594,594,1,0.993265993265993,1,0.993265993265993,0.00336700336700337,0.000584087101434488,10,10,297,TRUE,TRUE,TRUE
2R,CIcol,AGAP002004__SITE01,142,142,1,0.823943661971831,0.957746478873239,0.866197183098592,0.0985915492957746,0.0142009435670976,10,10,71,TRUE,TRUE,TRUE
2R,FRgam,AGAP002004__SITE01,48,48,1,1,1,1,0,0,10,10,24,TRUE,TRUE,FALSE
2R,GAgam,AGAP002004__SITE01,138,138,1,0.891304347826087,1,0.891304347826087,0.108695652173913,0.00842442672803485,10,10,69,TRUE,TRUE,TRUE
2R,GHcol,AGAP002004__SITE01,110,110,1,0.945454545454546,0.945454545454546,1,0.0545454545454545,0.00448436938555516,10,10,55,TRUE,TRUE,TRUE
2R,GHgam,AGAP002004__SITE01,24,24,1,1,1,1,0,0,10,10,12,FALSE,TRUE,FALSE
2R,GNgam,AGAP002004__SITE01,80,80,1,1,1,1,0,0,10,10,40,TRUE,TRUE,TRUE
2R,UGgam,AGAP002004__SITE01,224,224,1,1,1,1,0,0,10,10,112,TRUE,TRUE,TRUE
2R,AOcol,AGAP002004__SITE02,156,156,1,0.993589743589744,1,0.993589743589744,0.00641025641025641,0.000553840436783581,6,6,78,TRUE,TRUE,TRUE
2R,BFcol,AGAP002004__SITE02,150,150,1,1,1,1,0,0,6,6,75,TRUE,TRUE,TRUE
2R,BFgam,AGAP002004__SITE02,184,184,1,0.989130434782609,1,0.989130434782609,0.00543478260869565,0.000940042738555108,6,6,92,TRUE,TRUE,TRUE
2R,CMgam,AGAP002004__SITE02,594,594,1,0.996632996632997,1,0.996632996632997,0.00168350168350168,0.000292290000971014,6,6,297,TRUE,TRUE,TRUE
2R,CIcol,AGAP002004__SITE02,142,142,1,1,1,1,0,0,6,6,71,TRUE,TRUE,TRUE
2R,FRgam,AGAP002004__SITE02,48,48,1,1,1,1,0,0,6,6,24,TRUE,TRUE,FALSE
2R,GAgam,AGAP002004__SITE02,138,138,1,1,1,1,0,0,6,6,69,TRUE,TRUE,TRUE
2R,GHcol,AGAP002004__SITE02,110,110,1,1,1,1,0,0,6,6,55,TRUE,TRUE,TRUE
2R,GHgam,AGAP002004__SITE02,24,24,1,1,1,1,0,0,6,6,12,FALSE,TRUE,FALSE
2R,GNgam,AGAP002004__SITE02,80,80,1,1,1,1,0,0,6,6,40,TRUE,TRUE,TRUE
2R,UGgam,AGAP002004__SITE02,224,224,1,0.986607142857143,1,0.986607142857143,0.00446428571428571,0.00115939718278616,6,6,112,TRUE,TRUE,TRUE
2R,AOcol,AGAP002004__SITE03,156,156,1,1,1,1,0,0,5,5,78,TRUE,TRUE,TRUE
2R,BFcol,AGAP002004__SITE03,150,150,1,0.993333333333333,1,0.993333333333333,0.00666666666666667,0.000575845410628019,5,5,75,TRUE,TRUE,TRUE
2R,BFgam,AGAP002004__SITE03,184,184,1,0.967391304347826,0.989130434782609,0.978260869565217,0.0217391304347826,0.0027841702967042,5,5,92,TRUE,TRUE,TRUE
2R,CMgam,AGAP002004__SITE03,594,594,1,0.978114478114478,0.998316498316498,0.97979797979798,0.0185185185185185,0.00187277547839691,5,5,297,TRUE,TRUE,TRUE
2R,CIcol,AGAP002004__SITE03,142,142,1,0.992957746478873,1,0.992957746478873,0.00704225352112676,0.000608057407519212,5,5,71,TRUE,TRUE,TRUE
2R,FRgam,AGAP002004__SITE03,48,48,1,1,1,1,0,0,5,5,24,TRUE,TRUE,FALSE
2R,GAgam,AGAP002004__SITE03,138,138,1,1,1,1,0,0,5,5,69,TRUE,TRUE,TRUE
2R,GHcol,AGAP002004__SITE03,110,110,1,0.981818181818182,1,0.981818181818182,0.00909090909090909,0.00156665468918433,5,5,55,TRUE,TRUE,TRUE
2R,GHgam,AGAP002004__SITE03,24,24,1,1,1,1,0,0,5,5,12,FALSE,TRUE,FALSE
2R,GNgam,AGAP002004__SITE03,80,80,1,1,1,1,0,0,5,5,40,TRUE,TRUE,TRUE
2R,UGgam,AGAP002004__SITE03,224,224,1,0.96875,1,0.96875,0.0223214285714286,0.00266713342945874,5,5,112,TRUE,TRUE,TRUE
2R,AOcol,AGAP002004__SITE04,156,156,1,0.955128205128205,0.955128205128205,1,0.0448717948717949,0.00372681016493726,12,12,78,TRUE,TRUE,TRUE
2R,BFcol,AGAP002004__SITE04,150,150,1,0.98,1,0.98,0.00666666666666667,0.00172753623188406,12,12,75,TRUE,TRUE,TRUE
2R,BFgam,AGAP002004__SITE04,184,184,1,0.951086956521739,1,0.951086956521739,0.0217391304347826,0.00418909755897099,12,12,92,TRUE,TRUE,TRUE
2R,CMgam,AGAP002004__SITE04,594,594,1,0.95959595959596,1,0.95959595959596,0.0134680134680135,0.00348480658830534,12,12,297,TRUE,TRUE,TRUE
2R,CIcol,AGAP002004__SITE04,142,142,1,0.97887323943662,1,0.97887323943662,0.00704225352112676,0.00182417222255764,12,12,71,TRUE,TRUE,TRUE
2R,FRgam,AGAP002004__SITE04,48,48,1,1,1,1,0,0,12,12,24,TRUE,TRUE,FALSE
2R,GAgam,AGAP002004__SITE04,138,138,1,0.985507246376812,1,0.985507246376812,0.0144927536231884,0.00124197510570487,12,12,69,TRUE,TRUE,TRUE
2R,GHcol,AGAP002004__SITE04,110,110,1,0.963636363636364,1,0.963636363636364,0.0181818181818182,0.00311893639956881,12,12,55,TRUE,TRUE,TRUE
2R,GHgam,AGAP002004__SITE04,24,24,1,0.916666666666667,1,0.916666666666667,0.0416666666666667,0.00694444444444444,12,12,12,FALSE,TRUE,FALSE
2R,GNgam,AGAP002004__SITE04,80,80,1,0.95,0.9875,0.9625,0.0125,0.00429347826086957,12,12,40,TRUE,TRUE,TRUE
2R,UGgam,AGAP002004__SITE04,224,224,1,0.991071428571429,1,0.991071428571429,0.00446428571428571,0.000772931455190772,12,12,112,TRUE,TRUE,TRUE
2R,AOcol,AGAP002004__SITE05,156,156,1,1,1,1,0,0,7,7,78,TRUE,TRUE,TRUE
2R,BFcol,AGAP002004__SITE05,150,150,1,0.98,1,0.98,0.0133333333333333,0.00171980676328502,7,7,75,TRUE,TRUE,TRUE
2R,BFgam,AGAP002004__SITE05,184,184,1,0.96195652173913,0.994565217391304,0.967391304347826,0.016304347826087,0.00326960220267938,7,7,92,TRUE,TRUE,TRUE
2R,CMgam,AGAP002004__SITE05,594,594,1,0.944444444444444,0.98989898989899,0.954545454545455,0.0151515151515152,0.00477004466171499,7,7,297,TRUE,TRUE,TRUE
2R,CIcol,AGAP002004__SITE05,142,142,1,1,1,1,0,0,7,7,71,TRUE,TRUE,TRUE
2R,FRgam,AGAP002004__SITE05,48,48,1,1,1,1,0,0,7,7,24,TRUE,TRUE,FALSE
2R,GAgam,AGAP002004__SITE05,138,138,1,0.91304347826087,1,0.91304347826087,0.0869565217391304,0.00690392044053588,7,7,69,TRUE,TRUE,TRUE
2R,GHcol,AGAP002004__SITE05,110,110,1,0.990909090909091,1,0.990909090909091,0.00909090909090909,0.000783327344592167,7,7,55,TRUE,TRUE,TRUE
2R,GHgam,AGAP002004__SITE05,24,24,1,0.958333333333333,0.958333333333333,1,0.0416666666666667,0.00347222222222222,7,7,12,FALSE,TRUE,FALSE
2R,GNgam,AGAP002004__SITE05,80,80,1,0.9375,0.975,0.9625,0.025,0.0053125,7,7,40,TRUE,TRUE,TRUE
2R,UGgam,AGAP002004__SITE05,224,224,1,0.977678571428571,1,0.977678571428571,0.0133928571428571,0.00191846439662822,7,7,112,TRUE,TRUE,TRUE
3R,AOcol,AGAP009488__SITE01,156,156,1,0.993589743589744,1,0.993589743589744,0.00641025641025641,0.000553840436783581,5,5,78,TRUE,TRUE,TRUE
3R,BFcol,AGAP009488__SITE01,150,150,1,0.973333333333333,1,0.973333333333333,0.0266666666666667,0.00225700483091787,5,5,75,TRUE,TRUE,TRUE
3R,BFgam,AGAP009488__SITE01,184,184,1,0.96195652173913,1,0.96195652173913,0.0271739130434783,0.00323878112928413,5,5,92,TRUE,TRUE,TRUE
3R,CMgam,AGAP009488__SITE01,594,594,1,0.925925925925926,1,0.925925925925926,0.069023569023569,0.00602570870467225,5,5,297,TRUE,TRUE,TRUE
3R,CIcol,AGAP009488__SITE01,142,142,1,1,1,1,0,0,5,5,71,TRUE,TRUE,TRUE
3R,FRgam,AGAP009488__SITE01,48,48,1,1,1,1,0,0,5,5,24,TRUE,TRUE,FALSE
3R,GAgam,AGAP009488__SITE01,138,138,1,0.833333333333333,1,0.833333333333333,0.166666666666667,0.0120772946859903,5,5,69,TRUE,TRUE,TRUE
3R,GHcol,AGAP009488__SITE01,110,110,1,0.963636363636364,0.990909090909091,0.972727272727273,0.0272727272727273,0.0030901904419691,5,5,55,TRUE,TRUE,TRUE
3R,GHgam,AGAP009488__SITE01,24,24,1,0.916666666666667,1,0.916666666666667,0.0416666666666667,0.00694444444444444,5,5,12,FALSE,TRUE,FALSE
3R,GNgam,AGAP009488__SITE01,80,80,1,0.95,1,0.95,0.05,0.0041304347826087,5,5,40,TRUE,TRUE,TRUE
3R,UGgam,AGAP009488__SITE01,224,224,1,0.910714285714286,1,0.910714285714286,0.0892857142857143,0.00707076308784383,5,5,112,TRUE,TRUE,TRUE
3R,AOcol,AGAP009488__SITE02,156,156,1,1,1,1,0,0,2,2,78,TRUE,TRUE,TRUE
3R,BFcol,AGAP009488__SITE02,150,150,1,1,1,1,0,0,2,2,75,TRUE,TRUE,TRUE
3R,BFgam,AGAP009488__SITE02,184,184,1,1,1,1,0,0,2,2,92,TRUE,TRUE,TRUE
3R,CMgam,AGAP009488__SITE02,594,594,1,0.998316498316498,1,0.998316498316498,0.00168350168350168,0.000146145000485507,2,2,297,TRUE,TRUE,TRUE
3R,CIcol,AGAP009488__SITE02,142,142,1,1,1,1,0,0,2,2,71,TRUE,TRUE,TRUE
3R,FRgam,AGAP009488__SITE02,48,48,1,1,1,1,0,0,2,2,24,TRUE,TRUE,FALSE
3R,GAgam,AGAP009488__SITE02,138,138,1,0.992753623188406,1,0.992753623188406,0.0072463768115942,0.000625553637799878,2,2,69,TRUE,TRUE,TRUE
3R,GHcol,AGAP009488__SITE02,110,110,1,1,1,1,0,0,2,2,55,TRUE,TRUE,TRUE
3R,GHgam,AGAP009488__SITE02,24,24,1,1,1,1,0,0,2,2,12,FALSE,TRUE,FALSE
3R,GNgam,AGAP009488__SITE02,80,80,1,1,1,1,0,0,2,2,40,TRUE,TRUE,TRUE
3R,UGgam,AGAP009488__SITE02,224,224,1,1,1,1,0,0,2,2,112,TRUE,TRUE,TRUE
3R,AOcol,AGAP009488__SITE03,156,156,1,0.993589743589744,1,0.993589743589744,0.00641025641025641,0.000553840436783581,4,4,78,TRUE,TRUE,TRUE
3R,BFcol,AGAP009488__SITE03,150,150,1,0.966666666666667,1,0.966666666666667,0.0266666666666667,0.00283285024154589,4,4,75,TRUE,TRUE,TRUE
3R,BFgam,AGAP009488__SITE03,184,184,1,1,1,1,0,0,4,4,92,TRUE,TRUE,TRUE
3R,CMgam,AGAP009488__SITE03,594,594,1,1,1,1,0,0,4,4,297,TRUE,TRUE,TRUE
3R,CIcol,AGAP009488__SITE03,142,142,1,0.971830985915493,1,0.971830985915493,0.0211267605633803,0.00240635484677816,4,4,71,TRUE,TRUE,TRUE
3R,FRgam,AGAP009488__SITE03,48,48,1,1,1,1,0,0,4,4,24,TRUE,TRUE,FALSE
3R,GAgam,AGAP009488__SITE03,138,138,1,1,1,1,0,0,4,4,69,TRUE,TRUE,TRUE
3R,GHcol,AGAP009488__SITE03,110,110,1,0.981818181818182,1,0.981818181818182,0.0181818181818182,0.00155228171038448,4,4,55,TRUE,TRUE,TRUE
3R,GHgam,AGAP009488__SITE03,24,24,1,1,1,1,0,0,4,4,12,FALSE,TRUE,FALSE
3R,GNgam,AGAP009488__SITE03,80,80,1,1,1,1,0,0,4,4,40,TRUE,TRUE,TRUE
3R,UGgam,AGAP009488__SITE03,224,224,1,1,1,1,0,0,4,4,112,TRUE,TRUE,TRUE
3R,AOcol,AGAP009488__SITE04,156,156,1,0.993589743589744,1,0.993589743589744,0.00641025641025641,0.000553840436783581,4,4,78,TRUE,TRUE,TRUE
3R,BFcol,AGAP009488__SITE04,150,150,1,0.966666666666667,1,0.966666666666667,0.0266666666666667,0.00283285024154589,4,4,75,TRUE,TRUE,TRUE
3R,BFgam,AGAP009488__SITE04,184,184,1,1,1,1,0,0,4,4,92,TRUE,TRUE,TRUE
3R,CMgam,AGAP009488__SITE04,594,594,1,1,1,1,0,0,4,4,297,TRUE,TRUE,TRUE
3R,CIcol,AGAP009488__SITE04,142,142,1,0.971830985915493,1,0.971830985915493,0.0211267605633803,0.00240635484677816,4,4,71,TRUE,TRUE,TRUE
3R,FRgam,AGAP009488__SITE04,48,48,1,1,1,1,0,0,4,4,24,TRUE,TRUE,FALSE
3R,GAgam,AGAP009488__SITE04,138,138,1,1,1,1,0,0,4,4,69,TRUE,TRUE,TRUE
3R,GHcol,AGAP009488__SITE04,110,110,1,0.981818181818182,1,0.981818181818182,0.0181818181818182,0.00155228171038448,4,4,55,TRUE,TRUE,TRUE
3R,GHgam,AGAP009488__SITE04,24,24,1,1,1,1,0,0,4,4,12,FALSE,TRUE,FALSE
3R,GNgam,AGAP009488__SITE04,80,80,1,1,1,1,0,0,4,4,40,TRUE,TRUE,TRUE
3R,UGgam,AGAP009488__SITE04,224,224,1,1,1,1,0,0,4,4,112,TRUE,TRUE,TRUE
3R,AOcol,AGAP009488__SITE05,156,156,1,1,1,1,0,0,2,2,78,TRUE,TRUE,TRUE
3R,BFcol,AGAP009488__SITE05,150,150,1,0.953333333333333,1,0.953333333333333,0.0466666666666667,0.00386859903381643,2,2,75,TRUE,TRUE,TRUE
3R,BFgam,AGAP009488__SITE05,184,184,1,1,1,1,0,0,2,2,92,TRUE,TRUE,TRUE
3R,CMgam,AGAP009488__SITE05,594,594,1,0.996632996632997,1,0.996632996632997,0.00336700336700337,0.000291797100463474,2,2,297,TRUE,TRUE,TRUE
3R,CIcol,AGAP009488__SITE05,142,142,1,0.971830985915493,1,0.971830985915493,0.028169014084507,0.00238048006347947,2,2,71,TRUE,TRUE,TRUE
3R,FRgam,AGAP009488__SITE05,48,48,1,1,1,1,0,0,2,2,24,TRUE,TRUE,FALSE
3R,GAgam,AGAP009488__SITE05,138,138,1,0.992753623188406,1,0.992753623188406,0.0072463768115942,0.000625553637799878,2,2,69,TRUE,TRUE,TRUE
3R,GHcol,AGAP009488__SITE05,110,110,1,0.954545454545455,1,0.954545454545455,0.0363636363636364,0.0038303988501617,2,2,55,TRUE,TRUE,TRUE
3R,GHgam,AGAP009488__SITE05,24,24,1,1,1,1,0,0,2,2,12,FALSE,TRUE,FALSE
3R,GNgam,AGAP009488__SITE05,80,80,1,0.9875,1,0.9875,0.0125,0.00107336956521739,2,2,40,TRUE,TRUE,TRUE
3R,UGgam,AGAP009488__SITE05,224,224,1,0.995535714285714,1,0.995535714285714,0.00446428571428571,0.000386465727595386,2,2,112,TRUE,TRUE,TRUE
2L,AOcol,AGAP005127__SITE01,156,156,1,1,1,1,0,0,3,3,78,TRUE,TRUE,TRUE
2L,BFcol,AGAP005127__SITE01,150,150,1,0.946666666666667,1,0.946666666666667,0.0533333333333333,0.00439033816425121,3,3,75,TRUE,TRUE,TRUE
2L,BFgam,AGAP005127__SITE01,184,184,1,0.983695652173913,1,0.983695652173913,0.016304347826087,0.00139465357113504,3,3,92,TRUE,TRUE,TRUE
2L,CMgam,AGAP005127__SITE01,594,594,1,0.966329966329966,0.998316498316498,0.968013468013468,0.0185185185185185,0.00288198926758435,3,3,297,TRUE,TRUE,TRUE
2L,CIcol,AGAP005127__SITE01,142,142,1,0.957746478873239,1,0.957746478873239,0.0422535211267606,0.00351897052862182,3,3,71,TRUE,TRUE,TRUE
2L,FRgam,AGAP005127__SITE01,48,48,1,1,1,1,0,0,3,3,24,TRUE,TRUE,FALSE
2L,GAgam,AGAP005127__SITE01,138,138,1,1,1,1,0,0,3,3,69,TRUE,TRUE,TRUE
2L,GHcol,AGAP005127__SITE01,110,110,1,0.954545454545455,1,0.954545454545455,0.0454545454545455,0.00377290693496227,3,3,55,TRUE,TRUE,TRUE
2L,GHgam,AGAP005127__SITE01,24,24,1,0.916666666666667,1,0.916666666666667,0.0833333333333333,0.00664251207729469,3,3,12,FALSE,TRUE,FALSE
2L,GNgam,AGAP005127__SITE01,80,80,1,0.9875,1,0.9875,0.0125,0.00107336956521739,3,3,40,TRUE,TRUE,TRUE
2L,UGgam,AGAP005127__SITE01,224,224,1,1,1,1,0,0,3,3,112,TRUE,TRUE,TRUE
2L,AOcol,AGAP005127__SITE02,156,156,1,1,1,1,0,0,3,3,78,TRUE,TRUE,TRUE
2L,BFcol,AGAP005127__SITE02,150,150,1,1,1,1,0,0,3,3,75,TRUE,TRUE,TRUE
2L,BFgam,AGAP005127__SITE02,184,184,1,1,1,1,0,0,3,3,92,TRUE,TRUE,TRUE
2L,CMgam,AGAP005127__SITE02,594,594,1,0.986531986531987,0.986531986531987,1,0.0134680134680135,0.00115535878967295,3,3,297,TRUE,TRUE,TRUE
2L,CIcol,AGAP005127__SITE02,142,142,1,1,1,1,0,0,3,3,71,TRUE,TRUE,TRUE
2L,FRgam,AGAP005127__SITE02,48,48,1,1,1,1,0,0,3,3,24,TRUE,TRUE,FALSE
2L,GAgam,AGAP005127__SITE02,138,138,1,1,1,1,0,0,3,3,69,TRUE,TRUE,TRUE
2L,GHcol,AGAP005127__SITE02,110,110,1,0.990909090909091,1,0.990909090909091,0.00909090909090909,0.000783327344592167,3,3,55,TRUE,TRUE,TRUE
2L,GHgam,AGAP005127__SITE02,24,24,1,1,1,1,0,0,3,3,12,FALSE,TRUE,FALSE
2L,GNgam,AGAP005127__SITE02,80,80,1,1,1,1,0,0,3,3,40,TRUE,TRUE,TRUE
2L,UGgam,AGAP005127__SITE02,224,224,1,1,1,1,0,0,3,3,112,TRUE,TRUE,TRUE
2L,AOcol,AGAP005127__SITE03,156,156,1,1,1,1,0,0,6,6,78,TRUE,TRUE,TRUE
2L,BFcol,AGAP005127__SITE03,150,150,1,0.973333333333333,1,0.973333333333333,0.0133333333333333,0.00229565217391304,6,6,75,TRUE,TRUE,TRUE
2L,BFgam,AGAP005127__SITE03,184,184,1,0.989130434782609,0.994565217391304,0.994565217391304,0.00543478260869565,0.000940042738555108,6,6,92,TRUE,TRUE,TRUE
2L,CMgam,AGAP005127__SITE03,594,594,1,0.993265993265993,1,0.993265993265993,0.00336700336700337,0.000583594200926949,6,6,297,TRUE,TRUE,TRUE
2L,CIcol,AGAP005127__SITE03,142,142,1,1,1,1,0,0,6,6,71,TRUE,TRUE,TRUE
2L,FRgam,AGAP005127__SITE03,48,48,1,1,1,1,0,0,6,6,24,TRUE,TRUE,FALSE
2L,GAgam,AGAP005127__SITE03,138,138,1,1,1,1,0,0,6,6,69,TRUE,TRUE,TRUE
2L,GHcol,AGAP005127__SITE03,110,110,1,0.990909090909091,1,0.990909090909091,0.00909090909090909,0.000783327344592167,6,6,55,TRUE,TRUE,TRUE
2L,GHgam,AGAP005127__SITE03,24,24,1,0.958333333333333,0.958333333333333,1,0.0416666666666667,0.00347222222222222,6,6,12,FALSE,TRUE,FALSE
2L,GNgam,AGAP005127__SITE03,80,80,1,1,1,1,0,0,6,6,40,TRUE,TRUE,TRUE
2L,UGgam,AGAP005127__SITE03,224,224,1,1,1,1,0,0,6,6,112,TRUE,TRUE,TRUE
2L,AOcol,AGAP005127__SITE04,156,156,1,1,1,1,0,0,3,3,78,TRUE,TRUE,TRUE
2L,BFcol,AGAP005127__SITE04,150,150,1,1,1,1,0,0,3,3,75,TRUE,TRUE,TRUE
2L,BFgam,AGAP005127__SITE04,184,184,1,0.923913043478261,1,0.923913043478261,0.0760869565217391,0.00611284622339114,3,3,92,TRUE,TRUE,TRUE
2L,CMgam,AGAP005127__SITE04,594,594,1,0.981481481481481,1,0.981481481481481,0.0168350168350168,0.00158541448250129,3,3,297,TRUE,TRUE,TRUE
2L,CIcol,AGAP005127__SITE04,142,142,1,1,1,1,0,0,3,3,71,TRUE,TRUE,TRUE
2L,FRgam,AGAP005127__SITE04,48,48,1,1,1,1,0,0,3,3,24,TRUE,TRUE,FALSE
2L,GAgam,AGAP005127__SITE04,138,138,1,0.978260869565217,1,0.978260869565217,0.0217391304347826,0.00184926440371497,3,3,69,TRUE,TRUE,TRUE
2L,GHcol,AGAP005127__SITE04,110,110,1,1,1,1,0,0,3,3,55,TRUE,TRUE,TRUE
2L,GHgam,AGAP005127__SITE04,24,24,1,1,1,1,0,0,3,3,12,FALSE,TRUE,FALSE
2L,GNgam,AGAP005127__SITE04,80,80,1,0.9875,1,0.9875,0.0125,0.00107336956521739,3,3,40,TRUE,TRUE,TRUE
2L,UGgam,AGAP005127__SITE04,224,224,1,0.995535714285714,1,0.995535714285714,0.00446428571428571,0.000386465727595386,3,3,112,TRUE,TRUE,TRUE
2L,AOcol,AGAP005127__SITE05,156,156,1,0.993589743589744,0.993589743589744,1,0.00641025641025641,0.000553840436783581,5,5,78,TRUE,TRUE,TRUE
2L,BFcol,AGAP005127__SITE05,150,150,1,0.986666666666667,0.986666666666667,1,0.0133333333333333,0.00114396135265701,5,5,75,TRUE,TRUE,TRUE
2L,BFgam,AGAP005127__SITE05,184,184,1,1,1,1,0,0,5,5,92,TRUE,TRUE,TRUE
2L,CMgam,AGAP005127__SITE05,594,594,1,0.994949494949495,0.998316498316498,0.996632996632997,0.00168350168350168,0.000438435001456521,5,5,297,TRUE,TRUE,TRUE
2L,CIcol,AGAP005127__SITE05,142,142,1,0.992957746478873,1,0.992957746478873,0.00704225352112676,0.000608057407519212,5,5,71,TRUE,TRUE,TRUE
2L,FRgam,AGAP005127__SITE05,48,48,1,1,1,1,0,0,5,5,24,TRUE,TRUE,FALSE
2L,GAgam,AGAP005127__SITE05,138,138,1,1,1,1,0,0,5,5,69,TRUE,TRUE,TRUE
2L,GHcol,AGAP005127__SITE05,110,110,1,1,1,1,0,0,5,5,55,TRUE,TRUE,TRUE
2L,GHgam,AGAP005127__SITE05,24,24,1,1,1,1,0,0,5,5,12,FALSE,TRUE,FALSE
2L,GNgam,AGAP005127__SITE05,80,80,1,1,1,1,0,0,5,5,40,TRUE,TRUE,TRUE
2L,UGgam,AGAP005127__SITE05,224,224,1,0.995535714285714,1,0.995535714285714,0.00446428571428571,0.000386465727595386,5,5,112,TRUE,TRUE,TRUE
3L,AOcol,AGAP010711__SITE01,156,156,1,0.967948717948718,1,0.967948717948718,0.0320512820512821,0.00269773890175228,1,1,78,TRUE,TRUE,TRUE
3L,BFcol,AGAP010711__SITE01,150,150,1,1,1,1,0,0,1,1,75,TRUE,TRUE,TRUE
3L,BFgam,AGAP010711__SITE01,184,184,1,1,1,1,0,0,1,1,92,TRUE,TRUE,TRUE
3L,CMgam,AGAP010711__SITE01,594,594,1,1,1,1,0,0,1,1,297,TRUE,TRUE,TRUE
3L,CIcol,AGAP010711__SITE01,142,142,1,1,1,1,0,0,1,1,71,TRUE,TRUE,TRUE
3L,FRgam,AGAP010711__SITE01,48,48,1,1,1,1,0,0,1,1,24,TRUE,TRUE,FALSE
3L,GAgam,AGAP010711__SITE01,138,138,1,1,1,1,0,0,1,1,69,TRUE,TRUE,TRUE
3L,GHcol,AGAP010711__SITE01,110,110,1,1,1,1,0,0,1,1,55,TRUE,TRUE,TRUE
3L,GHgam,AGAP010711__SITE01,24,24,1,1,1,1,0,0,1,1,12,FALSE,TRUE,FALSE
3L,GNgam,AGAP010711__SITE01,80,80,1,1,1,1,0,0,1,1,40,TRUE,TRUE,TRUE
3L,UGgam,AGAP010711__SITE01,224,224,1,1,1,1,0,0,1,1,112,TRUE,TRUE,TRUE
3L,AOcol,AGAP010711__SITE02,156,156,1,0.967948717948718,1,0.967948717948718,0.0320512820512821,0.00269773890175228,1,1,78,TRUE,TRUE,TRUE
3L,BFcol,AGAP010711__SITE02,150,150,1,1,1,1,0,0,1,1,75,TRUE,TRUE,TRUE
3L,BFgam,AGAP010711__SITE02,184,184,1,1,1,1,0,0,1,1,92,TRUE,TRUE,TRUE
3L,CMgam,AGAP010711__SITE02,594,594,1,1,1,1,0,0,1,1,297,TRUE,TRUE,TRUE
3L,CIcol,AGAP010711__SITE02,142,142,1,1,1,1,0,0,1,1,71,TRUE,TRUE,TRUE
3L,FRgam,AGAP010711__SITE02,48,48,1,1,1,1,0,0,1,1,24,TRUE,TRUE,FALSE
3L,GAgam,AGAP010711__SITE02,138,138,1,1,1,1,0,0,1,1,69,TRUE,TRUE,TRUE
3L,GHcol,AGAP010711__SITE02,110,110,1,1,1,1,0,0,1,1,55,TRUE,TRUE,TRUE
3L,GHgam,AGAP010711__SITE02,24,24,1,1,1,1,0,0,1,1,12,FALSE,TRUE,FALSE
3L,GNgam,AGAP010711__SITE02,80,80,1,1,1,1,0,0,1,1,40,TRUE,TRUE,TRUE
3L,UGgam,AGAP010711__SITE02,224,224,1,1,1,1,0,0,1,1,112,TRUE,TRUE,TRUE
3L,AOcol,AGAP010711__SITE03,156,156,1,1,1,1,0,0,4,4,78,TRUE,TRUE,TRUE
3L,BFcol,AGAP010711__SITE03,150,150,1,0.973333333333333,1,0.973333333333333,0.0266666666666667,0.00225700483091787,4,4,75,TRUE,TRUE,TRUE
3L,BFgam,AGAP010711__SITE03,184,184,1,0.994565217391304,0.994565217391304,1,0.00543478260869565,0.000470021369277554,4,4,92,TRUE,TRUE,TRUE
3L,CMgam,AGAP010711__SITE03,594,594,1,0.986531986531987,0.993265993265993,0.993265993265993,0.00673400673400673,0.00116570970033128,4,4,297,TRUE,TRUE,TRUE
3L,CIcol,AGAP010711__SITE03,142,142,1,1,1,1,0,0,4,4,71,TRUE,TRUE,TRUE
3L,FRgam,AGAP010711__SITE03,48,48,1,1,1,1,0,0,4,4,24,TRUE,TRUE,FALSE
3L,GAgam,AGAP010711__SITE03,138,138,1,0.978260869565217,1,0.978260869565217,0.0217391304347826,0.00184926440371497,4,4,69,TRUE,TRUE,TRUE
3L,GHcol,AGAP010711__SITE03,110,110,1,1,1,1,0,0,4,4,55,TRUE,TRUE,TRUE
3L,GHgam,AGAP010711__SITE03,24,24,1,1,1,1,0,0,4,4,12,FALSE,TRUE,FALSE
3L,GNgam,AGAP010711__SITE03,80,80,1,1,1,1,0,0,4,4,40,TRUE,TRUE,TRUE
3L,UGgam,AGAP010711__SITE03,224,224,1,1,1,1,0,0,4,4,112,TRUE,TRUE,TRUE
3L,AOcol,AGAP010711__SITE04,156,156,1,1,1,1,0,0,4,4,78,TRUE,TRUE,TRUE
3L,BFcol,AGAP010711__SITE04,150,150,1,1,1,1,0,0,4,4,75,TRUE,TRUE,TRUE
3L,BFgam,AGAP010711__SITE04,184,184,1,1,1,1,0,0,4,4,92,TRUE,TRUE,TRUE
3L,CMgam,AGAP010711__SITE04,594,594,1,0.998316498316498,1,0.998316498316498,0.00168350168350168,0.000146145000485507,4,4,297,TRUE,TRUE,TRUE
3L,CIcol,AGAP010711__SITE04,142,142,1,0.936619718309859,1,0.936619718309859,0.0633802816901408,0.00516201926808863,4,4,71,TRUE,TRUE,TRUE
3L,FRgam,AGAP010711__SITE04,48,48,1,0.958333333333333,0.958333333333333,1,0.0416666666666667,0.00347222222222222,4,4,24,TRUE,TRUE,FALSE
3L,GAgam,AGAP010711__SITE04,138,138,1,0.985507246376812,1,0.985507246376812,0.0144927536231884,0.00124197510570487,4,4,69,TRUE,TRUE,TRUE
3L,GHcol,AGAP010711__SITE04,110,110,1,0.954545454545455,1,0.954545454545455,0.0454545454545455,0.00377290693496227,4,4,55,TRUE,TRUE,TRUE
3L,GHgam,AGAP010711__SITE04,24,24,1,1,1,1,0,0,4,4,12,FALSE,TRUE,FALSE
3L,GNgam,AGAP010711__SITE04,80,80,1,0.9875,0.9875,1,0.0125,0.00107336956521739,4,4,40,TRUE,TRUE,TRUE
3L,UGgam,AGAP010711__SITE04,224,224,1,1,1,1,0,0,4,4,112,TRUE,TRUE,TRUE
3L,AOcol,AGAP010711__SITE05,156,156,1,1,1,1,0,0,4,4,78,TRUE,TRUE,TRUE
3L,BFcol,AGAP010711__SITE05,150,150,1,1,1,1,0,0,4,4,75,TRUE,TRUE,TRUE
3L,BFgam,AGAP010711__SITE05,184,184,1,1,1,1,0,0,4,4,92,TRUE,TRUE,TRUE
3L,CMgam,AGAP010711__SITE05,594,594,1,0.998316498316498,1,0.998316498316498,0.00168350168350168,0.000146145000485507,4,4,297,TRUE,TRUE,TRUE
3L,CIcol,AGAP010711__SITE05,142,142,1,0.936619718309859,1,0.936619718309859,0.0633802816901408,0.00516201926808863,4,4,71,TRUE,TRUE,TRUE
3L,FRgam,AGAP010711__SITE05,48,48,1,0.958333333333333,1,0.958333333333333,0.0416666666666667,0.00347222222222222,4,4,24,TRUE,TRUE,FALSE
3L,GAgam,AGAP010711__SITE05,138,138,1,0.985507246376812,1,0.985507246376812,0.0144927536231884,0.00124197510570487,4,4,69,TRUE,TRUE,TRUE
3L,GHcol,AGAP010711__SITE05,110,110,1,0.954545454545455,1,0.954545454545455,0.0454545454545455,0.00377290693496227,4,4,55,TRUE,TRUE,TRUE
3L,GHgam,AGAP010711__SITE05,24,24,1,1,1,1,0,0,4,4,12,FALSE,TRUE,FALSE
3L,GNgam,AGAP010711__SITE05,80,80,1,0.9875,1,0.9875,0.0125,0.00107336956521739,4,4,40,TRUE,TRUE,TRUE
3L,UGgam,AGAP010711__SITE05,224,224,1,1,1,1,0,0,4,4,112,TRUE,TRUE,TRUE
2L,AOcol,AGAP005321__SITE01,156,156,1,1,1,1,0,0,5,5,78,TRUE,TRUE,TRUE
2L,BFcol,AGAP005321__SITE01,150,150,1,0.993333333333333,1,0.993333333333333,0.00666666666666667,0.000575845410628019,5,5,75,TRUE,TRUE,TRUE
2L,BFgam,AGAP005321__SITE01,184,184,1,0.994565217391304,1,0.994565217391304,0.00543478260869565,0.000470021369277554,5,5,92,TRUE,TRUE,TRUE
2L,CMgam,AGAP005321__SITE01,594,594,1,0.993265993265993,0.998316498316498,0.994949494949495,0.00336700336700337,0.000584087101434488,5,5,297,TRUE,TRUE,TRUE
2L,CIcol,AGAP005321__SITE01,142,142,1,0.971830985915493,1,0.971830985915493,0.028169014084507,0.00238048006347947,5,5,71,TRUE,TRUE,TRUE
2L,FRgam,AGAP005321__SITE01,48,48,1,1,1,1,0,0,5,5,24,TRUE,TRUE,FALSE
2L,GAgam,AGAP005321__SITE01,138,138,1,1,1,1,0,0,5,5,69,TRUE,TRUE,TRUE
2L,GHcol,AGAP005321__SITE01,110,110,1,0.972727272727273,1,0.972727272727273,0.0272727272727273,0.00230686309737693,5,5,55,TRUE,TRUE,TRUE
2L,GHgam,AGAP005321__SITE01,24,24,1,1,1,1,0,0,5,5,12,FALSE,TRUE,FALSE
2L,GNgam,AGAP005321__SITE01,80,80,1,1,1,1,0,0,5,5,40,TRUE,TRUE,TRUE
2L,UGgam,AGAP005321__SITE01,224,224,1,0.995535714285714,1,0.995535714285714,0.00446428571428571,0.000386465727595386,5,5,112,TRUE,TRUE,TRUE
2L,AOcol,AGAP005321__SITE02,156,156,1,1,1,1,0,0,6,6,78,TRUE,TRUE,TRUE
2L,BFcol,AGAP005321__SITE02,150,150,1,0.96,1,0.96,0.02,0.00342415458937198,6,6,75,TRUE,TRUE,TRUE
2L,BFgam,AGAP005321__SITE02,184,184,1,0.951086956521739,1,0.951086956521739,0.0489130434782609,0.00404526588312649,6,6,92,TRUE,TRUE,TRUE
2L,CMgam,AGAP005321__SITE02,594,594,1,0.915824915824916,1,0.915824915824916,0.0791245791245791,0.00677393167511745,6,6,297,TRUE,TRUE,TRUE
2L,CIcol,AGAP005321__SITE02,142,142,1,0.992957746478873,1,0.992957746478873,0.00704225352112676,0.000608057407519212,6,6,71,TRUE,TRUE,TRUE
2L,FRgam,AGAP005321__SITE02,48,48,1,0.979166666666667,1,0.979166666666667,0.0208333333333333,0.00177385265700483,6,6,24,TRUE,TRUE,FALSE
2L,GAgam,AGAP005321__SITE02,138,138,1,0.927536231884058,1,0.927536231884058,0.072463768115942,0.00584458873272878,6,6,69,TRUE,TRUE,TRUE
2L,GHcol,AGAP005321__SITE02,110,110,1,1,1,1,0,0,6,6,55,TRUE,TRUE,TRUE
2L,GHgam,AGAP005321__SITE02,24,24,1,0.708333333333333,1,0.708333333333333,0.291666666666667,0.0179649758454106,6,6,12,FALSE,TRUE,FALSE
2L,GNgam,AGAP005321__SITE02,80,80,1,0.9375,1,0.9375,0.0625,0.00509510869565217,6,6,40,TRUE,TRUE,TRUE
2L,UGgam,AGAP005321__SITE02,224,224,1,0.915178571428571,1,0.915178571428571,0.0758928571428571,0.0068679985581189,6,6,112,TRUE,TRUE,TRUE
2L,AOcol,AGAP005321__SITE03,156,156,1,1,1,1,0,0,6,6,78,TRUE,TRUE,TRUE
2L,BFcol,AGAP005321__SITE03,150,150,1,0.96,1,0.96,0.02,0.00342415458937198,6,6,75,TRUE,TRUE,TRUE
2L,BFgam,AGAP005321__SITE03,184,184,1,0.951086956521739,1,0.951086956521739,0.0489130434782609,0.00404526588312649,6,6,92,TRUE,TRUE,TRUE
2L,CMgam,AGAP005321__SITE03,594,594,1,0.915824915824916,1,0.915824915824916,0.0791245791245791,0.00677393167511745,6,6,297,TRUE,TRUE,TRUE
2L,CIcol,AGAP005321__SITE03,142,142,1,0.992957746478873,1,0.992957746478873,0.00704225352112676,0.000608057407519212,6,6,71,TRUE,TRUE,TRUE
2L,FRgam,AGAP005321__SITE03,48,48,1,0.979166666666667,1,0.979166666666667,0.0208333333333333,0.00177385265700483,6,6,24,TRUE,TRUE,FALSE
2L,GAgam,AGAP005321__SITE03,138,138,1,0.927536231884058,1,0.927536231884058,0.072463768115942,0.00584458873272878,6,6,69,TRUE,TRUE,TRUE
2L,GHcol,AGAP005321__SITE03,110,110,1,1,1,1,0,0,6,6,55,TRUE,TRUE,TRUE
2L,GHgam,AGAP005321__SITE03,24,24,1,0.708333333333333,1,0.708333333333333,0.291666666666667,0.0179649758454106,6,6,12,FALSE,TRUE,FALSE
2L,GNgam,AGAP005321__SITE03,80,80,1,0.9375,1,0.9375,0.0625,0.00509510869565217,6,6,40,TRUE,TRUE,TRUE
2L,UGgam,AGAP005321__SITE03,224,224,1,0.915178571428571,1,0.915178571428571,0.0758928571428571,0.0068679985581189,6,6,112,TRUE,TRUE,TRUE
2L,AOcol,AGAP005321__SITE04,156,156,1,0.916666666666667,1,0.916666666666667,0.0833333333333333,0.00664251207729469,5,5,78,TRUE,TRUE,TRUE
2L,BFcol,AGAP005321__SITE04,150,150,1,0.966666666666667,1,0.966666666666667,0.0133333333333333,0.00286376811594203,5,5,75,TRUE,TRUE,TRUE
2L,BFgam,AGAP005321__SITE04,184,184,1,0.983695652173913,1,0.983695652173913,0.016304347826087,0.00139465357113504,5,5,92,TRUE,TRUE,TRUE
2L,CMgam,AGAP005321__SITE04,594,594,1,0.993265993265993,1,0.993265993265993,0.00505050505050505,0.000583101300419409,5,5,297,TRUE,TRUE,TRUE
2L,CIcol,AGAP005321__SITE04,142,142,1,1,1,1,0,0,5,5,71,TRUE,TRUE,TRUE
2L,FRgam,AGAP005321__SITE04,48,48,1,1,1,1,0,0,5,5,24,TRUE,TRUE,FALSE
2L,GAgam,AGAP005321__SITE04,138,138,1,1,1,1,0,0,5,5,69,TRUE,TRUE,TRUE
2L,GHcol,AGAP005321__SITE04,110,110,1,0.990909090909091,1,0.990909090909091,0.00909090909090909,0.000783327344592167,5,5,55,TRUE,TRUE,TRUE
2L,GHgam,AGAP005321__SITE04,24,24,1,1,1,1,0,0,5,5,12,FALSE,TRUE,FALSE
2L,GNgam,AGAP005321__SITE04,80,80,1,1,1,1,0,0,5,5,40,TRUE,TRUE,TRUE
2L,UGgam,AGAP005321__SITE04,224,224,1,0.991071428571429,1,0.991071428571429,0.00892857142857143,0.000769465394853594,5,5,112,TRUE,TRUE,TRUE
2L,AOcol,AGAP005321__SITE05,156,156,1,0.916666666666667,1,0.916666666666667,0.0833333333333333,0.00664251207729469,5,5,78,TRUE,TRUE,TRUE
2L,BFcol,AGAP005321__SITE05,150,150,1,0.966666666666667,1,0.966666666666667,0.0133333333333333,0.00286376811594203,5,5,75,TRUE,TRUE,TRUE
2L,BFgam,AGAP005321__SITE05,184,184,1,0.983695652173913,1,0.983695652173913,0.016304347826087,0.00139465357113504,5,5,92,TRUE,TRUE,TRUE
2L,CMgam,AGAP005321__SITE05,594,594,1,0.993265993265993,1,0.993265993265993,0.00505050505050505,0.000583101300419409,5,5,297,TRUE,TRUE,TRUE
2L,CIcol,AGAP005321__SITE05,142,142,1,1,1,1,0,0,5,5,71,TRUE,TRUE,TRUE
2L,FRgam,AGAP005321__SITE05,48,48,1,1,1,1,0,0,5,5,24,TRUE,TRUE,FALSE
2L,GAgam,AGAP005321__SITE05,138,138,1,1,1,1,0,0,5,5,69,TRUE,TRUE,TRUE
2L,GHcol,AGAP005321__SITE05,110,110,1,0.990909090909091,1,0.990909090909091,0.00909090909090909,0.000783327344592167,5,5,55,TRUE,TRUE,TRUE
2L,GHgam,AGAP005321__SITE05,24,24,1,1,1,1,0,0,5,5,12,FALSE,TRUE,FALSE
2L,GNgam,AGAP005321__SITE05,80,80,1,1,1,1,0,0,5,5,40,TRUE,TRUE,TRUE
2L,UGgam,AGAP005321__SITE05,224,224,1,0.991071428571429,1,0.991071428571429,0.00892857142857143,0.000769465394853594,5,5,112,TRUE,TRUE,TRUE
2R,AOcol,AGAP001099__SITE01,156,156,1,1,1,1,0,0,2,2,78,TRUE,TRUE,TRUE
2R,BFcol,AGAP001099__SITE01,150,150,1,1,1,1,0,0,2,2,75,TRUE,TRUE,TRUE
2R,BFgam,AGAP001099__SITE01,184,184,1,1,1,1,0,0,2,2,92,TRUE,TRUE,TRUE
2R,CMgam,AGAP001099__SITE01,594,594,1,0.996632996632997,1,0.996632996632997,0.00336700336700337,0.000291797100463474,2,2,297,TRUE,TRUE,TRUE
2R,CIcol,AGAP001099__SITE01,142,142,1,1,1,1,0,0,2,2,71,TRUE,TRUE,TRUE
2R,FRgam,AGAP001099__SITE01,48,48,1,1,1,1,0,0,2,2,24,TRUE,TRUE,FALSE
2R,GAgam,AGAP001099__SITE01,138,138,1,1,1,1,0,0,2,2,69,TRUE,TRUE,TRUE
2R,GHcol,AGAP001099__SITE01,110,110,1,1,1,1,0,0,2,2,55,TRUE,TRUE,TRUE
2R,GHgam,AGAP001099__SITE01,24,24,1,1,1,1,0,0,2,2,12,FALSE,TRUE,FALSE
2R,GNgam,AGAP001099__SITE01,80,80,1,1,1,1,0,0,2,2,40,TRUE,TRUE,TRUE
2R,UGgam,AGAP001099__SITE01,224,224,1,0.986607142857143,0.986607142857143,1,0.0133928571428571,0.00114899900177462,2,2,112,TRUE,TRUE,TRUE
2R,AOcol,AGAP001099__SITE02,156,156,1,1,1,1,0,0,2,2,78,TRUE,TRUE,TRUE
2R,BFcol,AGAP001099__SITE02,150,150,1,1,1,1,0,0,2,2,75,TRUE,TRUE,TRUE
2R,BFgam,AGAP001099__SITE02,184,184,1,1,1,1,0,0,2,2,92,TRUE,TRUE,TRUE
2R,CMgam,AGAP001099__SITE02,594,594,1,0.996632996632997,1,0.996632996632997,0.00336700336700337,0.000291797100463474,2,2,297,TRUE,TRUE,TRUE
2R,CIcol,AGAP001099__SITE02,142,142,1,1,1,1,0,0,2,2,71,TRUE,TRUE,TRUE
2R,FRgam,AGAP001099__SITE02,48,48,1,1,1,1,0,0,2,2,24,TRUE,TRUE,FALSE
2R,GAgam,AGAP001099__SITE02,138,138,1,1,1,1,0,0,2,2,69,TRUE,TRUE,TRUE
2R,GHcol,AGAP001099__SITE02,110,110,1,1,1,1,0,0,2,2,55,TRUE,TRUE,TRUE
2R,GHgam,AGAP001099__SITE02,24,24,1,1,1,1,0,0,2,2,12,FALSE,TRUE,FALSE
2R,GNgam,AGAP001099__SITE02,80,80,1,1,1,1,0,0,2,2,40,TRUE,TRUE,TRUE
2R,UGgam,AGAP001099__SITE02,224,224,1,0.995535714285714,0.995535714285714,1,0.00446428571428571,0.000386465727595386,2,2,112,TRUE,TRUE,TRUE
2R,AOcol,AGAP001099__SITE03,156,156,1,1,1,1,0,0,2,2,78,TRUE,TRUE,TRUE
2R,BFcol,AGAP001099__SITE03,150,150,1,1,1,1,0,0,2,2,75,TRUE,TRUE,TRUE
2R,BFgam,AGAP001099__SITE03,184,184,1,1,1,1,0,0,2,2,92,TRUE,TRUE,TRUE
2R,CMgam,AGAP001099__SITE03,594,594,1,0.996632996632997,1,0.996632996632997,0.00336700336700337,0.000291797100463474,2,2,297,TRUE,TRUE,TRUE
2R,CIcol,AGAP001099__SITE03,142,142,1,1,1,1,0,0,2,2,71,TRUE,TRUE,TRUE
2R,FRgam,AGAP001099__SITE03,48,48,1,1,1,1,0,0,2,2,24,TRUE,TRUE,FALSE
2R,GAgam,AGAP001099__SITE03,138,138,1,1,1,1,0,0,2,2,69,TRUE,TRUE,TRUE
2R,GHcol,AGAP001099__SITE03,110,110,1,1,1,1,0,0,2,2,55,TRUE,TRUE,TRUE
2R,GHgam,AGAP001099__SITE03,24,24,1,1,1,1,0,0,2,2,12,FALSE,TRUE,FALSE
2R,GNgam,AGAP001099__SITE03,80,80,1,1,1,1,0,0,2,2,40,TRUE,TRUE,TRUE
2R,UGgam,AGAP001099__SITE03,224,224,1,0.995535714285714,1,0.995535714285714,0.00446428571428571,0.000386465727595386,2,2,112,TRUE,TRUE,TRUE
2R,AOcol,AGAP001099__SITE04,156,156,1,1,1,1,0,0,0,0,78,TRUE,TRUE,TRUE
2R,BFcol,AGAP001099__SITE04,150,150,1,1,1,1,0,0,0,0,75,TRUE,TRUE,TRUE
2R,BFgam,AGAP001099__SITE04,184,184,1,1,1,1,0,0,0,0,92,TRUE,TRUE,TRUE
2R,CMgam,AGAP001099__SITE04,594,594,1,1,1,1,0,0,0,0,297,TRUE,TRUE,TRUE
2R,CIcol,AGAP001099__SITE04,142,142,1,1,1,1,0,0,0,0,71,TRUE,TRUE,TRUE
2R,FRgam,AGAP001099__SITE04,48,48,1,1,1,1,0,0,0,0,24,TRUE,TRUE,FALSE
2R,GAgam,AGAP001099__SITE04,138,138,1,1,1,1,0,0,0,0,69,TRUE,TRUE,TRUE
2R,GHcol,AGAP001099__SITE04,110,110,1,1,1,1,0,0,0,0,55,TRUE,TRUE,TRUE
2R,GHgam,AGAP001099__SITE04,24,24,1,1,1,1,0,0,0,0,12,FALSE,TRUE,FALSE
2R,GNgam,AGAP001099__SITE04,80,80,1,1,1,1,0,0,0,0,40,TRUE,TRUE,TRUE
2R,UGgam,AGAP001099__SITE04,224,224,1,1,1,1,0,0,0,0,112,TRUE,TRUE,TRUE
2R,AOcol,AGAP001099__SITE05,156,156,1,0.993589743589744,1,0.993589743589744,0.00641025641025641,0.000553840436783581,5,5,78,TRUE,TRUE,TRUE
2R,BFcol,AGAP001099__SITE05,150,150,1,0.446666666666667,0.993333333333333,0.453333333333333,0.54,0.022751690821256,5,5,75,TRUE,TRUE,TRUE
2R,BFgam,AGAP001099__SITE05,184,184,1,0.972826086956522,1,0.972826086956522,0.0217391304347826,0.00231928577299252,5,5,92,TRUE,TRUE,TRUE
2R,CMgam,AGAP001099__SITE05,594,594,1,0.97979797979798,1,0.97979797979798,0.0168350168350168,0.00173106658247926,5,5,297,TRUE,TRUE,TRUE
2R,CIcol,AGAP001099__SITE05,142,142,1,0.577464788732394,0.943661971830986,0.633802816901409,0.366197183098592,0.0248052922556774,5,5,71,TRUE,TRUE,TRUE
2R,FRgam,AGAP001099__SITE05,48,48,1,1,1,1,0,0,5,5,24,TRUE,TRUE,FALSE
2R,GAgam,AGAP001099__SITE05,138,138,1,1,1,1,0,0,5,5,69,TRUE,TRUE,TRUE
2R,GHcol,AGAP001099__SITE05,110,110,1,0.590909090909091,0.954545454545455,0.636363636363636,0.363636363636364,0.0238950772547611,5,5,55,TRUE,TRUE,TRUE
2R,GHgam,AGAP001099__SITE05,24,24,1,0.916666666666667,1,0.916666666666667,0.0833333333333333,0.0132850241545894,5,5,12,FALSE,TRUE,FALSE
2R,GNgam,AGAP001099__SITE05,80,80,1,0.9875,1,0.9875,0.0125,0.00107336956521739,5,5,40,TRUE,TRUE,TRUE
2R,UGgam,AGAP001099__SITE05,224,224,1,0.986607142857143,1,0.986607142857143,0.0133928571428571,0.00114899900177462,5,5,112,TRUE,TRUE,TRUE
2L,AOcol,AGAP006939__SITE01,156,156,1,1,1,1,0,0,3,3,78,TRUE,TRUE,TRUE
2L,BFcol,AGAP006939__SITE01,150,150,1,0.86,0.873333333333333,0.986666666666667,0.126666666666667,0.0107632850241546,3,3,75,TRUE,TRUE,TRUE
2L,BFgam,AGAP006939__SITE01,184,184,1,0.929347826086957,0.929347826086957,0.994565217391304,0.0706521739130435,0.00617962521574751,3,3,92,TRUE,TRUE,TRUE
2L,CMgam,AGAP006939__SITE01,594,594,1,0.944444444444444,0.951178451178451,0.993265993265993,0.0488215488215488,0.00462118870843801,3,3,297,TRUE,TRUE,TRUE
2L,CIcol,AGAP006939__SITE01,142,142,1,0.943661971830986,0.943661971830986,1,0.0563380281690141,0.00462296128269926,3,3,71,TRUE,TRUE,TRUE
2L,FRgam,AGAP006939__SITE01,48,48,1,0.729166666666667,0.729166666666667,1,0.270833333333333,0.0171724033816425,3,3,24,TRUE,TRUE,FALSE
2L,GAgam,AGAP006939__SITE01,138,138,1,0.949275362318841,0.949275362318841,1,0.0507246376811594,0.00418709989680648,3,3,69,TRUE,TRUE,TRUE
2L,GHcol,AGAP006939__SITE01,110,110,1,0.972727272727273,0.981818181818182,0.990909090909091,0.0181818181818182,0.00233560905497664,3,3,55,TRUE,TRUE,TRUE
2L,GHgam,AGAP006939__SITE01,24,24,1,0.916666666666667,0.916666666666667,1,0.0833333333333333,0.00664251207729469,3,3,12,FALSE,TRUE,FALSE
2L,GNgam,AGAP006939__SITE01,80,80,1,0.975,0.975,1,0.025,0.0021195652173913,3,3,40,TRUE,TRUE,TRUE
2L,UGgam,AGAP006939__SITE01,224,224,1,0.910714285714286,0.924107142857143,0.986607142857143,0.0758928571428571,0.00724753216503993,3,3,112,TRUE,TRUE,TRUE
2L,AOcol,AGAP006939__SITE02,156,156,1,1,1,1,0,0,5,5,78,TRUE,TRUE,TRUE
2L,BFcol,AGAP006939__SITE02,150,150,1,0.86,1,0.86,0.126666666666667,0.0107710144927536,5,5,75,TRUE,TRUE,TRUE
2L,BFgam,AGAP006939__SITE02,184,184,1,0.923913043478261,1,0.923913043478261,0.0706521739130435,0.00617962521574751,5,5,92,TRUE,TRUE,TRUE
2L,CMgam,AGAP006939__SITE02,594,594,1,0.951178451178451,1,0.951178451178451,0.0488215488215488,0.0040380874080186,5,5,297,TRUE,TRUE,TRUE
2L,CIcol,AGAP006939__SITE02,142,142,1,0.943661971830986,1,0.943661971830986,0.0563380281690141,0.00462296128269926,5,5,71,TRUE,TRUE,TRUE
2L,FRgam,AGAP006939__SITE02,48,48,1,0.729166666666667,1,0.729166666666667,0.270833333333333,0.0171724033816425,5,5,24,TRUE,TRUE,FALSE
2L,GAgam,AGAP006939__SITE02,138,138,1,0.949275362318841,1,0.949275362318841,0.0507246376811594,0.00418709989680648,5,5,69,TRUE,TRUE,TRUE
2L,GHcol,AGAP006939__SITE02,110,110,1,0.981818181818182,1,0.981818181818182,0.0181818181818182,0.00155228171038448,5,5,55,TRUE,TRUE,TRUE
2L,GHgam,AGAP006939__SITE02,24,24,1,0.875,1,0.875,0.0833333333333333,0.0101147342995169,5,5,12,FALSE,TRUE,FALSE
2L,GNgam,AGAP006939__SITE02,80,80,1,0.975,1,0.975,0.025,0.0021195652173913,5,5,40,TRUE,TRUE,TRUE
2L,UGgam,AGAP006939__SITE02,224,224,1,0.924107142857143,1,0.924107142857143,0.0758928571428571,0.00609853316326531,5,5,112,TRUE,TRUE,TRUE
2L,AOcol,AGAP006939__SITE03,156,156,1,0.993589743589744,1,0.993589743589744,0.00641025641025641,0.000553840436783581,7,7,78,TRUE,TRUE,TRUE
2L,BFcol,AGAP006939__SITE03,150,150,1,0.993333333333333,1,0.993333333333333,0.00666666666666667,0.000575845410628019,7,7,75,TRUE,TRUE,TRUE
2L,BFgam,AGAP006939__SITE03,184,184,1,0.923913043478261,0.994565217391304,0.929347826086957,0.0597826086956522,0.00629777266376264,7,7,92,TRUE,TRUE,TRUE
2L,CMgam,AGAP006939__SITE03,594,594,1,0.978114478114478,1,0.978114478114478,0.0117845117845118,0.00188460509057786,7,7,297,TRUE,TRUE,TRUE
2L,CIcol,AGAP006939__SITE03,142,142,1,1,1,1,0,0,7,7,71,TRUE,TRUE,TRUE
2L,FRgam,AGAP006939__SITE03,48,48,1,1,1,1,0,0,7,7,24,TRUE,TRUE,FALSE
2L,GAgam,AGAP006939__SITE03,138,138,1,1,1,1,0,0,7,7,69,TRUE,TRUE,TRUE
2L,GHcol,AGAP006939__SITE03,110,110,1,1,1,1,0,0,7,7,55,TRUE,TRUE,TRUE
2L,GHgam,AGAP006939__SITE03,24,24,1,0.958333333333333,1,0.958333333333333,0.0416666666666667,0.00347222222222222,7,7,12,FALSE,TRUE,FALSE
2L,GNgam,AGAP006939__SITE03,80,80,1,0.9625,1,0.9625,0.0375,0.00313858695652174,7,7,40,TRUE,TRUE,TRUE
2L,UGgam,AGAP006939__SITE03,224,224,1,0.982142857142857,1,0.982142857142857,0.00446428571428571,0.00154586291038154,7,7,112,TRUE,TRUE,TRUE
2L,AOcol,AGAP006939__SITE04,156,156,1,1,1,1,0,0,8,8,78,TRUE,TRUE,TRUE
2L,BFcol,AGAP006939__SITE04,150,150,1,0.993333333333333,1,0.993333333333333,0.00666666666666667,0.000575845410628019,8,8,75,TRUE,TRUE,TRUE
2L,BFgam,AGAP006939__SITE04,184,184,1,0.967391304347826,0.994565217391304,0.972826086956522,0.016304347826087,0.00279958083340182,8,8,92,TRUE,TRUE,TRUE
2L,CMgam,AGAP006939__SITE04,594,594,1,0.973063973063973,0.984848484848485,0.988215488215488,0.0134680134680135,0.00231416788289867,8,8,297,TRUE,TRUE,TRUE
2L,CIcol,AGAP006939__SITE04,142,142,1,0.992957746478873,1,0.992957746478873,0.00704225352112676,0.000608057407519212,8,8,71,TRUE,TRUE,TRUE
2L,FRgam,AGAP006939__SITE04,48,48,1,0.9375,1,0.9375,0.0625,0.00509510869565217,8,8,24,TRUE,TRUE,FALSE
2L,GAgam,AGAP006939__SITE04,138,138,1,1,1,1,0,0,8,8,69,TRUE,TRUE,TRUE
2L,GHcol,AGAP006939__SITE04,110,110,1,1,1,1,0,0,8,8,55,TRUE,TRUE,TRUE
2L,GHgam,AGAP006939__SITE04,24,24,1,1,1,1,0,0,8,8,12,FALSE,TRUE,FALSE
2L,GNgam,AGAP006939__SITE04,80,80,1,0.9875,1,0.9875,0.0125,0.00107336956521739,8,8,40,TRUE,TRUE,TRUE
2L,UGgam,AGAP006939__SITE04,224,224,1,0.96875,0.977678571428571,0.991071428571429,0.0223214285714286,0.00267059948979592,8,8,112,TRUE,TRUE,TRUE
2L,AOcol,AGAP006939__SITE05,156,156,1,1,1,1,0,0,6,6,78,TRUE,TRUE,TRUE
2L,BFcol,AGAP006939__SITE05,150,150,1,0.74,1,0.74,0.24,0.0175806763285024,6,6,75,TRUE,TRUE,TRUE
2L,BFgam,AGAP006939__SITE05,184,184,1,0.766304347826087,1,0.766304347826087,0.233695652173913,0.0155723473329498,6,6,92,TRUE,TRUE,TRUE
2L,CMgam,AGAP006939__SITE05,594,594,1,0.893939393939394,0.998316498316498,0.895622895622896,0.0909090909090909,0.00848799319008659,6,6,297,TRUE,TRUE,TRUE
2L,CIcol,AGAP006939__SITE05,142,142,1,0.894366197183099,1,0.894366197183099,0.105633802816901,0.00821524369733404,6,6,71,TRUE,TRUE,TRUE
2L,FRgam,AGAP006939__SITE05,48,48,1,1,1,1,0,0,6,6,24,TRUE,TRUE,FALSE
2L,GAgam,AGAP006939__SITE05,138,138,1,0.992753623188406,1,0.992753623188406,0.0072463768115942,0.000625553637799878,6,6,69,TRUE,TRUE,TRUE
2L,GHcol,AGAP006939__SITE05,110,110,1,0.863636363636364,1,0.863636363636364,0.136363636363636,0.0102407473948976,6,6,55,TRUE,TRUE,TRUE
2L,GHgam,AGAP006939__SITE05,24,24,1,0.833333333333333,1,0.833333333333333,0.166666666666667,0.0120772946859903,6,6,12,FALSE,TRUE,FALSE
2L,GNgam,AGAP006939__SITE05,80,80,1,0.825,1,0.825,0.125,0.01375,6,6,40,TRUE,TRUE,TRUE
2L,UGgam,AGAP006939__SITE05,224,224,1,0.901785714285714,1,0.901785714285714,0.0714285714285714,0.00803432786157942,6,6,112,TRUE,TRUE,TRUE
2L,AOcol,AGAP004957__SITE01,156,156,1,0.878205128205128,1,0.878205128205128,0.121794871794872,0.00930094617385587,6,6,78,TRUE,TRUE,TRUE
2L,BFcol,AGAP004957__SITE01,150,150,1,0.64,0.986666666666667,0.653333333333333,0.286666666666667,0.0240309178743961,6,6,75,TRUE,TRUE,TRUE
2L,BFgam,AGAP004957__SITE01,184,184,1,0.603260869565217,0.989130434782609,0.614130434782609,0.293478260869565,0.0266268389907126,6,6,92,TRUE,TRUE,TRUE
2L,CMgam,AGAP004957__SITE01,594,594,1,0.688552188552189,0.95959595959596,0.728956228956229,0.239057239057239,0.0219116456124215,6,6,297,TRUE,TRUE,TRUE
2L,CIcol,AGAP004957__SITE01,142,142,1,0.711267605633803,0.964788732394366,0.746478873239437,0.190140845070423,0.021678755940419,6,6,71,TRUE,TRUE,TRUE
2L,FRgam,AGAP004957__SITE01,48,48,1,0.770833333333333,1,0.770833333333333,0.229166666666667,0.015360809178744,6,6,24,TRUE,TRUE,FALSE
2L,GAgam,AGAP004957__SITE01,138,138,1,0.478260869565217,0.86231884057971,0.615942028985507,0.347826086956522,0.0330858515291819,6,6,69,TRUE,TRUE,TRUE
2L,GHcol,AGAP004957__SITE01,110,110,1,0.8,1,0.8,0.172727272727273,0.0147754222062522,6,6,55,TRUE,TRUE,TRUE
2L,GHgam,AGAP004957__SITE01,24,24,1,0.875,0.958333333333333,0.916666666666667,0.0416666666666667,0.0104166666666667,6,6,12,FALSE,TRUE,FALSE
2L,GNgam,AGAP004957__SITE01,80,80,1,0.6375,1,0.6375,0.2125,0.026616847826087,6,6,40,TRUE,TRUE,TRUE
2L,UGgam,AGAP004957__SITE01,224,224,1,0.665178571428571,0.933035714285714,0.732142857142857,0.200892857142857,0.0249989601818989,6,6,112,TRUE,TRUE,TRUE
2L,AOcol,AGAP004957__SITE02,156,156,1,1,1,1,0,0,3,3,78,TRUE,TRUE,TRUE
2L,BFcol,AGAP004957__SITE02,150,150,1,0.96,1,0.96,0.0266666666666667,0.00340869565217391,3,3,75,TRUE,TRUE,TRUE
2L,BFgam,AGAP004957__SITE02,184,184,1,1,1,1,0,0,3,3,92,TRUE,TRUE,TRUE
2L,CMgam,AGAP004957__SITE02,594,594,1,1,1,1,0,0,3,3,297,TRUE,TRUE,TRUE
2L,CIcol,AGAP004957__SITE02,142,142,1,0.992957746478873,1,0.992957746478873,0.00704225352112676,0.000608057407519212,3,3,71,TRUE,TRUE,TRUE
2L,FRgam,AGAP004957__SITE02,48,48,1,1,1,1,0,0,3,3,24,TRUE,TRUE,FALSE
2L,GAgam,AGAP004957__SITE02,138,138,1,1,1,1,0,0,3,3,69,TRUE,TRUE,TRUE
2L,GHcol,AGAP004957__SITE02,110,110,1,0.972727272727273,1,0.972727272727273,0.0272727272727273,0.00230686309737693,3,3,55,TRUE,TRUE,TRUE
2L,GHgam,AGAP004957__SITE02,24,24,1,1,1,1,0,0,3,3,12,FALSE,TRUE,FALSE
2L,GNgam,AGAP004957__SITE02,80,80,1,1,1,1,0,0,3,3,40,TRUE,TRUE,TRUE
2L,UGgam,AGAP004957__SITE02,224,224,1,1,1,1,0,0,3,3,112,TRUE,TRUE,TRUE
2L,AOcol,AGAP004957__SITE03,156,156,1,1,1,1,0,0,3,3,78,TRUE,TRUE,TRUE
2L,BFcol,AGAP004957__SITE03,150,150,1,0.96,1,0.96,0.0266666666666667,0.00340869565217391,3,3,75,TRUE,TRUE,TRUE
2L,BFgam,AGAP004957__SITE03,184,184,1,1,1,1,0,0,3,3,92,TRUE,TRUE,TRUE
2L,CMgam,AGAP004957__SITE03,594,594,1,1,1,1,0,0,3,3,297,TRUE,TRUE,TRUE
2L,CIcol,AGAP004957__SITE03,142,142,1,0.992957746478873,1,0.992957746478873,0.00704225352112676,0.000608057407519212,3,3,71,TRUE,TRUE,TRUE
2L,FRgam,AGAP004957__SITE03,48,48,1,1,1,1,0,0,3,3,24,TRUE,TRUE,FALSE
2L,GAgam,AGAP004957__SITE03,138,138,1,1,1,1,0,0,3,3,69,TRUE,TRUE,TRUE
2L,GHcol,AGAP004957__SITE03,110,110,1,0.972727272727273,1,0.972727272727273,0.0272727272727273,0.00230686309737693,3,3,55,TRUE,TRUE,TRUE
2L,GHgam,AGAP004957__SITE03,24,24,1,1,1,1,0,0,3,3,12,FALSE,TRUE,FALSE
2L,GNgam,AGAP004957__SITE03,80,80,1,1,1,1,0,0,3,3,40,TRUE,TRUE,TRUE
2L,UGgam,AGAP004957__SITE03,224,224,1,1,1,1,0,0,3,3,112,TRUE,TRUE,TRUE
2L,AOcol,AGAP004957__SITE04,156,156,1,1,1,1,0,0,2,2,78,TRUE,TRUE,TRUE
2L,BFcol,AGAP004957__SITE04,150,150,1,0.986666666666667,1,0.986666666666667,0.0133333333333333,0.00114396135265701,2,2,75,TRUE,TRUE,TRUE
2L,BFgam,AGAP004957__SITE04,184,184,1,0.994565217391304,1,0.994565217391304,0.00543478260869565,0.000470021369277554,2,2,92,TRUE,TRUE,TRUE
2L,CMgam,AGAP004957__SITE04,594,594,1,0.976430976430976,1,0.976430976430976,0.0235690235690236,0.00200117606061099,2,2,297,TRUE,TRUE,TRUE
2L,CIcol,AGAP004957__SITE04,142,142,1,0.971830985915493,1,0.971830985915493,0.028169014084507,0.00238048006347947,2,2,71,TRUE,TRUE,TRUE
2L,FRgam,AGAP004957__SITE04,48,48,1,0.75,1,0.75,0.25,0.016304347826087,2,2,24,TRUE,TRUE,FALSE
2L,GAgam,AGAP004957__SITE04,138,138,1,0.934782608695652,1,0.934782608695652,0.0652173913043478,0.00530122462398291,2,2,69,TRUE,TRUE,TRUE
2L,GHcol,AGAP004957__SITE04,110,110,1,0.990909090909091,1,0.990909090909091,0.00909090909090909,0.000783327344592167,2,2,55,TRUE,TRUE,TRUE
2L,GHgam,AGAP004957__SITE04,24,24,1,1,1,1,0,0,2,2,12,FALSE,TRUE,FALSE
2L,GNgam,AGAP004957__SITE04,80,80,1,0.9875,1,0.9875,0.0125,0.00107336956521739,2,2,40,TRUE,TRUE,TRUE
2L,UGgam,AGAP004957__SITE04,224,224,1,0.964285714285714,1,0.964285714285714,0.0357142857142857,0.00299467613132209,2,2,112,TRUE,TRUE,TRUE
2L,AOcol,AGAP004957__SITE05,156,156,1,1,1,1,0,0,3,3,78,TRUE,TRUE,TRUE
2L,BFcol,AGAP004957__SITE05,150,150,1,0.986666666666667,1,0.986666666666667,0.0133333333333333,0.00114396135265701,3,3,75,TRUE,TRUE,TRUE
2L,BFgam,AGAP004957__SITE05,184,184,1,0.994565217391304,1,0.994565217391304,0.00543478260869565,0.000470021369277554,3,3,92,TRUE,TRUE,TRUE
2L,CMgam,AGAP004957__SITE05,594,594,1,0.998316498316498,1,0.998316498316498,0.00168350168350168,0.000146145000485507,3,3,297,TRUE,TRUE,TRUE
2L,CIcol,AGAP004957__SITE05,142,142,1,1,1,1,0,0,3,3,71,TRUE,TRUE,TRUE
2L,FRgam,AGAP004957__SITE05,48,48,1,1,1,1,0,0,3,3,24,TRUE,TRUE,FALSE
2L,GAgam,AGAP004957__SITE05,138,138,1,1,1,1,0,0,3,3,69,TRUE,TRUE,TRUE
2L,GHcol,AGAP004957__SITE05,110,110,1,1,1,1,0,0,3,3,55,TRUE,TRUE,TRUE
2L,GHgam,AGAP004957__SITE05,24,24,1,0.958333333333333,1,0.958333333333333,0.0416666666666667,0.00347222222222222,3,3,12,FALSE,TRUE,FALSE
2L,GNgam,AGAP004957__SITE05,80,80,1,0.9875,1,0.9875,0.0125,0.00107336956521739,3,3,40,TRUE,TRUE,TRUE
2L,UGgam,AGAP004957__SITE05,224,224,1,0.995535714285714,1,0.995535714285714,0.00446428571428571,0.000386465727595386,3,3,112,TRUE,TRUE,TRUE
3R,AOcol,AGAP010175__SITE01,156,156,1,1,1,1,0,0,4,4,78,TRUE,TRUE,TRUE
3R,BFcol,AGAP010175__SITE01,150,150,1,0.98,1,0.98,0.0133333333333333,0.00286376811594203,4,4,75,TRUE,TRUE,TRUE
3R,BFgam,AGAP010175__SITE01,184,184,1,0.907608695652174,0.972826086956522,0.934782608695652,0.0652173913043478,0.00759996301471193,4,4,92,TRUE,TRUE,TRUE
3R,CMgam,AGAP010175__SITE01,594,594,1,0.936026936026936,0.973063973063973,0.962962962962963,0.037037037037037,0.00538050194030285,4,4,297,TRUE,TRUE,TRUE
3R,CIcol,AGAP010175__SITE01,142,142,1,0.908450704225352,1,0.908450704225352,0.0845070422535211,0.00794355847269779,4,4,71,TRUE,TRUE,TRUE
3R,FRgam,AGAP010175__SITE01,48,48,1,1,1,1,0,0,4,4,24,TRUE,TRUE,FALSE
3R,GAgam,AGAP010175__SITE01,138,138,1,0.927536231884058,0.927536231884058,1,0.072463768115942,0.00584458873272878,4,4,69,TRUE,TRUE,TRUE
3R,GHcol,AGAP010175__SITE01,110,110,1,0.936363636363636,1,0.936363636363636,0.0636363636363636,0.0103629177146964,4,4,55,TRUE,TRUE,TRUE
3R,GHgam,AGAP010175__SITE01,24,24,1,1,1,1,0,0,4,4,12,FALSE,TRUE,FALSE
3R,GNgam,AGAP010175__SITE01,80,80,1,0.9,0.9875,0.9125,0.0875,0.00801630434782609,4,4,40,TRUE,TRUE,TRUE
3R,UGgam,AGAP010175__SITE01,224,224,1,0.964285714285714,0.986607142857143,0.977678571428571,0.0223214285714286,0.00304666703637977,4,4,112,TRUE,TRUE,TRUE
3R,AOcol,AGAP010175__SITE02,156,156,1,1,1,1,0,0,1,1,78,TRUE,TRUE,TRUE
3R,BFcol,AGAP010175__SITE02,150,150,1,0.993333333333333,1,0.993333333333333,0.00666666666666667,0.000575845410628019,1,1,75,TRUE,TRUE,TRUE
3R,BFgam,AGAP010175__SITE02,184,184,1,1,1,1,0,0,1,1,92,TRUE,TRUE,TRUE
3R,CMgam,AGAP010175__SITE02,594,594,1,1,1,1,0,0,1,1,297,TRUE,TRUE,TRUE
3R,CIcol,AGAP010175__SITE02,142,142,1,0.936619718309859,1,0.936619718309859,0.0633802816901408,0.00516201926808863,1,1,71,TRUE,TRUE,TRUE
3R,FRgam,AGAP010175__SITE02,48,48,1,1,1,1,0,0,1,1,24,TRUE,TRUE,FALSE
3R,GAgam,AGAP010175__SITE02,138,138,1,1,1,1,0,0,1,1,69,TRUE,TRUE,TRUE
3R,GHcol,AGAP010175__SITE02,110,110,1,0.963636363636364,1,0.963636363636364,0.0363636363636364,0.00304707150556953,1,1,55,TRUE,TRUE,TRUE
3R,GHgam,AGAP010175__SITE02,24,24,1,1,1,1,0,0,1,1,12,FALSE,TRUE,FALSE
3R,GNgam,AGAP010175__SITE02,80,80,1,1,1,1,0,0,1,1,40,TRUE,TRUE,TRUE
3R,UGgam,AGAP010175__SITE02,224,224,1,1,1,1,0,0,1,1,112,TRUE,TRUE,TRUE
3R,AOcol,AGAP010175__SITE03,156,156,1,1,1,1,0,0,1,1,78,TRUE,TRUE,TRUE
3R,BFcol,AGAP010175__SITE03,150,150,1,0.993333333333333,1,0.993333333333333,0.00666666666666667,0.000575845410628019,1,1,75,TRUE,TRUE,TRUE
3R,BFgam,AGAP010175__SITE03,184,184,1,1,1,1,0,0,1,1,92,TRUE,TRUE,TRUE
3R,CMgam,AGAP010175__SITE03,594,594,1,1,1,1,0,0,1,1,297,TRUE,TRUE,TRUE
3R,CIcol,AGAP010175__SITE03,142,142,1,0.936619718309859,1,0.936619718309859,0.0633802816901408,0.00516201926808863,1,1,71,TRUE,TRUE,TRUE
3R,FRgam,AGAP010175__SITE03,48,48,1,1,1,1,0,0,1,1,24,TRUE,TRUE,FALSE
3R,GAgam,AGAP010175__SITE03,138,138,1,1,1,1,0,0,1,1,69,TRUE,TRUE,TRUE
3R,GHcol,AGAP010175__SITE03,110,110,1,0.963636363636364,1,0.963636363636364,0.0363636363636364,0.00304707150556953,1,1,55,TRUE,TRUE,TRUE
3R,GHgam,AGAP010175__SITE03,24,24,1,1,1,1,0,0,1,1,12,FALSE,TRUE,FALSE
3R,GNgam,AGAP010175__SITE03,80,80,1,1,1,1,0,0,1,1,40,TRUE,TRUE,TRUE
3R,UGgam,AGAP010175__SITE03,224,224,1,1,1,1,0,0,1,1,112,TRUE,TRUE,TRUE
3R,AOcol,AGAP010175__SITE04,156,156,1,1,1,1,0,0,2,2,78,TRUE,TRUE,TRUE
3R,BFcol,AGAP010175__SITE04,150,150,1,1,1,1,0,0,2,2,75,TRUE,TRUE,TRUE
3R,BFgam,AGAP010175__SITE04,184,184,1,0.989130434782609,0.989130434782609,1,0.0108695652173913,0.000934905892989233,2,2,92,TRUE,TRUE,TRUE
3R,CMgam,AGAP010175__SITE04,594,594,1,1,1,1,0,0,2,2,297,TRUE,TRUE,TRUE
3R,CIcol,AGAP010175__SITE04,142,142,1,1,1,1,0,0,2,2,71,TRUE,TRUE,TRUE
3R,FRgam,AGAP010175__SITE04,48,48,1,1,1,1,0,0,2,2,24,TRUE,TRUE,FALSE
3R,GAgam,AGAP010175__SITE04,138,138,1,1,1,1,0,0,2,2,69,TRUE,TRUE,TRUE
3R,GHcol,AGAP010175__SITE04,110,110,1,1,1,1,0,0,2,2,55,TRUE,TRUE,TRUE
3R,GHgam,AGAP010175__SITE04,24,24,1,1,1,1,0,0,2,2,12,FALSE,TRUE,FALSE
3R,GNgam,AGAP010175__SITE04,80,80,1,1,1,1,0,0,2,2,40,TRUE,TRUE,TRUE
3R,UGgam,AGAP010175__SITE04,224,224,1,0.991071428571429,1,0.991071428571429,0.00892857142857143,0.000769465394853594,2,2,112,TRUE,TRUE,TRUE
3R,AOcol,AGAP010175__SITE05,156,156,1,0.942307692307692,1,0.942307692307692,0.0576923076923077,0.00472729611525598,2,2,78,TRUE,TRUE,TRUE
3R,BFcol,AGAP010175__SITE05,150,150,1,0.933333333333333,1,0.933333333333333,0.0666666666666667,0.00541062801932367,2,2,75,TRUE,TRUE,TRUE
3R,BFgam,AGAP010175__SITE05,184,184,1,0.994565217391304,1,0.994565217391304,0.00543478260869565,0.000470021369277554,2,2,92,TRUE,TRUE,TRUE
3R,CMgam,AGAP010175__SITE05,594,594,1,0.986531986531987,1,0.986531986531987,0.0117845117845118,0.00115880909322572,2,2,297,TRUE,TRUE,TRUE
3R,CIcol,AGAP010175__SITE05,142,142,1,0.97887323943662,1,0.97887323943662,0.0211267605633803,0.00179829743925895,2,2,71,TRUE,TRUE,TRUE
3R,FRgam,AGAP010175__SITE05,48,48,1,1,1,1,0,0,2,2,24,TRUE,TRUE,FALSE
3R,GAgam,AGAP010175__SITE05,138,138,1,0.985507246376812,1,0.985507246376812,0.0144927536231884,0.00124197510570487,2,2,69,TRUE,TRUE,TRUE
3R,GHcol,AGAP010175__SITE05,110,110,1,0.936363636363636,1,0.936363636363636,0.0636363636363636,0.00518145885734819,2,2,55,TRUE,TRUE,TRUE
3R,GHgam,AGAP010175__SITE05,24,24,1,1,1,1,0,0,2,2,12,FALSE,TRUE,FALSE
3R,GNgam,AGAP010175__SITE05,80,80,1,0.9875,1,0.9875,0.0125,0.00107336956521739,2,2,40,TRUE,TRUE,TRUE
3R,UGgam,AGAP010175__SITE05,224,224,1,0.973214285714286,1,0.973214285714286,0.0267857142857143,0.00226680346051464,2,2,112,TRUE,TRUE,TRUE
2L,AOcol,AGAP007280__SITE01,156,156,1,0.0833333333333333,1,0.0833333333333333,0.602564102564103,0.0395584998427808,7,7,78,TRUE,TRUE,TRUE
2L,BFcol,AGAP007280__SITE01,150,150,1,0.346666666666667,1,0.346666666666667,0.633333333333333,0.0235710144927536,7,7,75,TRUE,TRUE,TRUE
2L,BFgam,AGAP007280__SITE01,184,184,1,0.41304347826087,0.994565217391304,0.41304347826087,0.53804347826087,0.0270686077093778,7,7,92,TRUE,TRUE,TRUE
2L,CMgam,AGAP007280__SITE01,594,594,1,0.341750841750842,0.993265993265993,0.341750841750842,0.597643097643098,0.0270422469954017,7,7,297,TRUE,TRUE,TRUE
2L,CIcol,AGAP007280__SITE01,142,142,1,0.345070422535211,1,0.345070422535211,0.654929577464789,0.019651897915355,7,7,71,TRUE,TRUE,TRUE
2L,FRgam,AGAP007280__SITE01,48,48,1,0.3125,1,0.3125,0.6875,0.0186820652173913,7,7,24,TRUE,TRUE,FALSE
2L,GAgam,AGAP007280__SITE01,138,138,1,0.449275362318841,1,0.449275362318841,0.550724637681159,0.0215153922723578,7,7,69,TRUE,TRUE,TRUE
2L,GHcol,AGAP007280__SITE01,110,110,1,0.372727272727273,0.990909090909091,0.372727272727273,0.627272727272727,0.0211139058569889,7,7,55,TRUE,TRUE,TRUE
2L,GHgam,AGAP007280__SITE01,24,24,1,0.583333333333333,1,0.583333333333333,0.375,0.0238526570048309,7,7,12,FALSE,TRUE,FALSE
2L,GNgam,AGAP007280__SITE01,80,80,1,0.325,1,0.325,0.625,0.0245923913043478,7,7,40,TRUE,TRUE,TRUE
2L,UGgam,AGAP007280__SITE01,224,224,1,0.334821428571429,1,0.334821428571429,0.642857142857143,0.0226489712732919,7,7,112,TRUE,TRUE,TRUE
2L,AOcol,AGAP007280__SITE02,156,156,1,0.685897435897436,1,0.685897435897436,0.314102564102564,0.0187340994197181,6,6,78,TRUE,TRUE,TRUE
2L,BFcol,AGAP007280__SITE02,150,150,1,0.953333333333333,0.993333333333333,0.96,0.0333333333333333,0.0039536231884058,6,6,75,TRUE,TRUE,TRUE
2L,BFgam,AGAP007280__SITE02,184,184,1,0.940217391304348,1,0.940217391304348,0.0489130434782609,0.00545532999095915,6,6,92,TRUE,TRUE,TRUE
2L,CMgam,AGAP007280__SITE02,594,594,1,0.919191919191919,0.993265993265993,0.925925925925926,0.0589225589225589,0.00671379781319761,6,6,297,TRUE,TRUE,TRUE
2L,CIcol,AGAP007280__SITE02,142,142,1,1,1,1,0,0,6,6,71,TRUE,TRUE,TRUE
2L,FRgam,AGAP007280__SITE02,48,48,1,1,1,1,0,0,6,6,24,TRUE,TRUE,FALSE
2L,GAgam,AGAP007280__SITE02,138,138,1,1,1,1,0,0,6,6,69,TRUE,TRUE,TRUE
2L,GHcol,AGAP007280__SITE02,110,110,1,0.990909090909091,1,0.990909090909091,0.00909090909090909,0.000783327344592167,6,6,55,TRUE,TRUE,TRUE
2L,GHgam,AGAP007280__SITE02,24,24,1,0.958333333333333,1,0.958333333333333,0.0416666666666667,0.00347222222222222,6,6,12,FALSE,TRUE,FALSE
2L,GNgam,AGAP007280__SITE02,80,80,1,0.95,1,0.95,0.0375,0.00421195652173913,6,6,40,TRUE,TRUE,TRUE
2L,UGgam,AGAP007280__SITE02,224,224,1,0.96875,0.995535714285714,0.973214285714286,0.0178571428571429,0.00307092945874002,6,6,112,TRUE,TRUE,TRUE
2L,AOcol,AGAP007280__SITE03,156,156,1,0.993589743589744,0.993589743589744,1,0.00641025641025641,0.000553840436783581,10,10,78,TRUE,TRUE,TRUE
2L,BFcol,AGAP007280__SITE03,150,150,1,0.826666666666667,1,0.826666666666667,0.0733333333333333,0.0142144927536232,10,10,75,TRUE,TRUE,TRUE
2L,BFgam,AGAP007280__SITE03,184,184,1,0.798913043478261,1,0.798913043478261,0.0869565217391304,0.0166536533245665,10,10,92,TRUE,TRUE,TRUE
2L,CMgam,AGAP007280__SITE03,594,594,1,0.814814814814815,1,0.814814814814815,0.0774410774410774,0.0151246520738542,10,10,297,TRUE,TRUE,TRUE
2L,CIcol,AGAP007280__SITE03,142,142,1,0.78169014084507,1,0.78169014084507,0.147887323943662,0.0167884218969666,10,10,71,TRUE,TRUE,TRUE
2L,FRgam,AGAP007280__SITE03,48,48,1,1,1,1,0,0,10,10,24,TRUE,TRUE,FALSE
2L,GAgam,AGAP007280__SITE03,138,138,1,0.891304347826087,1,0.891304347826087,0.101449275362319,0.00855227710656329,10,10,69,TRUE,TRUE,TRUE
2L,GHcol,AGAP007280__SITE03,110,110,1,0.754545454545455,1,0.754545454545455,0.136363636363636,0.0191519942508085,10,10,55,TRUE,TRUE,TRUE
2L,GHgam,AGAP007280__SITE03,24,24,1,0.708333333333333,1,0.708333333333333,0.166666666666667,0.0221920289855072,10,10,12,FALSE,TRUE,FALSE
2L,GNgam,AGAP007280__SITE03,80,80,1,0.825,1,0.825,0.1125,0.0139673913043478,10,10,40,TRUE,TRUE,TRUE
2L,UGgam,AGAP007280__SITE03,224,224,1,0.857142857142857,1,0.857142857142857,0.0714285714285714,0.0118088675687666,10,10,112,TRUE,TRUE,TRUE
2L,AOcol,AGAP007280__SITE04,156,156,1,0.993589743589744,1,0.993589743589744,0.00641025641025641,0.000553840436783581,10,10,78,TRUE,TRUE,TRUE
2L,BFcol,AGAP007280__SITE04,150,150,1,0.826666666666667,0.926666666666667,0.9,0.0733333333333333,0.0142144927536232,10,10,75,TRUE,TRUE,TRUE
2L,BFgam,AGAP007280__SITE04,184,184,1,0.798913043478261,0.918478260869565,0.880434782608696,0.0869565217391304,0.0166536533245665,10,10,92,TRUE,TRUE,TRUE
2L,CMgam,AGAP007280__SITE04,594,594,1,0.814814814814815,0.919191919191919,0.895622895622896,0.0774410774410774,0.0151246520738542,10,10,297,TRUE,TRUE,TRUE
2L,CIcol,AGAP007280__SITE04,142,142,1,0.78169014084507,0.985915492957746,0.795774647887324,0.147887323943662,0.0167884218969666,10,10,71,TRUE,TRUE,TRUE
2L,FRgam,AGAP007280__SITE04,48,48,1,1,1,1,0,0,10,10,24,TRUE,TRUE,FALSE
2L,GAgam,AGAP007280__SITE04,138,138,1,0.891304347826087,0.992753623188406,0.898550724637681,0.101449275362319,0.00855227710656329,10,10,69,TRUE,TRUE,TRUE
2L,GHcol,AGAP007280__SITE04,110,110,1,0.754545454545455,0.963636363636364,0.790909090909091,0.136363636363636,0.0191519942508085,10,10,55,TRUE,TRUE,TRUE
2L,GHgam,AGAP007280__SITE04,24,24,1,0.708333333333333,1,0.708333333333333,0.166666666666667,0.0221920289855072,10,10,12,FALSE,TRUE,FALSE
2L,GNgam,AGAP007280__SITE04,80,80,1,0.825,0.9625,0.8625,0.1125,0.0139673913043478,10,10,40,TRUE,TRUE,TRUE
2L,UGgam,AGAP007280__SITE04,224,224,1,0.857142857142857,0.928571428571429,0.928571428571429,0.0714285714285714,0.0118088675687666,10,10,112,TRUE,TRUE,TRUE
2L,AOcol,AGAP007280__SITE05,156,156,1,0.987179487179487,0.993589743589744,0.993589743589744,0.00641025641025641,0.00110768087356716,8,8,78,TRUE,TRUE,TRUE
2L,BFcol,AGAP007280__SITE05,150,150,1,0.993333333333333,1,0.993333333333333,0.00666666666666667,0.000575845410628019,8,8,75,TRUE,TRUE,TRUE
2L,BFgam,AGAP007280__SITE05,184,184,1,0.989130434782609,0.994565217391304,0.994565217391304,0.00543478260869565,0.000940042738555108,8,8,92,TRUE,TRUE,TRUE
2L,CMgam,AGAP007280__SITE05,594,594,1,0.998316498316498,1,0.998316498316498,0.00168350168350168,0.000146145000485507,8,8,297,TRUE,TRUE,TRUE
2L,CIcol,AGAP007280__SITE05,142,142,1,0.992957746478873,1,0.992957746478873,0.00704225352112676,0.000608057407519212,8,8,71,TRUE,TRUE,TRUE
2L,FRgam,AGAP007280__SITE05,48,48,1,1,1,1,0,0,8,8,24,TRUE,TRUE,FALSE
2L,GAgam,AGAP007280__SITE05,138,138,1,1,1,1,0,0,8,8,69,TRUE,TRUE,TRUE
2L,GHcol,AGAP007280__SITE05,110,110,1,1,1,1,0,0,8,8,55,TRUE,TRUE,TRUE
2L,GHgam,AGAP007280__SITE05,24,24,1,1,1,1,0,0,8,8,12,FALSE,TRUE,FALSE
2L,GNgam,AGAP007280__SITE05,80,80,1,1,1,1,0,0,8,8,40,TRUE,TRUE,TRUE
2L,UGgam,AGAP007280__SITE05,224,224,1,0.995535714285714,1,0.995535714285714,0.00446428571428571,0.000386465727595386,8,8,112,TRUE,TRUE,TRUE
2R,AOcol,AGAP001135__SITE01,156,156,1,1,1,1,0,0,6,6,78,TRUE,TRUE,TRUE
2R,BFcol,AGAP001135__SITE01,150,150,1,1,1,1,0,0,6,6,75,TRUE,TRUE,TRUE
2R,BFgam,AGAP001135__SITE01,184,184,1,0.994565217391304,0.994565217391304,1,0.00543478260869565,0.000470021369277554,6,6,92,TRUE,TRUE,TRUE
2R,CMgam,AGAP001135__SITE01,594,594,1,0.996632996632997,1,0.996632996632997,0.00168350168350168,0.000292290000971014,6,6,297,TRUE,TRUE,TRUE
2R,CIcol,AGAP001135__SITE01,142,142,1,0.985915492957746,1,0.985915492957746,0.00704225352112676,0.00121611481503842,6,6,71,TRUE,TRUE,TRUE
2R,FRgam,AGAP001135__SITE01,48,48,1,1,1,1,0,0,6,6,24,TRUE,TRUE,FALSE
2R,GAgam,AGAP001135__SITE01,138,138,1,1,1,1,0,0,6,6,69,TRUE,TRUE,TRUE
2R,GHcol,AGAP001135__SITE01,110,110,1,1,1,1,0,0,6,6,55,TRUE,TRUE,TRUE
2R,GHgam,AGAP001135__SITE01,24,24,1,1,1,1,0,0,6,6,12,FALSE,TRUE,FALSE
2R,GNgam,AGAP001135__SITE01,80,80,1,1,1,1,0,0,6,6,40,TRUE,TRUE,TRUE
2R,UGgam,AGAP001135__SITE01,224,224,1,0.995535714285714,1,0.995535714285714,0.00446428571428571,0.000386465727595386,6,6,112,TRUE,TRUE,TRUE
2R,AOcol,AGAP001135__SITE02,156,156,1,0.685897435897436,0.685897435897436,1,0.314102564102564,0.0187340994197181,5,5,78,TRUE,TRUE,TRUE
2R,BFcol,AGAP001135__SITE02,150,150,1,0.84,0.84,1,0.16,0.0116869565217391,5,5,75,TRUE,TRUE,TRUE
2R,BFgam,AGAP001135__SITE02,184,184,1,0.842391304347826,0.847826086956522,0.994565217391304,0.152173913043478,0.0116888920851484,5,5,92,TRUE,TRUE,TRUE
2R,CMgam,AGAP001135__SITE02,594,594,1,0.87037037037037,0.887205387205387,0.983164983164983,0.112794612794613,0.0105914461060121,5,5,297,TRUE,TRUE,TRUE
2R,CIcol,AGAP001135__SITE02,142,142,1,0.873239436619718,0.873239436619718,1,0.126760563380282,0.00962541938711263,5,5,71,TRUE,TRUE,TRUE
2R,FRgam,AGAP001135__SITE02,48,48,1,1,1,1,0,0,5,5,24,TRUE,TRUE,FALSE
2R,GAgam,AGAP001135__SITE02,138,138,1,0.673913043478261,0.673913043478261,1,0.326086956521739,0.0191090655050547,5,5,69,TRUE,TRUE,TRUE
2R,GHcol,AGAP001135__SITE02,110,110,1,0.809090909090909,0.809090909090909,1,0.190909090909091,0.0134315486884657,5,5,55,TRUE,TRUE,TRUE
2R,GHgam,AGAP001135__SITE02,24,24,1,1,1,1,0,0,5,5,12,FALSE,TRUE,FALSE
2R,GNgam,AGAP001135__SITE02,80,80,1,0.8375,0.85,0.9875,0.15,0.0132336956521739,5,5,40,TRUE,TRUE,TRUE
2R,UGgam,AGAP001135__SITE02,224,224,1,0.892857142857143,0.892857142857143,1,0.107142857142857,0.00831854480922804,5,5,112,TRUE,TRUE,TRUE
2R,AOcol,AGAP001135__SITE03,156,156,1,0.993589743589744,0.993589743589744,1,0.00641025641025641,0.000553840436783581,8,8,78,TRUE,TRUE,TRUE
2R,BFcol,AGAP001135__SITE03,150,150,1,0.986666666666667,1,0.986666666666667,0.00666666666666667,0.00115169082125604,8,8,75,TRUE,TRUE,TRUE
2R,BFgam,AGAP001135__SITE03,184,184,1,0.994565217391304,1,0.994565217391304,0.00543478260869565,0.000470021369277554,8,8,92,TRUE,TRUE,TRUE
2R,CMgam,AGAP001135__SITE03,594,594,1,0.981481481481481,1,0.981481481481481,0.00673400673400673,0.00160266600026518,8,8,297,TRUE,TRUE,TRUE
2R,CIcol,AGAP001135__SITE03,142,142,1,1,1,1,0,0,8,8,71,TRUE,TRUE,TRUE
2R,FRgam,AGAP001135__SITE03,48,48,1,1,1,1,0,0,8,8,24,TRUE,TRUE,FALSE
2R,GAgam,AGAP001135__SITE03,138,138,1,0.891304347826087,1,0.891304347826087,0.108695652173913,0.00842442672803485,8,8,69,TRUE,TRUE,TRUE
2R,GHcol,AGAP001135__SITE03,110,110,1,0.990909090909091,1,0.990909090909091,0.00909090909090909,0.000783327344592167,8,8,55,TRUE,TRUE,TRUE
2R,GHgam,AGAP001135__SITE03,24,24,1,1,1,1,0,0,8,8,12,FALSE,TRUE,FALSE
2R,GNgam,AGAP001135__SITE03,80,80,1,1,1,1,0,0,8,8,40,TRUE,TRUE,TRUE
2R,UGgam,AGAP001135__SITE03,224,224,1,0.991071428571429,1,0.991071428571429,0.00446428571428571,0.000772931455190772,8,8,112,TRUE,TRUE,TRUE
2R,AOcol,AGAP001135__SITE04,156,156,1,0.67948717948718,1,0.67948717948718,0.320512820512821,0.0189377697738902,7,7,78,TRUE,TRUE,TRUE
2R,BFcol,AGAP001135__SITE04,150,150,1,0.733333333333333,1,0.733333333333333,0.266666666666667,0.0170048309178744,7,7,75,TRUE,TRUE,TRUE
2R,BFgam,AGAP001135__SITE04,184,184,1,0.690217391304348,0.994565217391304,0.695652173913044,0.304347826086957,0.0193504972466508,7,7,92,TRUE,TRUE,TRUE
2R,CMgam,AGAP001135__SITE04,594,594,1,0.723905723905724,0.993265993265993,0.730639730639731,0.269360269360269,0.0176966069221961,7,7,297,TRUE,TRUE,TRUE
2R,CIcol,AGAP001135__SITE04,142,142,1,0.704225352112676,1,0.704225352112676,0.295774647887324,0.0181123483090829,7,7,71,TRUE,TRUE,TRUE
2R,FRgam,AGAP001135__SITE04,48,48,1,0.1875,1,0.1875,0.8125,0.0132472826086957,7,7,24,TRUE,TRUE,FALSE
2R,GAgam,AGAP001135__SITE04,138,138,1,0.710144927536232,1,0.710144927536232,0.289855072463768,0.0178990529939819,7,7,69,TRUE,TRUE,TRUE
2R,GHcol,AGAP001135__SITE04,110,110,1,0.672727272727273,1,0.672727272727273,0.327272727272727,0.0199281351060007,7,7,55,TRUE,TRUE,TRUE
2R,GHgam,AGAP001135__SITE04,24,24,1,0.708333333333333,1,0.708333333333333,0.291666666666667,0.0179649758454106,7,7,12,FALSE,TRUE,FALSE
2R,GNgam,AGAP001135__SITE04,80,80,1,0.6375,1,0.6375,0.3625,0.0200951086956522,7,7,40,TRUE,TRUE,TRUE
2R,UGgam,AGAP001135__SITE04,224,224,1,0.767857142857143,0.982142857142857,0.785714285714286,0.214285714285714,0.0161795696539485,7,7,112,TRUE,TRUE,TRUE
2R,AOcol,AGAP001135__SITE05,156,156,1,1,1,1,0,0,8,8,78,TRUE,TRUE,TRUE
2R,BFcol,AGAP001135__SITE05,150,150,1,0.866666666666667,1,0.866666666666667,0.133333333333333,0.010048309178744,8,8,75,TRUE,TRUE,TRUE
2R,BFgam,AGAP001135__SITE05,184,184,1,0.847826086956522,1,0.847826086956522,0.141304347826087,0.0114911235308622,8,8,92,TRUE,TRUE,TRUE
2R,CMgam,AGAP001135__SITE05,594,594,1,0.853535353535354,1,0.853535353535354,0.143097643097643,0.011246757330786,8,8,297,TRUE,TRUE,TRUE
2R,CIcol,AGAP001135__SITE05,142,142,1,0.894366197183099,1,0.894366197183099,0.105633802816901,0.00821524369733404,8,8,71,TRUE,TRUE,TRUE
2R,FRgam,AGAP001135__SITE05,48,48,1,1,1,1,0,0,8,8,24,TRUE,TRUE,FALSE
2R,GAgam,AGAP001135__SITE05,138,138,1,0.985507246376812,1,0.985507246376812,0.0144927536231884,0.00124197510570487,8,8,69,TRUE,TRUE,TRUE
2R,GHcol,AGAP001135__SITE05,110,110,1,0.9,1,0.9,0.1,0.00782608695652174,8,8,55,TRUE,TRUE,TRUE
2R,GHgam,AGAP001135__SITE05,24,24,1,0.75,1,0.75,0.25,0.016304347826087,8,8,12,FALSE,TRUE,FALSE
2R,GNgam,AGAP001135__SITE05,80,80,1,0.9,1,0.9,0.1,0.00782608695652174,8,8,40,TRUE,TRUE,TRUE
2R,UGgam,AGAP001135__SITE05,224,224,1,0.870535714285714,1,0.870535714285714,0.120535714285714,0.00999091892191659,8,8,112,TRUE,TRUE,TRUE
3R,AOcol,AGAP009048__SITE01,156,156,1,0.974358974358974,1,0.974358974358974,0.0256410256410256,0.00217248377783495,7,7,78,TRUE,TRUE,TRUE
3R,BFcol,AGAP009048__SITE01,150,150,1,0.946666666666667,1,0.946666666666667,0.02,0.00457584541062802,7,7,75,TRUE,TRUE,TRUE
3R,BFgam,AGAP009048__SITE01,184,184,1,0.978260869565217,1,0.978260869565217,0.0217391304347826,0.00184926440371497,7,7,92,TRUE,TRUE,TRUE
3R,CMgam,AGAP009048__SITE01,594,594,1,0.973063973063973,1,0.973063973063973,0.0117845117845118,0.00232402589304946,7,7,297,TRUE,TRUE,TRUE
3R,CIcol,AGAP009048__SITE01,142,142,1,0.97887323943662,1,0.97887323943662,0.0140845070422535,0.00181554729479141,7,7,71,TRUE,TRUE,TRUE
3R,FRgam,AGAP009048__SITE01,48,48,1,1,1,1,0,0,7,7,24,TRUE,TRUE,FALSE
3R,GAgam,AGAP009048__SITE01,138,138,1,0.985507246376812,1,0.985507246376812,0.0144927536231884,0.00124197510570487,7,7,69,TRUE,TRUE,TRUE
3R,GHcol,AGAP009048__SITE01,110,110,1,0.945454545454546,1,0.945454545454546,0.0363636363636364,0.00459935321595401,7,7,55,TRUE,TRUE,TRUE
3R,GHgam,AGAP009048__SITE01,24,24,1,1,1,1,0,0,7,7,12,FALSE,TRUE,FALSE
3R,GNgam,AGAP009048__SITE01,80,80,1,0.975,1,0.975,0.0125,0.00214673913043478,7,7,40,TRUE,TRUE,TRUE
3R,UGgam,AGAP009048__SITE01,224,224,1,0.982142857142857,1,0.982142857142857,0.00892857142857143,0.00154239685004437,7,7,112,TRUE,TRUE,TRUE
3R,AOcol,AGAP009048__SITE02,156,156,1,0.955128205128205,1,0.955128205128205,0.0448717948717949,0.00372681016493726,6,6,78,TRUE,TRUE,TRUE
3R,BFcol,AGAP009048__SITE02,150,150,1,0.98,1,0.98,0.00666666666666667,0.00172753623188406,6,6,75,TRUE,TRUE,TRUE
3R,BFgam,AGAP009048__SITE02,184,184,1,0.978260869565217,1,0.978260869565217,0.0217391304347826,0.00184926440371497,6,6,92,TRUE,TRUE,TRUE
3R,CMgam,AGAP009048__SITE02,594,594,1,0.983164983164983,1,0.983164983164983,0.0117845117845118,0.0014506061936892,6,6,297,TRUE,TRUE,TRUE
3R,CIcol,AGAP009048__SITE02,142,142,1,0.992957746478873,1,0.992957746478873,0.00704225352112676,0.000608057407519212,6,6,71,TRUE,TRUE,TRUE
3R,FRgam,AGAP009048__SITE02,48,48,1,1,1,1,0,0,6,6,24,TRUE,TRUE,FALSE
3R,GAgam,AGAP009048__SITE02,138,138,1,1,1,1,0,0,6,6,69,TRUE,TRUE,TRUE
3R,GHcol,AGAP009048__SITE02,110,110,1,1,1,1,0,0,6,6,55,TRUE,TRUE,TRUE
3R,GHgam,AGAP009048__SITE02,24,24,1,1,1,1,0,0,6,6,12,FALSE,TRUE,FALSE
3R,GNgam,AGAP009048__SITE02,80,80,1,0.975,1,0.975,0.0125,0.00214673913043478,6,6,40,TRUE,TRUE,TRUE
3R,UGgam,AGAP009048__SITE02,224,224,1,0.991071428571429,1,0.991071428571429,0.00446428571428571,0.000772931455190772,6,6,112,TRUE,TRUE,TRUE
3R,AOcol,AGAP009048__SITE03,156,156,1,1,1,1,0,0,4,4,78,TRUE,TRUE,TRUE
3R,BFcol,AGAP009048__SITE03,150,150,1,0.966666666666667,1,0.966666666666667,0.02,0.00285603864734299,4,4,75,TRUE,TRUE,TRUE
3R,BFgam,AGAP009048__SITE03,184,184,1,0.978260869565217,1,0.978260869565217,0.0217391304347826,0.00184926440371497,4,4,92,TRUE,TRUE,TRUE
3R,CMgam,AGAP009048__SITE03,594,594,1,0.988215488215488,1,0.988215488215488,0.0117845117845118,0.00101266409274022,4,4,297,TRUE,TRUE,TRUE
3R,CIcol,AGAP009048__SITE03,142,142,1,1,1,1,0,0,4,4,71,TRUE,TRUE,TRUE
3R,FRgam,AGAP009048__SITE03,48,48,1,1,1,1,0,0,4,4,24,TRUE,TRUE,FALSE
3R,GAgam,AGAP009048__SITE03,138,138,1,1,1,1,0,0,4,4,69,TRUE,TRUE,TRUE
3R,GHcol,AGAP009048__SITE03,110,110,1,0.990909090909091,1,0.990909090909091,0.00909090909090909,0.000783327344592167,4,4,55,TRUE,TRUE,TRUE
3R,GHgam,AGAP009048__SITE03,24,24,1,1,1,1,0,0,4,4,12,FALSE,TRUE,FALSE
3R,GNgam,AGAP009048__SITE03,80,80,1,0.975,0.9875,0.9875,0.0125,0.00214673913043478,4,4,40,TRUE,TRUE,TRUE
3R,UGgam,AGAP009048__SITE03,224,224,1,1,1,1,0,0,4,4,112,TRUE,TRUE,TRUE
3R,AOcol,AGAP009048__SITE04,156,156,1,1,1,1,0,0,2,2,78,TRUE,TRUE,TRUE
3R,BFcol,AGAP009048__SITE04,150,150,1,0.973333333333333,1,0.973333333333333,0.02,0.00228019323671498,2,2,75,TRUE,TRUE,TRUE
3R,BFgam,AGAP009048__SITE04,184,184,1,0.978260869565217,1,0.978260869565217,0.0217391304347826,0.00184926440371497,2,2,92,TRUE,TRUE,TRUE
3R,CMgam,AGAP009048__SITE04,594,594,1,0.988215488215488,1,0.988215488215488,0.0117845117845118,0.00101266409274022,2,2,297,TRUE,TRUE,TRUE
3R,CIcol,AGAP009048__SITE04,142,142,1,1,1,1,0,0,2,2,71,TRUE,TRUE,TRUE
3R,FRgam,AGAP009048__SITE04,48,48,1,1,1,1,0,0,2,2,24,TRUE,TRUE,FALSE
3R,GAgam,AGAP009048__SITE04,138,138,1,1,1,1,0,0,2,2,69,TRUE,TRUE,TRUE
3R,GHcol,AGAP009048__SITE04,110,110,1,0.990909090909091,1,0.990909090909091,0.00909090909090909,0.000783327344592167,2,2,55,TRUE,TRUE,TRUE
3R,GHgam,AGAP009048__SITE04,24,24,1,1,1,1,0,0,2,2,12,FALSE,TRUE,FALSE
3R,GNgam,AGAP009048__SITE04,80,80,1,0.9875,1,0.9875,0.0125,0.00107336956521739,2,2,40,TRUE,TRUE,TRUE
3R,UGgam,AGAP009048__SITE04,224,224,1,1,1,1,0,0,2,2,112,TRUE,TRUE,TRUE
3R,AOcol,AGAP009048__SITE05,156,156,1,0.935897435897436,1,0.935897435897436,0.0576923076923077,0.00528113655203956,7,7,78,TRUE,TRUE,TRUE
3R,BFcol,AGAP009048__SITE05,150,150,1,0.986666666666667,1,0.986666666666667,0.00666666666666667,0.00115169082125604,7,7,75,TRUE,TRUE,TRUE
3R,BFgam,AGAP009048__SITE05,184,184,1,0.902173913043478,1,0.902173913043478,0.0978260869565217,0.00767444727541711,7,7,92,TRUE,TRUE,TRUE
3R,CMgam,AGAP009048__SITE05,594,594,1,0.937710437710438,1,0.937710437710438,0.0521885521885522,0.00517077277434473,7,7,297,TRUE,TRUE,TRUE
3R,CIcol,AGAP009048__SITE05,142,142,1,1,1,1,0,0,7,7,71,TRUE,TRUE,TRUE
3R,FRgam,AGAP009048__SITE05,48,48,1,1,1,1,0,0,7,7,24,TRUE,TRUE,FALSE
3R,GAgam,AGAP009048__SITE05,138,138,1,0.884057971014493,1,0.884057971014493,0.115942028985507,0.0089129978174114,7,7,69,TRUE,TRUE,TRUE
3R,GHcol,AGAP009048__SITE05,110,110,1,0.990909090909091,0.990909090909091,1,0.00909090909090909,0.000783327344592167,7,7,55,TRUE,TRUE,TRUE
3R,GHgam,AGAP009048__SITE05,24,24,1,0.833333333333333,0.958333333333333,0.875,0.125,0.0129830917874396,7,7,12,FALSE,TRUE,FALSE
3R,GNgam,AGAP009048__SITE05,80,80,1,0.975,1,0.975,0.025,0.0021195652173913,7,7,40,TRUE,TRUE,TRUE
3R,UGgam,AGAP009048__SITE05,224,224,1,0.924107142857143,1,0.924107142857143,0.0580357142857143,0.00629609860248447,7,7,112,TRUE,TRUE,TRUE
3L,AOcol,AGAP010313__SITE01,156,156,1,1,1,1,0,0,1,1,78,TRUE,TRUE,TRUE
3L,BFcol,AGAP010313__SITE01,150,150,1,1,1,1,0,0,1,1,75,TRUE,TRUE,TRUE
3L,BFgam,AGAP010313__SITE01,184,184,1,0.994565217391304,1,0.994565217391304,0.00543478260869565,0.000470021369277554,1,1,92,TRUE,TRUE,TRUE
3L,CMgam,AGAP010313__SITE01,594,594,1,1,1,1,0,0,1,1,297,TRUE,TRUE,TRUE
3L,CIcol,AGAP010313__SITE01,142,142,1,1,1,1,0,0,1,1,71,TRUE,TRUE,TRUE
3L,FRgam,AGAP010313__SITE01,48,48,1,1,1,1,0,0,1,1,24,TRUE,TRUE,FALSE
3L,GAgam,AGAP010313__SITE01,138,138,1,1,1,1,0,0,1,1,69,TRUE,TRUE,TRUE
3L,GHcol,AGAP010313__SITE01,110,110,1,1,1,1,0,0,1,1,55,TRUE,TRUE,TRUE
3L,GHgam,AGAP010313__SITE01,24,24,1,1,1,1,0,0,1,1,12,FALSE,TRUE,FALSE
3L,GNgam,AGAP010313__SITE01,80,80,1,1,1,1,0,0,1,1,40,TRUE,TRUE,TRUE
3L,UGgam,AGAP010313__SITE01,224,224,1,1,1,1,0,0,1,1,112,TRUE,TRUE,TRUE
3L,AOcol,AGAP010313__SITE02,156,156,1,1,1,1,0,0,2,2,78,TRUE,TRUE,TRUE
3L,BFcol,AGAP010313__SITE02,150,150,1,1,1,1,0,0,2,2,75,TRUE,TRUE,TRUE
3L,BFgam,AGAP010313__SITE02,184,184,1,1,1,1,0,0,2,2,92,TRUE,TRUE,TRUE
3L,CMgam,AGAP010313__SITE02,594,594,1,1,1,1,0,0,2,2,297,TRUE,TRUE,TRUE
3L,CIcol,AGAP010313__SITE02,142,142,1,1,1,1,0,0,2,2,71,TRUE,TRUE,TRUE
3L,FRgam,AGAP010313__SITE02,48,48,1,1,1,1,0,0,2,2,24,TRUE,TRUE,FALSE
3L,GAgam,AGAP010313__SITE02,138,138,1,1,1,1,0,0,2,2,69,TRUE,TRUE,TRUE
3L,GHcol,AGAP010313__SITE02,110,110,1,1,1,1,0,0,2,2,55,TRUE,TRUE,TRUE
3L,GHgam,AGAP010313__SITE02,24,24,1,1,1,1,0,0,2,2,12,FALSE,TRUE,FALSE
3L,GNgam,AGAP010313__SITE02,80,80,1,1,1,1,0,0,2,2,40,TRUE,TRUE,TRUE
3L,UGgam,AGAP010313__SITE02,224,224,1,0.995535714285714,1,0.995535714285714,0.00446428571428571,0.000386465727595386,2,2,112,TRUE,TRUE,TRUE
3L,AOcol,AGAP010313__SITE03,156,156,1,1,1,1,0,0,2,2,78,TRUE,TRUE,TRUE
3L,BFcol,AGAP010313__SITE03,150,150,1,1,1,1,0,0,2,2,75,TRUE,TRUE,TRUE
3L,BFgam,AGAP010313__SITE03,184,184,1,1,1,1,0,0,2,2,92,TRUE,TRUE,TRUE
3L,CMgam,AGAP010313__SITE03,594,594,1,1,1,1,0,0,2,2,297,TRUE,TRUE,TRUE
3L,CIcol,AGAP010313__SITE03,142,142,1,1,1,1,0,0,2,2,71,TRUE,TRUE,TRUE
3L,FRgam,AGAP010313__SITE03,48,48,1,1,1,1,0,0,2,2,24,TRUE,TRUE,FALSE
3L,GAgam,AGAP010313__SITE03,138,138,1,1,1,1,0,0,2,2,69,TRUE,TRUE,TRUE
3L,GHcol,AGAP010313__SITE03,110,110,1,1,1,1,0,0,2,2,55,TRUE,TRUE,TRUE
3L,GHgam,AGAP010313__SITE03,24,24,1,1,1,1,0,0,2,2,12,FALSE,TRUE,FALSE
3L,GNgam,AGAP010313__SITE03,80,80,1,1,1,1,0,0,2,2,40,TRUE,TRUE,TRUE
3L,UGgam,AGAP010313__SITE03,224,224,1,0.995535714285714,1,0.995535714285714,0.00446428571428571,0.000386465727595386,2,2,112,TRUE,TRUE,TRUE
3L,AOcol,AGAP010313__SITE04,156,156,1,1,1,1,0,0,2,2,78,TRUE,TRUE,TRUE
3L,BFcol,AGAP010313__SITE04,150,150,1,1,1,1,0,0,2,2,75,TRUE,TRUE,TRUE
3L,BFgam,AGAP010313__SITE04,184,184,1,1,1,1,0,0,2,2,92,TRUE,TRUE,TRUE
3L,CMgam,AGAP010313__SITE04,594,594,1,0.996632996632997,1,0.996632996632997,0.00168350168350168,0.000292290000971014,2,2,297,TRUE,TRUE,TRUE
3L,CIcol,AGAP010313__SITE04,142,142,1,1,1,1,0,0,2,2,71,TRUE,TRUE,TRUE
3L,FRgam,AGAP010313__SITE04,48,48,1,1,1,1,0,0,2,2,24,TRUE,TRUE,FALSE
3L,GAgam,AGAP010313__SITE04,138,138,1,1,1,1,0,0,2,2,69,TRUE,TRUE,TRUE
3L,GHcol,AGAP010313__SITE04,110,110,1,1,1,1,0,0,2,2,55,TRUE,TRUE,TRUE
3L,GHgam,AGAP010313__SITE04,24,24,1,1,1,1,0,0,2,2,12,FALSE,TRUE,FALSE
3L,GNgam,AGAP010313__SITE04,80,80,1,1,1,1,0,0,2,2,40,TRUE,TRUE,TRUE
3L,UGgam,AGAP010313__SITE04,224,224,1,1,1,1,0,0,2,2,112,TRUE,TRUE,TRUE
3L,AOcol,AGAP010313__SITE05,156,156,1,1,1,1,0,0,1,1,78,TRUE,TRUE,TRUE
3L,BFcol,AGAP010313__SITE05,150,150,1,1,1,1,0,0,1,1,75,TRUE,TRUE,TRUE
3L,BFgam,AGAP010313__SITE05,184,184,1,0.994565217391304,1,0.994565217391304,0.00543478260869565,0.000470021369277554,1,1,92,TRUE,TRUE,TRUE
3L,CMgam,AGAP010313__SITE05,594,594,1,1,1,1,0,0,1,1,297,TRUE,TRUE,TRUE
3L,CIcol,AGAP010313__SITE05,142,142,1,1,1,1,0,0,1,1,71,TRUE,TRUE,TRUE
3L,FRgam,AGAP010313__SITE05,48,48,1,1,1,1,0,0,1,1,24,TRUE,TRUE,FALSE
3L,GAgam,AGAP010313__SITE05,138,138,1,1,1,1,0,0,1,1,69,TRUE,TRUE,TRUE
3L,GHcol,AGAP010313__SITE05,110,110,1,1,1,1,0,0,1,1,55,TRUE,TRUE,TRUE
3L,GHgam,AGAP010313__SITE05,24,24,1,1,1,1,0,0,1,1,12,FALSE,TRUE,FALSE
3L,GNgam,AGAP010313__SITE05,80,80,1,1,1,1,0,0,1,1,40,TRUE,TRUE,TRUE
3L,UGgam,AGAP010313__SITE05,224,224,1,1,1,1,0,0,1,1,112,TRUE,TRUE,TRUE
3R,AOcol,AGAP009338__SITE01,156,156,1,0.987179487179487,1,0.987179487179487,0.0128205128205128,0.0011005345453506,9,9,78,TRUE,TRUE,TRUE
3R,BFcol,AGAP009338__SITE01,150,150,1,0.866666666666667,0.993333333333333,0.873333333333333,0.12,0.0114782608695652,9,9,75,TRUE,TRUE,TRUE
3R,BFgam,AGAP009338__SITE01,184,184,1,0.836956521739131,0.978260869565217,0.858695652173913,0.130434782608696,0.0131169351524616,9,9,92,TRUE,TRUE,TRUE
3R,CMgam,AGAP009338__SITE01,594,594,1,0.875420875420875,0.97979797979798,0.895622895622896,0.0925925925925926,0.0100428478411204,9,9,297,TRUE,TRUE,TRUE
3R,CIcol,AGAP009338__SITE01,142,142,1,0.76056338028169,0.985915492957746,0.774647887323944,0.211267605633803,0.0169134833495769,9,9,71,TRUE,TRUE,TRUE
3R,FRgam,AGAP009338__SITE01,48,48,1,1,1,1,0,0,9,9,24,TRUE,TRUE,FALSE
3R,GAgam,AGAP009338__SITE01,138,138,1,0.876811594202899,0.876811594202899,1,0.123188405797101,0.00939243673689305,9,9,69,TRUE,TRUE,TRUE
3R,GHcol,AGAP009338__SITE01,110,110,1,0.809090909090909,1,0.809090909090909,0.190909090909091,0.0134315486884657,9,9,55,TRUE,TRUE,TRUE
3R,GHgam,AGAP009338__SITE01,24,24,1,0.833333333333333,1,0.833333333333333,0.125,0.0129830917874396,9,9,12,FALSE,TRUE,FALSE
3R,GNgam,AGAP009338__SITE01,80,80,1,0.85,1,0.85,0.15,0.0110869565217391,9,9,40,TRUE,TRUE,TRUE
3R,UGgam,AGAP009338__SITE01,224,224,1,0.830357142857143,0.973214285714286,0.857142857142857,0.142857142857143,0.0136840062111801,9,9,112,TRUE,TRUE,TRUE
3R,AOcol,AGAP009338__SITE02,156,156,1,0.987179487179487,1,0.987179487179487,0.0128205128205128,0.0011005345453506,6,6,78,TRUE,TRUE,TRUE
3R,BFcol,AGAP009338__SITE02,150,150,1,0.846666666666667,1,0.846666666666667,0.126666666666667,0.0119072463768116,6,6,75,TRUE,TRUE,TRUE
3R,BFgam,AGAP009338__SITE02,184,184,1,0.885869565217391,1,0.885869565217391,0.108695652173913,0.0088944480973124,6,6,92,TRUE,TRUE,TRUE
3R,CMgam,AGAP009338__SITE02,594,594,1,0.872053872053872,1,0.872053872053872,0.114478114478115,0.00997039146651209,6,6,297,TRUE,TRUE,TRUE
3R,CIcol,AGAP009338__SITE02,142,142,1,0.852112676056338,1,0.852112676056338,0.0915492957746479,0.0118549632146831,6,6,71,TRUE,TRUE,TRUE
3R,FRgam,AGAP009338__SITE02,48,48,1,1,1,1,0,0,6,6,24,TRUE,TRUE,FALSE
3R,GAgam,AGAP009338__SITE02,138,138,1,0.811594202898551,1,0.811594202898551,0.181159420289855,0.0135247436143302,6,6,69,TRUE,TRUE,TRUE
3R,GHcol,AGAP009338__SITE02,110,110,1,0.936363636363636,1,0.936363636363636,0.0545454545454545,0.00526769673014732,6,6,55,TRUE,TRUE,TRUE
3R,GHgam,AGAP009338__SITE02,24,24,1,0.916666666666667,1,0.916666666666667,0.0833333333333333,0.00664251207729469,6,6,12,FALSE,TRUE,FALSE
3R,GNgam,AGAP009338__SITE02,80,80,1,0.825,1,0.825,0.1625,0.0129076086956522,6,6,40,TRUE,TRUE,TRUE
3R,UGgam,AGAP009338__SITE02,224,224,1,0.915178571428571,1,0.915178571428571,0.0803571428571429,0.00681254159272405,6,6,112,TRUE,TRUE,TRUE
3R,AOcol,AGAP009338__SITE03,156,156,1,0.987179487179487,1,0.987179487179487,0.0128205128205128,0.0011005345453506,7,7,78,TRUE,TRUE,TRUE
3R,BFcol,AGAP009338__SITE03,150,150,1,0.846666666666667,0.986666666666667,0.86,0.126666666666667,0.0119072463768116,7,7,75,TRUE,TRUE,TRUE
3R,BFgam,AGAP009338__SITE03,184,184,1,0.847826086956522,0.951086956521739,0.885869565217391,0.108695652173913,0.0129397139804389,7,7,92,TRUE,TRUE,TRUE
3R,CMgam,AGAP009338__SITE03,594,594,1,0.82996632996633,0.936026936026936,0.872053872053872,0.114478114478115,0.015177392428161,7,7,297,TRUE,TRUE,TRUE
3R,CIcol,AGAP009338__SITE03,142,142,1,0.901408450704225,0.992957746478873,0.908450704225352,0.0915492957746479,0.00784005933950303,7,7,71,TRUE,TRUE,TRUE
3R,FRgam,AGAP009338__SITE03,48,48,1,1,1,1,0,0,7,7,24,TRUE,TRUE,FALSE
3R,GAgam,AGAP009338__SITE03,138,138,1,0.688405797101449,0.869565217391304,0.811594202898551,0.181159420289855,0.02338748710081,7,7,69,TRUE,TRUE,TRUE
3R,GHcol,AGAP009338__SITE03,110,110,1,0.945454545454546,1,0.945454545454546,0.0545454545454545,0.00448436938555516,7,7,55,TRUE,TRUE,TRUE
3R,GHgam,AGAP009338__SITE03,24,24,1,0.833333333333333,0.916666666666667,0.916666666666667,0.0833333333333333,0.0132850241545894,7,7,12,FALSE,TRUE,FALSE
3R,GNgam,AGAP009338__SITE03,80,80,1,0.825,1,0.825,0.1625,0.0129076086956522,7,7,40,TRUE,TRUE,TRUE
3R,UGgam,AGAP009338__SITE03,224,224,1,0.857142857142857,0.933035714285714,0.915178571428571,0.0803571428571429,0.0122455911712511,7,7,112,TRUE,TRUE,TRUE
3R,AOcol,AGAP009338__SITE04,156,156,1,0,1,0,1,0,6,6,78,TRUE,TRUE,TRUE
3R,BFcol,AGAP009338__SITE04,150,150,1,0.02,1,0.02,0.98,0.00228019323671498,6,6,75,TRUE,TRUE,TRUE
3R,BFgam,AGAP009338__SITE04,184,184,1,0,1,0,1,0.000470021369277554,6,6,92,TRUE,TRUE,TRUE
3R,CMgam,AGAP009338__SITE04,594,594,1,0.00168350168350168,1,0.00168350168350168,0.998316498316498,0.00301433305385875,6,6,297,TRUE,TRUE,TRUE
3R,CIcol,AGAP009338__SITE04,142,142,1,0.0211267605633803,1,0.0211267605633803,0.97887323943662,0.00300578732653114,6,6,71,TRUE,TRUE,TRUE
3R,FRgam,AGAP009338__SITE04,48,48,1,0,1,0,1,0,6,6,24,TRUE,TRUE,FALSE
3R,GAgam,AGAP009338__SITE04,138,138,1,0,1,0,1,0,6,6,69,TRUE,TRUE,TRUE
3R,GHcol,AGAP009338__SITE04,110,110,1,0.0454545454545455,1,0.0454545454545455,0.954545454545455,0.0053395616241466,6,6,55,TRUE,TRUE,TRUE
3R,GHgam,AGAP009338__SITE04,24,24,1,0,1,0,1,0,6,6,12,FALSE,TRUE,FALSE
3R,GNgam,AGAP009338__SITE04,80,80,1,0,1,0,1,0,6,6,40,TRUE,TRUE,TRUE
3R,UGgam,AGAP009338__SITE04,224,224,1,0.00446428571428571,1,0.00446428571428571,0.995535714285714,0.000386465727595385,6,6,112,TRUE,TRUE,TRUE
3R,AOcol,AGAP009338__SITE05,156,156,1,0.628205128205128,1,0.628205128205128,0.371794871794872,0.0203098647914701,7,7,78,TRUE,TRUE,TRUE
3R,BFcol,AGAP009338__SITE05,150,150,1,0.926666666666667,1,0.926666666666667,0.0333333333333333,0.00624154589371981,7,7,75,TRUE,TRUE,TRUE
3R,BFgam,AGAP009338__SITE05,184,184,1,0.978260869565217,1,0.978260869565217,0.0217391304347826,0.00184926440371497,7,7,92,TRUE,TRUE,TRUE
3R,CMgam,AGAP009338__SITE05,594,594,1,0.96969696969697,1,0.96969696969697,0.0252525252525253,0.00257885545544746,7,7,297,TRUE,TRUE,TRUE
3R,CIcol,AGAP009338__SITE05,142,142,1,0.887323943661972,1,0.887323943661972,0.105633802816901,0.00882330110485325,7,7,71,TRUE,TRUE,TRUE
3R,FRgam,AGAP009338__SITE05,48,48,1,0.979166666666667,1,0.979166666666667,0.0208333333333333,0.00177385265700483,7,7,24,TRUE,TRUE,FALSE
3R,GAgam,AGAP009338__SITE05,138,138,1,0.826086956521739,1,0.826086956521739,0.173913043478261,0.0124928084162078,7,7,69,TRUE,TRUE,TRUE
3R,GHcol,AGAP009338__SITE05,110,110,1,0.927272727272727,1,0.927272727272727,0.0454545454545455,0.00612288896873877,7,7,55,TRUE,TRUE,TRUE
3R,GHgam,AGAP009338__SITE05,24,24,1,0.958333333333333,1,0.958333333333333,0.0416666666666667,0.00347222222222222,7,7,12,FALSE,TRUE,FALSE
3R,GNgam,AGAP009338__SITE05,80,80,1,0.95,0.9875,0.9625,0.025,0.00426630434782609,7,7,40,TRUE,TRUE,TRUE
3R,UGgam,AGAP009338__SITE05,224,224,1,0.977678571428571,1,0.977678571428571,0.0223214285714286,0.00189766803460515,7,7,112,TRUE,TRUE,TRUE
X,AOcol,AGAP001015__SITE01,156,156,1,0.871794871794872,1,0.871794871794872,0.128205128205128,0.00971900637452477,3,3,78,TRUE,TRUE,TRUE
X,BFcol,AGAP001015__SITE01,150,144,0.96,1,1,1,0,0,3,3,72,TRUE,TRUE,TRUE
X,BFgam,AGAP001015__SITE01,184,134,0.728260869565217,1,1,1,0,0,3,3,67,TRUE,TRUE,TRUE
X,CMgam,AGAP001015__SITE01,594,506,0.851851851851852,0.996047430830039,1,0.996047430830039,0.00395256916996047,0.000342343162340622,3,3,253,TRUE,TRUE,TRUE
X,CIcol,AGAP001015__SITE01,142,142,1,1,1,1,0,0,3,3,71,TRUE,TRUE,TRUE
X,FRgam,AGAP001015__SITE01,48,24,0.5,1,1,1,0,0,3,3,12,FALSE,TRUE,FALSE
X,GAgam,AGAP001015__SITE01,138,138,1,1,1,1,0,0,3,3,69,TRUE,TRUE,TRUE
X,GHcol,AGAP001015__SITE01,110,110,1,1,1,1,0,0,3,3,55,TRUE,TRUE,TRUE
X,GHgam,AGAP001015__SITE01,24,24,1,1,1,1,0,0,3,3,12,FALSE,TRUE,FALSE
X,GNgam,AGAP001015__SITE01,80,80,1,0.975,0.9875,0.9875,0.0125,0.00214673913043478,3,3,40,TRUE,TRUE,TRUE
X,UGgam,AGAP001015__SITE01,224,224,1,1,1,1,0,0,3,3,112,TRUE,TRUE,TRUE
X,AOcol,AGAP001015__SITE02,156,156,1,1,1,1,0,0,2,2,78,TRUE,TRUE,TRUE
X,BFcol,AGAP001015__SITE02,150,144,0.96,1,1,1,0,0,2,2,72,TRUE,TRUE,TRUE
X,BFgam,AGAP001015__SITE02,184,134,0.728260869565217,0.992537313432836,1,0.992537313432836,0.00746268656716418,0.000644086510988213,2,2,67,TRUE,TRUE,TRUE
X,CMgam,AGAP001015__SITE02,594,506,0.851851851851852,0.994071146245059,1,0.994071146245059,0.00592885375494071,0.000512495865051586,2,2,253,TRUE,TRUE,TRUE
X,CIcol,AGAP001015__SITE02,142,142,1,1,1,1,0,0,2,2,71,TRUE,TRUE,TRUE
X,FRgam,AGAP001015__SITE02,48,24,0.5,1,1,1,0,0,2,2,12,FALSE,TRUE,FALSE
X,GAgam,AGAP001015__SITE02,138,138,1,1,1,1,0,0,2,2,69,TRUE,TRUE,TRUE
X,GHcol,AGAP001015__SITE02,110,110,1,1,1,1,0,0,2,2,55,TRUE,TRUE,TRUE
X,GHgam,AGAP001015__SITE02,24,24,1,1,1,1,0,0,2,2,12,FALSE,TRUE,FALSE
X,GNgam,AGAP001015__SITE02,80,80,1,0.9875,1,0.9875,0.0125,0.00107336956521739,2,2,40,TRUE,TRUE,TRUE
X,UGgam,AGAP001015__SITE02,224,224,1,1,1,1,0,0,2,2,112,TRUE,TRUE,TRUE
X,AOcol,AGAP001015__SITE03,156,156,1,1,1,1,0,0,5,5,78,TRUE,TRUE,TRUE
X,BFcol,AGAP001015__SITE03,150,144,0.96,1,1,1,0,0,5,5,72,TRUE,TRUE,TRUE
X,BFgam,AGAP001015__SITE03,184,134,0.728260869565217,1,1,1,0,0,5,5,67,TRUE,TRUE,TRUE
X,CMgam,AGAP001015__SITE03,594,506,0.851851851851852,0.986166007905138,0.996047430830039,0.990118577075099,0.00790513833992095,0.00119582368512037,5,5,253,TRUE,TRUE,TRUE
X,CIcol,AGAP001015__SITE03,142,142,1,0.964788732394366,1,0.964788732394366,0.0352112676056338,0.00295403775993376,5,5,71,TRUE,TRUE,TRUE
X,FRgam,AGAP001015__SITE03,48,24,0.5,1,1,1,0,0,5,5,12,FALSE,TRUE,FALSE
X,GAgam,AGAP001015__SITE03,138,138,1,1,1,1,0,0,5,5,69,TRUE,TRUE,TRUE
X,GHcol,AGAP001015__SITE03,110,110,1,1,1,1,0,0,5,5,55,TRUE,TRUE,TRUE
X,GHgam,AGAP001015__SITE03,24,24,1,1,1,1,0,0,5,5,12,FALSE,TRUE,FALSE
X,GNgam,AGAP001015__SITE03,80,80,1,1,1,1,0,0,5,5,40,TRUE,TRUE,TRUE
X,UGgam,AGAP001015__SITE03,224,224,1,1,1,1,0,0,5,5,112,TRUE,TRUE,TRUE
X,AOcol,AGAP001015__SITE04,156,156,1,0.724358974358974,0.724358974358974,1,0.275641025641026,0.0173620044021382,1,1,78,TRUE,TRUE,TRUE
X,BFcol,AGAP001015__SITE04,150,144,0.96,0.944444444444444,0.944444444444444,1,0.0555555555555556,0.00456253354804079,1,1,72,TRUE,TRUE,TRUE
X,BFgam,AGAP001015__SITE04,184,134,0.728260869565217,1,1,1,0,0,1,1,67,TRUE,TRUE,TRUE
X,CMgam,AGAP001015__SITE04,594,506,0.851851851851852,0.99802371541502,0.99802371541502,1,0.00197628458498024,0.000171511207323427,1,1,253,TRUE,TRUE,TRUE
X,CIcol,AGAP001015__SITE04,142,142,1,0.964788732394366,0.964788732394366,1,0.0352112676056338,0.00295403775993376,1,1,71,TRUE,TRUE,TRUE
X,FRgam,AGAP001015__SITE04,48,24,0.5,1,1,1,0,0,1,1,12,FALSE,TRUE,FALSE
X,GAgam,AGAP001015__SITE04,138,138,1,1,1,1,0,0,1,1,69,TRUE,TRUE,TRUE
X,GHcol,AGAP001015__SITE04,110,110,1,0.981818181818182,0.981818181818182,1,0.0181818181818182,0.00155228171038448,1,1,55,TRUE,TRUE,TRUE
X,GHgam,AGAP001015__SITE04,24,24,1,1,1,1,0,0,1,1,12,FALSE,TRUE,FALSE
X,GNgam,AGAP001015__SITE04,80,80,1,1,1,1,0,0,1,1,40,TRUE,TRUE,TRUE
X,UGgam,AGAP001015__SITE04,224,224,1,1,1,1,0,0,1,1,112,TRUE,TRUE,TRUE
X,AOcol,AGAP001015__SITE05,156,156,1,1,1,1,0,0,1,1,78,TRUE,TRUE,TRUE
X,BFcol,AGAP001015__SITE05,150,144,0.96,1,1,1,0,0,1,1,72,TRUE,TRUE,TRUE
X,BFgam,AGAP001015__SITE05,184,134,0.728260869565217,1,1,1,0,0,1,1,67,TRUE,TRUE,TRUE
X,CMgam,AGAP001015__SITE05,594,506,0.851851851851852,1,1,1,0,0,1,1,253,TRUE,TRUE,TRUE
X,CIcol,AGAP001015__SITE05,142,142,1,1,1,1,0,0,1,1,71,TRUE,TRUE,TRUE
X,FRgam,AGAP001015__SITE05,48,24,0.5,1,1,1,0,0,1,1,12,FALSE,TRUE,FALSE
X,GAgam,AGAP001015__SITE05,138,138,1,1,1,1,0,0,1,1,69,TRUE,TRUE,TRUE
X,GHcol,AGAP001015__SITE05,110,110,1,1,1,1,0,0,1,1,55,TRUE,TRUE,TRUE
X,GHgam,AGAP001015__SITE05,24,24,1,1,1,1,0,0,1,1,12,FALSE,TRUE,FALSE
X,GNgam,AGAP001015__SITE05,80,80,1,1,1,1,0,0,1,1,40,TRUE,TRUE,TRUE
X,UGgam,AGAP001015__SITE05,224,224,1,0.995535714285714,1,0.995535714285714,0.00446428571428571,0.000386465727595386,1,1,112,TRUE,TRUE,TRUE
3R,AOcol,AGAP010219__SITE01,156,156,1,1,1,1,0,0,3,3,78,TRUE,TRUE,TRUE
3R,BFcol,AGAP010219__SITE01,150,150,1,1,1,1,0,0,3,3,75,TRUE,TRUE,TRUE
3R,BFgam,AGAP010219__SITE01,184,184,1,0.967391304347826,1,0.967391304347826,0.0326086956521739,0.0027430755321772,3,3,92,TRUE,TRUE,TRUE
3R,CMgam,AGAP010219__SITE01,594,594,1,0.946127946127946,1,0.946127946127946,0.0488215488215488,0.00447504370795251,3,3,297,TRUE,TRUE,TRUE
3R,CIcol,AGAP010219__SITE01,142,142,1,1,1,1,0,0,3,3,71,TRUE,TRUE,TRUE
3R,FRgam,AGAP010219__SITE01,48,48,1,0.9375,1,0.9375,0.0625,0.00509510869565217,3,3,24,TRUE,TRUE,FALSE
3R,GAgam,AGAP010219__SITE01,138,138,1,0.985507246376812,1,0.985507246376812,0.0144927536231884,0.00124197510570487,3,3,69,TRUE,TRUE,TRUE
3R,GHcol,AGAP010219__SITE01,110,110,1,1,1,1,0,0,3,3,55,TRUE,TRUE,TRUE
3R,GHgam,AGAP010219__SITE01,24,24,1,1,1,1,0,0,3,3,12,FALSE,TRUE,FALSE
3R,GNgam,AGAP010219__SITE01,80,80,1,1,1,1,0,0,3,3,40,TRUE,TRUE,TRUE
3R,UGgam,AGAP010219__SITE01,224,224,1,0.986607142857143,1,0.986607142857143,0.0133928571428571,0.00114899900177462,3,3,112,TRUE,TRUE,TRUE
3R,AOcol,AGAP010219__SITE02,156,156,1,1,1,1,0,0,2,2,78,TRUE,TRUE,TRUE
3R,BFcol,AGAP010219__SITE02,150,150,1,1,1,1,0,0,2,2,75,TRUE,TRUE,TRUE
3R,BFgam,AGAP010219__SITE02,184,184,1,0.951086956521739,1,0.951086956521739,0.0489130434782609,0.00404526588312649,2,2,92,TRUE,TRUE,TRUE
3R,CMgam,AGAP010219__SITE02,594,594,1,0.954545454545455,1,0.954545454545455,0.0437710437710438,0.0037857223481583,2,2,297,TRUE,TRUE,TRUE
3R,CIcol,AGAP010219__SITE02,142,142,1,1,1,1,0,0,2,2,71,TRUE,TRUE,TRUE
3R,FRgam,AGAP010219__SITE02,48,48,1,1,1,1,0,0,2,2,24,TRUE,TRUE,FALSE
3R,GAgam,AGAP010219__SITE02,138,138,1,0.971014492753623,1,0.971014492753623,0.0289855072463768,0.00244742153183018,2,2,69,TRUE,TRUE,TRUE
3R,GHcol,AGAP010219__SITE02,110,110,1,1,1,1,0,0,2,2,55,TRUE,TRUE,TRUE
3R,GHgam,AGAP010219__SITE02,24,24,1,1,1,1,0,0,2,2,12,FALSE,TRUE,FALSE
3R,GNgam,AGAP010219__SITE02,80,80,1,0.9625,1,0.9625,0.0375,0.00313858695652174,2,2,40,TRUE,TRUE,TRUE
3R,UGgam,AGAP010219__SITE02,224,224,1,0.991071428571429,1,0.991071428571429,0.00892857142857143,0.000769465394853594,2,2,112,TRUE,TRUE,TRUE
3R,AOcol,AGAP010219__SITE03,156,156,1,1,1,1,0,0,2,2,78,TRUE,TRUE,TRUE
3R,BFcol,AGAP010219__SITE03,150,150,1,1,1,1,0,0,2,2,75,TRUE,TRUE,TRUE
3R,BFgam,AGAP010219__SITE03,184,184,1,0.994565217391304,1,0.994565217391304,0.00543478260869565,0.000470021369277554,2,2,92,TRUE,TRUE,TRUE
3R,CMgam,AGAP010219__SITE03,594,594,1,1,1,1,0,0,2,2,297,TRUE,TRUE,TRUE
3R,CIcol,AGAP010219__SITE03,142,142,1,1,1,1,0,0,2,2,71,TRUE,TRUE,TRUE
3R,FRgam,AGAP010219__SITE03,48,48,1,1,1,1,0,0,2,2,24,TRUE,TRUE,FALSE
3R,GAgam,AGAP010219__SITE03,138,138,1,0.992753623188406,1,0.992753623188406,0.0072463768115942,0.000625553637799878,2,2,69,TRUE,TRUE,TRUE
3R,GHcol,AGAP010219__SITE03,110,110,1,1,1,1,0,0,2,2,55,TRUE,TRUE,TRUE
3R,GHgam,AGAP010219__SITE03,24,24,1,1,1,1,0,0,2,2,12,FALSE,TRUE,FALSE
3R,GNgam,AGAP010219__SITE03,80,80,1,1,1,1,0,0,2,2,40,TRUE,TRUE,TRUE
3R,UGgam,AGAP010219__SITE03,224,224,1,0.973214285714286,1,0.973214285714286,0.0267857142857143,0.00226680346051464,2,2,112,TRUE,TRUE,TRUE
3R,AOcol,AGAP010219__SITE04,156,156,1,1,1,1,0,0,1,1,78,TRUE,TRUE,TRUE
3R,BFcol,AGAP010219__SITE04,150,150,1,0.886666666666667,1,0.886666666666667,0.113333333333333,0.00873816425120773,1,1,75,TRUE,TRUE,TRUE
3R,BFgam,AGAP010219__SITE04,184,184,1,1,1,1,0,0,1,1,92,TRUE,TRUE,TRUE
3R,CMgam,AGAP010219__SITE04,594,594,1,0.996632996632997,1,0.996632996632997,0.00336700336700337,0.000291797100463474,1,1,297,TRUE,TRUE,TRUE
3R,CIcol,AGAP010219__SITE04,142,142,1,0.880281690140845,1,0.880281690140845,0.119718309859155,0.00916398575161933,1,1,71,TRUE,TRUE,TRUE
3R,FRgam,AGAP010219__SITE04,48,48,1,1,1,1,0,0,1,1,24,TRUE,TRUE,FALSE
3R,GAgam,AGAP010219__SITE04,138,138,1,1,1,1,0,0,1,1,69,TRUE,TRUE,TRUE
3R,GHcol,AGAP010219__SITE04,110,110,1,0.8,1,0.8,0.2,0.0139130434782609,1,1,55,TRUE,TRUE,TRUE
3R,GHgam,AGAP010219__SITE04,24,24,1,1,1,1,0,0,1,1,12,FALSE,TRUE,FALSE
3R,GNgam,AGAP010219__SITE04,80,80,1,1,1,1,0,0,1,1,40,TRUE,TRUE,TRUE
3R,UGgam,AGAP010219__SITE04,224,224,1,1,1,1,0,0,1,1,112,TRUE,TRUE,TRUE
3R,AOcol,AGAP010219__SITE05,156,156,1,1,1,1,0,0,1,1,78,TRUE,TRUE,TRUE
3R,BFcol,AGAP010219__SITE05,150,150,1,1,1,1,0,0,1,1,75,TRUE,TRUE,TRUE
3R,BFgam,AGAP010219__SITE05,184,184,1,1,1,1,0,0,1,1,92,TRUE,TRUE,TRUE
3R,CMgam,AGAP010219__SITE05,594,594,1,0.998316498316498,1,0.998316498316498,0.00168350168350168,0.000146145000485507,1,1,297,TRUE,TRUE,TRUE
3R,CIcol,AGAP010219__SITE05,142,142,1,1,1,1,0,0,1,1,71,TRUE,TRUE,TRUE
3R,FRgam,AGAP010219__SITE05,48,48,1,1,1,1,0,0,1,1,24,TRUE,TRUE,FALSE
3R,GAgam,AGAP010219__SITE05,138,138,1,1,1,1,0,0,1,1,69,TRUE,TRUE,TRUE
3R,GHcol,AGAP010219__SITE05,110,110,1,1,1,1,0,0,1,1,55,TRUE,TRUE,TRUE
3R,GHgam,AGAP010219__SITE05,24,24,1,1,1,1,0,0,1,1,12,FALSE,TRUE,FALSE
3R,GNgam,AGAP010219__SITE05,80,80,1,1,1,1,0,0,1,1,40,TRUE,TRUE,TRUE
3R,UGgam,AGAP010219__SITE05,224,224,1,1,1,1,0,0,1,1,112,TRUE,TRUE,TRUE
3R,AOcol,AGAP008191__SITE01,156,156,1,0.897435897435897,0.993589743589744,0.903846153846154,0.0961538461538462,0.00811108252579824,10,10,78,TRUE,TRUE,TRUE
3R,BFcol,AGAP008191__SITE01,150,150,1,0.946666666666667,0.986666666666667,0.96,0.0333333333333333,0.0050975845410628,10,10,75,TRUE,TRUE,TRUE
3R,BFgam,AGAP008191__SITE01,184,184,1,0.853260869565217,0.96195652173913,0.891304347826087,0.0815217391304348,0.0120381975836278,10,10,92,TRUE,TRUE,TRUE
3R,CMgam,AGAP008191__SITE01,594,594,1,0.875420875420875,0.956228956228956,0.915824915824916,0.0757575757575758,0.0106271813928087,10,10,297,TRUE,TRUE,TRUE
3R,CIcol,AGAP008191__SITE01,142,142,1,0.950704225352113,0.985915492957746,0.964788732394366,0.0211267605633803,0.00421327721380334,10,10,71,TRUE,TRUE,TRUE
3R,FRgam,AGAP008191__SITE01,48,48,1,0.958333333333333,0.958333333333333,1,0.0416666666666667,0.00347222222222222,10,10,24,TRUE,TRUE,FALSE
3R,GAgam,AGAP008191__SITE01,138,138,1,0.884057971014493,0.884057971014493,1,0.115942028985507,0.0089129978174114,10,10,69,TRUE,TRUE,TRUE
3R,GHcol,AGAP008191__SITE01,110,110,1,0.963636363636364,0.981818181818182,0.981818181818182,0.0181818181818182,0.00310456342076895,10,10,55,TRUE,TRUE,TRUE
3R,GHgam,AGAP008191__SITE01,24,24,1,0.875,0.916666666666667,0.958333333333333,0.0833333333333333,0.0101147342995169,10,10,12,FALSE,TRUE,FALSE
3R,GNgam,AGAP008191__SITE01,80,80,1,0.95,0.975,0.975,0.025,0.00423913043478261,10,10,40,TRUE,TRUE,TRUE
3R,UGgam,AGAP008191__SITE01,224,224,1,0.870535714285714,0.950892857142857,0.915178571428571,0.0758928571428571,0.0109319543034605,10,10,112,TRUE,TRUE,TRUE
3R,AOcol,AGAP008191__SITE02,156,156,1,1,1,1,0,0,9,9,78,TRUE,TRUE,TRUE
3R,BFcol,AGAP008191__SITE02,150,150,1,0.993333333333333,0.993333333333333,1,0.00666666666666667,0.000575845410628019,9,9,75,TRUE,TRUE,TRUE
3R,BFgam,AGAP008191__SITE02,184,184,1,0.989130434782609,0.994565217391304,0.994565217391304,0.00543478260869565,0.000940042738555108,9,9,92,TRUE,TRUE,TRUE
3R,CMgam,AGAP008191__SITE02,594,594,1,0.978114478114478,0.994949494949495,0.983164983164983,0.00505050505050505,0.00189594180225127,9,9,297,TRUE,TRUE,TRUE
3R,CIcol,AGAP008191__SITE02,142,142,1,1,1,1,0,0,9,9,71,TRUE,TRUE,TRUE
3R,FRgam,AGAP008191__SITE02,48,48,1,1,1,1,0,0,9,9,24,TRUE,TRUE,FALSE
3R,GAgam,AGAP008191__SITE02,138,138,1,0.992753623188406,1,0.992753623188406,0.0072463768115942,0.000625553637799878,9,9,69,TRUE,TRUE,TRUE
3R,GHcol,AGAP008191__SITE02,110,110,1,1,1,1,0,0,9,9,55,TRUE,TRUE,TRUE
3R,GHgam,AGAP008191__SITE02,24,24,1,1,1,1,0,0,9,9,12,FALSE,TRUE,FALSE
3R,GNgam,AGAP008191__SITE02,80,80,1,1,1,1,0,0,9,9,40,TRUE,TRUE,TRUE
3R,UGgam,AGAP008191__SITE02,224,224,1,0.986607142857143,1,0.986607142857143,0.00446428571428571,0.00115939718278616,9,9,112,TRUE,TRUE,TRUE
3R,AOcol,AGAP008191__SITE03,156,156,1,0,1,0,1,0,5,5,78,TRUE,TRUE,TRUE
3R,BFcol,AGAP008191__SITE03,150,150,1,0.0133333333333333,1,0.0133333333333333,0.986666666666667,0.001143961352657,5,5,75,TRUE,TRUE,TRUE
3R,BFgam,AGAP008191__SITE03,184,184,1,0,1,0,1,0,5,5,92,TRUE,TRUE,TRUE
3R,CMgam,AGAP008191__SITE03,594,594,1,0,0.993265993265993,0,1,0.000729246300904916,5,5,297,TRUE,TRUE,TRUE
3R,CIcol,AGAP008191__SITE03,142,142,1,0,1,0,1,0,5,5,71,TRUE,TRUE,TRUE
3R,FRgam,AGAP008191__SITE03,48,48,1,0,1,0,1,0,5,5,24,TRUE,TRUE,FALSE
3R,GAgam,AGAP008191__SITE03,138,138,1,0,1,0,1,0,5,5,69,TRUE,TRUE,TRUE
3R,GHcol,AGAP008191__SITE03,110,110,1,0.0181818181818182,1,0.0181818181818182,0.981818181818182,0.00155228171038448,5,5,55,TRUE,TRUE,TRUE
3R,GHgam,AGAP008191__SITE03,24,24,1,0,1,0,1,0.00347222222222222,5,5,12,FALSE,TRUE,FALSE
3R,GNgam,AGAP008191__SITE03,80,80,1,0,1,0,1,0,5,5,40,TRUE,TRUE,TRUE
3R,UGgam,AGAP008191__SITE03,224,224,1,0,1,0,1,0,5,5,112,TRUE,TRUE,TRUE
3R,AOcol,AGAP008191__SITE04,156,156,1,0,1,0,1,0,5,5,78,TRUE,TRUE,TRUE
3R,BFcol,AGAP008191__SITE04,150,150,1,0.0133333333333333,1,0.0133333333333333,0.986666666666667,0.001143961352657,5,5,75,TRUE,TRUE,TRUE
3R,BFgam,AGAP008191__SITE04,184,184,1,0,1,0,1,0,5,5,92,TRUE,TRUE,TRUE
3R,CMgam,AGAP008191__SITE04,594,594,1,0,1,0,1,0.000729246300904916,5,5,297,TRUE,TRUE,TRUE
3R,CIcol,AGAP008191__SITE04,142,142,1,0,1,0,1,0,5,5,71,TRUE,TRUE,TRUE
3R,FRgam,AGAP008191__SITE04,48,48,1,0,1,0,1,0,5,5,24,TRUE,TRUE,FALSE
3R,GAgam,AGAP008191__SITE04,138,138,1,0,1,0,1,0,5,5,69,TRUE,TRUE,TRUE
3R,GHcol,AGAP008191__SITE04,110,110,1,0.0181818181818182,1,0.0181818181818182,0.981818181818182,0.00155228171038448,5,5,55,TRUE,TRUE,TRUE
3R,GHgam,AGAP008191__SITE04,24,24,1,0,1,0,1,0.00347222222222222,5,5,12,FALSE,TRUE,FALSE
3R,GNgam,AGAP008191__SITE04,80,80,1,0,1,0,1,0,5,5,40,TRUE,TRUE,TRUE
3R,UGgam,AGAP008191__SITE04,224,224,1,0,1,0,1,0,5,5,112,TRUE,TRUE,TRUE
3R,AOcol,AGAP008191__SITE05,156,156,1,0,1,0,1,0,5,5,78,TRUE,TRUE,TRUE
3R,BFcol,AGAP008191__SITE05,150,150,1,0.0133333333333333,1,0.0133333333333333,0.986666666666667,0.001143961352657,5,5,75,TRUE,TRUE,TRUE
3R,BFgam,AGAP008191__SITE05,184,184,1,0,1,0,1,0,5,5,92,TRUE,TRUE,TRUE
3R,CMgam,AGAP008191__SITE05,594,594,1,0,0.998316498316498,0,1,0.000729246300904916,5,5,297,TRUE,TRUE,TRUE
3R,CIcol,AGAP008191__SITE05,142,142,1,0,1,0,1,0,5,5,71,TRUE,TRUE,TRUE
3R,FRgam,AGAP008191__SITE05,48,48,1,0,1,0,1,0,5,5,24,TRUE,TRUE,FALSE
3R,GAgam,AGAP008191__SITE05,138,138,1,0,1,0,1,0,5,5,69,TRUE,TRUE,TRUE
3R,GHcol,AGAP008191__SITE05,110,110,1,0.0181818181818182,1,0.0181818181818182,0.981818181818182,0.00155228171038448,5,5,55,TRUE,TRUE,TRUE
3R,GHgam,AGAP008191__SITE05,24,24,1,0,1,0,1,0.00347222222222222,5,5,12,FALSE,TRUE,FALSE
3R,GNgam,AGAP008191__SITE05,80,80,1,0,1,0,1,0,5,5,40,TRUE,TRUE,TRUE
3R,UGgam,AGAP008191__SITE05,224,224,1,0,1,0,1,0,5,5,112,TRUE,TRUE,TRUE
2L,AOcol,AGAP005871__SITE01,156,156,1,1,1,1,0,0,1,1,78,TRUE,TRUE,TRUE
2L,BFcol,AGAP005871__SITE01,150,150,1,1,1,1,0,0,1,1,75,TRUE,TRUE,TRUE
2L,BFgam,AGAP005871__SITE01,184,184,1,1,1,1,0,0,1,1,92,TRUE,TRUE,TRUE
2L,CMgam,AGAP005871__SITE01,594,594,1,1,1,1,0,0,1,1,297,TRUE,TRUE,TRUE
2L,CIcol,AGAP005871__SITE01,142,142,1,1,1,1,0,0,1,1,71,TRUE,TRUE,TRUE
2L,FRgam,AGAP005871__SITE01,48,48,1,1,1,1,0,0,1,1,24,TRUE,TRUE,FALSE
2L,GAgam,AGAP005871__SITE01,138,138,1,0.992753623188406,1,0.992753623188406,0.0072463768115942,0.000625553637799878,1,1,69,TRUE,TRUE,TRUE
2L,GHcol,AGAP005871__SITE01,110,110,1,1,1,1,0,0,1,1,55,TRUE,TRUE,TRUE
2L,GHgam,AGAP005871__SITE01,24,24,1,1,1,1,0,0,1,1,12,FALSE,TRUE,FALSE
2L,GNgam,AGAP005871__SITE01,80,80,1,1,1,1,0,0,1,1,40,TRUE,TRUE,TRUE
2L,UGgam,AGAP005871__SITE01,224,224,1,1,1,1,0,0,1,1,112,TRUE,TRUE,TRUE
2L,AOcol,AGAP005871__SITE02,156,156,1,0.993589743589744,1,0.993589743589744,0.00641025641025641,0.000553840436783581,4,4,78,TRUE,TRUE,TRUE
2L,BFcol,AGAP005871__SITE02,150,150,1,0.966666666666667,1,0.966666666666667,0.0266666666666667,0.00283285024154589,4,4,75,TRUE,TRUE,TRUE
2L,BFgam,AGAP005871__SITE02,184,184,1,0.875,1,0.875,0.125,0.00951086956521739,4,4,92,TRUE,TRUE,TRUE
2L,CMgam,AGAP005871__SITE02,594,594,1,0.942760942760943,1,0.942760942760943,0.0505050505050505,0.00475303959420487,4,4,297,TRUE,TRUE,TRUE
2L,CIcol,AGAP005871__SITE02,142,142,1,0.971830985915493,1,0.971830985915493,0.028169014084507,0.00238048006347947,4,4,71,TRUE,TRUE,TRUE
2L,FRgam,AGAP005871__SITE02,48,48,1,0.729166666666667,1,0.729166666666667,0.270833333333333,0.0171724033816425,4,4,24,TRUE,TRUE,FALSE
2L,GAgam,AGAP005871__SITE02,138,138,1,1,1,1,0,0,4,4,69,TRUE,TRUE,TRUE
2L,GHcol,AGAP005871__SITE02,110,110,1,0.981818181818182,1,0.981818181818182,0.0181818181818182,0.00155228171038448,4,4,55,TRUE,TRUE,TRUE
2L,GHgam,AGAP005871__SITE02,24,24,1,0.75,1,0.75,0.25,0.016304347826087,4,4,12,FALSE,TRUE,FALSE
2L,GNgam,AGAP005871__SITE02,80,80,1,0.9,1,0.9,0.0875,0.00801630434782609,4,4,40,TRUE,TRUE,TRUE
2L,UGgam,AGAP005871__SITE02,224,224,1,0.924107142857143,1,0.924107142857143,0.0714285714285714,0.00615399012866016,4,4,112,TRUE,TRUE,TRUE
2L,AOcol,AGAP005871__SITE03,156,156,1,0.423076923076923,1,0.423076923076923,0.576923076923077,0.0212245948031901,3,3,78,TRUE,TRUE,TRUE
2L,BFcol,AGAP005871__SITE03,150,150,1,0.02,1,0.02,0.98,0.00170434782608696,3,3,75,TRUE,TRUE,TRUE
2L,BFgam,AGAP005871__SITE03,184,184,1,0.0434782608695652,1,0.0434782608695652,0.956521739130435,0.00455124517136517,3,3,92,TRUE,TRUE,TRUE
2L,CMgam,AGAP005871__SITE03,594,594,1,0.36026936026936,1,0.36026936026936,0.63973063973064,0.0201874796370478,3,3,297,TRUE,TRUE,TRUE
2L,CIcol,AGAP005871__SITE03,142,142,1,0.380281690140845,1,0.380281690140845,0.619718309859155,0.0204928283725624,3,3,71,TRUE,TRUE,TRUE
2L,FRgam,AGAP005871__SITE03,48,48,1,0.6875,1,0.6875,0.3125,0.0186820652173913,3,3,24,TRUE,TRUE,FALSE
2L,GAgam,AGAP005871__SITE03,138,138,1,0.492753623188406,1,0.492753623188406,0.507246376811594,0.0217345643498352,3,3,69,TRUE,TRUE,TRUE
2L,GHcol,AGAP005871__SITE03,110,110,1,0.381818181818182,1,0.381818181818182,0.618181818181818,0.0205246137261948,3,3,55,TRUE,TRUE,TRUE
2L,GHgam,AGAP005871__SITE03,24,24,1,0.25,1,0.25,0.75,0.016304347826087,3,3,12,FALSE,TRUE,FALSE
2L,GNgam,AGAP005871__SITE03,80,80,1,0.2125,1,0.2125,0.7875,0.0145516304347826,3,3,40,TRUE,TRUE,TRUE
2L,UGgam,AGAP005871__SITE03,224,224,1,0.174107142857143,1,0.174107142857143,0.825892857142857,0.0140427434560781,3,3,112,TRUE,TRUE,TRUE
2L,AOcol,AGAP005871__SITE04,156,156,1,0.807692307692308,1,0.807692307692308,0.192307692307692,0.0135065603293028,2,2,78,TRUE,TRUE,TRUE
2L,BFcol,AGAP005871__SITE04,150,150,1,0.646666666666667,1,0.646666666666667,0.353333333333333,0.0198685990338164,2,2,75,TRUE,TRUE,TRUE
2L,BFgam,AGAP005871__SITE04,184,184,1,0.53804347826087,1,0.53804347826087,0.461956521739131,0.0216132777184187,2,2,92,TRUE,TRUE,TRUE
2L,CMgam,AGAP005871__SITE04,594,594,1,0.71043771043771,1,0.71043771043771,0.28956228956229,0.0178883452196291,2,2,297,TRUE,TRUE,TRUE
2L,CIcol,AGAP005871__SITE04,142,142,1,0.830985915492958,1,0.830985915492958,0.169014084507042,0.0122128977169816,2,2,71,TRUE,TRUE,TRUE
2L,FRgam,AGAP005871__SITE04,48,48,1,0.729166666666667,0.729166666666667,0.729166666666667,0.270833333333333,0.034344806763285,2,2,24,TRUE,TRUE,FALSE
2L,GAgam,AGAP005871__SITE04,138,138,1,0.833333333333333,1,0.833333333333333,0.166666666666667,0.0120772946859903,2,2,69,TRUE,TRUE,TRUE
2L,GHcol,AGAP005871__SITE04,110,110,1,0.836363636363636,1,0.836363636363636,0.163636363636364,0.011900826446281,2,2,55,TRUE,TRUE,TRUE
2L,GHgam,AGAP005871__SITE04,24,24,1,0.666666666666667,1,0.666666666666667,0.333333333333333,0.0193236714975845,2,2,12,FALSE,TRUE,FALSE
2L,GNgam,AGAP005871__SITE04,80,80,1,0.6,1,0.6,0.4,0.0208695652173913,2,2,40,TRUE,TRUE,TRUE
2L,UGgam,AGAP005871__SITE04,224,224,1,0.6875,1,0.6875,0.3125,0.0186820652173913,2,2,112,TRUE,TRUE,TRUE
2L,AOcol,AGAP005871__SITE05,156,156,1,0.66025641025641,0.807692307692308,0.852564102564103,0.192307692307692,0.0244368693365349,4,4,78,TRUE,TRUE,TRUE
2L,BFcol,AGAP005871__SITE05,150,150,1,0.166666666666667,0.646666666666667,0.52,0.48,0.0415729468599034,4,4,75,TRUE,TRUE,TRUE
2L,BFgam,AGAP005871__SITE05,184,184,1,0.125,0.53804347826087,0.586956521739131,0.461956521739131,0.0426948919207693,4,4,92,TRUE,TRUE,TRUE
2L,CMgam,AGAP005871__SITE05,594,594,1,0.545454545454545,0.71043771043771,0.835016835016835,0.28956228956229,0.0298677991548728,4,4,297,TRUE,TRUE,TRUE
2L,CIcol,AGAP005871__SITE05,142,142,1,0.485915492957747,0.830985915492958,0.654929577464789,0.345070422535211,0.0318647956323366,4,4,71,TRUE,TRUE,TRUE
2L,FRgam,AGAP005871__SITE05,48,48,1,0.708333333333333,0.729166666666667,0.708333333333333,0.270833333333333,0.0361186594202899,4,4,24,TRUE,TRUE,FALSE
2L,GAgam,AGAP005871__SITE05,138,138,1,0.833333333333333,0.833333333333333,1,0.166666666666667,0.0120772946859903,4,4,69,TRUE,TRUE,TRUE
2L,GHcol,AGAP005871__SITE05,110,110,1,0.509090909090909,0.836363636363636,0.672727272727273,0.327272727272727,0.0310456342076895,4,4,55,TRUE,TRUE,TRUE
2L,GHgam,AGAP005871__SITE05,24,24,1,0.5,0.666666666666667,0.833333333333333,0.333333333333333,0.0314009661835749,4,4,12,FALSE,TRUE,FALSE
2L,GNgam,AGAP005871__SITE05,80,80,1,0.425,0.6,0.825,0.4,0.0334239130434783,4,4,40,TRUE,TRUE,TRUE
2L,UGgam,AGAP005871__SITE05,224,224,1,0.392857142857143,0.6875,0.700892857142857,0.3125,0.0371405695430346,4,4,112,TRUE,TRUE,TRUE
3R,AOcol,AGAP008015__SITE01,156,156,1,0.91025641025641,1,0.91025641025641,0.0897435897435897,0.00710345024726296,3,3,78,TRUE,TRUE,TRUE
3R,BFcol,AGAP008015__SITE01,150,150,1,0.933333333333333,1,0.933333333333333,0.0333333333333333,0.00560386473429952,3,3,75,TRUE,TRUE,TRUE
3R,BFgam,AGAP008015__SITE01,184,184,1,0.923913043478261,1,0.923913043478261,0.0597826086956522,0.00628236212706501,3,3,92,TRUE,TRUE,TRUE
3R,CMgam,AGAP008015__SITE01,594,594,1,0.919191919191919,1,0.919191919191919,0.0555555555555556,0.00670295400203174,3,3,297,TRUE,TRUE,TRUE
3R,CIcol,AGAP008015__SITE01,142,142,1,0.922535211267606,1,0.922535211267606,0.0422535211267606,0.00647300828855558,3,3,71,TRUE,TRUE,TRUE
3R,FRgam,AGAP008015__SITE01,48,48,1,1,1,1,0,0,3,3,24,TRUE,TRUE,FALSE
3R,GAgam,AGAP008015__SITE01,138,138,1,0.905797101449275,1,0.905797101449275,0.072463768115942,0.00769385313644375,3,3,69,TRUE,TRUE,TRUE
3R,GHcol,AGAP008015__SITE01,110,110,1,0.963636363636364,1,0.963636363636364,0.0272727272727273,0.0030901904419691,3,3,55,TRUE,TRUE,TRUE
3R,GHgam,AGAP008015__SITE01,24,24,1,0.875,1,0.875,0.125,0.00951086956521739,3,3,12,FALSE,TRUE,FALSE
3R,GNgam,AGAP008015__SITE01,80,80,1,0.95,1,0.95,0.025,0.00423913043478261,3,3,40,TRUE,TRUE,TRUE
3R,UGgam,AGAP008015__SITE01,224,224,1,0.866071428571429,1,0.866071428571429,0.102678571428571,0.0106789318988465,3,3,112,TRUE,TRUE,TRUE
3R,AOcol,AGAP008015__SITE02,156,156,1,0.743589743589744,0.743589743589744,1,0.256410256410256,0.0165794814624246,6,6,78,TRUE,TRUE,TRUE
3R,BFcol,AGAP008015__SITE02,150,150,1,0.926666666666667,0.953333333333333,0.973333333333333,0.0466666666666667,0.00615652173913044,6,6,75,TRUE,TRUE,TRUE
3R,BFgam,AGAP008015__SITE02,184,184,1,0.934782608695652,0.945652173913043,0.989130434782609,0.0543478260869565,0.00540909838086628,6,6,92,TRUE,TRUE,TRUE
3R,CMgam,AGAP008015__SITE02,594,594,1,0.878787878787879,0.885521885521886,0.986531986531987,0.114478114478115,0.00997778497412519,6,6,297,TRUE,TRUE,TRUE
3R,CIcol,AGAP008015__SITE02,142,142,1,0.908450704225352,0.915492957746479,0.957746478873239,0.0845070422535211,0.0102895388251123,6,6,71,TRUE,TRUE,TRUE
3R,FRgam,AGAP008015__SITE02,48,48,1,1,1,1,0,0,6,6,24,TRUE,TRUE,FALSE
3R,GAgam,AGAP008015__SITE02,138,138,1,0.731884057971015,0.731884057971015,0.992753623188406,0.268115942028986,0.0176890130863995,6,6,69,TRUE,TRUE,TRUE
3R,GHcol,AGAP008015__SITE02,110,110,1,0.881818181818182,0.890909090909091,0.963636363636364,0.109090909090909,0.011498383039885,6,6,55,TRUE,TRUE,TRUE
3R,GHgam,AGAP008015__SITE02,24,24,1,0.833333333333333,0.833333333333333,1,0.166666666666667,0.0120772946859903,6,6,12,FALSE,TRUE,FALSE
3R,GNgam,AGAP008015__SITE02,80,80,1,0.925,0.925,1,0.075,0.00603260869565218,6,6,40,TRUE,TRUE,TRUE
3R,UGgam,AGAP008015__SITE02,224,224,1,0.90625,0.924107142857143,0.977678571428571,0.0758928571428571,0.00801006543921917,6,6,112,TRUE,TRUE,TRUE
3R,AOcol,AGAP008015__SITE03,156,156,1,1,1,1,0,0,6,6,78,TRUE,TRUE,TRUE
3R,BFcol,AGAP008015__SITE03,150,150,1,0.98,0.986666666666667,0.993333333333333,0.0133333333333333,0.00171980676328502,6,6,75,TRUE,TRUE,TRUE
3R,BFgam,AGAP008015__SITE03,184,184,1,0.967391304347826,0.972826086956522,0.994565217391304,0.0271739130434783,0.00276875976000658,6,6,92,TRUE,TRUE,TRUE
3R,CMgam,AGAP008015__SITE03,594,594,1,0.984848484848485,0.988215488215488,0.996632996632997,0.0101010101010101,0.00130791149675647,6,6,297,TRUE,TRUE,TRUE
3R,CIcol,AGAP008015__SITE03,142,142,1,0.950704225352113,0.950704225352113,1,0.0492957746478873,0.00407527836954365,6,6,71,TRUE,TRUE,TRUE
3R,FRgam,AGAP008015__SITE03,48,48,1,1,1,1,0,0,6,6,24,TRUE,TRUE,FALSE
3R,GAgam,AGAP008015__SITE03,138,138,1,1,1,1,0,0,6,6,69,TRUE,TRUE,TRUE
3R,GHcol,AGAP008015__SITE03,110,110,1,0.963636363636364,0.963636363636364,1,0.0363636363636364,0.00304707150556953,6,6,55,TRUE,TRUE,TRUE
3R,GHgam,AGAP008015__SITE03,24,24,1,1,1,1,0,0,6,6,12,FALSE,TRUE,FALSE
3R,GNgam,AGAP008015__SITE03,80,80,1,0.975,0.975,1,0.025,0.0021195652173913,6,6,40,TRUE,TRUE,TRUE
3R,UGgam,AGAP008015__SITE03,224,224,1,0.982142857142857,0.986607142857143,0.995535714285714,0.00892857142857143,0.00154239685004437,6,6,112,TRUE,TRUE,TRUE
3R,AOcol,AGAP008015__SITE04,156,156,1,1,1,1,0,0,5,5,78,TRUE,TRUE,TRUE
3R,BFcol,AGAP008015__SITE04,150,150,1,0.993333333333333,1,0.993333333333333,0.00666666666666667,0.000575845410628019,5,5,75,TRUE,TRUE,TRUE
3R,BFgam,AGAP008015__SITE04,184,184,1,0.994565217391304,1,0.994565217391304,0.00543478260869565,0.000470021369277554,5,5,92,TRUE,TRUE,TRUE
3R,CMgam,AGAP008015__SITE04,594,594,1,0.994949494949495,0.998316498316498,0.996632996632997,0.00168350168350168,0.000438435001456521,5,5,297,TRUE,TRUE,TRUE
3R,CIcol,AGAP008015__SITE04,142,142,1,1,1,1,0,0,5,5,71,TRUE,TRUE,TRUE
3R,FRgam,AGAP008015__SITE04,48,48,1,1,1,1,0,0,5,5,24,TRUE,TRUE,FALSE
3R,GAgam,AGAP008015__SITE04,138,138,1,1,1,1,0,0,5,5,69,TRUE,TRUE,TRUE
3R,GHcol,AGAP008015__SITE04,110,110,1,1,1,1,0,0,5,5,55,TRUE,TRUE,TRUE
3R,GHgam,AGAP008015__SITE04,24,24,1,1,1,1,0,0,5,5,12,FALSE,TRUE,FALSE
3R,GNgam,AGAP008015__SITE04,80,80,1,1,1,1,0,0,5,5,40,TRUE,TRUE,TRUE
3R,UGgam,AGAP008015__SITE04,224,224,1,0.986607142857143,0.991071428571429,0.995535714285714,0.00892857142857143,0.00115593112244898,5,5,112,TRUE,TRUE,TRUE
3R,AOcol,AGAP008015__SITE05,156,156,1,0.551282051282051,1,0.551282051282051,0.448717948717949,0.0215104479318526,6,6,78,TRUE,TRUE,TRUE
3R,BFcol,AGAP008015__SITE05,150,150,1,0.913333333333333,1,0.913333333333333,0.0666666666666667,0.00711497584541063,6,6,75,TRUE,TRUE,TRUE
3R,BFgam,AGAP008015__SITE05,184,184,1,0.875,1,0.875,0.0923913043478261,0.010060512040766,6,6,92,TRUE,TRUE,TRUE
3R,CMgam,AGAP008015__SITE05,594,594,1,0.877104377104377,1,0.877104377104377,0.112794612794613,0.00957533170971906,6,6,297,TRUE,TRUE,TRUE
3R,CIcol,AGAP008015__SITE05,142,142,1,0.908450704225352,1,0.908450704225352,0.0633802816901408,0.00757699904263302,6,6,71,TRUE,TRUE,TRUE
3R,FRgam,AGAP008015__SITE05,48,48,1,0.979166666666667,1,0.979166666666667,0.0208333333333333,0.00177385265700483,6,6,24,TRUE,TRUE,FALSE
3R,GAgam,AGAP008015__SITE05,138,138,1,0.978260869565217,1,0.978260869565217,0.0217391304347826,0.00184926440371497,6,6,69,TRUE,TRUE,TRUE
3R,GHcol,AGAP008015__SITE05,110,110,1,0.836363636363636,1,0.836363636363636,0.136363636363636,0.0125763564498742,6,6,55,TRUE,TRUE,TRUE
3R,GHgam,AGAP008015__SITE05,24,24,1,0.916666666666667,1,0.916666666666667,0.0833333333333333,0.00664251207729469,6,6,12,FALSE,TRUE,FALSE
3R,GNgam,AGAP008015__SITE05,80,80,1,0.8625,1,0.8625,0.1125,0.0108288043478261,6,6,40,TRUE,TRUE,TRUE
3R,UGgam,AGAP008015__SITE05,224,224,1,0.883928571428571,1,0.883928571428571,0.0982142857142857,0.00962351652617569,6,6,112,TRUE,TRUE,TRUE
2R,AOcol,AGAP004078__SITE01,156,156,1,0.346153846153846,1,0.346153846153846,0.653846153846154,0.0196809879084127,5,5,78,TRUE,TRUE,TRUE
2R,BFcol,AGAP004078__SITE01,150,150,1,0.993333333333333,1,0.993333333333333,0.00666666666666667,0.000575845410628019,5,5,75,TRUE,TRUE,TRUE
2R,BFgam,AGAP004078__SITE01,184,184,1,0.934782608695652,1,0.934782608695652,0.0380434782608696,0.00551183529218378,5,5,92,TRUE,TRUE,TRUE
2R,CMgam,AGAP004078__SITE01,594,594,1,0.930976430976431,1,0.930976430976431,0.0437710437710438,0.00577999780166374,5,5,297,TRUE,TRUE,TRUE
2R,CIcol,AGAP004078__SITE01,142,142,1,1,1,1,0,0,5,5,71,TRUE,TRUE,TRUE
2R,FRgam,AGAP004078__SITE01,48,48,1,1,1,1,0,0,5,5,24,TRUE,TRUE,FALSE
2R,GAgam,AGAP004078__SITE01,138,138,1,1,1,1,0,0,5,5,69,TRUE,TRUE,TRUE
2R,GHcol,AGAP004078__SITE01,110,110,1,1,1,1,0,0,5,5,55,TRUE,TRUE,TRUE
2R,GHgam,AGAP004078__SITE01,24,24,1,0.791666666666667,1,0.791666666666667,0.125,0.0161533816425121,5,5,12,FALSE,TRUE,FALSE
2R,GNgam,AGAP004078__SITE01,80,80,1,0.9125,1,0.9125,0.0375,0.00737771739130435,5,5,40,TRUE,TRUE,TRUE
2R,UGgam,AGAP004078__SITE01,224,224,1,1,1,1,0,0,5,5,112,TRUE,TRUE,TRUE
2R,AOcol,AGAP004078__SITE02,156,156,1,0.346153846153846,1,0.346153846153846,0.653846153846154,0.0196809879084127,1,1,78,TRUE,TRUE,TRUE
2R,BFcol,AGAP004078__SITE02,150,150,1,1,1,1,0,0,1,1,75,TRUE,TRUE,TRUE
2R,BFgam,AGAP004078__SITE02,184,184,1,1,1,1,0,0,1,1,92,TRUE,TRUE,TRUE
2R,CMgam,AGAP004078__SITE02,594,594,1,1,1,1,0,0,1,1,297,TRUE,TRUE,TRUE
2R,CIcol,AGAP004078__SITE02,142,142,1,1,1,1,0,0,1,1,71,TRUE,TRUE,TRUE
2R,FRgam,AGAP004078__SITE02,48,48,1,1,1,1,0,0,1,1,24,TRUE,TRUE,FALSE
2R,GAgam,AGAP004078__SITE02,138,138,1,1,1,1,0,0,1,1,69,TRUE,TRUE,TRUE
2R,GHcol,AGAP004078__SITE02,110,110,1,1,1,1,0,0,1,1,55,TRUE,TRUE,TRUE
2R,GHgam,AGAP004078__SITE02,24,24,1,1,1,1,0,0,1,1,12,FALSE,TRUE,FALSE
2R,GNgam,AGAP004078__SITE02,80,80,1,1,1,1,0,0,1,1,40,TRUE,TRUE,TRUE
2R,UGgam,AGAP004078__SITE02,224,224,1,1,1,1,0,0,1,1,112,TRUE,TRUE,TRUE
2R,AOcol,AGAP004078__SITE03,156,156,1,0,1,0,1,0,1,1,78,TRUE,TRUE,TRUE
2R,BFcol,AGAP004078__SITE03,150,150,1,0.246666666666667,1,0.246666666666667,0.753333333333333,0.0161584541062802,1,1,75,TRUE,TRUE,TRUE
2R,BFgam,AGAP004078__SITE03,184,184,1,0.711956521739131,1,0.711956521739131,0.28804347826087,0.0178325593819347,1,1,92,TRUE,TRUE,TRUE
2R,CMgam,AGAP004078__SITE03,594,594,1,0.818181818181818,1,0.818181818181818,0.181818181818182,0.0129356809198706,1,1,297,TRUE,TRUE,TRUE
2R,CIcol,AGAP004078__SITE03,142,142,1,0.352112676056338,1,0.352112676056338,0.647887323943662,0.0198373338623289,1,1,71,TRUE,TRUE,TRUE
2R,FRgam,AGAP004078__SITE03,48,48,1,1,1,1,0,0,1,1,24,TRUE,TRUE,FALSE
2R,GAgam,AGAP004078__SITE03,138,138,1,0.876811594202899,1,0.876811594202899,0.123188405797101,0.00939243673689305,1,1,69,TRUE,TRUE,TRUE
2R,GHcol,AGAP004078__SITE03,110,110,1,0.309090909090909,1,0.309090909090909,0.690909090909091,0.0185698886094143,1,1,55,TRUE,TRUE,TRUE
2R,GHgam,AGAP004078__SITE03,24,24,1,0.791666666666667,1,0.791666666666667,0.208333333333333,0.0143417874396135,1,1,12,FALSE,TRUE,FALSE
2R,GNgam,AGAP004078__SITE03,80,80,1,0.8,1,0.8,0.2,0.0139130434782609,1,1,40,TRUE,TRUE,TRUE
2R,UGgam,AGAP004078__SITE03,224,224,1,0.955357142857143,1,0.955357142857143,0.0446428571428571,0.00370868456078083,1,1,112,TRUE,TRUE,TRUE
2R,AOcol,AGAP004078__SITE04,156,156,1,1,1,1,0,0,2,2,78,TRUE,TRUE,TRUE
2R,BFcol,AGAP004078__SITE04,150,150,1,0.98,1,0.98,0.02,0.00170434782608696,2,2,75,TRUE,TRUE,TRUE
2R,BFgam,AGAP004078__SITE04,184,184,1,0.994565217391304,1,0.994565217391304,0.00543478260869565,0.000470021369277554,2,2,92,TRUE,TRUE,TRUE
2R,CMgam,AGAP004078__SITE04,594,594,1,1,1,1,0,0,2,2,297,TRUE,TRUE,TRUE
2R,CIcol,AGAP004078__SITE04,142,142,1,0.901408450704225,1,0.901408450704225,0.0985915492957746,0.00772793527854204,2,2,71,TRUE,TRUE,TRUE
2R,FRgam,AGAP004078__SITE04,48,48,1,1,1,1,0,0,2,2,24,TRUE,TRUE,FALSE
2R,GAgam,AGAP004078__SITE04,138,138,1,1,1,1,0,0,2,2,69,TRUE,TRUE,TRUE
2R,GHcol,AGAP004078__SITE04,110,110,1,0.981818181818182,1,0.981818181818182,0.0181818181818182,0.00155228171038448,2,2,55,TRUE,TRUE,TRUE
2R,GHgam,AGAP004078__SITE04,24,24,1,1,1,1,0,0,2,2,12,FALSE,TRUE,FALSE
2R,GNgam,AGAP004078__SITE04,80,80,1,0.9875,1,0.9875,0.0125,0.00107336956521739,2,2,40,TRUE,TRUE,TRUE
2R,UGgam,AGAP004078__SITE04,224,224,1,1,1,1,0,0,2,2,112,TRUE,TRUE,TRUE
2R,AOcol,AGAP004078__SITE05,156,156,1,0.923076923076923,1,0.923076923076923,0.0769230769230769,0.00617442757910985,3,3,78,TRUE,TRUE,TRUE
2R,BFcol,AGAP004078__SITE05,150,150,1,0.893333333333333,1,0.893333333333333,0.106666666666667,0.00999033816425121,3,3,75,TRUE,TRUE,TRUE
2R,BFgam,AGAP004078__SITE05,184,184,1,0.385869565217391,1,0.385869565217391,0.608695652173913,0.0211817826908852,3,3,92,TRUE,TRUE,TRUE
2R,CMgam,AGAP004078__SITE05,594,594,1,0.367003367003367,1,0.367003367003367,0.632996632996633,0.0202010344010051,3,3,297,TRUE,TRUE,TRUE
2R,CIcol,AGAP004078__SITE05,142,142,1,0.887323943661972,1,0.887323943661972,0.112676056338028,0.0164218624669018,3,3,71,TRUE,TRUE,TRUE
2R,FRgam,AGAP004078__SITE05,48,48,1,0.8125,1,0.8125,0.1875,0.0132472826086957,3,3,24,TRUE,TRUE,FALSE
2R,GAgam,AGAP004078__SITE05,138,138,1,0.572463768115942,1,0.572463768115942,0.427536231884058,0.0212825219400382,3,3,69,TRUE,TRUE,TRUE
2R,GHcol,AGAP004078__SITE05,110,110,1,0.9,1,0.9,0.1,0.00937836866690622,3,3,55,TRUE,TRUE,TRUE
2R,GHgam,AGAP004078__SITE05,24,24,1,0.375,1,0.375,0.625,0.0203804347826087,3,3,12,FALSE,TRUE,FALSE
2R,GNgam,AGAP004078__SITE05,80,80,1,0.475,1,0.475,0.525,0.022758152173913,3,3,40,TRUE,TRUE,TRUE
2R,UGgam,AGAP004078__SITE05,224,224,1,0.558035714285714,1,0.558035714285714,0.441964285714286,0.021446248336291,3,3,112,TRUE,TRUE,TRUE
2L,AOcol,AGAP004852__SITE01,156,156,1,1,1,1,0,0,3,3,78,TRUE,TRUE,TRUE
2L,BFcol,AGAP004852__SITE01,150,150,1,1,1,1,0,0,3,3,75,TRUE,TRUE,TRUE
2L,BFgam,AGAP004852__SITE01,184,184,1,1,1,1,0,0,3,3,92,TRUE,TRUE,TRUE
2L,CMgam,AGAP004852__SITE01,594,594,1,0.971380471380471,0.973063973063973,0.998316498316498,0.0269360269360269,0.00242531694734886,3,3,297,TRUE,TRUE,TRUE
2L,CIcol,AGAP004852__SITE01,142,142,1,1,1,1,0,0,3,3,71,TRUE,TRUE,TRUE
2L,FRgam,AGAP004852__SITE01,48,48,1,1,1,1,0,0,3,3,24,TRUE,TRUE,FALSE
2L,GAgam,AGAP004852__SITE01,138,138,1,0.811594202898551,0.811594202898551,1,0.188405797101449,0.013296439366958,3,3,69,TRUE,TRUE,TRUE
2L,GHcol,AGAP004852__SITE01,110,110,1,1,1,1,0,0,3,3,55,TRUE,TRUE,TRUE
2L,GHgam,AGAP004852__SITE01,24,24,1,1,1,1,0,0,3,3,12,FALSE,TRUE,FALSE
2L,GNgam,AGAP004852__SITE01,80,80,1,1,1,1,0,0,3,3,40,TRUE,TRUE,TRUE
2L,UGgam,AGAP004852__SITE01,224,224,1,1,1,1,0,0,3,3,112,TRUE,TRUE,TRUE
2L,AOcol,AGAP004852__SITE02,156,156,1,1,1,1,0,0,4,4,78,TRUE,TRUE,TRUE
2L,BFcol,AGAP004852__SITE02,150,150,1,1,1,1,0,0,4,4,75,TRUE,TRUE,TRUE
2L,BFgam,AGAP004852__SITE02,184,184,1,0.994565217391304,1,0.994565217391304,0.00543478260869565,0.000470021369277554,4,4,92,TRUE,TRUE,TRUE
2L,CMgam,AGAP004852__SITE02,594,594,1,0.998316498316498,1,0.998316498316498,0.00168350168350168,0.000146145000485507,4,4,297,TRUE,TRUE,TRUE
2L,CIcol,AGAP004852__SITE02,142,142,1,0.992957746478873,0.992957746478873,1,0.00704225352112676,0.000608057407519212,4,4,71,TRUE,TRUE,TRUE
2L,FRgam,AGAP004852__SITE02,48,48,1,1,1,1,0,0,4,4,24,TRUE,TRUE,FALSE
2L,GAgam,AGAP004852__SITE02,138,138,1,1,1,1,0,0,4,4,69,TRUE,TRUE,TRUE
2L,GHcol,AGAP004852__SITE02,110,110,1,1,1,1,0,0,4,4,55,TRUE,TRUE,TRUE
2L,GHgam,AGAP004852__SITE02,24,24,1,1,1,1,0,0,4,4,12,FALSE,TRUE,FALSE
2L,GNgam,AGAP004852__SITE02,80,80,1,1,1,1,0,0,4,4,40,TRUE,TRUE,TRUE
2L,UGgam,AGAP004852__SITE02,224,224,1,0.964285714285714,1,0.964285714285714,0.0357142857142857,0.00299467613132209,4,4,112,TRUE,TRUE,TRUE
2L,AOcol,AGAP004852__SITE03,156,156,1,0.891025641025641,1,0.891025641025641,0.108974358974359,0.00844338678786839,5,5,78,TRUE,TRUE,TRUE
2L,BFcol,AGAP004852__SITE03,150,150,1,0.986666666666667,1,0.986666666666667,0.0133333333333333,0.00114396135265701,5,5,75,TRUE,TRUE,TRUE
2L,BFgam,AGAP004852__SITE03,184,184,1,0.978260869565217,1,0.978260869565217,0.016304347826087,0.00186467494041259,5,5,92,TRUE,TRUE,TRUE
2L,CMgam,AGAP004852__SITE03,594,594,1,0.993265993265993,1,0.993265993265993,0.00505050505050505,0.000583101300419409,5,5,297,TRUE,TRUE,TRUE
2L,CIcol,AGAP004852__SITE03,142,142,1,1,1,1,0,0,5,5,71,TRUE,TRUE,TRUE
2L,FRgam,AGAP004852__SITE03,48,48,1,1,1,1,0,0,5,5,24,TRUE,TRUE,FALSE
2L,GAgam,AGAP004852__SITE03,138,138,1,1,1,1,0,0,5,5,69,TRUE,TRUE,TRUE
2L,GHcol,AGAP004852__SITE03,110,110,1,0.981818181818182,1,0.981818181818182,0.0181818181818182,0.00155228171038448,5,5,55,TRUE,TRUE,TRUE
2L,GHgam,AGAP004852__SITE03,24,24,1,1,1,1,0,0,5,5,12,FALSE,TRUE,FALSE
2L,GNgam,AGAP004852__SITE03,80,80,1,1,1,1,0,0,5,5,40,TRUE,TRUE,TRUE
2L,UGgam,AGAP004852__SITE03,224,224,1,0.973214285714286,1,0.973214285714286,0.0267857142857143,0.00226680346051464,5,5,112,TRUE,TRUE,TRUE
2L,AOcol,AGAP004852__SITE04,156,156,1,1,1,1,0,0,2,2,78,TRUE,TRUE,TRUE
2L,BFcol,AGAP004852__SITE04,150,150,1,1,1,1,0,0,2,2,75,TRUE,TRUE,TRUE
2L,BFgam,AGAP004852__SITE04,184,184,1,1,1,1,0,0,2,2,92,TRUE,TRUE,TRUE
2L,CMgam,AGAP004852__SITE04,594,594,1,1,1,1,0,0,2,2,297,TRUE,TRUE,TRUE
2L,CIcol,AGAP004852__SITE04,142,142,1,1,1,1,0,0,2,2,71,TRUE,TRUE,TRUE
2L,FRgam,AGAP004852__SITE04,48,48,1,1,1,1,0,0,2,2,24,TRUE,TRUE,FALSE
2L,GAgam,AGAP004852__SITE04,138,138,1,1,1,1,0,0,2,2,69,TRUE,TRUE,TRUE
2L,GHcol,AGAP004852__SITE04,110,110,1,1,1,1,0,0,2,2,55,TRUE,TRUE,TRUE
2L,GHgam,AGAP004852__SITE04,24,24,1,1,1,1,0,0,2,2,12,FALSE,TRUE,FALSE
2L,GNgam,AGAP004852__SITE04,80,80,1,1,1,1,0,0,2,2,40,TRUE,TRUE,TRUE
2L,UGgam,AGAP004852__SITE04,224,224,1,1,1,1,0,0,2,2,112,TRUE,TRUE,TRUE
2L,AOcol,AGAP004852__SITE05,156,156,1,1,1,1,0,0,2,2,78,TRUE,TRUE,TRUE
2L,BFcol,AGAP004852__SITE05,150,150,1,1,1,1,0,0,2,2,75,TRUE,TRUE,TRUE
2L,BFgam,AGAP004852__SITE05,184,184,1,0.967391304347826,1,0.967391304347826,0.0326086956521739,0.0027430755321772,2,2,92,TRUE,TRUE,TRUE
2L,CMgam,AGAP004852__SITE05,594,594,1,0.988215488215488,1,0.988215488215488,0.0117845117845118,0.00101266409274022,2,2,297,TRUE,TRUE,TRUE
2L,CIcol,AGAP004852__SITE05,142,142,1,1,1,1,0,0,2,2,71,TRUE,TRUE,TRUE
2L,FRgam,AGAP004852__SITE05,48,48,1,1,1,1,0,0,2,2,24,TRUE,TRUE,FALSE
2L,GAgam,AGAP004852__SITE05,138,138,1,1,1,1,0,0,2,2,69,TRUE,TRUE,TRUE
2L,GHcol,AGAP004852__SITE05,110,110,1,0.963636363636364,1,0.963636363636364,0.0363636363636364,0.00304707150556953,2,2,55,TRUE,TRUE,TRUE
2L,GHgam,AGAP004852__SITE05,24,24,1,1,1,1,0,0,2,2,12,FALSE,TRUE,FALSE
2L,GNgam,AGAP004852__SITE05,80,80,1,1,1,1,0,0,2,2,40,TRUE,TRUE,TRUE
2L,UGgam,AGAP004852__SITE05,224,224,1,0.995535714285714,1,0.995535714285714,0.00446428571428571,0.000386465727595386,2,2,112,TRUE,TRUE,TRUE
3L,AOcol,AGAP012424__SITE01,156,156,1,1,1,1,0,0,4,4,78,TRUE,TRUE,TRUE
3L,BFcol,AGAP012424__SITE01,150,150,1,0.986666666666667,1,0.986666666666667,0.0133333333333333,0.00114396135265701,4,4,75,TRUE,TRUE,TRUE
3L,BFgam,AGAP012424__SITE01,184,184,1,1,1,1,0,0,4,4,92,TRUE,TRUE,TRUE
3L,CMgam,AGAP012424__SITE01,594,594,1,0.994949494949495,1,0.994949494949495,0.00505050505050505,0.000436956299933902,4,4,297,TRUE,TRUE,TRUE
3L,CIcol,AGAP012424__SITE01,142,142,1,1,1,1,0,0,4,4,71,TRUE,TRUE,TRUE
3L,FRgam,AGAP012424__SITE01,48,48,1,1,1,1,0,0,4,4,24,TRUE,TRUE,FALSE
3L,GAgam,AGAP012424__SITE01,138,138,1,1,1,1,0,0,4,4,69,TRUE,TRUE,TRUE
3L,GHcol,AGAP012424__SITE01,110,110,1,1,1,1,0,0,4,4,55,TRUE,TRUE,TRUE
3L,GHgam,AGAP012424__SITE01,24,24,1,1,1,1,0,0,4,4,12,FALSE,TRUE,FALSE
3L,GNgam,AGAP012424__SITE01,80,80,1,0.9875,0.9875,1,0.0125,0.00107336956521739,4,4,40,TRUE,TRUE,TRUE
3L,UGgam,AGAP012424__SITE01,224,224,1,0.977678571428571,1,0.977678571428571,0.0223214285714286,0.00189766803460515,4,4,112,TRUE,TRUE,TRUE
3L,AOcol,AGAP012424__SITE02,156,156,1,1,1,1,0,0,5,5,78,TRUE,TRUE,TRUE
3L,BFcol,AGAP012424__SITE02,150,150,1,0.986666666666667,1,0.986666666666667,0.00666666666666667,0.00115169082125604,5,5,75,TRUE,TRUE,TRUE
3L,BFgam,AGAP012424__SITE02,184,184,1,0.994565217391304,1,0.994565217391304,0.00543478260869565,0.000470021369277554,5,5,92,TRUE,TRUE,TRUE
3L,CMgam,AGAP012424__SITE02,594,594,1,1,1,1,0,0,5,5,297,TRUE,TRUE,TRUE
3L,CIcol,AGAP012424__SITE02,142,142,1,0.929577464788732,1,0.929577464788732,0.0633802816901408,0.00577007667560784,5,5,71,TRUE,TRUE,TRUE
3L,FRgam,AGAP012424__SITE02,48,48,1,1,1,1,0,0,5,5,24,TRUE,TRUE,FALSE
3L,GAgam,AGAP012424__SITE02,138,138,1,1,1,1,0,0,5,5,69,TRUE,TRUE,TRUE
3L,GHcol,AGAP012424__SITE02,110,110,1,0.981818181818182,1,0.981818181818182,0.0181818181818182,0.00155228171038448,5,5,55,TRUE,TRUE,TRUE
3L,GHgam,AGAP012424__SITE02,24,24,1,1,1,1,0,0,5,5,12,FALSE,TRUE,FALSE
3L,GNgam,AGAP012424__SITE02,80,80,1,1,1,1,0,0,5,5,40,TRUE,TRUE,TRUE
3L,UGgam,AGAP012424__SITE02,224,224,1,0.995535714285714,1,0.995535714285714,0.00446428571428571,0.000386465727595386,5,5,112,TRUE,TRUE,TRUE
3L,AOcol,AGAP012424__SITE03,156,156,1,1,1,1,0,0,2,2,78,TRUE,TRUE,TRUE
3L,BFcol,AGAP012424__SITE03,150,150,1,0.993333333333333,1,0.993333333333333,0.00666666666666667,0.000575845410628019,2,2,75,TRUE,TRUE,TRUE
3L,BFgam,AGAP012424__SITE03,184,184,1,1,1,1,0,0,2,2,92,TRUE,TRUE,TRUE
3L,CMgam,AGAP012424__SITE03,594,594,1,0.996632996632997,0.996632996632997,1,0.00336700336700337,0.000291797100463474,2,2,297,TRUE,TRUE,TRUE
3L,CIcol,AGAP012424__SITE03,142,142,1,1,1,1,0,0,2,2,71,TRUE,TRUE,TRUE
3L,FRgam,AGAP012424__SITE03,48,48,1,1,1,1,0,0,2,2,24,TRUE,TRUE,FALSE
3L,GAgam,AGAP012424__SITE03,138,138,1,1,1,1,0,0,2,2,69,TRUE,TRUE,TRUE
3L,GHcol,AGAP012424__SITE03,110,110,1,1,1,1,0,0,2,2,55,TRUE,TRUE,TRUE
3L,GHgam,AGAP012424__SITE03,24,24,1,1,1,1,0,0,2,2,12,FALSE,TRUE,FALSE
3L,GNgam,AGAP012424__SITE03,80,80,1,1,1,1,0,0,2,2,40,TRUE,TRUE,TRUE
3L,UGgam,AGAP012424__SITE03,224,224,1,0.995535714285714,0.995535714285714,1,0.00446428571428571,0.000386465727595386,2,2,112,TRUE,TRUE,TRUE
3L,AOcol,AGAP012424__SITE04,156,156,1,1,1,1,0,0,1,1,78,TRUE,TRUE,TRUE
3L,BFcol,AGAP012424__SITE04,150,150,1,1,1,1,0,0,1,1,75,TRUE,TRUE,TRUE
3L,BFgam,AGAP012424__SITE04,184,184,1,1,1,1,0,0,1,1,92,TRUE,TRUE,TRUE
3L,CMgam,AGAP012424__SITE04,594,594,1,1,1,1,0,0,1,1,297,TRUE,TRUE,TRUE
3L,CIcol,AGAP012424__SITE04,142,142,1,1,1,1,0,0,1,1,71,TRUE,TRUE,TRUE
3L,FRgam,AGAP012424__SITE04,48,48,1,1,1,1,0,0,1,1,24,TRUE,TRUE,FALSE
3L,GAgam,AGAP012424__SITE04,138,138,1,1,1,1,0,0,1,1,69,TRUE,TRUE,TRUE
3L,GHcol,AGAP012424__SITE04,110,110,1,1,1,1,0,0,1,1,55,TRUE,TRUE,TRUE
3L,GHgam,AGAP012424__SITE04,24,24,1,1,1,1,0,0,1,1,12,FALSE,TRUE,FALSE
3L,GNgam,AGAP012424__SITE04,80,80,1,1,1,1,0,0,1,1,40,TRUE,TRUE,TRUE
3L,UGgam,AGAP012424__SITE04,224,224,1,1,1,1,0,0,1,1,112,TRUE,TRUE,TRUE
3L,AOcol,AGAP012424__SITE05,156,156,1,1,1,1,0,0,1,1,78,TRUE,TRUE,TRUE
3L,BFcol,AGAP012424__SITE05,150,150,1,1,1,1,0,0,1,1,75,TRUE,TRUE,TRUE
3L,BFgam,AGAP012424__SITE05,184,184,1,1,1,1,0,0,1,1,92,TRUE,TRUE,TRUE
3L,CMgam,AGAP012424__SITE05,594,594,1,1,1,1,0,0,1,1,297,TRUE,TRUE,TRUE
3L,CIcol,AGAP012424__SITE05,142,142,1,1,1,1,0,0,1,1,71,TRUE,TRUE,TRUE
3L,FRgam,AGAP012424__SITE05,48,48,1,1,1,1,0,0,1,1,24,TRUE,TRUE,FALSE
3L,GAgam,AGAP012424__SITE05,138,138,1,1,1,1,0,0,1,1,69,TRUE,TRUE,TRUE
3L,GHcol,AGAP012424__SITE05,110,110,1,1,1,1,0,0,1,1,55,TRUE,TRUE,TRUE
3L,GHgam,AGAP012424__SITE05,24,24,1,1,1,1,0,0,1,1,12,FALSE,TRUE,FALSE
3L,GNgam,AGAP012424__SITE05,80,80,1,1,1,1,0,0,1,1,40,TRUE,TRUE,TRUE
3L,UGgam,AGAP012424__SITE05,224,224,1,1,1,1,0,0,1,1,112,TRUE,TRUE,TRUE
3R,AOcol,AGAP007775__SITE01,156,156,1,0,1,0,1,0.00971900637452477,8,8,78,TRUE,TRUE,TRUE
3R,BFcol,AGAP007775__SITE01,150,150,1,0,1,0,1,0.00439033816425121,8,8,75,TRUE,TRUE,TRUE
3R,BFgam,AGAP007775__SITE01,184,184,1,0,1,0,1,0.000934905892989233,8,8,92,TRUE,TRUE,TRUE
3R,CMgam,AGAP007775__SITE01,594,594,1,0,0.996632996632997,0,1,0.0015967511941747,8,8,297,TRUE,TRUE,TRUE
3R,CIcol,AGAP007775__SITE01,142,142,1,0,1,0,1,0.00295403775993376,8,8,71,TRUE,TRUE,TRUE
3R,FRgam,AGAP007775__SITE01,48,48,1,0,1,0,1,0,8,8,24,TRUE,TRUE,FALSE
3R,GAgam,AGAP007775__SITE01,138,138,1,0,0.985507246376812,0,1,0.0037259253171146,8,8,69,TRUE,TRUE,TRUE
3R,GHcol,AGAP007775__SITE01,110,110,1,0,1,0,1,0.00448436938555516,8,8,55,TRUE,TRUE,TRUE
3R,GHgam,AGAP007775__SITE01,24,24,1,0,1,0,1,0,8,8,12,FALSE,TRUE,FALSE
3R,GNgam,AGAP007775__SITE01,80,80,1,0,1,0,1,0.00322010869565217,8,8,40,TRUE,TRUE,TRUE
3R,UGgam,AGAP007775__SITE01,224,224,1,0,0.986607142857143,0,1,0.00380226818988465,8,8,112,TRUE,TRUE,TRUE
3R,AOcol,AGAP007775__SITE02,156,156,1,0,1,0,1,0,5,5,78,TRUE,TRUE,TRUE
3R,BFcol,AGAP007775__SITE02,150,150,1,0.0866666666666667,0.986666666666667,0.0866666666666667,0.913333333333333,0.00802705314009662,5,5,75,TRUE,TRUE,TRUE
3R,BFgam,AGAP007775__SITE02,184,184,1,0,1,0,1,0.000470021369277554,5,5,92,TRUE,TRUE,TRUE
3R,CMgam,AGAP007775__SITE02,594,594,1,0.00168350168350168,1,0.00168350168350168,0.998316498316498,0.000292290000971018,5,5,297,TRUE,TRUE,TRUE
3R,CIcol,AGAP007775__SITE02,142,142,1,0.204225352112676,1,0.204225352112676,0.795774647887324,0.0141319441449678,5,5,71,TRUE,TRUE,TRUE
3R,FRgam,AGAP007775__SITE02,48,48,1,0,1,0,1,0,5,5,24,TRUE,TRUE,FALSE
3R,GAgam,AGAP007775__SITE02,138,138,1,0,1,0,1,0,5,5,69,TRUE,TRUE,TRUE
3R,GHcol,AGAP007775__SITE02,110,110,1,0.263636363636364,0.990909090909091,0.263636363636364,0.736363636363636,0.0184477182896155,5,5,55,TRUE,TRUE,TRUE
3R,GHgam,AGAP007775__SITE02,24,24,1,0,1,0,1,0,5,5,12,FALSE,TRUE,FALSE
3R,GNgam,AGAP007775__SITE02,80,80,1,0,1,0,1,0.00214673913043478,5,5,40,TRUE,TRUE,TRUE
3R,UGgam,AGAP007775__SITE02,224,224,1,0,1,0,1,0.000772931455190772,5,5,112,TRUE,TRUE,TRUE
3R,AOcol,AGAP007775__SITE03,156,156,1,0.993589743589744,1,0.993589743589744,0.00641025641025641,0.000553840436783581,5,5,78,TRUE,TRUE,TRUE
3R,BFcol,AGAP007775__SITE03,150,150,1,0.966666666666667,1,0.966666666666667,0.0266666666666667,0.00283285024154589,5,5,75,TRUE,TRUE,TRUE
3R,BFgam,AGAP007775__SITE03,184,184,1,0.777173913043478,0.994565217391304,0.782608695652174,0.206521739130435,0.0156596737075697,5,5,92,TRUE,TRUE,TRUE
3R,CMgam,AGAP007775__SITE03,594,594,1,0.82996632996633,1,0.82996632996633,0.17003367003367,0.012271497485961,5,5,297,TRUE,TRUE,TRUE
3R,CIcol,AGAP007775__SITE03,142,142,1,1,1,1,0,0,5,5,71,TRUE,TRUE,TRUE
3R,FRgam,AGAP007775__SITE03,48,48,1,1,1,1,0,0,5,5,24,TRUE,TRUE,FALSE
3R,GAgam,AGAP007775__SITE03,138,138,1,0.956521739130435,1,0.956521739130435,0.0434782608695652,0.00361633927837594,5,5,69,TRUE,TRUE,TRUE
3R,GHcol,AGAP007775__SITE03,110,110,1,0.918181818181818,1,0.918181818181818,0.0818181818181818,0.00653251886453468,5,5,55,TRUE,TRUE,TRUE
3R,GHgam,AGAP007775__SITE03,24,24,1,0.75,1,0.75,0.25,0.016304347826087,5,5,12,FALSE,TRUE,FALSE
3R,GNgam,AGAP007775__SITE03,80,80,1,0.75,1,0.75,0.25,0.016304347826087,5,5,40,TRUE,TRUE,TRUE
3R,UGgam,AGAP007775__SITE03,224,224,1,0.799107142857143,1,0.799107142857143,0.196428571428571,0.0141120646628216,5,5,112,TRUE,TRUE,TRUE
3R,AOcol,AGAP007775__SITE04,156,156,1,0.993589743589744,1,0.993589743589744,0.00641025641025641,0.000553840436783581,6,6,78,TRUE,TRUE,TRUE
3R,BFcol,AGAP007775__SITE04,150,150,1,0.966666666666667,1,0.966666666666667,0.0266666666666667,0.00283285024154589,6,6,75,TRUE,TRUE,TRUE
3R,BFgam,AGAP007775__SITE04,184,184,1,0.793478260869565,0.907608695652174,0.793478260869565,0.206521739130435,0.0215413618804964,6,6,92,TRUE,TRUE,TRUE
3R,CMgam,AGAP007775__SITE04,594,594,1,0.82996632996633,0.936026936026936,0.82996632996633,0.17003367003367,0.0176246434480954,6,6,297,TRUE,TRUE,TRUE
3R,CIcol,AGAP007775__SITE04,142,142,1,0.985915492957746,0.992957746478873,0.992957746478873,0.00704225352112676,0.00121611481503842,6,6,71,TRUE,TRUE,TRUE
3R,FRgam,AGAP007775__SITE04,48,48,1,1,1,1,0,0,6,6,24,TRUE,TRUE,FALSE
3R,GAgam,AGAP007775__SITE04,138,138,1,0.956521739130435,0.992753623188406,0.956521739130435,0.0434782608695652,0.00424189291617581,6,6,69,TRUE,TRUE,TRUE
3R,GHcol,AGAP007775__SITE04,110,110,1,0.918181818181818,1,0.918181818181818,0.0818181818181818,0.00653251886453468,6,6,55,TRUE,TRUE,TRUE
3R,GHgam,AGAP007775__SITE04,24,24,1,0.75,1,0.75,0.25,0.016304347826087,6,6,12,FALSE,TRUE,FALSE
3R,GNgam,AGAP007775__SITE04,80,80,1,0.7375,0.9,0.75,0.25,0.0241304347826087,6,6,40,TRUE,TRUE,TRUE
3R,UGgam,AGAP007775__SITE04,224,224,1,0.799107142857143,0.919642857142857,0.799107142857143,0.196428571428571,0.0205381405279503,6,6,112,TRUE,TRUE,TRUE
3R,AOcol,AGAP007775__SITE05,156,156,1,0.903846153846154,1,0.903846153846154,0.0961538461538462,0.00755724208901467,3,3,78,TRUE,TRUE,TRUE
3R,BFcol,AGAP007775__SITE05,150,150,1,0.933333333333333,1,0.933333333333333,0.0533333333333333,0.00553429951690821,3,3,75,TRUE,TRUE,TRUE
3R,BFgam,AGAP007775__SITE05,184,184,1,0.989130434782609,1,0.989130434782609,0.0108695652173913,0.000934905892989233,3,3,92,TRUE,TRUE,TRUE
3R,CMgam,AGAP007775__SITE05,594,594,1,0.968013468013468,1,0.968013468013468,0.0269360269360269,0.00271612824679726,3,3,297,TRUE,TRUE,TRUE
3R,CIcol,AGAP007775__SITE05,142,142,1,0.943661971830986,1,0.943661971830986,0.0563380281690141,0.00462296128269926,3,3,71,TRUE,TRUE,TRUE
3R,FRgam,AGAP007775__SITE05,48,48,1,1,1,1,0,0,3,3,24,TRUE,TRUE,FALSE
3R,GAgam,AGAP007775__SITE05,138,138,1,0.992753623188406,1,0.992753623188406,0.0072463768115942,0.000625553637799878,3,3,69,TRUE,TRUE,TRUE
3R,GHcol,AGAP007775__SITE05,110,110,1,0.972727272727273,1,0.972727272727273,0.0272727272727273,0.00230686309737693,3,3,55,TRUE,TRUE,TRUE
3R,GHgam,AGAP007775__SITE05,24,24,1,1,1,1,0,0,3,3,12,FALSE,TRUE,FALSE
3R,GNgam,AGAP007775__SITE05,80,80,1,0.9875,1,0.9875,0.0125,0.00107336956521739,3,3,40,TRUE,TRUE,TRUE
3R,UGgam,AGAP007775__SITE05,224,224,1,0.9375,1,0.9375,0.0535714285714286,0.00517829414374445,3,3,112,TRUE,TRUE,TRUE
3L,AOcol,AGAP010722__SITE01,156,156,1,0.282051282051282,1,0.282051282051282,0.717948717948718,0.0176085527256096,6,6,78,TRUE,TRUE,TRUE
3L,BFcol,AGAP010722__SITE01,150,150,1,0.393333333333333,0.993333333333333,0.4,0.6,0.0214454106280193,6,6,75,TRUE,TRUE,TRUE
3L,BFgam,AGAP010722__SITE01,184,184,1,0.532608695652174,1,0.532608695652174,0.451086956521739,0.0229257417604997,6,6,92,TRUE,TRUE,TRUE
3L,CMgam,AGAP010722__SITE01,594,594,1,0.555555555555556,1,0.555555555555556,0.439393939393939,0.0218576730068459,6,6,297,TRUE,TRUE,TRUE
3L,CIcol,AGAP010722__SITE01,142,142,1,0.535211267605634,1,0.535211267605634,0.457746478873239,0.0221919391425097,6,6,71,TRUE,TRUE,TRUE
3L,FRgam,AGAP010722__SITE01,48,48,1,0.208333333333333,1,0.208333333333333,0.791666666666667,0.0143417874396135,6,6,24,TRUE,TRUE,FALSE
3L,GAgam,AGAP010722__SITE01,138,138,1,0.652173913043478,1,0.652173913043478,0.347826086956522,0.0197254869729596,6,6,69,TRUE,TRUE,TRUE
3L,GHcol,AGAP010722__SITE01,110,110,1,0.490909090909091,1,0.490909090909091,0.509090909090909,0.0217319439453827,6,6,55,TRUE,TRUE,TRUE
3L,GHgam,AGAP010722__SITE01,24,24,1,0.5,1,0.5,0.5,0.0217391304347826,6,6,12,FALSE,TRUE,FALSE
3L,GNgam,AGAP010722__SITE01,80,80,1,0.55,1,0.55,0.425,0.0233695652173913,6,6,40,TRUE,TRUE,TRUE
3L,UGgam,AGAP010722__SITE01,224,224,1,0.674107142857143,1,0.674107142857143,0.325892857142857,0.0191031915483585,6,6,112,TRUE,TRUE,TRUE
3L,AOcol,AGAP010722__SITE02,156,156,1,0.980769230769231,1,0.980769230769231,0.0192307692307692,0.00164008232570105,4,4,78,TRUE,TRUE,TRUE
3L,BFcol,AGAP010722__SITE02,150,150,1,0.993333333333333,1,0.993333333333333,0.00666666666666667,0.000575845410628019,4,4,75,TRUE,TRUE,TRUE
3L,BFgam,AGAP010722__SITE02,184,184,1,0.983695652173913,0.994565217391304,0.989130434782609,0.0108695652173913,0.00140492726226679,4,4,92,TRUE,TRUE,TRUE
3L,CMgam,AGAP010722__SITE02,594,594,1,0.993265993265993,1,0.993265993265993,0.00673400673400673,0.00058162259889679,4,4,297,TRUE,TRUE,TRUE
3L,CIcol,AGAP010722__SITE02,142,142,1,0.887323943661972,1,0.887323943661972,0.112676056338028,0.0086939271883598,4,4,71,TRUE,TRUE,TRUE
3L,FRgam,AGAP010722__SITE02,48,48,1,0.875,1,0.875,0.125,0.00951086956521739,4,4,24,TRUE,TRUE,FALSE
3L,GAgam,AGAP010722__SITE02,138,138,1,0.91304347826087,0.978260869565217,0.934782608695652,0.0652173913043478,0.00715048902769787,4,4,69,TRUE,TRUE,TRUE
3L,GHcol,AGAP010722__SITE02,110,110,1,0.927272727272727,1,0.927272727272727,0.0727272727272727,0.00586417535034136,4,4,55,TRUE,TRUE,TRUE
3L,GHgam,AGAP010722__SITE02,24,24,1,1,1,1,0,0,4,4,12,FALSE,TRUE,FALSE
3L,GNgam,AGAP010722__SITE02,80,80,1,1,1,1,0,0,4,4,40,TRUE,TRUE,TRUE
3L,UGgam,AGAP010722__SITE02,224,224,1,0.995535714285714,1,0.995535714285714,0.00446428571428571,0.000386465727595386,4,4,112,TRUE,TRUE,TRUE
3L,AOcol,AGAP010722__SITE03,156,156,1,1,1,1,0,0,4,4,78,TRUE,TRUE,TRUE
3L,BFcol,AGAP010722__SITE03,150,150,1,0.98,1,0.98,0.0133333333333333,0.00171980676328502,4,4,75,TRUE,TRUE,TRUE
3L,BFgam,AGAP010722__SITE03,184,184,1,0.994565217391304,1,0.994565217391304,0.00543478260869565,0.000470021369277554,4,4,92,TRUE,TRUE,TRUE
3L,CMgam,AGAP010722__SITE03,594,594,1,0.998316498316498,1,0.998316498316498,0.00168350168350168,0.000146145000485507,4,4,297,TRUE,TRUE,TRUE
3L,CIcol,AGAP010722__SITE03,142,142,1,1,1,1,0,0,4,4,71,TRUE,TRUE,TRUE
3L,FRgam,AGAP010722__SITE03,48,48,1,1,1,1,0,0,4,4,24,TRUE,TRUE,FALSE
3L,GAgam,AGAP010722__SITE03,138,138,1,1,1,1,0,0,4,4,69,TRUE,TRUE,TRUE
3L,GHcol,AGAP010722__SITE03,110,110,1,1,1,1,0,0,4,4,55,TRUE,TRUE,TRUE
3L,GHgam,AGAP010722__SITE03,24,24,1,1,1,1,0,0,4,4,12,FALSE,TRUE,FALSE
3L,GNgam,AGAP010722__SITE03,80,80,1,1,1,1,0,0,4,4,40,TRUE,TRUE,TRUE
3L,UGgam,AGAP010722__SITE03,224,224,1,0.995535714285714,1,0.995535714285714,0.00446428571428571,0.000386465727595386,4,4,112,TRUE,TRUE,TRUE
3L,AOcol,AGAP010722__SITE04,156,156,1,1,1,1,0,0,5,5,78,TRUE,TRUE,TRUE
3L,BFcol,AGAP010722__SITE04,150,150,1,0.986666666666667,0.993333333333333,0.993333333333333,0.00666666666666667,0.00115169082125604,5,5,75,TRUE,TRUE,TRUE
3L,BFgam,AGAP010722__SITE04,184,184,1,0.978260869565217,1,0.978260869565217,0.016304347826087,0.00186467494041259,5,5,92,TRUE,TRUE,TRUE
3L,CMgam,AGAP010722__SITE04,594,594,1,0.934343434343434,1,0.934343434343434,0.063973063973064,0.0053531459621344,5,5,297,TRUE,TRUE,TRUE
3L,CIcol,AGAP010722__SITE04,142,142,1,1,1,1,0,0,5,5,71,TRUE,TRUE,TRUE
3L,FRgam,AGAP010722__SITE04,48,48,1,1,1,1,0,0,5,5,24,TRUE,TRUE,FALSE
3L,GAgam,AGAP010722__SITE04,138,138,1,0.985507246376812,1,0.985507246376812,0.0144927536231884,0.00124197510570487,5,5,69,TRUE,TRUE,TRUE
3L,GHcol,AGAP010722__SITE04,110,110,1,1,1,1,0,0,5,5,55,TRUE,TRUE,TRUE
3L,GHgam,AGAP010722__SITE04,24,24,1,0.958333333333333,1,0.958333333333333,0.0416666666666667,0.00347222222222222,5,5,12,FALSE,TRUE,FALSE
3L,GNgam,AGAP010722__SITE04,80,80,1,0.975,1,0.975,0.025,0.0021195652173913,5,5,40,TRUE,TRUE,TRUE
3L,UGgam,AGAP010722__SITE04,224,224,1,0.986607142857143,1,0.986607142857143,0.00892857142857143,0.00115593112244898,5,5,112,TRUE,TRUE,TRUE
3L,AOcol,AGAP010722__SITE05,156,156,1,0.602564102564103,1,0.602564102564103,0.397435897435897,0.0208244004230626,2,2,78,TRUE,TRUE,TRUE
3L,BFcol,AGAP010722__SITE05,150,150,1,0.566666666666667,1,0.566666666666667,0.42,0.0223265700483092,2,2,75,TRUE,TRUE,TRUE
3L,BFgam,AGAP010722__SITE05,184,184,1,0.652173913043478,1,0.652173913043478,0.347826086956522,0.0197254869729596,2,2,92,TRUE,TRUE,TRUE
3L,CMgam,AGAP010722__SITE05,594,594,1,0.7003367003367,1,0.7003367003367,0.2996632996633,0.0182491483911481,2,2,297,TRUE,TRUE,TRUE
3L,CIcol,AGAP010722__SITE05,142,142,1,0.570422535211268,1,0.570422535211268,0.429577464788732,0.0213078840464711,2,2,71,TRUE,TRUE,TRUE
3L,FRgam,AGAP010722__SITE05,48,48,1,0.3125,1,0.3125,0.6875,0.0186820652173913,2,2,24,TRUE,TRUE,FALSE
3L,GAgam,AGAP010722__SITE05,138,138,1,0.717391304347826,1,0.717391304347826,0.282608695652174,0.0176296539820827,2,2,69,TRUE,TRUE,TRUE
3L,GHcol,AGAP010722__SITE05,110,110,1,0.518181818181818,1,0.518181818181818,0.454545454545455,0.0238663312971613,2,2,55,TRUE,TRUE,TRUE
3L,GHgam,AGAP010722__SITE05,24,24,1,0.583333333333333,1,0.583333333333333,0.416666666666667,0.0211352657004831,2,2,12,FALSE,TRUE,FALSE
3L,GNgam,AGAP010722__SITE05,80,80,1,0.725,1,0.725,0.275,0.0173369565217391,2,2,40,TRUE,TRUE,TRUE
3L,UGgam,AGAP010722__SITE05,224,224,1,0.669642857142857,1,0.669642857142857,0.330357142857143,0.0192366348713398,2,2,112,TRUE,TRUE,TRUE
3R,AOcol,AGAP009792__SITE01,156,156,1,1,1,1,0,0,4,4,78,TRUE,TRUE,TRUE
3R,BFcol,AGAP009792__SITE01,150,150,1,1,1,1,0,0,4,4,75,TRUE,TRUE,TRUE
3R,BFgam,AGAP009792__SITE01,184,184,1,0.945652173913043,1,0.945652173913043,0.0489130434782609,0.00636455165611901,4,4,92,TRUE,TRUE,TRUE
3R,CMgam,AGAP009792__SITE01,594,594,1,0.932659932659933,1,0.932659932659933,0.0606060606060606,0.00639784858786469,4,4,297,TRUE,TRUE,TRUE
3R,CIcol,AGAP009792__SITE01,142,142,1,1,1,1,0,0,4,4,71,TRUE,TRUE,TRUE
3R,FRgam,AGAP009792__SITE01,48,48,1,1,1,1,0,0,4,4,24,TRUE,TRUE,FALSE
3R,GAgam,AGAP009792__SITE01,138,138,1,0.978260869565217,1,0.978260869565217,0.0217391304347826,0.00184926440371497,4,4,69,TRUE,TRUE,TRUE
3R,GHcol,AGAP009792__SITE01,110,110,1,0.990909090909091,1,0.990909090909091,0.00909090909090909,0.000783327344592167,4,4,55,TRUE,TRUE,TRUE
3R,GHgam,AGAP009792__SITE01,24,24,1,1,1,1,0,0,4,4,12,FALSE,TRUE,FALSE
3R,GNgam,AGAP009792__SITE01,80,80,1,0.95,1,0.95,0.05,0.00520380434782609,4,4,40,TRUE,TRUE,TRUE
3R,UGgam,AGAP009792__SITE01,224,224,1,0.897321428571429,1,0.897321428571429,0.0714285714285714,0.00878646295474712,4,4,112,TRUE,TRUE,TRUE
3R,AOcol,AGAP009792__SITE02,156,156,1,1,1,1,0,0,2,2,78,TRUE,TRUE,TRUE
3R,BFcol,AGAP009792__SITE02,150,150,1,1,1,1,0,0,2,2,75,TRUE,TRUE,TRUE
3R,BFgam,AGAP009792__SITE02,184,184,1,0.978260869565217,1,0.978260869565217,0.0217391304347826,0.00184926440371497,2,2,92,TRUE,TRUE,TRUE
3R,CMgam,AGAP009792__SITE02,594,594,1,0.986531986531987,1,0.986531986531987,0.0134680134680135,0.00115535878967295,2,2,297,TRUE,TRUE,TRUE
3R,CIcol,AGAP009792__SITE02,142,142,1,0.992957746478873,1,0.992957746478873,0.00704225352112676,0.000608057407519212,2,2,71,TRUE,TRUE,TRUE
3R,FRgam,AGAP009792__SITE02,48,48,1,1,1,1,0,0,2,2,24,TRUE,TRUE,FALSE
3R,GAgam,AGAP009792__SITE02,138,138,1,1,1,1,0,0,2,2,69,TRUE,TRUE,TRUE
3R,GHcol,AGAP009792__SITE02,110,110,1,0.990909090909091,1,0.990909090909091,0.00909090909090909,0.000783327344592167,2,2,55,TRUE,TRUE,TRUE
3R,GHgam,AGAP009792__SITE02,24,24,1,1,1,1,0,0,2,2,12,FALSE,TRUE,FALSE
3R,GNgam,AGAP009792__SITE02,80,80,1,0.9875,1,0.9875,0.0125,0.00107336956521739,2,2,40,TRUE,TRUE,TRUE
3R,UGgam,AGAP009792__SITE02,224,224,1,0.995535714285714,1,0.995535714285714,0.00446428571428571,0.000386465727595386,2,2,112,TRUE,TRUE,TRUE
3R,AOcol,AGAP009792__SITE03,156,156,1,0.5,1,0.5,0.5,0.0217391304347826,5,5,78,TRUE,TRUE,TRUE
3R,BFcol,AGAP009792__SITE03,150,150,1,0.386666666666667,1,0.386666666666667,0.613333333333333,0.0206222222222222,5,5,75,TRUE,TRUE,TRUE
3R,BFgam,AGAP009792__SITE03,184,184,1,0.108695652173913,1,0.108695652173913,0.885869565217391,0.0102017752938276,5,5,92,TRUE,TRUE,TRUE
3R,CMgam,AGAP009792__SITE03,594,594,1,0.17003367003367,1,0.17003367003367,0.828282828282828,0.0141092770283226,5,5,297,TRUE,TRUE,TRUE
3R,CIcol,AGAP009792__SITE03,142,142,1,0.450704225352113,1,0.450704225352113,0.549295774647887,0.02152781970451,5,5,71,TRUE,TRUE,TRUE
3R,FRgam,AGAP009792__SITE03,48,48,1,0.375,1,0.375,0.625,0.0203804347826087,5,5,24,TRUE,TRUE,FALSE
3R,GAgam,AGAP009792__SITE03,138,138,1,0.347826086956522,1,0.347826086956522,0.652173913043478,0.0197254869729596,5,5,69,TRUE,TRUE,TRUE
3R,GHcol,AGAP009792__SITE03,110,110,1,0.481818181818182,1,0.481818181818182,0.518181818181818,0.0217103844771829,5,5,55,TRUE,TRUE,TRUE
3R,GHgam,AGAP009792__SITE03,24,24,1,0.0833333333333333,1,0.0833333333333333,0.916666666666667,0.00664251207729469,5,5,12,FALSE,TRUE,FALSE
3R,GNgam,AGAP009792__SITE03,80,80,1,0.1125,0.9875,0.1125,0.8875,0.0128940217391304,5,5,40,TRUE,TRUE,TRUE
3R,UGgam,AGAP009792__SITE03,224,224,1,0.34375,0.995535714285714,0.34375,0.65625,0.0200026342058563,5,5,112,TRUE,TRUE,TRUE
3R,AOcol,AGAP009792__SITE04,156,156,1,0.596153846153846,0.596153846153846,1,0.403846153846154,0.0209351685104193,5,5,78,TRUE,TRUE,TRUE
3R,BFcol,AGAP009792__SITE04,150,150,1,0.693333333333333,0.693333333333333,1,0.306666666666667,0.0184888888888889,5,5,75,TRUE,TRUE,TRUE
3R,BFgam,AGAP009792__SITE04,184,184,1,0.701086956521739,0.711956521739131,0.940217391304348,0.28804347826087,0.026857997041177,5,5,92,TRUE,TRUE,TRUE
3R,CMgam,AGAP009792__SITE04,594,594,1,0.7003367003367,0.707070707070707,0.934343434343434,0.292929292929293,0.028235805574409,5,5,297,TRUE,TRUE,TRUE
3R,CIcol,AGAP009792__SITE04,142,142,1,0.683098591549296,0.683098591549296,1,0.316901408450704,0.0188239048497969,5,5,71,TRUE,TRUE,TRUE
3R,FRgam,AGAP009792__SITE04,48,48,1,0.833333333333333,0.833333333333333,1,0.166666666666667,0.0120772946859903,5,5,24,TRUE,TRUE,FALSE
3R,GAgam,AGAP009792__SITE04,138,138,1,0.818840579710145,0.818840579710145,0.927536231884058,0.181159420289855,0.0245883674419879,5,5,69,TRUE,TRUE,TRUE
3R,GHcol,AGAP009792__SITE04,110,110,1,0.609090909090909,0.609090909090909,1,0.390909090909091,0.020704275961193,5,5,55,TRUE,TRUE,TRUE
3R,GHgam,AGAP009792__SITE04,24,24,1,0.75,0.75,0.75,0.25,0.0489130434782609,5,5,12,FALSE,TRUE,FALSE
3R,GNgam,AGAP009792__SITE04,80,80,1,0.65,0.65,0.8875,0.35,0.0371467391304348,5,5,40,TRUE,TRUE,TRUE
3R,UGgam,AGAP009792__SITE04,224,224,1,0.620535714285714,0.620535714285714,0.790178571428571,0.379464285714286,0.0493099073868678,5,5,112,TRUE,TRUE,TRUE
3R,AOcol,AGAP009792__SITE05,156,156,1,1,1,1,0,0,5,5,78,TRUE,TRUE,TRUE
3R,BFcol,AGAP009792__SITE05,150,150,1,0.993333333333333,1,0.993333333333333,0.00666666666666667,0.000575845410628019,5,5,75,TRUE,TRUE,TRUE
3R,BFgam,AGAP009792__SITE05,184,184,1,0.940217391304348,1,0.940217391304348,0.0489130434782609,0.00902543765924221,5,5,92,TRUE,TRUE,TRUE
3R,CMgam,AGAP009792__SITE05,594,594,1,0.934343434343434,1,0.934343434343434,0.0589225589225589,0.0102252210289101,5,5,297,TRUE,TRUE,TRUE
3R,CIcol,AGAP009792__SITE05,142,142,1,1,1,1,0,0,5,5,71,TRUE,TRUE,TRUE
3R,FRgam,AGAP009792__SITE05,48,48,1,1,1,1,0,0,5,5,24,TRUE,TRUE,FALSE
3R,GAgam,AGAP009792__SITE05,138,138,1,0.927536231884058,1,0.927536231884058,0.072463768115942,0.0116891774654576,5,5,69,TRUE,TRUE,TRUE
3R,GHcol,AGAP009792__SITE05,110,110,1,1,1,1,0,0,5,5,55,TRUE,TRUE,TRUE
3R,GHgam,AGAP009792__SITE05,24,24,1,0.75,1,0.75,0.25,0.0326086956521739,5,5,12,FALSE,TRUE,FALSE
3R,GNgam,AGAP009792__SITE05,80,80,1,0.8875,1,0.8875,0.1125,0.0173641304347826,5,5,40,TRUE,TRUE,TRUE
3R,UGgam,AGAP009792__SITE05,224,224,1,0.790178571428571,1,0.790178571428571,0.209821428571429,0.0288341559449867,5,5,112,TRUE,TRUE,TRUE
X,AOcol,AGAP000999__SITE01,156,156,1,0.935897435897436,1,0.935897435897436,0.0641025641025641,0.0052168195980905,5,5,78,TRUE,TRUE,TRUE
X,BFcol,AGAP000999__SITE01,150,144,0.96,0.993055555555556,1,0.993055555555556,0.00694444444444444,0.000599671229200215,5,5,72,TRUE,TRUE,TRUE
X,BFgam,AGAP000999__SITE01,184,134,0.728260869565217,0.992537313432836,1,0.992537313432836,0.00746268656716418,0.000644086510988213,5,5,67,TRUE,TRUE,TRUE
X,CMgam,AGAP000999__SITE01,594,506,0.851851851851852,0.990118577075099,1,0.990118577075099,0.00395256916996047,0.000856197532004671,5,5,253,TRUE,TRUE,TRUE
X,CIcol,AGAP000999__SITE01,142,142,1,1,1,1,0,0,5,5,71,TRUE,TRUE,TRUE
X,FRgam,AGAP000999__SITE01,48,24,0.5,1,1,1,0,0,5,5,12,FALSE,TRUE,FALSE
X,GAgam,AGAP000999__SITE01,138,138,1,1,1,1,0,0,5,5,69,TRUE,TRUE,TRUE
X,GHcol,AGAP000999__SITE01,110,110,1,1,1,1,0,0,5,5,55,TRUE,TRUE,TRUE
X,GHgam,AGAP000999__SITE01,24,24,1,1,1,1,0,0,5,5,12,FALSE,TRUE,FALSE
X,GNgam,AGAP000999__SITE01,80,80,1,1,1,1,0,0,5,5,40,TRUE,TRUE,TRUE
X,UGgam,AGAP000999__SITE01,224,224,1,1,1,1,0,0,5,5,112,TRUE,TRUE,TRUE
X,AOcol,AGAP000999__SITE02,156,156,1,0.935897435897436,1,0.935897435897436,0.0641025641025641,0.0052168195980905,5,5,78,TRUE,TRUE,TRUE
X,BFcol,AGAP000999__SITE02,150,144,0.96,1,1,1,0,0,5,5,72,TRUE,TRUE,TRUE
X,BFgam,AGAP000999__SITE02,184,134,0.728260869565217,1,1,1,0,0,5,5,67,TRUE,TRUE,TRUE
X,CMgam,AGAP000999__SITE02,594,506,0.851851851851852,0.990118577075099,0.99802371541502,0.992094861660079,0.00395256916996047,0.000856876784310902,5,5,253,TRUE,TRUE,TRUE
X,CIcol,AGAP000999__SITE02,142,142,1,1,1,1,0,0,5,5,71,TRUE,TRUE,TRUE
X,FRgam,AGAP000999__SITE02,48,24,0.5,1,1,1,0,0,5,5,12,FALSE,TRUE,FALSE
X,GAgam,AGAP000999__SITE02,138,138,1,1,1,1,0,0,5,5,69,TRUE,TRUE,TRUE
X,GHcol,AGAP000999__SITE02,110,110,1,1,1,1,0,0,5,5,55,TRUE,TRUE,TRUE
X,GHgam,AGAP000999__SITE02,24,24,1,1,1,1,0,0,5,5,12,FALSE,TRUE,FALSE
X,GNgam,AGAP000999__SITE02,80,80,1,1,1,1,0,0,5,5,40,TRUE,TRUE,TRUE
X,UGgam,AGAP000999__SITE02,224,224,1,1,1,1,0,0,5,5,112,TRUE,TRUE,TRUE
X,AOcol,AGAP000999__SITE03,156,156,1,1,1,1,0,0,0,0,78,TRUE,TRUE,TRUE
X,BFcol,AGAP000999__SITE03,150,144,0.96,1,1,1,0,0,0,0,72,TRUE,TRUE,TRUE
X,BFgam,AGAP000999__SITE03,184,134,0.728260869565217,1,1,1,0,0,0,0,67,TRUE,TRUE,TRUE
X,CMgam,AGAP000999__SITE03,594,506,0.851851851851852,1,1,1,0,0,0,0,253,TRUE,TRUE,TRUE
X,CIcol,AGAP000999__SITE03,142,142,1,1,1,1,0,0,0,0,71,TRUE,TRUE,TRUE
X,FRgam,AGAP000999__SITE03,48,24,0.5,1,1,1,0,0,0,0,12,FALSE,TRUE,FALSE
X,GAgam,AGAP000999__SITE03,138,138,1,1,1,1,0,0,0,0,69,TRUE,TRUE,TRUE
X,GHcol,AGAP000999__SITE03,110,110,1,1,1,1,0,0,0,0,55,TRUE,TRUE,TRUE
X,GHgam,AGAP000999__SITE03,24,24,1,1,1,1,0,0,0,0,12,FALSE,TRUE,FALSE
X,GNgam,AGAP000999__SITE03,80,80,1,1,1,1,0,0,0,0,40,TRUE,TRUE,TRUE
X,UGgam,AGAP000999__SITE03,224,224,1,1,1,1,0,0,0,0,112,TRUE,TRUE,TRUE
X,AOcol,AGAP000999__SITE04,156,156,1,1,1,1,0,0,0,0,78,TRUE,TRUE,TRUE
X,BFcol,AGAP000999__SITE04,150,144,0.96,1,1,1,0,0,0,0,72,TRUE,TRUE,TRUE
X,BFgam,AGAP000999__SITE04,184,134,0.728260869565217,1,1,1,0,0,0,0,67,TRUE,TRUE,TRUE
X,CMgam,AGAP000999__SITE04,594,506,0.851851851851852,1,1,1,0,0,0,0,253,TRUE,TRUE,TRUE
X,CIcol,AGAP000999__SITE04,142,142,1,1,1,1,0,0,0,0,71,TRUE,TRUE,TRUE
X,FRgam,AGAP000999__SITE04,48,24,0.5,1,1,1,0,0,0,0,12,FALSE,TRUE,FALSE
X,GAgam,AGAP000999__SITE04,138,138,1,1,1,1,0,0,0,0,69,TRUE,TRUE,TRUE
X,GHcol,AGAP000999__SITE04,110,110,1,1,1,1,0,0,0,0,55,TRUE,TRUE,TRUE
X,GHgam,AGAP000999__SITE04,24,24,1,1,1,1,0,0,0,0,12,FALSE,TRUE,FALSE
X,GNgam,AGAP000999__SITE04,80,80,1,1,1,1,0,0,0,0,40,TRUE,TRUE,TRUE
X,UGgam,AGAP000999__SITE04,224,224,1,1,1,1,0,0,0,0,112,TRUE,TRUE,TRUE
X,AOcol,AGAP000999__SITE05,156,156,1,1,1,1,0,0,0,0,78,TRUE,TRUE,TRUE
X,BFcol,AGAP000999__SITE05,150,144,0.96,1,1,1,0,0,0,0,72,TRUE,TRUE,TRUE
X,BFgam,AGAP000999__SITE05,184,134,0.728260869565217,1,1,1,0,0,0,0,67,TRUE,TRUE,TRUE
X,CMgam,AGAP000999__SITE05,594,506,0.851851851851852,1,1,1,0,0,0,0,253,TRUE,TRUE,TRUE
X,CIcol,AGAP000999__SITE05,142,142,1,1,1,1,0,0,0,0,71,TRUE,TRUE,TRUE
X,FRgam,AGAP000999__SITE05,48,24,0.5,1,1,1,0,0,0,0,12,FALSE,TRUE,FALSE
X,GAgam,AGAP000999__SITE05,138,138,1,1,1,1,0,0,0,0,69,TRUE,TRUE,TRUE
X,GHcol,AGAP000999__SITE05,110,110,1,1,1,1,0,0,0,0,55,TRUE,TRUE,TRUE
X,GHgam,AGAP000999__SITE05,24,24,1,1,1,1,0,0,0,0,12,FALSE,TRUE,FALSE
X,GNgam,AGAP000999__SITE05,80,80,1,1,1,1,0,0,0,0,40,TRUE,TRUE,TRUE
X,UGgam,AGAP000999__SITE05,224,224,1,1,1,1,0,0,0,0,112,TRUE,TRUE,TRUE
2L,AOcol,AGAP007217__SITE01,156,156,1,0.942307692307692,1,0.942307692307692,0.0576923076923077,0.00472729611525598,5,5,78,TRUE,TRUE,TRUE
2L,BFcol,AGAP007217__SITE01,150,150,1,0.993333333333333,1,0.993333333333333,0.00666666666666667,0.000575845410628019,5,5,75,TRUE,TRUE,TRUE
2L,BFgam,AGAP007217__SITE01,184,184,1,0.994565217391304,1,0.994565217391304,0.00543478260869565,0.000470021369277554,5,5,92,TRUE,TRUE,TRUE
2L,CMgam,AGAP007217__SITE01,594,594,1,0.994949494949495,0.998316498316498,0.996632996632997,0.00168350168350168,0.000438435001456521,5,5,297,TRUE,TRUE,TRUE
2L,CIcol,AGAP007217__SITE01,142,142,1,1,1,1,0,0,5,5,71,TRUE,TRUE,TRUE
2L,FRgam,AGAP007217__SITE01,48,48,1,1,1,1,0,0,5,5,24,TRUE,TRUE,FALSE
2L,GAgam,AGAP007217__SITE01,138,138,1,1,1,1,0,0,5,5,69,TRUE,TRUE,TRUE
2L,GHcol,AGAP007217__SITE01,110,110,1,1,1,1,0,0,5,5,55,TRUE,TRUE,TRUE
2L,GHgam,AGAP007217__SITE01,24,24,1,1,1,1,0,0,5,5,12,FALSE,TRUE,FALSE
2L,GNgam,AGAP007217__SITE01,80,80,1,1,1,1,0,0,5,5,40,TRUE,TRUE,TRUE
2L,UGgam,AGAP007217__SITE01,224,224,1,1,1,1,0,0,5,5,112,TRUE,TRUE,TRUE
2L,AOcol,AGAP007217__SITE02,156,156,1,0.814102564102564,1,0.814102564102564,0.166666666666667,0.0137173770116914,8,8,78,TRUE,TRUE,TRUE
2L,BFcol,AGAP007217__SITE02,150,150,1,0.946666666666667,0.966666666666667,0.98,0.0266666666666667,0.00455265700483092,8,8,75,TRUE,TRUE,TRUE
2L,BFgam,AGAP007217__SITE02,184,184,1,0.972826086956522,1,0.972826086956522,0.016304347826087,0.00233469630969015,8,8,92,TRUE,TRUE,TRUE
2L,CMgam,AGAP007217__SITE02,594,594,1,0.978114478114478,0.996632996632997,0.981481481481481,0.0134680134680135,0.00188460509057786,8,8,297,TRUE,TRUE,TRUE
2L,CIcol,AGAP007217__SITE02,142,142,1,0.964788732394366,0.964788732394366,1,0.0352112676056338,0.00295403775993376,8,8,71,TRUE,TRUE,TRUE
2L,FRgam,AGAP007217__SITE02,48,48,1,1,1,1,0,0,8,8,24,TRUE,TRUE,FALSE
2L,GAgam,AGAP007217__SITE02,138,138,1,0.942028985507246,1,0.942028985507246,0.0579710144927536,0.00474872834534214,8,8,69,TRUE,TRUE,TRUE
2L,GHcol,AGAP007217__SITE02,110,110,1,0.990909090909091,0.990909090909091,1,0.00909090909090909,0.000783327344592167,8,8,55,TRUE,TRUE,TRUE
2L,GHgam,AGAP007217__SITE02,24,24,1,0.916666666666667,1,0.916666666666667,0.0833333333333333,0.00664251207729469,8,8,12,FALSE,TRUE,FALSE
2L,GNgam,AGAP007217__SITE02,80,80,1,0.975,0.9875,0.9875,0.0125,0.00214673913043478,8,8,40,TRUE,TRUE,TRUE
2L,UGgam,AGAP007217__SITE02,224,224,1,0.973214285714286,0.991071428571429,0.982142857142857,0.0133928571428571,0.0023049301242236,8,8,112,TRUE,TRUE,TRUE
2L,AOcol,AGAP007217__SITE03,156,156,1,0.448717948717949,0.826923076923077,0.448717948717949,0.551282051282051,0.0339557785209959,3,3,78,TRUE,TRUE,TRUE
2L,BFcol,AGAP007217__SITE03,150,150,1,0.34,0.993333333333333,0.34,0.66,0.0200888888888889,3,3,75,TRUE,TRUE,TRUE
2L,BFgam,AGAP007217__SITE03,184,184,1,0.190217391304348,0.994565217391304,0.190217391304348,0.809782608695652,0.0138643461822964,3,3,92,TRUE,TRUE,TRUE
2L,CMgam,AGAP007217__SITE03,594,594,1,0.198653198653199,1,0.198653198653199,0.801346801346801,0.0141344149542071,3,3,297,TRUE,TRUE,TRUE
2L,CIcol,AGAP007217__SITE03,142,142,1,0.443661971830986,0.992957746478873,0.443661971830986,0.556338028169014,0.0220711901537825,3,3,71,TRUE,TRUE,TRUE
2L,FRgam,AGAP007217__SITE03,48,48,1,0,1,0,1,0,3,3,24,TRUE,TRUE,FALSE
2L,GAgam,AGAP007217__SITE03,138,138,1,0.253623188405797,1,0.253623188405797,0.746376811594203,0.0164607362355369,3,3,69,TRUE,TRUE,TRUE
2L,GHcol,AGAP007217__SITE03,110,110,1,0.4,1,0.4,0.6,0.0208695652173913,3,3,55,TRUE,TRUE,TRUE
2L,GHgam,AGAP007217__SITE03,24,24,1,0.0416666666666667,1,0.0416666666666667,0.958333333333333,0.00347222222222222,3,3,12,FALSE,TRUE,FALSE
2L,GNgam,AGAP007217__SITE03,80,80,1,0.2,1,0.2,0.8,0.0139130434782609,3,3,40,TRUE,TRUE,TRUE
2L,UGgam,AGAP007217__SITE03,224,224,1,0.209821428571429,1,0.209821428571429,0.790178571428571,0.0144170779724933,3,3,112,TRUE,TRUE,TRUE
2L,AOcol,AGAP007217__SITE04,156,156,1,1,1,1,0,0,4,4,78,TRUE,TRUE,TRUE
2L,BFcol,AGAP007217__SITE04,150,150,1,0.933333333333333,1,0.933333333333333,0.0333333333333333,0.00563478260869565,4,4,75,TRUE,TRUE,TRUE
2L,BFgam,AGAP007217__SITE04,184,184,1,0.972826086956522,1,0.972826086956522,0.0217391304347826,0.00231928577299252,4,4,92,TRUE,TRUE,TRUE
2L,CMgam,AGAP007217__SITE04,594,594,1,0.951178451178451,0.996632996632997,0.954545454545455,0.0420875420875421,0.00408984196131027,4,4,297,TRUE,TRUE,TRUE
2L,CIcol,AGAP007217__SITE04,142,142,1,1,1,1,0,0,4,4,71,TRUE,TRUE,TRUE
2L,FRgam,AGAP007217__SITE04,48,48,1,1,1,1,0,0,4,4,24,TRUE,TRUE,FALSE
2L,GAgam,AGAP007217__SITE04,138,138,1,0.927536231884058,1,0.927536231884058,0.072463768115942,0.00584458873272878,4,4,69,TRUE,TRUE,TRUE
2L,GHcol,AGAP007217__SITE04,110,110,1,0.990909090909091,1,0.990909090909091,0.00909090909090909,0.000783327344592167,4,4,55,TRUE,TRUE,TRUE
2L,GHgam,AGAP007217__SITE04,24,24,1,1,1,1,0,0,4,4,12,FALSE,TRUE,FALSE
2L,GNgam,AGAP007217__SITE04,80,80,1,0.9625,1,0.9625,0.0375,0.00313858695652174,4,4,40,TRUE,TRUE,TRUE
2L,UGgam,AGAP007217__SITE04,224,224,1,0.977678571428571,1,0.977678571428571,0.0223214285714286,0.00189766803460515,4,4,112,TRUE,TRUE,TRUE
2L,AOcol,AGAP007217__SITE05,156,156,1,1,1,1,0,0,4,4,78,TRUE,TRUE,TRUE
2L,BFcol,AGAP007217__SITE05,150,150,1,0.993333333333333,0.993333333333333,1,0.00666666666666667,0.000575845410628019,4,4,75,TRUE,TRUE,TRUE
2L,BFgam,AGAP007217__SITE05,184,184,1,0.978260869565217,0.989130434782609,0.989130434782609,0.0108695652173913,0.00187494863154434,4,4,92,TRUE,TRUE,TRUE
2L,CMgam,AGAP007217__SITE05,594,594,1,0.994949494949495,0.998316498316498,0.996632996632997,0.00168350168350168,0.000438435001456521,4,4,297,TRUE,TRUE,TRUE
2L,CIcol,AGAP007217__SITE05,142,142,1,1,1,1,0,0,4,4,71,TRUE,TRUE,TRUE
2L,FRgam,AGAP007217__SITE05,48,48,1,1,1,1,0,0,4,4,24,TRUE,TRUE,FALSE
2L,GAgam,AGAP007217__SITE05,138,138,1,1,1,1,0,0,4,4,69,TRUE,TRUE,TRUE
2L,GHcol,AGAP007217__SITE05,110,110,1,1,1,1,0,0,4,4,55,TRUE,TRUE,TRUE
2L,GHgam,AGAP007217__SITE05,24,24,1,0.958333333333333,1,0.958333333333333,0.0416666666666667,0.00347222222222222,4,4,12,FALSE,TRUE,FALSE
2L,GNgam,AGAP007217__SITE05,80,80,1,0.9875,1,0.9875,0.0125,0.00107336956521739,4,4,40,TRUE,TRUE,TRUE
2L,UGgam,AGAP007217__SITE05,224,224,1,0.986607142857143,1,0.986607142857143,0.0133928571428571,0.00114899900177462,4,4,112,TRUE,TRUE,TRUE
3R,AOcol,AGAP009091__SITE01,156,156,1,0.967948717948718,1,0.967948717948718,0.0256410256410256,0.00272632421461853,7,7,78,TRUE,TRUE,TRUE
3R,BFcol,AGAP009091__SITE01,150,150,1,0.986666666666667,1,0.986666666666667,0.00666666666666667,0.00115169082125604,7,7,75,TRUE,TRUE,TRUE
3R,BFgam,AGAP009091__SITE01,184,184,1,0.978260869565217,0.978260869565217,1,0.0108695652173913,0.00186981178597847,7,7,92,TRUE,TRUE,TRUE
3R,CMgam,AGAP009091__SITE01,594,594,1,0.984848484848485,0.986531986531987,0.998316498316498,0.0101010101010101,0.00130741859624893,7,7,297,TRUE,TRUE,TRUE
3R,CIcol,AGAP009091__SITE01,142,142,1,0.992957746478873,1,0.992957746478873,0.00704225352112676,0.000608057407519212,7,7,71,TRUE,TRUE,TRUE
3R,FRgam,AGAP009091__SITE01,48,48,1,1,1,1,0,0,7,7,24,TRUE,TRUE,FALSE
3R,GAgam,AGAP009091__SITE01,138,138,1,1,1,1,0,0,7,7,69,TRUE,TRUE,TRUE
3R,GHcol,AGAP009091__SITE01,110,110,1,1,1,1,0,0,7,7,55,TRUE,TRUE,TRUE
3R,GHgam,AGAP009091__SITE01,24,24,1,1,1,1,0,0,7,7,12,FALSE,TRUE,FALSE
3R,GNgam,AGAP009091__SITE01,80,80,1,0.975,1,0.975,0.025,0.0021195652173913,7,7,40,TRUE,TRUE,TRUE
3R,UGgam,AGAP009091__SITE01,224,224,1,0.959821428571429,0.959821428571429,1,0.0401785714285714,0.00335341337622005,7,7,112,TRUE,TRUE,TRUE
3R,AOcol,AGAP009091__SITE02,156,156,1,0.993589743589744,0.993589743589744,1,0.00641025641025641,0.000553840436783581,6,6,78,TRUE,TRUE,TRUE
3R,BFcol,AGAP009091__SITE02,150,150,1,0.993333333333333,1,0.993333333333333,0.00666666666666667,0.000575845410628019,6,6,75,TRUE,TRUE,TRUE
3R,BFgam,AGAP009091__SITE02,184,184,1,0.994565217391304,0.994565217391304,1,0.00543478260869565,0.000470021369277554,6,6,92,TRUE,TRUE,TRUE
3R,CMgam,AGAP009091__SITE02,594,594,1,0.98989898989899,0.998316498316498,0.991582491582492,0.00336700336700337,0.000875884201897963,6,6,297,TRUE,TRUE,TRUE
3R,CIcol,AGAP009091__SITE02,142,142,1,0.971830985915493,1,0.971830985915493,0.0211267605633803,0.00240635484677816,6,6,71,TRUE,TRUE,TRUE
3R,FRgam,AGAP009091__SITE02,48,48,1,1,1,1,0,0,6,6,24,TRUE,TRUE,FALSE
3R,GAgam,AGAP009091__SITE02,138,138,1,1,1,1,0,0,6,6,69,TRUE,TRUE,TRUE
3R,GHcol,AGAP009091__SITE02,110,110,1,0.990909090909091,1,0.990909090909091,0.00909090909090909,0.000783327344592167,6,6,55,TRUE,TRUE,TRUE
3R,GHgam,AGAP009091__SITE02,24,24,1,1,1,1,0,0,6,6,12,FALSE,TRUE,FALSE
3R,GNgam,AGAP009091__SITE02,80,80,1,1,1,1,0,0,6,6,40,TRUE,TRUE,TRUE
3R,UGgam,AGAP009091__SITE02,224,224,1,1,1,1,0,0,6,6,112,TRUE,TRUE,TRUE
3R,AOcol,AGAP009091__SITE03,156,156,1,0.974358974358974,1,0.974358974358974,0.0256410256410256,0.00217248377783495,5,5,78,TRUE,TRUE,TRUE
3R,BFcol,AGAP009091__SITE03,150,150,1,0.986666666666667,0.993333333333333,0.993333333333333,0.00666666666666667,0.00115169082125604,5,5,75,TRUE,TRUE,TRUE
3R,BFgam,AGAP009091__SITE03,184,184,1,0.989130434782609,1,0.989130434782609,0.00543478260869565,0.000940042738555108,5,5,92,TRUE,TRUE,TRUE
3R,CMgam,AGAP009091__SITE03,594,594,1,0.993265993265993,1,0.993265993265993,0.00336700336700337,0.000583594200926949,5,5,297,TRUE,TRUE,TRUE
3R,CIcol,AGAP009091__SITE03,142,142,1,0.964788732394366,0.992957746478873,0.971830985915493,0.028169014084507,0.00298853747099868,5,5,71,TRUE,TRUE,TRUE
3R,FRgam,AGAP009091__SITE03,48,48,1,0.979166666666667,1,0.979166666666667,0.0208333333333333,0.00177385265700483,5,5,24,TRUE,TRUE,FALSE
3R,GAgam,AGAP009091__SITE03,138,138,1,1,1,1,0,0,5,5,69,TRUE,TRUE,TRUE
3R,GHcol,AGAP009091__SITE03,110,110,1,0.981818181818182,1,0.981818181818182,0.00909090909090909,0.00156665468918433,5,5,55,TRUE,TRUE,TRUE
3R,GHgam,AGAP009091__SITE03,24,24,1,1,1,1,0,0,5,5,12,FALSE,TRUE,FALSE
3R,GNgam,AGAP009091__SITE03,80,80,1,0.9875,1,0.9875,0.0125,0.00107336956521739,5,5,40,TRUE,TRUE,TRUE
3R,UGgam,AGAP009091__SITE03,224,224,1,1,1,1,0,0,5,5,112,TRUE,TRUE,TRUE
3R,AOcol,AGAP009091__SITE04,156,156,1,0.525641025641026,1,0.525641025641026,0.474358974358974,0.0227824943544007,7,7,78,TRUE,TRUE,TRUE
3R,BFcol,AGAP009091__SITE04,150,150,1,0.793333333333333,0.973333333333333,0.813333333333333,0.18,0.0156908212560387,7,7,75,TRUE,TRUE,TRUE
3R,BFgam,AGAP009091__SITE04,184,184,1,0.771739130434783,1,0.771739130434783,0.228260869565217,0.015318073477439,7,7,92,TRUE,TRUE,TRUE
3R,CMgam,AGAP009091__SITE04,594,594,1,0.750841750841751,0.993265993265993,0.752525252525253,0.247474747474748,0.0169217673243438,7,7,297,TRUE,TRUE,TRUE
3R,CIcol,AGAP009091__SITE04,142,142,1,0.873239436619718,0.992957746478873,0.880281690140845,0.119718309859155,0.00977204315913854,7,7,71,TRUE,TRUE,TRUE
3R,FRgam,AGAP009091__SITE04,48,48,1,0.958333333333333,1,0.958333333333333,0.0416666666666667,0.00347222222222222,7,7,24,TRUE,TRUE,FALSE
3R,GAgam,AGAP009091__SITE04,138,138,1,0.876811594202899,1,0.876811594202899,0.123188405797101,0.0100179903746929,7,7,69,TRUE,TRUE,TRUE
3R,GHcol,AGAP009091__SITE04,110,110,1,0.918181818181818,1,0.918181818181818,0.0818181818181818,0.00731584620912684,7,7,55,TRUE,TRUE,TRUE
3R,GHgam,AGAP009091__SITE04,24,24,1,0.833333333333333,1,0.833333333333333,0.166666666666667,0.0120772946859903,7,7,12,FALSE,TRUE,FALSE
3R,GNgam,AGAP009091__SITE04,80,80,1,0.7375,1,0.7375,0.2625,0.0168342391304348,7,7,40,TRUE,TRUE,TRUE
3R,UGgam,AGAP009091__SITE04,224,224,1,0.75,0.986607142857143,0.75,0.245535714285714,0.0176509122670807,7,7,112,TRUE,TRUE,TRUE
3R,AOcol,AGAP009091__SITE05,156,156,1,1,1,1,0,0,3,3,78,TRUE,TRUE,TRUE
3R,BFcol,AGAP009091__SITE05,150,150,1,1,1,1,0,0,3,3,75,TRUE,TRUE,TRUE
3R,BFgam,AGAP009091__SITE05,184,184,1,0.994565217391304,1,0.994565217391304,0.00543478260869565,0.000470021369277554,3,3,92,TRUE,TRUE,TRUE
3R,CMgam,AGAP009091__SITE05,594,594,1,0.993265993265993,1,0.993265993265993,0.00505050505050505,0.000583101300419409,3,3,297,TRUE,TRUE,TRUE
3R,CIcol,AGAP009091__SITE05,142,142,1,1,1,1,0,0,3,3,71,TRUE,TRUE,TRUE
3R,FRgam,AGAP009091__SITE05,48,48,1,0.854166666666667,1,0.854166666666667,0.145833333333333,0.0108318236714976,3,3,24,TRUE,TRUE,FALSE
3R,GAgam,AGAP009091__SITE05,138,138,1,1,1,1,0,0,3,3,69,TRUE,TRUE,TRUE
3R,GHcol,AGAP009091__SITE05,110,110,1,1,1,1,0,0,3,3,55,TRUE,TRUE,TRUE
3R,GHgam,AGAP009091__SITE05,24,24,1,1,1,1,0,0,3,3,12,FALSE,TRUE,FALSE
3R,GNgam,AGAP009091__SITE05,80,80,1,0.9875,1,0.9875,0.0125,0.00107336956521739,3,3,40,TRUE,TRUE,TRUE
3R,UGgam,AGAP009091__SITE05,224,224,1,0.964285714285714,1,0.964285714285714,0.03125,0.00301893855368234,3,3,112,TRUE,TRUE,TRUE
2L,AOcol,AGAP006989__SITE01,156,156,1,1,1,1,0,0,3,3,78,TRUE,TRUE,TRUE
2L,BFcol,AGAP006989__SITE01,150,150,1,0.993333333333333,0.993333333333333,1,0.00666666666666667,0.000575845410628019,3,3,75,TRUE,TRUE,TRUE
2L,BFgam,AGAP006989__SITE01,184,184,1,1,1,1,0,0,3,3,92,TRUE,TRUE,TRUE
2L,CMgam,AGAP006989__SITE01,594,594,1,0.994949494949495,0.998316498316498,0.996632996632997,0.00336700336700337,0.000437942100948981,3,3,297,TRUE,TRUE,TRUE
2L,CIcol,AGAP006989__SITE01,142,142,1,0.992957746478873,1,0.992957746478873,0.00704225352112676,0.000608057407519212,3,3,71,TRUE,TRUE,TRUE
2L,FRgam,AGAP006989__SITE01,48,48,1,1,1,1,0,0,3,3,24,TRUE,TRUE,FALSE
2L,GAgam,AGAP006989__SITE01,138,138,1,1,1,1,0,0,3,3,69,TRUE,TRUE,TRUE
2L,GHcol,AGAP006989__SITE01,110,110,1,0.990909090909091,1,0.990909090909091,0.00909090909090909,0.000783327344592167,3,3,55,TRUE,TRUE,TRUE
2L,GHgam,AGAP006989__SITE01,24,24,1,0.958333333333333,1,0.958333333333333,0.0416666666666667,0.00347222222222222,3,3,12,FALSE,TRUE,FALSE
2L,GNgam,AGAP006989__SITE01,80,80,1,0.9875,0.9875,1,0.0125,0.00107336956521739,3,3,40,TRUE,TRUE,TRUE
2L,UGgam,AGAP006989__SITE01,224,224,1,0.995535714285714,0.995535714285714,1,0.00446428571428571,0.000386465727595386,3,3,112,TRUE,TRUE,TRUE
2L,AOcol,AGAP006989__SITE02,156,156,1,1,1,1,0,0,4,4,78,TRUE,TRUE,TRUE
2L,BFcol,AGAP006989__SITE02,150,150,1,0.973333333333333,1,0.973333333333333,0.02,0.00228019323671498,4,4,75,TRUE,TRUE,TRUE
2L,BFgam,AGAP006989__SITE02,184,184,1,0.940217391304348,1,0.940217391304348,0.0597826086956522,0.00488770855592997,4,4,92,TRUE,TRUE,TRUE
2L,CMgam,AGAP006989__SITE02,594,594,1,0.96969696969697,1,0.96969696969697,0.0252525252525253,0.00257836255493992,4,4,297,TRUE,TRUE,TRUE
2L,CIcol,AGAP006989__SITE02,142,142,1,0.950704225352113,1,0.950704225352113,0.0422535211267606,0.00412702793614104,4,4,71,TRUE,TRUE,TRUE
2L,FRgam,AGAP006989__SITE02,48,48,1,0.729166666666667,1,0.729166666666667,0.270833333333333,0.0171724033816425,4,4,24,TRUE,TRUE,FALSE
2L,GAgam,AGAP006989__SITE02,138,138,1,1,1,1,0,0,4,4,69,TRUE,TRUE,TRUE
2L,GHcol,AGAP006989__SITE02,110,110,1,0.990909090909091,1,0.990909090909091,0.00909090909090909,0.000783327344592167,4,4,55,TRUE,TRUE,TRUE
2L,GHgam,AGAP006989__SITE02,24,24,1,0.958333333333333,1,0.958333333333333,0.0416666666666667,0.00347222222222222,4,4,12,FALSE,TRUE,FALSE
2L,GNgam,AGAP006989__SITE02,80,80,1,0.9875,1,0.9875,0.0125,0.00107336956521739,4,4,40,TRUE,TRUE,TRUE
2L,UGgam,AGAP006989__SITE02,224,224,1,0.986607142857143,1,0.986607142857143,0.00892857142857143,0.00115593112244898,4,4,112,TRUE,TRUE,TRUE
2L,AOcol,AGAP006989__SITE03,156,156,1,0.974358974358974,1,0.974358974358974,0.0256410256410256,0.00217248377783495,6,6,78,TRUE,TRUE,TRUE
2L,BFcol,AGAP006989__SITE03,150,150,1,0.04,1,0.04,0.953333333333333,0.00674009661835749,6,6,75,TRUE,TRUE,TRUE
2L,BFgam,AGAP006989__SITE03,184,184,1,0.0543478260869565,1,0.0543478260869565,0.945652173913043,0.00634400427385551,6,6,92,TRUE,TRUE,TRUE
2L,CMgam,AGAP006989__SITE03,594,594,1,0.363636363636364,1,0.363636363636364,0.634680134680135,0.0205988051105896,6,6,297,TRUE,TRUE,TRUE
2L,CIcol,AGAP006989__SITE03,142,142,1,0.542253521126761,1,0.542253521126761,0.457746478873239,0.0221919391425097,6,6,71,TRUE,TRUE,TRUE
2L,FRgam,AGAP006989__SITE03,48,48,1,0.0833333333333333,1,0.0833333333333333,0.916666666666667,0.00664251207729469,6,6,24,TRUE,TRUE,FALSE
2L,GAgam,AGAP006989__SITE03,138,138,1,0.485507246376812,1,0.485507246376812,0.514492753623188,0.0217208660949928,6,6,69,TRUE,TRUE,TRUE
2L,GHcol,AGAP006989__SITE03,110,110,1,0.609090909090909,1,0.609090909090909,0.390909090909091,0.020704275961193,6,6,55,TRUE,TRUE,TRUE
2L,GHgam,AGAP006989__SITE03,24,24,1,0.291666666666667,1,0.291666666666667,0.708333333333333,0.0179649758454106,6,6,12,FALSE,TRUE,FALSE
2L,GNgam,AGAP006989__SITE03,80,80,1,0.3375,1,0.3375,0.6625,0.0194429347826087,6,6,40,TRUE,TRUE,TRUE
2L,UGgam,AGAP006989__SITE03,224,224,1,0.254464285714286,1,0.254464285714286,0.745535714285714,0.0172696456299911,6,6,112,TRUE,TRUE,TRUE
2L,AOcol,AGAP006989__SITE04,156,156,1,0.967948717948718,1,0.967948717948718,0.0320512820512821,0.00269773890175228,6,6,78,TRUE,TRUE,TRUE
2L,BFcol,AGAP006989__SITE04,150,150,1,0.86,1,0.86,0.0866666666666667,0.0112734299516908,6,6,75,TRUE,TRUE,TRUE
2L,BFgam,AGAP006989__SITE04,184,184,1,0.847826086956522,1,0.847826086956522,0.108695652173913,0.0125981137503082,6,6,92,TRUE,TRUE,TRUE
2L,CMgam,AGAP006989__SITE04,594,594,1,0.929292929292929,1,0.929292929292929,0.0521885521885522,0.00602792675695618,6,6,297,TRUE,TRUE,TRUE
2L,CIcol,AGAP006989__SITE04,142,142,1,0.901408450704225,1,0.901408450704225,0.0563380281690141,0.00823680601674961,6,6,71,TRUE,TRUE,TRUE
2L,FRgam,AGAP006989__SITE04,48,48,1,1,1,1,0,0,6,6,24,TRUE,TRUE,FALSE
2L,GAgam,AGAP006989__SITE04,138,138,1,0.985507246376812,1,0.985507246376812,0.0144927536231884,0.00124197510570487,6,6,69,TRUE,TRUE,TRUE
2L,GHcol,AGAP006989__SITE04,110,110,1,0.8,1,0.8,0.127272727272727,0.0158246496586418,6,6,55,TRUE,TRUE,TRUE
2L,GHgam,AGAP006989__SITE04,24,24,1,0.708333333333333,1,0.708333333333333,0.166666666666667,0.0215881642512077,6,6,12,FALSE,TRUE,FALSE
2L,GNgam,AGAP006989__SITE04,80,80,1,0.9375,1,0.9375,0.05,0.00520380434782609,6,6,40,TRUE,TRUE,TRUE
2L,UGgam,AGAP006989__SITE04,224,224,1,0.875,1,0.875,0.107142857142857,0.00984361135758651,6,6,112,TRUE,TRUE,TRUE
2L,AOcol,AGAP006989__SITE05,156,156,1,0.942307692307692,1,0.942307692307692,0.0576923076923077,0.00472729611525598,5,5,78,TRUE,TRUE,TRUE
2L,BFcol,AGAP006989__SITE05,150,150,1,0.0733333333333333,0.966666666666667,0.08,0.92,0.0151111111111111,5,5,75,TRUE,TRUE,TRUE
2L,BFgam,AGAP006989__SITE05,184,184,1,0.146739130434783,1,0.146739130434783,0.853260869565217,0.0108875441768719,5,5,92,TRUE,TRUE,TRUE
2L,CMgam,AGAP006989__SITE05,594,594,1,0.410774410774411,1,0.410774410774411,0.587542087542088,0.0216558302490084,5,5,297,TRUE,TRUE,TRUE
2L,CIcol,AGAP006989__SITE05,142,142,1,0.591549295774648,0.985915492957746,0.591549295774648,0.408450704225352,0.0257799090932613,5,5,71,TRUE,TRUE,TRUE
2L,FRgam,AGAP006989__SITE05,48,48,1,0.0833333333333333,1,0.0833333333333333,0.916666666666667,0.00664251207729469,5,5,24,TRUE,TRUE,FALSE
2L,GAgam,AGAP006989__SITE05,138,138,1,0.833333333333333,1,0.833333333333333,0.166666666666667,0.0120772946859903,5,5,69,TRUE,TRUE,TRUE
2L,GHcol,AGAP006989__SITE05,110,110,1,0.663636363636364,0.945454545454546,0.663636363636364,0.336363636363636,0.0254473589651455,5,5,55,TRUE,TRUE,TRUE
2L,GHgam,AGAP006989__SITE05,24,24,1,0.25,1,0.25,0.75,0.016304347826087,5,5,12,FALSE,TRUE,FALSE
2L,GNgam,AGAP006989__SITE05,80,80,1,0.4,1,0.4,0.6,0.0208695652173913,5,5,40,TRUE,TRUE,TRUE
2L,UGgam,AGAP006989__SITE05,224,224,1,0.290178571428571,1,0.290178571428571,0.709821428571429,0.0182973325199645,5,5,112,TRUE,TRUE,TRUE
2L,AOcol,AGAP005062__SITE01,156,156,1,1,1,1,0,0,0,0,78,TRUE,TRUE,TRUE
2L,BFcol,AGAP005062__SITE01,150,150,1,1,1,1,0,0,0,0,75,TRUE,TRUE,TRUE
2L,BFgam,AGAP005062__SITE01,184,184,1,1,1,1,0,0,0,0,92,TRUE,TRUE,TRUE
2L,CMgam,AGAP005062__SITE01,594,594,1,1,1,1,0,0,0,0,297,TRUE,TRUE,TRUE
2L,CIcol,AGAP005062__SITE01,142,142,1,1,1,1,0,0,0,0,71,TRUE,TRUE,TRUE
2L,FRgam,AGAP005062__SITE01,48,48,1,1,1,1,0,0,0,0,24,TRUE,TRUE,FALSE
2L,GAgam,AGAP005062__SITE01,138,138,1,1,1,1,0,0,0,0,69,TRUE,TRUE,TRUE
2L,GHcol,AGAP005062__SITE01,110,110,1,1,1,1,0,0,0,0,55,TRUE,TRUE,TRUE
2L,GHgam,AGAP005062__SITE01,24,24,1,1,1,1,0,0,0,0,12,FALSE,TRUE,FALSE
2L,GNgam,AGAP005062__SITE01,80,80,1,1,1,1,0,0,0,0,40,TRUE,TRUE,TRUE
2L,UGgam,AGAP005062__SITE01,224,224,1,1,1,1,0,0,0,0,112,TRUE,TRUE,TRUE
2L,AOcol,AGAP005062__SITE02,156,156,1,1,1,1,0,0,3,3,78,TRUE,TRUE,TRUE
2L,BFcol,AGAP005062__SITE02,150,150,1,0.993333333333333,1,0.993333333333333,0.00666666666666667,0.000575845410628019,3,3,75,TRUE,TRUE,TRUE
2L,BFgam,AGAP005062__SITE02,184,184,1,1,1,1,0,0,3,3,92,TRUE,TRUE,TRUE
2L,CMgam,AGAP005062__SITE02,594,594,1,0.996632996632997,1,0.996632996632997,0.00336700336700337,0.000291797100463474,3,3,297,TRUE,TRUE,TRUE
2L,CIcol,AGAP005062__SITE02,142,142,1,0.97887323943662,1,0.97887323943662,0.0211267605633803,0.00179829743925895,3,3,71,TRUE,TRUE,TRUE
2L,FRgam,AGAP005062__SITE02,48,48,1,0.895833333333333,1,0.895833333333333,0.104166666666667,0.00811443236714976,3,3,24,TRUE,TRUE,FALSE
2L,GAgam,AGAP005062__SITE02,138,138,1,0.971014492753623,1,0.971014492753623,0.0289855072463768,0.00244742153183018,3,3,69,TRUE,TRUE,TRUE
2L,GHcol,AGAP005062__SITE02,110,110,1,1,1,1,0,0,3,3,55,TRUE,TRUE,TRUE
2L,GHgam,AGAP005062__SITE02,24,24,1,1,1,1,0,0,3,3,12,FALSE,TRUE,FALSE
2L,GNgam,AGAP005062__SITE02,80,80,1,1,1,1,0,0,3,3,40,TRUE,TRUE,TRUE
2L,UGgam,AGAP005062__SITE02,224,224,1,0.995535714285714,1,0.995535714285714,0.00446428571428571,0.000386465727595386,3,3,112,TRUE,TRUE,TRUE
2L,AOcol,AGAP005062__SITE03,156,156,1,1,1,1,0,0,3,3,78,TRUE,TRUE,TRUE
2L,BFcol,AGAP005062__SITE03,150,150,1,0.993333333333333,1,0.993333333333333,0.00666666666666667,0.000575845410628019,3,3,75,TRUE,TRUE,TRUE
2L,BFgam,AGAP005062__SITE03,184,184,1,0.994565217391304,1,0.994565217391304,0.00543478260869565,0.000470021369277554,3,3,92,TRUE,TRUE,TRUE
2L,CMgam,AGAP005062__SITE03,594,594,1,0.991582491582492,1,0.991582491582492,0.00841750841750842,0.000725795997352139,3,3,297,TRUE,TRUE,TRUE
2L,CIcol,AGAP005062__SITE03,142,142,1,1,1,1,0,0,3,3,71,TRUE,TRUE,TRUE
2L,FRgam,AGAP005062__SITE03,48,48,1,1,1,1,0,0,3,3,24,TRUE,TRUE,FALSE
2L,GAgam,AGAP005062__SITE03,138,138,1,1,1,1,0,0,3,3,69,TRUE,TRUE,TRUE
2L,GHcol,AGAP005062__SITE03,110,110,1,1,1,1,0,0,3,3,55,TRUE,TRUE,TRUE
2L,GHgam,AGAP005062__SITE03,24,24,1,1,1,1,0,0,3,3,12,FALSE,TRUE,FALSE
2L,GNgam,AGAP005062__SITE03,80,80,1,0.9875,1,0.9875,0.0125,0.00107336956521739,3,3,40,TRUE,TRUE,TRUE
2L,UGgam,AGAP005062__SITE03,224,224,1,1,1,1,0,0,3,3,112,TRUE,TRUE,TRUE
2L,AOcol,AGAP005062__SITE04,156,156,1,1,1,1,0,0,3,3,78,TRUE,TRUE,TRUE
2L,BFcol,AGAP005062__SITE04,150,150,1,0.993333333333333,1,0.993333333333333,0.00666666666666667,0.000575845410628019,3,3,75,TRUE,TRUE,TRUE
2L,BFgam,AGAP005062__SITE04,184,184,1,0.994565217391304,1,0.994565217391304,0.00543478260869565,0.000470021369277554,3,3,92,TRUE,TRUE,TRUE
2L,CMgam,AGAP005062__SITE04,594,594,1,0.991582491582492,1,0.991582491582492,0.00841750841750842,0.000725795997352139,3,3,297,TRUE,TRUE,TRUE
2L,CIcol,AGAP005062__SITE04,142,142,1,1,1,1,0,0,3,3,71,TRUE,TRUE,TRUE
2L,FRgam,AGAP005062__SITE04,48,48,1,1,1,1,0,0,3,3,24,TRUE,TRUE,FALSE
2L,GAgam,AGAP005062__SITE04,138,138,1,1,1,1,0,0,3,3,69,TRUE,TRUE,TRUE
2L,GHcol,AGAP005062__SITE04,110,110,1,1,1,1,0,0,3,3,55,TRUE,TRUE,TRUE
2L,GHgam,AGAP005062__SITE04,24,24,1,1,1,1,0,0,3,3,12,FALSE,TRUE,FALSE
2L,GNgam,AGAP005062__SITE04,80,80,1,0.9875,1,0.9875,0.0125,0.00107336956521739,3,3,40,TRUE,TRUE,TRUE
2L,UGgam,AGAP005062__SITE04,224,224,1,1,1,1,0,0,3,3,112,TRUE,TRUE,TRUE
2L,AOcol,AGAP005062__SITE05,156,156,1,1,1,1,0,0,3,3,78,TRUE,TRUE,TRUE
2L,BFcol,AGAP005062__SITE05,150,150,1,1,1,1,0,0,3,3,75,TRUE,TRUE,TRUE
2L,BFgam,AGAP005062__SITE05,184,184,1,0.983695652173913,1,0.983695652173913,0.016304347826087,0.00139465357113504,3,3,92,TRUE,TRUE,TRUE
2L,CMgam,AGAP005062__SITE05,594,594,1,0.976430976430976,1,0.976430976430976,0.0185185185185185,0.0020174417773598,3,3,297,TRUE,TRUE,TRUE
2L,CIcol,AGAP005062__SITE05,142,142,1,0.97887323943662,1,0.97887323943662,0.0211267605633803,0.00179829743925895,3,3,71,TRUE,TRUE,TRUE
2L,FRgam,AGAP005062__SITE05,48,48,1,1,1,1,0,0,3,3,24,TRUE,TRUE,FALSE
2L,GAgam,AGAP005062__SITE05,138,138,1,0.949275362318841,1,0.949275362318841,0.0434782608695652,0.00424189291617581,3,3,69,TRUE,TRUE,TRUE
2L,GHcol,AGAP005062__SITE05,110,110,1,1,1,1,0,0,3,3,55,TRUE,TRUE,TRUE
2L,GHgam,AGAP005062__SITE05,24,24,1,1,1,1,0,0,3,3,12,FALSE,TRUE,FALSE
2L,GNgam,AGAP005062__SITE05,80,80,1,1,1,1,0,0,3,3,40,TRUE,TRUE,TRUE
2L,UGgam,AGAP005062__SITE05,224,224,1,0.982142857142857,1,0.982142857142857,0.0178571428571429,0.00152506654835847,3,3,112,TRUE,TRUE,TRUE
3R,AOcol,AGAP008118__SITE01,156,156,1,1,1,1,0,0,7,7,78,TRUE,TRUE,TRUE
3R,BFcol,AGAP008118__SITE01,150,150,1,0.98,1,0.98,0.0133333333333333,0.00171980676328502,7,7,75,TRUE,TRUE,TRUE
3R,BFgam,AGAP008118__SITE01,184,184,1,0.951086956521739,1,0.951086956521739,0.0434782608695652,0.00408636064765349,7,7,92,TRUE,TRUE,TRUE
3R,CMgam,AGAP008118__SITE01,594,594,1,0.962962962962963,0.998316498316498,0.964646464646465,0.0286195286195286,0.00314519813861052,7,7,297,TRUE,TRUE,TRUE
3R,CIcol,AGAP008118__SITE01,142,142,1,0.992957746478873,1,0.992957746478873,0.00704225352112676,0.000608057407519212,7,7,71,TRUE,TRUE,TRUE
3R,FRgam,AGAP008118__SITE01,48,48,1,1,1,1,0,0,7,7,24,TRUE,TRUE,FALSE
3R,GAgam,AGAP008118__SITE01,138,138,1,0.978260869565217,1,0.978260869565217,0.0217391304347826,0.00184926440371497,7,7,69,TRUE,TRUE,TRUE
3R,GHcol,AGAP008118__SITE01,110,110,1,0.972727272727273,1,0.972727272727273,0.00909090909090909,0.0023499820337765,7,7,55,TRUE,TRUE,TRUE
3R,GHgam,AGAP008118__SITE01,24,24,1,0.958333333333333,1,0.958333333333333,0.0416666666666667,0.00347222222222222,7,7,12,FALSE,TRUE,FALSE
3R,GNgam,AGAP008118__SITE01,80,80,1,0.9,1,0.9,0.0625,0.00828804347826087,7,7,40,TRUE,TRUE,TRUE
3R,UGgam,AGAP008118__SITE01,224,224,1,0.973214285714286,1,0.973214285714286,0.0223214285714286,0.00228413376220053,7,7,112,TRUE,TRUE,TRUE
3R,AOcol,AGAP008118__SITE02,156,156,1,0.506410256410256,1,0.506410256410256,0.487179487179487,0.0222786782151331,6,6,78,TRUE,TRUE,TRUE
3R,BFcol,AGAP008118__SITE02,150,150,1,0.333333333333333,1,0.333333333333333,0.66,0.0200888888888889,6,6,75,TRUE,TRUE,TRUE
3R,BFgam,AGAP008118__SITE02,184,184,1,0.342391304347826,1,0.342391304347826,0.646739130434783,0.0217365620119997,6,6,92,TRUE,TRUE,TRUE
3R,CMgam,AGAP008118__SITE02,594,594,1,0.432659932659933,0.998316498316498,0.432659932659933,0.553872053872054,0.0236602101629184,6,6,297,TRUE,TRUE,TRUE
3R,CIcol,AGAP008118__SITE02,142,142,1,0.302816901408451,1,0.302816901408451,0.697183098591549,0.0207817634527311,6,6,71,TRUE,TRUE,TRUE
3R,FRgam,AGAP008118__SITE02,48,48,1,0.729166666666667,1,0.729166666666667,0.270833333333333,0.0171724033816425,6,6,24,TRUE,TRUE,FALSE
3R,GAgam,AGAP008118__SITE02,138,138,1,0.557971014492754,1,0.557971014492754,0.442028985507246,0.0214469009981462,6,6,69,TRUE,TRUE,TRUE
3R,GHcol,AGAP008118__SITE02,110,110,1,0.272727272727273,1,0.272727272727273,0.727272727272727,0.0180309019044197,6,6,55,TRUE,TRUE,TRUE
3R,GHgam,AGAP008118__SITE02,24,24,1,0.5,1,0.5,0.5,0.0217391304347826,6,6,12,FALSE,TRUE,FALSE
3R,GNgam,AGAP008118__SITE02,80,80,1,0.3,1,0.3,0.6625,0.0226358695652174,6,6,40,TRUE,TRUE,TRUE
3R,UGgam,AGAP008118__SITE02,224,224,1,0.40625,1,0.40625,0.580357142857143,0.0227165594498669,6,6,112,TRUE,TRUE,TRUE
3R,AOcol,AGAP008118__SITE03,156,156,1,1,1,1,0,0,3,3,78,TRUE,TRUE,TRUE
3R,BFcol,AGAP008118__SITE03,150,150,1,1,1,1,0,0,3,3,75,TRUE,TRUE,TRUE
3R,BFgam,AGAP008118__SITE03,184,184,1,0.994565217391304,1,0.994565217391304,0.00543478260869565,0.000470021369277554,3,3,92,TRUE,TRUE,TRUE
3R,CMgam,AGAP008118__SITE03,594,594,1,0.998316498316498,1,0.998316498316498,0.00168350168350168,0.000146145000485507,3,3,297,TRUE,TRUE,TRUE
3R,CIcol,AGAP008118__SITE03,142,142,1,1,1,1,0,0,3,3,71,TRUE,TRUE,TRUE
3R,FRgam,AGAP008118__SITE03,48,48,1,1,1,1,0,0,3,3,24,TRUE,TRUE,FALSE
3R,GAgam,AGAP008118__SITE03,138,138,1,1,1,1,0,0,3,3,69,TRUE,TRUE,TRUE
3R,GHcol,AGAP008118__SITE03,110,110,1,1,1,1,0,0,3,3,55,TRUE,TRUE,TRUE
3R,GHgam,AGAP008118__SITE03,24,24,1,1,1,1,0,0,3,3,12,FALSE,TRUE,FALSE
3R,GNgam,AGAP008118__SITE03,80,80,1,1,1,1,0,0,3,3,40,TRUE,TRUE,TRUE
3R,UGgam,AGAP008118__SITE03,224,224,1,0.991071428571429,1,0.991071428571429,0.00892857142857143,0.000769465394853594,3,3,112,TRUE,TRUE,TRUE
3R,AOcol,AGAP008118__SITE04,156,156,1,0.993589743589744,1,0.993589743589744,0.00641025641025641,0.000553840436783581,4,4,78,TRUE,TRUE,TRUE
3R,BFcol,AGAP008118__SITE04,150,150,1,0.98,1,0.98,0.02,0.00170434782608696,4,4,75,TRUE,TRUE,TRUE
3R,BFgam,AGAP008118__SITE04,184,184,1,1,1,1,0,0,4,4,92,TRUE,TRUE,TRUE
3R,CMgam,AGAP008118__SITE04,594,594,1,0.993265993265993,0.998316498316498,0.994949494949495,0.00168350168350168,0.000584580001942028,4,4,297,TRUE,TRUE,TRUE
3R,CIcol,AGAP008118__SITE04,142,142,1,0.97887323943662,1,0.97887323943662,0.0211267605633803,0.00179829743925895,4,4,71,TRUE,TRUE,TRUE
3R,FRgam,AGAP008118__SITE04,48,48,1,1,1,1,0,0,4,4,24,TRUE,TRUE,FALSE
3R,GAgam,AGAP008118__SITE04,138,138,1,1,1,1,0,0,4,4,69,TRUE,TRUE,TRUE
3R,GHcol,AGAP008118__SITE04,110,110,1,0.981818181818182,1,0.981818181818182,0.0181818181818182,0.00155228171038448,4,4,55,TRUE,TRUE,TRUE
3R,GHgam,AGAP008118__SITE04,24,24,1,1,1,1,0,0,4,4,12,FALSE,TRUE,FALSE
3R,GNgam,AGAP008118__SITE04,80,80,1,1,1,1,0,0,4,4,40,TRUE,TRUE,TRUE
3R,UGgam,AGAP008118__SITE04,224,224,1,0.991071428571429,1,0.991071428571429,0.00892857142857143,0.000769465394853594,4,4,112,TRUE,TRUE,TRUE
3R,AOcol,AGAP008118__SITE05,156,156,1,0.967948717948718,1,0.967948717948718,0.0320512820512821,0.00269773890175228,5,5,78,TRUE,TRUE,TRUE
3R,BFcol,AGAP008118__SITE05,150,150,1,0.9,1,0.9,0.1,0.00782608695652174,5,5,75,TRUE,TRUE,TRUE
3R,BFgam,AGAP008118__SITE05,184,184,1,0.918478260869565,0.994565217391304,0.923913043478261,0.0652173913043478,0.00671128873181557,5,5,92,TRUE,TRUE,TRUE
3R,CMgam,AGAP008118__SITE05,594,594,1,0.919191919191919,1,0.919191919191919,0.0555555555555556,0.00670985460913729,5,5,297,TRUE,TRUE,TRUE
3R,CIcol,AGAP008118__SITE05,142,142,1,0.922535211267606,1,0.922535211267606,0.0774647887323944,0.00621426045556868,5,5,71,TRUE,TRUE,TRUE
3R,FRgam,AGAP008118__SITE05,48,48,1,0.979166666666667,1,0.979166666666667,0.0208333333333333,0.00177385265700483,5,5,24,TRUE,TRUE,FALSE
3R,GAgam,AGAP008118__SITE05,138,138,1,0.956521739130435,1,0.956521739130435,0.036231884057971,0.00366200012785038,5,5,69,TRUE,TRUE,TRUE
3R,GHcol,AGAP008118__SITE05,110,110,1,0.890909090909091,1,0.890909090909091,0.109090909090909,0.00845131153431549,5,5,55,TRUE,TRUE,TRUE
3R,GHgam,AGAP008118__SITE05,24,24,1,0.875,1,0.875,0.0833333333333333,0.0101147342995169,5,5,12,FALSE,TRUE,FALSE
3R,GNgam,AGAP008118__SITE05,80,80,1,0.8375,1,0.8375,0.15,0.0121603260869565,5,5,40,TRUE,TRUE,TRUE
3R,UGgam,AGAP008118__SITE05,224,224,1,0.910714285714286,0.986607142857143,0.924107142857143,0.0446428571428571,0.00749015638864242,5,5,112,TRUE,TRUE,TRUE
X,AOcol,AGAP000099__SITE01,156,156,1,1,1,1,0,0,4,4,78,TRUE,TRUE,TRUE
X,BFcol,AGAP000099__SITE01,150,144,0.96,0.993055555555556,1,0.993055555555556,0.00694444444444444,0.000599671229200215,4,4,72,TRUE,TRUE,TRUE
X,BFgam,AGAP000099__SITE01,184,134,0.728260869565217,0.962686567164179,1,0.962686567164179,0.0223880597014925,0.00318169050916734,4,4,67,TRUE,TRUE,TRUE
X,CMgam,AGAP000099__SITE01,594,506,0.851851851851852,0.982213438735178,1,0.982213438735178,0.0118577075098814,0.00153273282901114,4,4,253,TRUE,TRUE,TRUE
X,CIcol,AGAP000099__SITE01,142,142,1,1,1,1,0,0,4,4,71,TRUE,TRUE,TRUE
X,FRgam,AGAP000099__SITE01,48,24,0.5,1,1,1,0,0,4,4,12,FALSE,TRUE,FALSE
X,GAgam,AGAP000099__SITE01,138,138,1,1,1,1,0,0,4,4,69,TRUE,TRUE,TRUE
X,GHcol,AGAP000099__SITE01,110,110,1,0.963636363636364,1,0.963636363636364,0.0272727272727273,0.0030901904419691,4,4,55,TRUE,TRUE,TRUE
X,GHgam,AGAP000099__SITE01,24,24,1,1,1,1,0,0,4,4,12,FALSE,TRUE,FALSE
X,GNgam,AGAP000099__SITE01,80,80,1,0.9625,1,0.9625,0.0375,0.00313858695652174,4,4,40,TRUE,TRUE,TRUE
X,UGgam,AGAP000099__SITE01,224,224,1,0.96875,1,0.96875,0.0223214285714286,0.00266713342945874,4,4,112,TRUE,TRUE,TRUE
X,AOcol,AGAP000099__SITE02,156,156,1,1,1,1,0,0,4,4,78,TRUE,TRUE,TRUE
X,BFcol,AGAP000099__SITE02,150,144,0.96,0.993055555555556,1,0.993055555555556,0.00694444444444444,0.000599671229200215,4,4,72,TRUE,TRUE,TRUE
X,BFgam,AGAP000099__SITE02,184,134,0.728260869565217,0.962686567164179,0.977611940298507,0.985074626865672,0.0223880597014925,0.00318169050916734,4,4,67,TRUE,TRUE,TRUE
X,CMgam,AGAP000099__SITE02,594,506,0.851851851851852,0.982213438735178,0.996047430830039,0.986166007905138,0.0118577075098814,0.00153273282901114,4,4,253,TRUE,TRUE,TRUE
X,CIcol,AGAP000099__SITE02,142,142,1,1,1,1,0,0,4,4,71,TRUE,TRUE,TRUE
X,FRgam,AGAP000099__SITE02,48,24,0.5,1,1,1,0,0,4,4,12,FALSE,TRUE,FALSE
X,GAgam,AGAP000099__SITE02,138,138,1,1,1,1,0,0,4,4,69,TRUE,TRUE,TRUE
X,GHcol,AGAP000099__SITE02,110,110,1,0.963636363636364,1,0.963636363636364,0.0272727272727273,0.0030901904419691,4,4,55,TRUE,TRUE,TRUE
X,GHgam,AGAP000099__SITE02,24,24,1,1,1,1,0,0,4,4,12,FALSE,TRUE,FALSE
X,GNgam,AGAP000099__SITE02,80,80,1,0.9625,0.9625,1,0.0375,0.00313858695652174,4,4,40,TRUE,TRUE,TRUE
X,UGgam,AGAP000099__SITE02,224,224,1,0.96875,0.977678571428571,0.991071428571429,0.0223214285714286,0.00266713342945874,4,4,112,TRUE,TRUE,TRUE
X,AOcol,AGAP000099__SITE03,156,156,1,1,1,1,0,0,5,5,78,TRUE,TRUE,TRUE
X,BFcol,AGAP000099__SITE03,150,144,0.96,0.979166666666667,0.993055555555556,0.986111111111111,0.00694444444444444,0.00179901368760064,5,5,72,TRUE,TRUE,TRUE
X,BFgam,AGAP000099__SITE03,184,134,0.728260869565217,0.985074626865672,1,0.985074626865672,0.0149253731343284,0.00127848751053299,5,5,67,TRUE,TRUE,TRUE
X,CMgam,AGAP000099__SITE03,594,506,0.851851851851852,0.980237154150198,0.996047430830039,0.984189723320158,0.0118577075098814,0.00170356478402833,5,5,253,TRUE,TRUE,TRUE
X,CIcol,AGAP000099__SITE03,142,142,1,0.964788732394366,0.992957746478873,0.971830985915493,0.0211267605633803,0.00301441225429737,5,5,71,TRUE,TRUE,TRUE
X,FRgam,AGAP000099__SITE03,48,24,0.5,1,1,1,0,0,5,5,12,FALSE,TRUE,FALSE
X,GAgam,AGAP000099__SITE03,138,138,1,1,1,1,0,0,5,5,69,TRUE,TRUE,TRUE
X,GHcol,AGAP000099__SITE03,110,110,1,0.990909090909091,0.990909090909091,1,0.00909090909090909,0.000783327344592167,5,5,55,TRUE,TRUE,TRUE
X,GHgam,AGAP000099__SITE03,24,24,1,1,1,1,0,0,5,5,12,FALSE,TRUE,FALSE
X,GNgam,AGAP000099__SITE03,80,80,1,0.9625,1,0.9625,0.0375,0.00313858695652174,5,5,40,TRUE,TRUE,TRUE
X,UGgam,AGAP000099__SITE03,224,224,1,1,1,1,0,0,5,5,112,TRUE,TRUE,TRUE
X,AOcol,AGAP000099__SITE04,156,156,1,1,1,1,0,0,3,3,78,TRUE,TRUE,TRUE
X,BFcol,AGAP000099__SITE04,150,144,0.96,1,1,1,0,0,3,3,72,TRUE,TRUE,TRUE
X,BFgam,AGAP000099__SITE04,184,134,0.728260869565217,0.992537313432836,1,0.992537313432836,0.00746268656716418,0.000644086510988213,3,3,67,TRUE,TRUE,TRUE
X,CMgam,AGAP000099__SITE04,594,506,0.851851851851852,0.994071146245059,1,0.994071146245059,0.00395256916996047,0.000513854369664049,3,3,253,TRUE,TRUE,TRUE
X,CIcol,AGAP000099__SITE04,142,142,1,0.992957746478873,1,0.992957746478873,0.00704225352112676,0.000608057407519212,3,3,71,TRUE,TRUE,TRUE
X,FRgam,AGAP000099__SITE04,48,24,0.5,1,1,1,0,0,3,3,12,FALSE,TRUE,FALSE
X,GAgam,AGAP000099__SITE04,138,138,1,1,1,1,0,0,3,3,69,TRUE,TRUE,TRUE
X,GHcol,AGAP000099__SITE04,110,110,1,1,1,1,0,0,3,3,55,TRUE,TRUE,TRUE
X,GHgam,AGAP000099__SITE04,24,24,1,1,1,1,0,0,3,3,12,FALSE,TRUE,FALSE
X,GNgam,AGAP000099__SITE04,80,80,1,1,1,1,0,0,3,3,40,TRUE,TRUE,TRUE
X,UGgam,AGAP000099__SITE04,224,224,1,1,1,1,0,0,3,3,112,TRUE,TRUE,TRUE
X,AOcol,AGAP000099__SITE05,156,156,1,1,1,1,0,0,4,4,78,TRUE,TRUE,TRUE
X,BFcol,AGAP000099__SITE05,150,144,0.96,1,1,1,0,0,4,4,72,TRUE,TRUE,TRUE
X,BFgam,AGAP000099__SITE05,184,134,0.728260869565217,0.977611940298507,0.985074626865672,0.992537313432836,0.0149253731343284,0.00192257402152121,4,4,67,TRUE,TRUE,TRUE
X,CMgam,AGAP000099__SITE05,594,506,0.851851851851852,0.994071146245059,0.996047430830039,0.99802371541502,0.00395256916996047,0.000513854369664049,4,4,253,TRUE,TRUE,TRUE
X,CIcol,AGAP000099__SITE05,142,142,1,1,1,1,0,0,4,4,71,TRUE,TRUE,TRUE
X,FRgam,AGAP000099__SITE05,48,24,0.5,1,1,1,0,0,4,4,12,FALSE,TRUE,FALSE
X,GAgam,AGAP000099__SITE05,138,138,1,1,1,1,0,0,4,4,69,TRUE,TRUE,TRUE
X,GHcol,AGAP000099__SITE05,110,110,1,1,1,1,0,0,4,4,55,TRUE,TRUE,TRUE
X,GHgam,AGAP000099__SITE05,24,24,1,1,1,1,0,0,4,4,12,FALSE,TRUE,FALSE
X,GNgam,AGAP000099__SITE05,80,80,1,1,1,1,0,0,4,4,40,TRUE,TRUE,TRUE
X,UGgam,AGAP000099__SITE05,224,224,1,1,1,1,0,0,4,4,112,TRUE,TRUE,TRUE
2R,AOcol,AGAP004239__SITE01,156,156,1,0.884615384615385,1,0.884615384615385,0.115384615384615,0.00887573964497041,2,2,78,TRUE,TRUE,TRUE
2R,BFcol,AGAP004239__SITE01,150,150,1,1,1,1,0,0,2,2,75,TRUE,TRUE,TRUE
2R,BFgam,AGAP004239__SITE01,184,184,1,1,1,1,0,0,2,2,92,TRUE,TRUE,TRUE
2R,CMgam,AGAP004239__SITE01,594,594,1,1,1,1,0,0,2,2,297,TRUE,TRUE,TRUE
2R,CIcol,AGAP004239__SITE01,142,142,1,1,1,1,0,0,2,2,71,TRUE,TRUE,TRUE
2R,FRgam,AGAP004239__SITE01,48,48,1,1,1,1,0,0,2,2,24,TRUE,TRUE,FALSE
2R,GAgam,AGAP004239__SITE01,138,138,1,1,1,1,0,0,2,2,69,TRUE,TRUE,TRUE
2R,GHcol,AGAP004239__SITE01,110,110,1,1,1,1,0,0,2,2,55,TRUE,TRUE,TRUE
2R,GHgam,AGAP004239__SITE01,24,24,1,1,1,1,0,0,2,2,12,FALSE,TRUE,FALSE
2R,GNgam,AGAP004239__SITE01,80,80,1,0.9875,1,0.9875,0.0125,0.00107336956521739,2,2,40,TRUE,TRUE,TRUE
2R,UGgam,AGAP004239__SITE01,224,224,1,1,1,1,0,0,2,2,112,TRUE,TRUE,TRUE
2R,AOcol,AGAP004239__SITE02,156,156,1,0.884615384615385,1,0.884615384615385,0.115384615384615,0.00887573964497041,2,2,78,TRUE,TRUE,TRUE
2R,BFcol,AGAP004239__SITE02,150,150,1,1,1,1,0,0,2,2,75,TRUE,TRUE,TRUE
2R,BFgam,AGAP004239__SITE02,184,184,1,1,1,1,0,0,2,2,92,TRUE,TRUE,TRUE
2R,CMgam,AGAP004239__SITE02,594,594,1,1,1,1,0,0,2,2,297,TRUE,TRUE,TRUE
2R,CIcol,AGAP004239__SITE02,142,142,1,1,1,1,0,0,2,2,71,TRUE,TRUE,TRUE
2R,FRgam,AGAP004239__SITE02,48,48,1,1,1,1,0,0,2,2,24,TRUE,TRUE,FALSE
2R,GAgam,AGAP004239__SITE02,138,138,1,1,1,1,0,0,2,2,69,TRUE,TRUE,TRUE
2R,GHcol,AGAP004239__SITE02,110,110,1,1,1,1,0,0,2,2,55,TRUE,TRUE,TRUE
2R,GHgam,AGAP004239__SITE02,24,24,1,1,1,1,0,0,2,2,12,FALSE,TRUE,FALSE
2R,GNgam,AGAP004239__SITE02,80,80,1,0.9875,1,0.9875,0.0125,0.00107336956521739,2,2,40,TRUE,TRUE,TRUE
2R,UGgam,AGAP004239__SITE02,224,224,1,1,1,1,0,0,2,2,112,TRUE,TRUE,TRUE
2R,AOcol,AGAP004239__SITE03,156,156,1,1,1,1,0,0,2,2,78,TRUE,TRUE,TRUE
2R,BFcol,AGAP004239__SITE03,150,150,1,0.986666666666667,1,0.986666666666667,0.0133333333333333,0.00114396135265701,2,2,75,TRUE,TRUE,TRUE
2R,BFgam,AGAP004239__SITE03,184,184,1,0.826086956521739,1,0.826086956521739,0.146739130434783,0.0131862825676009,2,2,92,TRUE,TRUE,TRUE
2R,CMgam,AGAP004239__SITE03,594,594,1,0.95959595959596,1,0.95959595959596,0.0404040404040404,0.00337143947157122,2,2,297,TRUE,TRUE,TRUE
2R,CIcol,AGAP004239__SITE03,142,142,1,0.992957746478873,1,0.992957746478873,0.00704225352112676,0.000608057407519212,2,2,71,TRUE,TRUE,TRUE
2R,FRgam,AGAP004239__SITE03,48,48,1,1,1,1,0,0,2,2,24,TRUE,TRUE,FALSE
2R,GAgam,AGAP004239__SITE03,138,138,1,0.898550724637681,1,0.898550724637681,0.0942028985507246,0.00804544167739697,2,2,69,TRUE,TRUE,TRUE
2R,GHcol,AGAP004239__SITE03,110,110,1,1,1,1,0,0,2,2,55,TRUE,TRUE,TRUE
2R,GHgam,AGAP004239__SITE03,24,24,1,1,1,1,0,0,2,2,12,FALSE,TRUE,FALSE
2R,GNgam,AGAP004239__SITE03,80,80,1,0.85,1,0.85,0.1375,0.0113858695652174,2,2,40,TRUE,TRUE,TRUE
2R,UGgam,AGAP004239__SITE03,224,224,1,0.986607142857143,1,0.986607142857143,0.00892857142857143,0.00115593112244898,2,2,112,TRUE,TRUE,TRUE
2R,AOcol,AGAP004239__SITE04,156,156,1,1,1,1,0,0,4,4,78,TRUE,TRUE,TRUE
2R,BFcol,AGAP004239__SITE04,150,150,1,0.893333333333333,1,0.893333333333333,0.1,0.00840193236714976,4,4,75,TRUE,TRUE,TRUE
2R,BFgam,AGAP004239__SITE04,184,184,1,1,1,1,0,0,4,4,92,TRUE,TRUE,TRUE
2R,CMgam,AGAP004239__SITE04,594,594,1,0.932659932659933,1,0.932659932659933,0.0589225589225589,0.00554956681438895,4,4,297,TRUE,TRUE,TRUE
2R,CIcol,AGAP004239__SITE04,142,142,1,0.823943661971831,1,0.823943661971831,0.176056338028169,0.0126139568581113,4,4,71,TRUE,TRUE,TRUE
2R,FRgam,AGAP004239__SITE04,48,48,1,1,1,1,0,0,4,4,24,TRUE,TRUE,FALSE
2R,GAgam,AGAP004239__SITE04,138,138,1,0.992753623188406,1,0.992753623188406,0.0072463768115942,0.000625553637799878,4,4,69,TRUE,TRUE,TRUE
2R,GHcol,AGAP004239__SITE04,110,110,1,0.863636363636364,1,0.863636363636364,0.136363636363636,0.0102407473948976,4,4,55,TRUE,TRUE,TRUE
2R,GHgam,AGAP004239__SITE04,24,24,1,0.958333333333333,1,0.958333333333333,0.0416666666666667,0.00347222222222222,4,4,12,FALSE,TRUE,FALSE
2R,GNgam,AGAP004239__SITE04,80,80,1,0.9875,1,0.9875,0.0125,0.00107336956521739,4,4,40,TRUE,TRUE,TRUE
2R,UGgam,AGAP004239__SITE04,224,224,1,0.977678571428571,1,0.977678571428571,0.0223214285714286,0.00189766803460515,4,4,112,TRUE,TRUE,TRUE
2R,AOcol,AGAP004239__SITE05,156,156,1,0.993589743589744,1,0.993589743589744,0.00641025641025641,0.000553840436783581,3,3,78,TRUE,TRUE,TRUE
2R,BFcol,AGAP004239__SITE05,150,150,1,0.973333333333333,1,0.973333333333333,0.0266666666666667,0.00225700483091787,3,3,75,TRUE,TRUE,TRUE
2R,BFgam,AGAP004239__SITE05,184,184,1,0.956521739130435,1,0.956521739130435,0.0380434782608696,0.00365229719733706,3,3,92,TRUE,TRUE,TRUE
2R,CMgam,AGAP004239__SITE05,594,594,1,0.957912457912458,1,0.957912457912458,0.0420875420875421,0.00350575485987578,3,3,297,TRUE,TRUE,TRUE
2R,CIcol,AGAP004239__SITE05,142,142,1,0.894366197183099,1,0.894366197183099,0.0985915492957746,0.00833599268606125,3,3,71,TRUE,TRUE,TRUE
2R,FRgam,AGAP004239__SITE05,48,48,1,1,1,1,0,0,3,3,24,TRUE,TRUE,FALSE
2R,GAgam,AGAP004239__SITE05,138,138,1,0.869565217391304,1,0.869565217391304,0.130434782608696,0.00986274348647982,3,3,69,TRUE,TRUE,TRUE
2R,GHcol,AGAP004239__SITE05,110,110,1,0.909090909090909,1,0.909090909090909,0.0909090909090909,0.00718648939992814,3,3,55,TRUE,TRUE,TRUE
2R,GHgam,AGAP004239__SITE05,24,24,1,1,1,1,0,0,3,3,12,FALSE,TRUE,FALSE
2R,GNgam,AGAP004239__SITE05,80,80,1,1,1,1,0,0,3,3,40,TRUE,TRUE,TRUE
2R,UGgam,AGAP004239__SITE05,224,224,1,0.991071428571429,1,0.991071428571429,0.00892857142857143,0.000769465394853594,3,3,112,TRUE,TRUE,TRUE
2L,AOcol,AGAP006935__SITE01,156,156,1,0.967948717948718,1,0.967948717948718,0.0256410256410256,0.00489880799245348,7,7,78,TRUE,TRUE,TRUE
2L,BFcol,AGAP006935__SITE01,150,150,1,0.0133333333333333,1,0.0133333333333333,0.986666666666667,0.00228792270531401,7,7,75,TRUE,TRUE,TRUE
2L,BFgam,AGAP006935__SITE01,184,184,1,0.103260869565217,0.994565217391304,0.103260869565217,0.896739130434783,0.0169464535218213,7,7,92,TRUE,TRUE,TRUE
2L,CMgam,AGAP006935__SITE01,594,594,1,0.698653198653199,1,0.698653198653199,0.2996632996633,0.0364982967822962,7,7,297,TRUE,TRUE,TRUE
2L,CIcol,AGAP006935__SITE01,142,142,1,0.619718309859155,0.992957746478873,0.626760563380282,0.373239436619718,0.0412918416808259,7,7,71,TRUE,TRUE,TRUE
2L,FRgam,AGAP006935__SITE01,48,48,1,0.708333333333333,1,0.708333333333333,0.291666666666667,0.0359299516908213,7,7,24,TRUE,TRUE,FALSE
2L,GAgam,AGAP006935__SITE01,138,138,1,0.963768115942029,1,0.963768115942029,0.036231884057971,0.006072892980101,7,7,69,TRUE,TRUE,TRUE
2L,GHcol,AGAP006935__SITE01,110,110,1,0.663636363636364,1,0.663636363636364,0.336363636363636,0.0388214157384118,7,7,55,TRUE,TRUE,TRUE
2L,GHgam,AGAP006935__SITE01,24,24,1,0.416666666666667,1,0.416666666666667,0.583333333333333,0.0422705314009662,7,7,12,FALSE,TRUE,FALSE
2L,GNgam,AGAP006935__SITE01,80,80,1,0.675,1,0.675,0.325,0.0381521739130435,7,7,40,TRUE,TRUE,TRUE
2L,UGgam,AGAP006935__SITE01,224,224,1,0.415178571428571,0.991071428571429,0.415178571428571,0.584821428571429,0.0433829442102928,7,7,112,TRUE,TRUE,TRUE
2L,AOcol,AGAP006935__SITE02,156,156,1,0.967948717948718,1,0.967948717948718,0.0256410256410256,0.00489880799245348,6,6,78,TRUE,TRUE,TRUE
2L,BFcol,AGAP006935__SITE02,150,150,1,0.0133333333333333,1,0.0133333333333333,0.986666666666667,0.00228792270531401,6,6,75,TRUE,TRUE,TRUE
2L,BFgam,AGAP006935__SITE02,184,184,1,0.103260869565217,1,0.103260869565217,0.896739130434783,0.017411338045533,6,6,92,TRUE,TRUE,TRUE
2L,CMgam,AGAP006935__SITE02,594,594,1,0.698653198653199,1,0.698653198653199,0.2996632996633,0.0364982967822962,6,6,297,TRUE,TRUE,TRUE
2L,CIcol,AGAP006935__SITE02,142,142,1,0.626760563380282,1,0.626760563380282,0.373239436619718,0.0406837842733067,6,6,71,TRUE,TRUE,TRUE
2L,FRgam,AGAP006935__SITE02,48,48,1,0.708333333333333,1,0.708333333333333,0.291666666666667,0.0359299516908213,6,6,24,TRUE,TRUE,FALSE
2L,GAgam,AGAP006935__SITE02,138,138,1,0.956521739130435,1,0.956521739130435,0.036231884057971,0.00669844661790088,6,6,69,TRUE,TRUE,TRUE
2L,GHcol,AGAP006935__SITE02,110,110,1,0.663636363636364,1,0.663636363636364,0.336363636363636,0.0388214157384118,6,6,55,TRUE,TRUE,TRUE
2L,GHgam,AGAP006935__SITE02,24,24,1,0.416666666666667,1,0.416666666666667,0.583333333333333,0.0422705314009662,6,6,12,FALSE,TRUE,FALSE
2L,GNgam,AGAP006935__SITE02,80,80,1,0.675,1,0.675,0.325,0.0392255434782609,6,6,40,TRUE,TRUE,TRUE
2L,UGgam,AGAP006935__SITE02,224,224,1,0.415178571428571,1,0.415178571428571,0.584821428571429,0.0426134788154392,6,6,112,TRUE,TRUE,TRUE
2L,AOcol,AGAP006935__SITE03,156,156,1,1,1,1,0,0,0,0,78,TRUE,TRUE,TRUE
2L,BFcol,AGAP006935__SITE03,150,150,1,1,1,1,0,0,0,0,75,TRUE,TRUE,TRUE
2L,BFgam,AGAP006935__SITE03,184,184,1,1,1,1,0,0,0,0,92,TRUE,TRUE,TRUE
2L,CMgam,AGAP006935__SITE03,594,594,1,1,1,1,0,0,0,0,297,TRUE,TRUE,TRUE
2L,CIcol,AGAP006935__SITE03,142,142,1,1,1,1,0,0,0,0,71,TRUE,TRUE,TRUE
2L,FRgam,AGAP006935__SITE03,48,48,1,1,1,1,0,0,0,0,24,TRUE,TRUE,FALSE
2L,GAgam,AGAP006935__SITE03,138,138,1,1,1,1,0,0,0,0,69,TRUE,TRUE,TRUE
2L,GHcol,AGAP006935__SITE03,110,110,1,1,1,1,0,0,0,0,55,TRUE,TRUE,TRUE
2L,GHgam,AGAP006935__SITE03,24,24,1,1,1,1,0,0,0,0,12,FALSE,TRUE,FALSE
2L,GNgam,AGAP006935__SITE03,80,80,1,1,1,1,0,0,0,0,40,TRUE,TRUE,TRUE
2L,UGgam,AGAP006935__SITE03,224,224,1,1,1,1,0,0,0,0,112,TRUE,TRUE,TRUE
2L,AOcol,AGAP006935__SITE04,156,156,1,1,1,1,0,0,0,0,78,TRUE,TRUE,TRUE
2L,BFcol,AGAP006935__SITE04,150,150,1,1,1,1,0,0,0,0,75,TRUE,TRUE,TRUE
2L,BFgam,AGAP006935__SITE04,184,184,1,1,1,1,0,0,0,0,92,TRUE,TRUE,TRUE
2L,CMgam,AGAP006935__SITE04,594,594,1,1,1,1,0,0,0,0,297,TRUE,TRUE,TRUE
2L,CIcol,AGAP006935__SITE04,142,142,1,1,1,1,0,0,0,0,71,TRUE,TRUE,TRUE
2L,FRgam,AGAP006935__SITE04,48,48,1,1,1,1,0,0,0,0,24,TRUE,TRUE,FALSE
2L,GAgam,AGAP006935__SITE04,138,138,1,1,1,1,0,0,0,0,69,TRUE,TRUE,TRUE
2L,GHcol,AGAP006935__SITE04,110,110,1,1,1,1,0,0,0,0,55,TRUE,TRUE,TRUE
2L,GHgam,AGAP006935__SITE04,24,24,1,1,1,1,0,0,0,0,12,FALSE,TRUE,FALSE
2L,GNgam,AGAP006935__SITE04,80,80,1,1,1,1,0,0,0,0,40,TRUE,TRUE,TRUE
2L,UGgam,AGAP006935__SITE04,224,224,1,1,1,1,0,0,0,0,112,TRUE,TRUE,TRUE
2L,AOcol,AGAP006935__SITE05,156,156,1,1,1,1,0,0,0,0,78,TRUE,TRUE,TRUE
2L,BFcol,AGAP006935__SITE05,150,150,1,1,1,1,0,0,0,0,75,TRUE,TRUE,TRUE
2L,BFgam,AGAP006935__SITE05,184,184,1,1,1,1,0,0,0,0,92,TRUE,TRUE,TRUE
2L,CMgam,AGAP006935__SITE05,594,594,1,1,1,1,0,0,0,0,297,TRUE,TRUE,TRUE
2L,CIcol,AGAP006935__SITE05,142,142,1,1,1,1,0,0,0,0,71,TRUE,TRUE,TRUE
2L,FRgam,AGAP006935__SITE05,48,48,1,1,1,1,0,0,0,0,24,TRUE,TRUE,FALSE
2L,GAgam,AGAP006935__SITE05,138,138,1,1,1,1,0,0,0,0,69,TRUE,TRUE,TRUE
2L,GHcol,AGAP006935__SITE05,110,110,1,1,1,1,0,0,0,0,55,TRUE,TRUE,TRUE
2L,GHgam,AGAP006935__SITE05,24,24,1,1,1,1,0,0,0,0,12,FALSE,TRUE,FALSE
2L,GNgam,AGAP006935__SITE05,80,80,1,1,1,1,0,0,0,0,40,TRUE,TRUE,TRUE
2L,UGgam,AGAP006935__SITE05,224,224,1,1,1,1,0,0,0,0,112,TRUE,TRUE,TRUE
2L,AOcol,AGAP007365__SITE01,156,156,1,1,1,1,0,0,0,0,78,TRUE,TRUE,TRUE
2L,BFcol,AGAP007365__SITE01,150,150,1,1,1,1,0,0,0,0,75,TRUE,TRUE,TRUE
2L,BFgam,AGAP007365__SITE01,184,184,1,1,1,1,0,0,0,0,92,TRUE,TRUE,TRUE
2L,CMgam,AGAP007365__SITE01,594,594,1,1,1,1,0,0,0,0,297,TRUE,TRUE,TRUE
2L,CIcol,AGAP007365__SITE01,142,142,1,1,1,1,0,0,0,0,71,TRUE,TRUE,TRUE
2L,FRgam,AGAP007365__SITE01,48,48,1,1,1,1,0,0,0,0,24,TRUE,TRUE,FALSE
2L,GAgam,AGAP007365__SITE01,138,138,1,1,1,1,0,0,0,0,69,TRUE,TRUE,TRUE
2L,GHcol,AGAP007365__SITE01,110,110,1,1,1,1,0,0,0,0,55,TRUE,TRUE,TRUE
2L,GHgam,AGAP007365__SITE01,24,24,1,1,1,1,0,0,0,0,12,FALSE,TRUE,FALSE
2L,GNgam,AGAP007365__SITE01,80,80,1,1,1,1,0,0,0,0,40,TRUE,TRUE,TRUE
2L,UGgam,AGAP007365__SITE01,224,224,1,1,1,1,0,0,0,0,112,TRUE,TRUE,TRUE
2L,AOcol,AGAP007365__SITE02,156,156,1,1,1,1,0,0,0,0,78,TRUE,TRUE,TRUE
2L,BFcol,AGAP007365__SITE02,150,150,1,1,1,1,0,0,0,0,75,TRUE,TRUE,TRUE
2L,BFgam,AGAP007365__SITE02,184,184,1,1,1,1,0,0,0,0,92,TRUE,TRUE,TRUE
2L,CMgam,AGAP007365__SITE02,594,594,1,1,1,1,0,0,0,0,297,TRUE,TRUE,TRUE
2L,CIcol,AGAP007365__SITE02,142,142,1,1,1,1,0,0,0,0,71,TRUE,TRUE,TRUE
2L,FRgam,AGAP007365__SITE02,48,48,1,1,1,1,0,0,0,0,24,TRUE,TRUE,FALSE
2L,GAgam,AGAP007365__SITE02,138,138,1,1,1,1,0,0,0,0,69,TRUE,TRUE,TRUE
2L,GHcol,AGAP007365__SITE02,110,110,1,1,1,1,0,0,0,0,55,TRUE,TRUE,TRUE
2L,GHgam,AGAP007365__SITE02,24,24,1,1,1,1,0,0,0,0,12,FALSE,TRUE,FALSE
2L,GNgam,AGAP007365__SITE02,80,80,1,1,1,1,0,0,0,0,40,TRUE,TRUE,TRUE
2L,UGgam,AGAP007365__SITE02,224,224,1,1,1,1,0,0,0,0,112,TRUE,TRUE,TRUE
2L,AOcol,AGAP007365__SITE03,156,156,1,1,1,1,0,0,0,0,78,TRUE,TRUE,TRUE
2L,BFcol,AGAP007365__SITE03,150,150,1,1,1,1,0,0,0,0,75,TRUE,TRUE,TRUE
2L,BFgam,AGAP007365__SITE03,184,184,1,1,1,1,0,0,0,0,92,TRUE,TRUE,TRUE
2L,CMgam,AGAP007365__SITE03,594,594,1,1,1,1,0,0,0,0,297,TRUE,TRUE,TRUE
2L,CIcol,AGAP007365__SITE03,142,142,1,1,1,1,0,0,0,0,71,TRUE,TRUE,TRUE
2L,FRgam,AGAP007365__SITE03,48,48,1,1,1,1,0,0,0,0,24,TRUE,TRUE,FALSE
2L,GAgam,AGAP007365__SITE03,138,138,1,1,1,1,0,0,0,0,69,TRUE,TRUE,TRUE
2L,GHcol,AGAP007365__SITE03,110,110,1,1,1,1,0,0,0,0,55,TRUE,TRUE,TRUE
2L,GHgam,AGAP007365__SITE03,24,24,1,1,1,1,0,0,0,0,12,FALSE,TRUE,FALSE
2L,GNgam,AGAP007365__SITE03,80,80,1,1,1,1,0,0,0,0,40,TRUE,TRUE,TRUE
2L,UGgam,AGAP007365__SITE03,224,224,1,1,1,1,0,0,0,0,112,TRUE,TRUE,TRUE
2L,AOcol,AGAP007365__SITE04,156,156,1,1,1,1,0,0,0,0,78,TRUE,TRUE,TRUE
2L,BFcol,AGAP007365__SITE04,150,150,1,1,1,1,0,0,0,0,75,TRUE,TRUE,TRUE
2L,BFgam,AGAP007365__SITE04,184,184,1,1,1,1,0,0,0,0,92,TRUE,TRUE,TRUE
2L,CMgam,AGAP007365__SITE04,594,594,1,1,1,1,0,0,0,0,297,TRUE,TRUE,TRUE
2L,CIcol,AGAP007365__SITE04,142,142,1,1,1,1,0,0,0,0,71,TRUE,TRUE,TRUE
2L,FRgam,AGAP007365__SITE04,48,48,1,1,1,1,0,0,0,0,24,TRUE,TRUE,FALSE
2L,GAgam,AGAP007365__SITE04,138,138,1,1,1,1,0,0,0,0,69,TRUE,TRUE,TRUE
2L,GHcol,AGAP007365__SITE04,110,110,1,1,1,1,0,0,0,0,55,TRUE,TRUE,TRUE
2L,GHgam,AGAP007365__SITE04,24,24,1,1,1,1,0,0,0,0,12,FALSE,TRUE,FALSE
2L,GNgam,AGAP007365__SITE04,80,80,1,1,1,1,0,0,0,0,40,TRUE,TRUE,TRUE
2L,UGgam,AGAP007365__SITE04,224,224,1,1,1,1,0,0,0,0,112,TRUE,TRUE,TRUE
2L,AOcol,AGAP007365__SITE05,156,156,1,1,1,1,0,0,0,0,78,TRUE,TRUE,TRUE
2L,BFcol,AGAP007365__SITE05,150,150,1,1,1,1,0,0,0,0,75,TRUE,TRUE,TRUE
2L,BFgam,AGAP007365__SITE05,184,184,1,1,1,1,0,0,0,0,92,TRUE,TRUE,TRUE
2L,CMgam,AGAP007365__SITE05,594,594,1,1,1,1,0,0,0,0,297,TRUE,TRUE,TRUE
2L,CIcol,AGAP007365__SITE05,142,142,1,1,1,1,0,0,0,0,71,TRUE,TRUE,TRUE
2L,FRgam,AGAP007365__SITE05,48,48,1,1,1,1,0,0,0,0,24,TRUE,TRUE,FALSE
2L,GAgam,AGAP007365__SITE05,138,138,1,1,1,1,0,0,0,0,69,TRUE,TRUE,TRUE
2L,GHcol,AGAP007365__SITE05,110,110,1,1,1,1,0,0,0,0,55,TRUE,TRUE,TRUE
2L,GHgam,AGAP007365__SITE05,24,24,1,1,1,1,0,0,0,0,12,FALSE,TRUE,FALSE
2L,GNgam,AGAP007365__SITE05,80,80,1,1,1,1,0,0,0,0,40,TRUE,TRUE,TRUE
2L,UGgam,AGAP007365__SITE05,224,224,1,1,1,1,0,0,0,0,112,TRUE,TRUE,TRUE
2L,AOcol,AGAP007122__SITE01,156,156,1,1,1,1,0,0,4,4,78,TRUE,TRUE,TRUE
2L,BFcol,AGAP007122__SITE01,150,150,1,0.993333333333333,1,0.993333333333333,0.00666666666666667,0.000575845410628019,4,4,75,TRUE,TRUE,TRUE
2L,BFgam,AGAP007122__SITE01,184,184,1,0.994565217391304,1,0.994565217391304,0.00543478260869565,0.000470021369277554,4,4,92,TRUE,TRUE,TRUE
2L,CMgam,AGAP007122__SITE01,594,594,1,0.981481481481481,1,0.981481481481481,0.0151515151515152,0.00158985058706915,4,4,297,TRUE,TRUE,TRUE
2L,CIcol,AGAP007122__SITE01,142,142,1,1,1,1,0,0,4,4,71,TRUE,TRUE,TRUE
2L,FRgam,AGAP007122__SITE01,48,48,1,1,1,1,0,0,4,4,24,TRUE,TRUE,FALSE
2L,GAgam,AGAP007122__SITE01,138,138,1,1,1,1,0,0,4,4,69,TRUE,TRUE,TRUE
2L,GHcol,AGAP007122__SITE01,110,110,1,1,1,1,0,0,4,4,55,TRUE,TRUE,TRUE
2L,GHgam,AGAP007122__SITE01,24,24,1,1,1,1,0,0,4,4,12,FALSE,TRUE,FALSE
2L,GNgam,AGAP007122__SITE01,80,80,1,1,1,1,0,0,4,4,40,TRUE,TRUE,TRUE
2L,UGgam,AGAP007122__SITE01,224,224,1,0.982142857142857,1,0.982142857142857,0.0178571428571429,0.00152506654835847,4,4,112,TRUE,TRUE,TRUE
2L,AOcol,AGAP007122__SITE02,156,156,1,1,1,1,0,0,3,3,78,TRUE,TRUE,TRUE
2L,BFcol,AGAP007122__SITE02,150,150,1,0.98,1,0.98,0.0133333333333333,0.00171980676328502,3,3,75,TRUE,TRUE,TRUE
2L,BFgam,AGAP007122__SITE02,184,184,1,0.972826086956522,1,0.972826086956522,0.016304347826087,0.00232955946412427,3,3,92,TRUE,TRUE,TRUE
2L,CMgam,AGAP007122__SITE02,594,594,1,0.986531986531987,1,0.986531986531987,0.0101010101010101,0.00116176649627096,3,3,297,TRUE,TRUE,TRUE
2L,CIcol,AGAP007122__SITE02,142,142,1,0.992957746478873,1,0.992957746478873,0.00704225352112676,0.000608057407519212,3,3,71,TRUE,TRUE,TRUE
2L,FRgam,AGAP007122__SITE02,48,48,1,1,1,1,0,0,3,3,24,TRUE,TRUE,FALSE
2L,GAgam,AGAP007122__SITE02,138,138,1,1,1,1,0,0,3,3,69,TRUE,TRUE,TRUE
2L,GHcol,AGAP007122__SITE02,110,110,1,1,1,1,0,0,3,3,55,TRUE,TRUE,TRUE
2L,GHgam,AGAP007122__SITE02,24,24,1,1,1,1,0,0,3,3,12,FALSE,TRUE,FALSE
2L,GNgam,AGAP007122__SITE02,80,80,1,0.9875,1,0.9875,0.0125,0.00107336956521739,3,3,40,TRUE,TRUE,TRUE
2L,UGgam,AGAP007122__SITE02,224,224,1,1,1,1,0,0,3,3,112,TRUE,TRUE,TRUE
2L,AOcol,AGAP007122__SITE03,156,156,1,1,1,1,0,0,3,3,78,TRUE,TRUE,TRUE
2L,BFcol,AGAP007122__SITE03,150,150,1,0.98,1,0.98,0.0133333333333333,0.00171980676328502,3,3,75,TRUE,TRUE,TRUE
2L,BFgam,AGAP007122__SITE03,184,184,1,0.972826086956522,1,0.972826086956522,0.016304347826087,0.00232955946412427,3,3,92,TRUE,TRUE,TRUE
2L,CMgam,AGAP007122__SITE03,594,594,1,0.986531986531987,1,0.986531986531987,0.0101010101010101,0.00116176649627096,3,3,297,TRUE,TRUE,TRUE
2L,CIcol,AGAP007122__SITE03,142,142,1,0.992957746478873,1,0.992957746478873,0.00704225352112676,0.000608057407519212,3,3,71,TRUE,TRUE,TRUE
2L,FRgam,AGAP007122__SITE03,48,48,1,1,1,1,0,0,3,3,24,TRUE,TRUE,FALSE
2L,GAgam,AGAP007122__SITE03,138,138,1,1,1,1,0,0,3,3,69,TRUE,TRUE,TRUE
2L,GHcol,AGAP007122__SITE03,110,110,1,1,1,1,0,0,3,3,55,TRUE,TRUE,TRUE
2L,GHgam,AGAP007122__SITE03,24,24,1,1,1,1,0,0,3,3,12,FALSE,TRUE,FALSE
2L,GNgam,AGAP007122__SITE03,80,80,1,0.9875,1,0.9875,0.0125,0.00107336956521739,3,3,40,TRUE,TRUE,TRUE
2L,UGgam,AGAP007122__SITE03,224,224,1,1,1,1,0,0,3,3,112,TRUE,TRUE,TRUE
2L,AOcol,AGAP007122__SITE04,156,156,1,1,1,1,0,0,5,5,78,TRUE,TRUE,TRUE
2L,BFcol,AGAP007122__SITE04,150,150,1,0.993333333333333,1,0.993333333333333,0.00666666666666667,0.000575845410628019,5,5,75,TRUE,TRUE,TRUE
2L,BFgam,AGAP007122__SITE04,184,184,1,0.983695652173913,1,0.983695652173913,0.0108695652173913,0.00140492726226679,5,5,92,TRUE,TRUE,TRUE
2L,CMgam,AGAP007122__SITE04,594,594,1,0.994949494949495,0.998316498316498,0.996632996632997,0.00168350168350168,0.000438435001456521,5,5,297,TRUE,TRUE,TRUE
2L,CIcol,AGAP007122__SITE04,142,142,1,1,1,1,0,0,5,5,71,TRUE,TRUE,TRUE
2L,FRgam,AGAP007122__SITE04,48,48,1,1,1,1,0,0,5,5,24,TRUE,TRUE,FALSE
2L,GAgam,AGAP007122__SITE04,138,138,1,0.992753623188406,1,0.992753623188406,0.0072463768115942,0.000625553637799878,5,5,69,TRUE,TRUE,TRUE
2L,GHcol,AGAP007122__SITE04,110,110,1,1,1,1,0,0,5,5,55,TRUE,TRUE,TRUE
2L,GHgam,AGAP007122__SITE04,24,24,1,1,1,1,0,0,5,5,12,FALSE,TRUE,FALSE
2L,GNgam,AGAP007122__SITE04,80,80,1,1,1,1,0,0,5,5,40,TRUE,TRUE,TRUE
2L,UGgam,AGAP007122__SITE04,224,224,1,1,1,1,0,0,5,5,112,TRUE,TRUE,TRUE
2L,AOcol,AGAP007122__SITE05,156,156,1,1,1,1,0,0,4,4,78,TRUE,TRUE,TRUE
2L,BFcol,AGAP007122__SITE05,150,150,1,0.993333333333333,1,0.993333333333333,0.00666666666666667,0.000575845410628019,4,4,75,TRUE,TRUE,TRUE
2L,BFgam,AGAP007122__SITE05,184,184,1,1,1,1,0,0,4,4,92,TRUE,TRUE,TRUE
2L,CMgam,AGAP007122__SITE05,594,594,1,0.996632996632997,1,0.996632996632997,0.00168350168350168,0.000292290000971014,4,4,297,TRUE,TRUE,TRUE
2L,CIcol,AGAP007122__SITE05,142,142,1,0.992957746478873,1,0.992957746478873,0.00704225352112676,0.000608057407519212,4,4,71,TRUE,TRUE,TRUE
2L,FRgam,AGAP007122__SITE05,48,48,1,1,1,1,0,0,4,4,24,TRUE,TRUE,FALSE
2L,GAgam,AGAP007122__SITE05,138,138,1,1,1,1,0,0,4,4,69,TRUE,TRUE,TRUE
2L,GHcol,AGAP007122__SITE05,110,110,1,1,1,1,0,0,4,4,55,TRUE,TRUE,TRUE
2L,GHgam,AGAP007122__SITE05,24,24,1,1,1,1,0,0,4,4,12,FALSE,TRUE,FALSE
2L,GNgam,AGAP007122__SITE05,80,80,1,1,1,1,0,0,4,4,40,TRUE,TRUE,TRUE
2L,UGgam,AGAP007122__SITE05,224,224,1,1,1,1,0,0,4,4,112,TRUE,TRUE,TRUE
3L,AOcol,AGAP011938__SITE01,156,156,1,0.897435897435897,1,0.897435897435897,0.102564102564103,0.00800388760254981,7,7,78,TRUE,TRUE,TRUE
3L,BFcol,AGAP011938__SITE01,150,150,1,0.986666666666667,1,0.986666666666667,0.00666666666666667,0.00115169082125604,7,7,75,TRUE,TRUE,TRUE
3L,BFgam,AGAP011938__SITE01,184,184,1,0.967391304347826,1,0.967391304347826,0.016304347826087,0.00279958083340182,7,7,92,TRUE,TRUE,TRUE
3L,CMgam,AGAP011938__SITE01,594,594,1,0.941077441077441,0.998316498316498,0.942760942760943,0.0218855218855219,0.00562276253975859,7,7,297,TRUE,TRUE,TRUE
3L,CIcol,AGAP011938__SITE01,142,142,1,1,1,1,0,0,7,7,71,TRUE,TRUE,TRUE
3L,FRgam,AGAP011938__SITE01,48,48,1,1,1,1,0,0,7,7,24,TRUE,TRUE,FALSE
3L,GAgam,AGAP011938__SITE01,138,138,1,0.760869565217391,1,0.760869565217391,0.202898550724638,0.02297653945554,7,7,69,TRUE,TRUE,TRUE
3L,GHcol,AGAP011938__SITE01,110,110,1,0.990909090909091,1,0.990909090909091,0.00909090909090909,0.000783327344592167,7,7,55,TRUE,TRUE,TRUE
3L,GHgam,AGAP011938__SITE01,24,24,1,0.916666666666667,1,0.916666666666667,0.0416666666666667,0.00694444444444444,7,7,12,FALSE,TRUE,FALSE
3L,GNgam,AGAP011938__SITE01,80,80,1,0.975,1,0.975,0.0125,0.00214673913043478,7,7,40,TRUE,TRUE,TRUE
3L,UGgam,AGAP011938__SITE01,224,224,1,0.919642857142857,1,0.919642857142857,0.0491071428571429,0.00711408884205856,7,7,112,TRUE,TRUE,TRUE
3L,AOcol,AGAP011938__SITE02,156,156,1,0.897435897435897,1,0.897435897435897,0.102564102564103,0.00800388760254981,7,7,78,TRUE,TRUE,TRUE
3L,BFcol,AGAP011938__SITE02,150,150,1,0.986666666666667,1,0.986666666666667,0.00666666666666667,0.00115169082125604,7,7,75,TRUE,TRUE,TRUE
3L,BFgam,AGAP011938__SITE02,184,184,1,0.967391304347826,1,0.967391304347826,0.016304347826087,0.00279958083340182,7,7,92,TRUE,TRUE,TRUE
3L,CMgam,AGAP011938__SITE02,594,594,1,0.941077441077441,1,0.941077441077441,0.0218855218855219,0.00562276253975859,7,7,297,TRUE,TRUE,TRUE
3L,CIcol,AGAP011938__SITE02,142,142,1,1,1,1,0,0,7,7,71,TRUE,TRUE,TRUE
3L,FRgam,AGAP011938__SITE02,48,48,1,1,1,1,0,0,7,7,24,TRUE,TRUE,FALSE
3L,GAgam,AGAP011938__SITE02,138,138,1,0.760869565217391,1,0.760869565217391,0.202898550724638,0.02297653945554,7,7,69,TRUE,TRUE,TRUE
3L,GHcol,AGAP011938__SITE02,110,110,1,0.990909090909091,1,0.990909090909091,0.00909090909090909,0.000783327344592167,7,7,55,TRUE,TRUE,TRUE
3L,GHgam,AGAP011938__SITE02,24,24,1,0.916666666666667,1,0.916666666666667,0.0416666666666667,0.00694444444444444,7,7,12,FALSE,TRUE,FALSE
3L,GNgam,AGAP011938__SITE02,80,80,1,0.975,1,0.975,0.0125,0.00214673913043478,7,7,40,TRUE,TRUE,TRUE
3L,UGgam,AGAP011938__SITE02,224,224,1,0.919642857142857,1,0.919642857142857,0.0491071428571429,0.00711408884205856,7,7,112,TRUE,TRUE,TRUE
3L,AOcol,AGAP011938__SITE03,156,156,1,1,1,1,0,0,8,8,78,TRUE,TRUE,TRUE
3L,BFcol,AGAP011938__SITE03,150,150,1,0.966666666666667,0.993333333333333,0.973333333333333,0.0133333333333333,0.00287149758454106,8,8,75,TRUE,TRUE,TRUE
3L,BFgam,AGAP011938__SITE03,184,184,1,0.967391304347826,0.989130434782609,0.978260869565217,0.0108695652173913,0.00281499137009945,8,8,92,TRUE,TRUE,TRUE
3L,CMgam,AGAP011938__SITE03,594,594,1,0.971380471380471,0.993265993265993,0.978114478114478,0.0117845117845118,0.00246819929150481,8,8,297,TRUE,TRUE,TRUE
3L,CIcol,AGAP011938__SITE03,142,142,1,1,1,1,0,0,8,8,71,TRUE,TRUE,TRUE
3L,FRgam,AGAP011938__SITE03,48,48,1,0.333333333333333,0.333333333333333,1,0.666666666666667,0.0193236714975845,8,8,24,TRUE,TRUE,FALSE
3L,GAgam,AGAP011938__SITE03,138,138,1,0.927536231884058,0.927536231884058,1,0.072463768115942,0.00584458873272878,8,8,69,TRUE,TRUE,TRUE
3L,GHcol,AGAP011938__SITE03,110,110,1,0.954545454545455,0.963636363636364,0.990909090909091,0.0363636363636364,0.0038303988501617,8,8,55,TRUE,TRUE,TRUE
3L,GHgam,AGAP011938__SITE03,24,24,1,0.958333333333333,0.958333333333333,1,0.0416666666666667,0.00347222222222222,8,8,12,FALSE,TRUE,FALSE
3L,GNgam,AGAP011938__SITE03,80,80,1,0.975,1,0.975,0.025,0.0021195652173913,8,8,40,TRUE,TRUE,TRUE
3L,UGgam,AGAP011938__SITE03,224,224,1,0.96875,0.995535714285714,0.973214285714286,0.00892857142857143,0.00269486191215617,8,8,112,TRUE,TRUE,TRUE
3L,AOcol,AGAP011938__SITE04,156,156,1,0.782051282051282,1,0.782051282051282,0.217948717948718,0.0148214847211503,7,7,78,TRUE,TRUE,TRUE
3L,BFcol,AGAP011938__SITE04,150,150,1,0.7,0.986666666666667,0.706666666666667,0.293333333333333,0.0191690821256039,7,7,75,TRUE,TRUE,TRUE
3L,BFgam,AGAP011938__SITE04,184,184,1,0.652173913043478,1,0.652173913043478,0.331521739130435,0.0206758034026465,7,7,92,TRUE,TRUE,TRUE
3L,CMgam,AGAP011938__SITE04,594,594,1,0.651515151515152,0.993265993265993,0.656565656565657,0.328282828282828,0.0210670605927523,7,7,297,TRUE,TRUE,TRUE
3L,CIcol,AGAP011938__SITE04,142,142,1,0.746478873239437,1,0.746478873239437,0.246478873239437,0.0167582346497848,7,7,71,TRUE,TRUE,TRUE
3L,FRgam,AGAP011938__SITE04,48,48,1,0.375,1,0.375,0.625,0.0203804347826087,7,7,24,TRUE,TRUE,FALSE
3L,GAgam,AGAP011938__SITE04,138,138,1,0.695652173913044,1,0.695652173913044,0.253623188405797,0.0206478361323434,7,7,69,TRUE,TRUE,TRUE
3L,GHcol,AGAP011938__SITE04,110,110,1,0.8,1,0.8,0.2,0.0139130434782609,7,7,55,TRUE,TRUE,TRUE
3L,GHgam,AGAP011938__SITE04,24,24,1,0.666666666666667,1,0.666666666666667,0.333333333333333,0.0227958937198068,7,7,12,FALSE,TRUE,FALSE
3L,GNgam,AGAP011938__SITE04,80,80,1,0.6125,0.9875,0.625,0.3625,0.022241847826087,7,7,40,TRUE,TRUE,TRUE
3L,UGgam,AGAP011938__SITE04,224,224,1,0.674107142857143,1,0.674107142857143,0.308035714285714,0.0200702223824312,7,7,112,TRUE,TRUE,TRUE
3L,AOcol,AGAP011938__SITE05,156,156,1,1,1,1,0,0,4,4,78,TRUE,TRUE,TRUE
3L,BFcol,AGAP011938__SITE05,150,150,1,1,1,1,0,0,4,4,75,TRUE,TRUE,TRUE
3L,BFgam,AGAP011938__SITE05,184,184,1,1,1,1,0,0,4,4,92,TRUE,TRUE,TRUE
3L,CMgam,AGAP011938__SITE05,594,594,1,0.98989898989899,1,0.98989898989899,0.00505050505050505,0.000873912599867804,4,4,297,TRUE,TRUE,TRUE
3L,CIcol,AGAP011938__SITE05,142,142,1,1,1,1,0,0,4,4,71,TRUE,TRUE,TRUE
3L,FRgam,AGAP011938__SITE05,48,48,1,1,1,1,0,0,4,4,24,TRUE,TRUE,FALSE
3L,GAgam,AGAP011938__SITE05,138,138,1,1,1,1,0,0,4,4,69,TRUE,TRUE,TRUE
3L,GHcol,AGAP011938__SITE05,110,110,1,1,1,1,0,0,4,4,55,TRUE,TRUE,TRUE
3L,GHgam,AGAP011938__SITE05,24,24,1,1,1,1,0,0,4,4,12,FALSE,TRUE,FALSE
3L,GNgam,AGAP011938__SITE05,80,80,1,1,1,1,0,0,4,4,40,TRUE,TRUE,TRUE
3L,UGgam,AGAP011938__SITE05,224,224,1,0.995535714285714,1,0.995535714285714,0.00446428571428571,0.000386465727595386,4,4,112,TRUE,TRUE,TRUE
2L,AOcol,AGAP007333__SITE01,156,156,1,0.987179487179487,1,0.987179487179487,0.0128205128205128,0.0011005345453506,2,2,78,TRUE,TRUE,TRUE
2L,BFcol,AGAP007333__SITE01,150,150,1,0.84,1,0.84,0.16,0.0116869565217391,2,2,75,TRUE,TRUE,TRUE
2L,BFgam,AGAP007333__SITE01,184,184,1,0.836956521739131,1,0.836956521739131,0.16304347826087,0.011866113257171,2,2,92,TRUE,TRUE,TRUE
2L,CMgam,AGAP007333__SITE01,594,594,1,0.86026936026936,0.998316498316498,0.861952861952862,0.138047138047138,0.0104931124547579,2,2,297,TRUE,TRUE,TRUE
2L,CIcol,AGAP007333__SITE01,142,142,1,0.887323943661972,1,0.887323943661972,0.112676056338028,0.0086939271883598,2,2,71,TRUE,TRUE,TRUE
2L,FRgam,AGAP007333__SITE01,48,48,1,0.979166666666667,1,0.979166666666667,0.0208333333333333,0.00177385265700483,2,2,24,TRUE,TRUE,FALSE
2L,GAgam,AGAP007333__SITE01,138,138,1,0.971014492753623,1,0.971014492753623,0.0289855072463768,0.00244742153183018,2,2,69,TRUE,TRUE,TRUE
2L,GHcol,AGAP007333__SITE01,110,110,1,0.818181818181818,1,0.818181818181818,0.181818181818182,0.0129356809198706,2,2,55,TRUE,TRUE,TRUE
2L,GHgam,AGAP007333__SITE01,24,24,1,0.875,1,0.875,0.125,0.00951086956521739,2,2,12,FALSE,TRUE,FALSE
2L,GNgam,AGAP007333__SITE01,80,80,1,0.825,1,0.825,0.175,0.012554347826087,2,2,40,TRUE,TRUE,TRUE
2L,UGgam,AGAP007333__SITE01,224,224,1,0.834821428571429,1,0.834821428571429,0.165178571428571,0.0119908357364685,2,2,112,TRUE,TRUE,TRUE
2L,AOcol,AGAP007333__SITE02,156,156,1,1,1,1,0,0,3,3,78,TRUE,TRUE,TRUE
2L,BFcol,AGAP007333__SITE02,150,150,1,0.993333333333333,1,0.993333333333333,0.00666666666666667,0.000575845410628019,3,3,75,TRUE,TRUE,TRUE
2L,BFgam,AGAP007333__SITE02,184,184,1,0.989130434782609,1,0.989130434782609,0.0108695652173913,0.000934905892989233,3,3,92,TRUE,TRUE,TRUE
2L,CMgam,AGAP007333__SITE02,594,594,1,0.996632996632997,0.998316498316498,0.998316498316498,0.00168350168350168,0.000292290000971014,3,3,297,TRUE,TRUE,TRUE
2L,CIcol,AGAP007333__SITE02,142,142,1,1,1,1,0,0,3,3,71,TRUE,TRUE,TRUE
2L,FRgam,AGAP007333__SITE02,48,48,1,1,1,1,0,0,3,3,24,TRUE,TRUE,FALSE
2L,GAgam,AGAP007333__SITE02,138,138,1,1,1,1,0,0,3,3,69,TRUE,TRUE,TRUE
2L,GHcol,AGAP007333__SITE02,110,110,1,1,1,1,0,0,3,3,55,TRUE,TRUE,TRUE
2L,GHgam,AGAP007333__SITE02,24,24,1,1,1,1,0,0,3,3,12,FALSE,TRUE,FALSE
2L,GNgam,AGAP007333__SITE02,80,80,1,0.9875,1,0.9875,0.0125,0.00107336956521739,3,3,40,TRUE,TRUE,TRUE
2L,UGgam,AGAP007333__SITE02,224,224,1,0.986607142857143,1,0.986607142857143,0.0133928571428571,0.00114899900177462,3,3,112,TRUE,TRUE,TRUE
2L,AOcol,AGAP007333__SITE03,156,156,1,0.942307692307692,1,0.942307692307692,0.0576923076923077,0.00472729611525598,1,1,78,TRUE,TRUE,TRUE
2L,BFcol,AGAP007333__SITE03,150,150,1,0.993333333333333,1,0.993333333333333,0.00666666666666667,0.000575845410628019,1,1,75,TRUE,TRUE,TRUE
2L,BFgam,AGAP007333__SITE03,184,184,1,0.983695652173913,1,0.983695652173913,0.016304347826087,0.00139465357113504,1,1,92,TRUE,TRUE,TRUE
2L,CMgam,AGAP007333__SITE03,594,594,1,0.98989898989899,1,0.98989898989899,0.0101010101010101,0.000869476495299947,1,1,297,TRUE,TRUE,TRUE
2L,CIcol,AGAP007333__SITE03,142,142,1,0.929577464788732,1,0.929577464788732,0.0704225352112676,0.00569245232571177,1,1,71,TRUE,TRUE,TRUE
2L,FRgam,AGAP007333__SITE03,48,48,1,1,1,1,0,0,1,1,24,TRUE,TRUE,FALSE
2L,GAgam,AGAP007333__SITE03,138,138,1,1,1,1,0,0,1,1,69,TRUE,TRUE,TRUE
2L,GHcol,AGAP007333__SITE03,110,110,1,0.945454545454546,1,0.945454545454546,0.0545454545454545,0.00448436938555516,1,1,55,TRUE,TRUE,TRUE
2L,GHgam,AGAP007333__SITE03,24,24,1,1,1,1,0,0,1,1,12,FALSE,TRUE,FALSE
2L,GNgam,AGAP007333__SITE03,80,80,1,1,1,1,0,0,1,1,40,TRUE,TRUE,TRUE
2L,UGgam,AGAP007333__SITE03,224,224,1,1,1,1,0,0,1,1,112,TRUE,TRUE,TRUE
2L,AOcol,AGAP007333__SITE04,156,156,1,1,1,1,0,0,6,6,78,TRUE,TRUE,TRUE
2L,BFcol,AGAP007333__SITE04,150,150,1,0.986666666666667,1,0.986666666666667,0.00666666666666667,0.00115169082125604,6,6,75,TRUE,TRUE,TRUE
2L,BFgam,AGAP007333__SITE04,184,184,1,0.994565217391304,1,0.994565217391304,0.00543478260869565,0.000470021369277554,6,6,92,TRUE,TRUE,TRUE
2L,CMgam,AGAP007333__SITE04,594,594,1,0.991582491582492,0.998316498316498,0.993265993265993,0.00505050505050505,0.000729246300904916,6,6,297,TRUE,TRUE,TRUE
2L,CIcol,AGAP007333__SITE04,142,142,1,1,1,1,0,0,6,6,71,TRUE,TRUE,TRUE
2L,FRgam,AGAP007333__SITE04,48,48,1,1,1,1,0,0,6,6,24,TRUE,TRUE,FALSE
2L,GAgam,AGAP007333__SITE04,138,138,1,1,1,1,0,0,6,6,69,TRUE,TRUE,TRUE
2L,GHcol,AGAP007333__SITE04,110,110,1,0.990909090909091,0.990909090909091,1,0.00909090909090909,0.000783327344592167,6,6,55,TRUE,TRUE,TRUE
2L,GHgam,AGAP007333__SITE04,24,24,1,1,1,1,0,0,6,6,12,FALSE,TRUE,FALSE
2L,GNgam,AGAP007333__SITE04,80,80,1,0.9875,1,0.9875,0.0125,0.00107336956521739,6,6,40,TRUE,TRUE,TRUE
2L,UGgam,AGAP007333__SITE04,224,224,1,1,1,1,0,0,6,6,112,TRUE,TRUE,TRUE
2L,AOcol,AGAP007333__SITE05,156,156,1,1,1,1,0,0,6,6,78,TRUE,TRUE,TRUE
2L,BFcol,AGAP007333__SITE05,150,150,1,0.986666666666667,1,0.986666666666667,0.00666666666666667,0.00115169082125604,6,6,75,TRUE,TRUE,TRUE
2L,BFgam,AGAP007333__SITE05,184,184,1,0.994565217391304,0.994565217391304,1,0.00543478260869565,0.000470021369277554,6,6,92,TRUE,TRUE,TRUE
2L,CMgam,AGAP007333__SITE05,594,594,1,0.991582491582492,0.998316498316498,0.993265993265993,0.00505050505050505,0.000729246300904916,6,6,297,TRUE,TRUE,TRUE
2L,CIcol,AGAP007333__SITE05,142,142,1,1,1,1,0,0,6,6,71,TRUE,TRUE,TRUE
2L,FRgam,AGAP007333__SITE05,48,48,1,1,1,1,0,0,6,6,24,TRUE,TRUE,FALSE
2L,GAgam,AGAP007333__SITE05,138,138,1,1,1,1,0,0,6,6,69,TRUE,TRUE,TRUE
2L,GHcol,AGAP007333__SITE05,110,110,1,0.990909090909091,1,0.990909090909091,0.00909090909090909,0.000783327344592167,6,6,55,TRUE,TRUE,TRUE
2L,GHgam,AGAP007333__SITE05,24,24,1,1,1,1,0,0,6,6,12,FALSE,TRUE,FALSE
2L,GNgam,AGAP007333__SITE05,80,80,1,0.9875,1,0.9875,0.0125,0.00107336956521739,6,6,40,TRUE,TRUE,TRUE
2L,UGgam,AGAP007333__SITE05,224,224,1,1,1,1,0,0,6,6,112,TRUE,TRUE,TRUE
2L,AOcol,AGAP007063__SITE01,156,156,1,1,1,1,0,0,8,8,78,TRUE,TRUE,TRUE
2L,BFcol,AGAP007063__SITE01,150,150,1,0.686666666666667,1,0.686666666666667,0.313333333333333,0.0187091787439614,8,8,75,TRUE,TRUE,TRUE
2L,BFgam,AGAP007063__SITE01,184,184,1,0.804347826086957,0.994565217391304,0.809782608695652,0.184782608695652,0.0140389989315361,8,8,92,TRUE,TRUE,TRUE
2L,CMgam,AGAP007063__SITE01,594,594,1,0.941077441077441,1,0.941077441077441,0.0521885521885522,0.00488291887794157,8,8,297,TRUE,TRUE,TRUE
2L,CIcol,AGAP007063__SITE01,142,142,1,0.845070422535211,1,0.845070422535211,0.154929577464789,0.0113849046514235,8,8,71,TRUE,TRUE,TRUE
2L,FRgam,AGAP007063__SITE01,48,48,1,1,1,1,0,0,8,8,24,TRUE,TRUE,FALSE
2L,GAgam,AGAP007063__SITE01,138,138,1,1,1,1,0,0,8,8,69,TRUE,TRUE,TRUE
2L,GHcol,AGAP007063__SITE01,110,110,1,0.8,1,0.8,0.181818181818182,0.0144879626302551,8,8,55,TRUE,TRUE,TRUE
2L,GHgam,AGAP007063__SITE01,24,24,1,0.833333333333333,1,0.833333333333333,0.166666666666667,0.0120772946859903,8,8,12,FALSE,TRUE,FALSE
2L,GNgam,AGAP007063__SITE01,80,80,1,0.975,1,0.975,0.0125,0.00214673913043478,8,8,40,TRUE,TRUE,TRUE
2L,UGgam,AGAP007063__SITE01,224,224,1,0.910714285714286,1,0.910714285714286,0.0892857142857143,0.00707076308784383,8,8,112,TRUE,TRUE,TRUE
2L,AOcol,AGAP007063__SITE02,156,156,1,0.993589743589744,1,0.993589743589744,0.00641025641025641,0.000553840436783581,7,7,78,TRUE,TRUE,TRUE
2L,BFcol,AGAP007063__SITE02,150,150,1,0.94,1,0.94,0.0533333333333333,0.00496618357487923,7,7,75,TRUE,TRUE,TRUE
2L,BFgam,AGAP007063__SITE02,184,184,1,0.989130434782609,1,0.989130434782609,0.00543478260869565,0.000940042738555108,7,7,92,TRUE,TRUE,TRUE
2L,CMgam,AGAP007063__SITE02,594,594,1,0.994949494949495,1,0.994949494949495,0.00168350168350168,0.000584580001942028,7,7,297,TRUE,TRUE,TRUE
2L,CIcol,AGAP007063__SITE02,142,142,1,0.964788732394366,1,0.964788732394366,0.0211267605633803,0.00300578732653114,7,7,71,TRUE,TRUE,TRUE
2L,FRgam,AGAP007063__SITE02,48,48,1,1,1,1,0,0,7,7,24,TRUE,TRUE,FALSE
2L,GAgam,AGAP007063__SITE02,138,138,1,1,1,1,0,0,7,7,69,TRUE,TRUE,TRUE
2L,GHcol,AGAP007063__SITE02,110,110,1,0.981818181818182,1,0.981818181818182,0.0181818181818182,0.00155228171038448,7,7,55,TRUE,TRUE,TRUE
2L,GHgam,AGAP007063__SITE02,24,24,1,1,1,1,0,0,7,7,12,FALSE,TRUE,FALSE
2L,GNgam,AGAP007063__SITE02,80,80,1,0.9875,1,0.9875,0.0125,0.00107336956521739,7,7,40,TRUE,TRUE,TRUE
2L,UGgam,AGAP007063__SITE02,224,224,1,1,1,1,0,0,7,7,112,TRUE,TRUE,TRUE
2L,AOcol,AGAP007063__SITE03,156,156,1,1,1,1,0,0,6,6,78,TRUE,TRUE,TRUE
2L,BFcol,AGAP007063__SITE03,150,150,1,0.9,0.993333333333333,0.906666666666667,0.0866666666666667,0.00803478260869565,6,6,75,TRUE,TRUE,TRUE
2L,BFgam,AGAP007063__SITE03,184,184,1,0.945652173913043,1,0.945652173913043,0.0543478260869565,0.00446905564231117,6,6,92,TRUE,TRUE,TRUE
2L,CMgam,AGAP007063__SITE03,594,594,1,0.974747474747475,1,0.974747474747475,0.0218855218855219,0.00215372876769451,6,6,297,TRUE,TRUE,TRUE
2L,CIcol,AGAP007063__SITE03,142,142,1,0.950704225352113,1,0.950704225352113,0.0352112676056338,0.00416152764720595,6,6,71,TRUE,TRUE,TRUE
2L,FRgam,AGAP007063__SITE03,48,48,1,1,1,1,0,0,6,6,24,TRUE,TRUE,FALSE
2L,GAgam,AGAP007063__SITE03,138,138,1,1,1,1,0,0,6,6,69,TRUE,TRUE,TRUE
2L,GHcol,AGAP007063__SITE03,110,110,1,0.954545454545455,1,0.954545454545455,0.0272727272727273,0.00385914480776141,6,6,55,TRUE,TRUE,TRUE
2L,GHgam,AGAP007063__SITE03,24,24,1,1,1,1,0,0,6,6,12,FALSE,TRUE,FALSE
2L,GNgam,AGAP007063__SITE03,80,80,1,0.975,1,0.975,0.025,0.0021195652173913,6,6,40,TRUE,TRUE,TRUE
2L,UGgam,AGAP007063__SITE03,224,224,1,0.991071428571429,1,0.991071428571429,0.00892857142857143,0.000769465394853594,6,6,112,TRUE,TRUE,TRUE
2L,AOcol,AGAP007063__SITE04,156,156,1,0.365384615384615,1,0.365384615384615,0.634615384615385,0.0201633650630306,6,6,78,TRUE,TRUE,TRUE
2L,BFcol,AGAP007063__SITE04,150,150,1,0,1,0,1,0,6,6,75,TRUE,TRUE,TRUE
2L,BFgam,AGAP007063__SITE04,184,184,1,0,1,0,1,0.000470021369277554,6,6,92,TRUE,TRUE,TRUE
2L,CMgam,AGAP007063__SITE04,594,594,1,0.0521885521885522,1,0.0521885521885522,0.947811447811448,0.00517077277434473,6,6,297,TRUE,TRUE,TRUE
2L,CIcol,AGAP007063__SITE04,142,142,1,0.161971830985916,1,0.161971830985916,0.838028169014084,0.0118032136480857,6,6,71,TRUE,TRUE,TRUE
2L,FRgam,AGAP007063__SITE04,48,48,1,0,1,0,1,0,6,6,24,TRUE,TRUE,FALSE
2L,GAgam,AGAP007063__SITE04,138,138,1,0,1,0,1,0,6,6,69,TRUE,TRUE,TRUE
2L,GHcol,AGAP007063__SITE04,110,110,1,0.272727272727273,1,0.272727272727273,0.727272727272727,0.0188142292490119,6,6,55,TRUE,TRUE,TRUE
2L,GHgam,AGAP007063__SITE04,24,24,1,0,1,0,1,0,6,6,12,FALSE,TRUE,FALSE
2L,GNgam,AGAP007063__SITE04,80,80,1,0.0625,1,0.0625,0.9375,0.00509510869565217,6,6,40,TRUE,TRUE,TRUE
2L,UGgam,AGAP007063__SITE04,224,224,1,0.0535714285714286,1,0.0535714285714286,0.946428571428571,0.00440882874889086,6,6,112,TRUE,TRUE,TRUE
2L,AOcol,AGAP007063__SITE05,156,156,1,0.365384615384615,1,0.365384615384615,0.634615384615385,0.0201633650630306,4,4,78,TRUE,TRUE,TRUE
2L,BFcol,AGAP007063__SITE05,150,150,1,0,1,0,1,0.000575845410628019,4,4,75,TRUE,TRUE,TRUE
2L,BFgam,AGAP007063__SITE05,184,184,1,0,1,0,1,0,4,4,92,TRUE,TRUE,TRUE
2L,CMgam,AGAP007063__SITE05,594,594,1,0.0521885521885522,1,0.0521885521885522,0.947811447811448,0.00444744127953029,4,4,297,TRUE,TRUE,TRUE
2L,CIcol,AGAP007063__SITE05,142,142,1,0.161971830985916,1,0.161971830985916,0.838028169014084,0.0118032136480857,4,4,71,TRUE,TRUE,TRUE
2L,FRgam,AGAP007063__SITE05,48,48,1,0,1,0,1,0,4,4,24,TRUE,TRUE,FALSE
2L,GAgam,AGAP007063__SITE05,138,138,1,0,1,0,1,0,4,4,69,TRUE,TRUE,TRUE
2L,GHcol,AGAP007063__SITE05,110,110,1,0.272727272727273,1,0.272727272727273,0.727272727272727,0.0172475745598275,4,4,55,TRUE,TRUE,TRUE
2L,GHgam,AGAP007063__SITE05,24,24,1,0,1,0,1,0,4,4,12,FALSE,TRUE,FALSE
2L,GNgam,AGAP007063__SITE05,80,80,1,0.0625,1,0.0625,0.9375,0.00509510869565217,4,4,40,TRUE,TRUE,TRUE
2L,UGgam,AGAP007063__SITE05,224,224,1,0.0535714285714286,1,0.0535714285714286,0.946428571428571,0.00479529447648625,4,4,112,TRUE,TRUE,TRUE
3R,AOcol,AGAP007896__SITE01,156,156,1,0,1,0,1,0.0109303090072321,5,5,78,TRUE,TRUE,TRUE
3R,BFcol,AGAP007896__SITE01,150,150,1,0.1,1,0.1,0.9,0.00953043478260869,5,5,75,TRUE,TRUE,TRUE
3R,BFgam,AGAP007896__SITE01,184,184,1,0.141304347826087,1,0.141304347826087,0.858695652173913,0.0128703665652996,5,5,92,TRUE,TRUE,TRUE
3R,CMgam,AGAP007896__SITE01,594,594,1,0.156565656565657,1,0.156565656565657,0.843434343434343,0.0141920843135892,5,5,297,TRUE,TRUE,TRUE
3R,CIcol,AGAP007896__SITE01,142,142,1,0.0422535211267606,1,0.0422535211267606,0.957746478873239,0.00351897052862183,5,5,71,TRUE,TRUE,TRUE
3R,FRgam,AGAP007896__SITE01,48,48,1,0.0416666666666667,1,0.0416666666666667,0.958333333333333,0.00347222222222222,5,5,24,TRUE,TRUE,FALSE
3R,GAgam,AGAP007896__SITE01,138,138,1,0.0507246376811594,1,0.0507246376811594,0.949275362318841,0.00893582824214862,5,5,69,TRUE,TRUE,TRUE
3R,GHcol,AGAP007896__SITE01,110,110,1,0.0454545454545455,1,0.0454545454545455,0.954545454545455,0.00455623427955444,5,5,55,TRUE,TRUE,TRUE
3R,GHgam,AGAP007896__SITE01,24,24,1,0.0833333333333333,1,0.0833333333333333,0.916666666666667,0.00664251207729469,5,5,12,FALSE,TRUE,FALSE
3R,GNgam,AGAP007896__SITE01,80,80,1,0.15,1,0.15,0.85,0.0142255434782609,5,5,40,TRUE,TRUE,TRUE
3R,UGgam,AGAP007896__SITE01,224,224,1,0.174107142857143,1,0.174107142857143,0.825892857142857,0.0132732780612245,5,5,112,TRUE,TRUE,TRUE
3R,AOcol,AGAP007896__SITE02,156,156,1,0,1,0,1,0,5,5,78,TRUE,TRUE,TRUE
3R,BFcol,AGAP007896__SITE02,150,150,1,0.1,1,0.1,0.9,0.00782608695652174,5,5,75,TRUE,TRUE,TRUE
3R,BFgam,AGAP007896__SITE02,184,184,1,0.141304347826087,0.989130434782609,0.141304347826087,0.858695652173913,0.0114859866852963,5,5,92,TRUE,TRUE,TRUE
3R,CMgam,AGAP007896__SITE02,594,594,1,0.156565656565657,0.991582491582492,0.156565656565657,0.843434343434343,0.0123547976717352,5,5,297,TRUE,TRUE,TRUE
3R,CIcol,AGAP007896__SITE02,142,142,1,0.0422535211267606,1,0.0422535211267606,0.957746478873239,0.00412702793614104,5,5,71,TRUE,TRUE,TRUE
3R,FRgam,AGAP007896__SITE02,48,48,1,0.0416666666666667,1,0.0416666666666667,0.958333333333333,0.00347222222222222,5,5,24,TRUE,TRUE,FALSE
3R,GAgam,AGAP007896__SITE02,138,138,1,0.0507246376811594,1,0.0507246376811594,0.949275362318841,0.00418709989680648,5,5,69,TRUE,TRUE,TRUE
3R,GHcol,AGAP007896__SITE02,110,110,1,0.0454545454545455,1,0.0454545454545455,0.954545454545455,0.00377290693496227,5,5,55,TRUE,TRUE,TRUE
3R,GHgam,AGAP007896__SITE02,24,24,1,0.0833333333333333,1,0.0833333333333333,0.916666666666667,0.00664251207729469,5,5,12,FALSE,TRUE,FALSE
3R,GNgam,AGAP007896__SITE02,80,80,1,0.15,0.9875,0.15,0.85,0.0132336956521739,5,5,40,TRUE,TRUE,TRUE
3R,UGgam,AGAP007896__SITE02,224,224,1,0.174107142857143,1,0.174107142857143,0.825892857142857,0.0125038126663709,5,5,112,TRUE,TRUE,TRUE
3R,AOcol,AGAP007896__SITE03,156,156,1,0,1,0,1,0,5,5,78,TRUE,TRUE,TRUE
3R,BFcol,AGAP007896__SITE03,150,150,1,0.1,1,0.1,0.9,0.00782608695652174,5,5,75,TRUE,TRUE,TRUE
3R,BFgam,AGAP007896__SITE03,184,184,1,0.141304347826087,1,0.141304347826087,0.858695652173913,0.0114859866852963,5,5,92,TRUE,TRUE,TRUE
3R,CMgam,AGAP007896__SITE03,594,594,1,0.156565656565657,1,0.156565656565657,0.843434343434343,0.0123547976717352,5,5,297,TRUE,TRUE,TRUE
3R,CIcol,AGAP007896__SITE03,142,142,1,0.0422535211267606,1,0.0422535211267606,0.957746478873239,0.00412702793614104,5,5,71,TRUE,TRUE,TRUE
3R,FRgam,AGAP007896__SITE03,48,48,1,0.0416666666666667,1,0.0416666666666667,0.958333333333333,0.00347222222222222,5,5,24,TRUE,TRUE,FALSE
3R,GAgam,AGAP007896__SITE03,138,138,1,0.0507246376811594,1,0.0507246376811594,0.949275362318841,0.00418709989680648,5,5,69,TRUE,TRUE,TRUE
3R,GHcol,AGAP007896__SITE03,110,110,1,0.0454545454545455,1,0.0454545454545455,0.954545454545455,0.00377290693496227,5,5,55,TRUE,TRUE,TRUE
3R,GHgam,AGAP007896__SITE03,24,24,1,0.0833333333333333,1,0.0833333333333333,0.916666666666667,0.00664251207729469,5,5,12,FALSE,TRUE,FALSE
3R,GNgam,AGAP007896__SITE03,80,80,1,0.15,1,0.15,0.85,0.0132336956521739,5,5,40,TRUE,TRUE,TRUE
3R,UGgam,AGAP007896__SITE03,224,224,1,0.174107142857143,1,0.174107142857143,0.825892857142857,0.0125038126663709,5,5,112,TRUE,TRUE,TRUE
3R,AOcol,AGAP007896__SITE04,156,156,1,0.961538461538461,1,0.961538461538461,0.0384615384615385,0.00321584769745305,6,6,78,TRUE,TRUE,TRUE
3R,BFcol,AGAP007896__SITE04,150,150,1,0.94,0.993333333333333,0.946666666666667,0.0466666666666667,0.00559613526570048,6,6,75,TRUE,TRUE,TRUE
3R,BFgam,AGAP007896__SITE04,184,184,1,0.91304347826087,1,0.91304347826087,0.0869565217391304,0.00690392044053588,6,6,92,TRUE,TRUE,TRUE
3R,CMgam,AGAP007896__SITE04,594,594,1,0.88047138047138,0.986531986531987,0.893939393939394,0.106060606060606,0.00954600412952045,6,6,297,TRUE,TRUE,TRUE
3R,CIcol,AGAP007896__SITE04,142,142,1,0.901408450704225,1,0.901408450704225,0.0915492957746479,0.00784005933950303,6,6,71,TRUE,TRUE,TRUE
3R,FRgam,AGAP007896__SITE04,48,48,1,0.916666666666667,1,0.916666666666667,0.0833333333333333,0.00664251207729469,6,6,24,TRUE,TRUE,FALSE
3R,GAgam,AGAP007896__SITE04,138,138,1,0.884057971014493,1,0.884057971014493,0.115942028985507,0.0089129978174114,6,6,69,TRUE,TRUE,TRUE
3R,GHcol,AGAP007896__SITE04,110,110,1,0.918181818181818,1,0.918181818181818,0.0545454545454545,0.00679123248293209,6,6,55,TRUE,TRUE,TRUE
3R,GHgam,AGAP007896__SITE04,24,24,1,0.791666666666667,0.958333333333333,0.833333333333333,0.166666666666667,0.0155495169082126,6,6,12,FALSE,TRUE,FALSE
3R,GNgam,AGAP007896__SITE04,80,80,1,0.8875,0.975,0.9125,0.0875,0.0090625,6,6,40,TRUE,TRUE,TRUE
3R,UGgam,AGAP007896__SITE04,224,224,1,0.821428571428571,1,0.821428571428571,0.178571428571429,0.0135245674356699,6,6,112,TRUE,TRUE,TRUE
3R,AOcol,AGAP007896__SITE05,156,156,1,0.833333333333333,1,0.833333333333333,0.166666666666667,0.0120772946859903,5,5,78,TRUE,TRUE,TRUE
3R,BFcol,AGAP007896__SITE05,150,150,1,1,1,1,0,0,5,5,75,TRUE,TRUE,TRUE
3R,BFgam,AGAP007896__SITE05,184,184,1,0.96195652173913,1,0.96195652173913,0.0217391304347826,0.00325419166598175,5,5,92,TRUE,TRUE,TRUE
3R,CMgam,AGAP007896__SITE05,594,594,1,0.964646464646465,1,0.964646464646465,0.0168350168350168,0.00303306327314525,5,5,297,TRUE,TRUE,TRUE
3R,CIcol,AGAP007896__SITE05,142,142,1,1,1,1,0,0,5,5,71,TRUE,TRUE,TRUE
3R,FRgam,AGAP007896__SITE05,48,48,1,1,1,1,0,0,5,5,24,TRUE,TRUE,FALSE
3R,GAgam,AGAP007896__SITE05,138,138,1,0.992753623188406,1,0.992753623188406,0.0072463768115942,0.000625553637799878,5,5,69,TRUE,TRUE,TRUE
3R,GHcol,AGAP007896__SITE05,110,110,1,1,1,1,0,0,5,5,55,TRUE,TRUE,TRUE
3R,GHgam,AGAP007896__SITE05,24,24,1,0.875,1,0.875,0.125,0.00951086956521739,5,5,12,FALSE,TRUE,FALSE
3R,GNgam,AGAP007896__SITE05,80,80,1,0.9875,1,0.9875,0.0125,0.00107336956521739,5,5,40,TRUE,TRUE,TRUE
3R,UGgam,AGAP007896__SITE05,224,224,1,0.941964285714286,1,0.941964285714286,0.0357142857142857,0.00489234416592724,5,5,112,TRUE,TRUE,TRUE
2L,AOcol,AGAP005406__SITE01,156,156,1,1,1,1,0,0,6,6,78,TRUE,TRUE,TRUE
2L,BFcol,AGAP005406__SITE01,150,150,1,0.973333333333333,1,0.973333333333333,0.0133333333333333,0.00229565217391304,6,6,75,TRUE,TRUE,TRUE
2L,BFgam,AGAP005406__SITE01,184,184,1,0.967391304347826,1,0.967391304347826,0.0326086956521739,0.0027430755321772,6,6,92,TRUE,TRUE,TRUE
2L,CMgam,AGAP005406__SITE01,594,594,1,0.912457912457912,1,0.912457912457912,0.0875420875420875,0.00694595395224878,6,6,297,TRUE,TRUE,TRUE
2L,CIcol,AGAP005406__SITE01,142,142,1,0.964788732394366,0.992957746478873,0.971830985915493,0.028169014084507,0.00298853747099868,6,6,71,TRUE,TRUE,TRUE
2L,FRgam,AGAP005406__SITE01,48,48,1,1,1,1,0,0,6,6,24,TRUE,TRUE,FALSE
2L,GAgam,AGAP005406__SITE01,138,138,1,0.753623188405797,1,0.753623188405797,0.246376811594203,0.0161456763741633,6,6,69,TRUE,TRUE,TRUE
2L,GHcol,AGAP005406__SITE01,110,110,1,0.963636363636364,1,0.963636363636364,0.0181818181818182,0.00311893639956881,6,6,55,TRUE,TRUE,TRUE
2L,GHgam,AGAP005406__SITE01,24,24,1,0.958333333333333,1,0.958333333333333,0.0416666666666667,0.00347222222222222,6,6,12,FALSE,TRUE,FALSE
2L,GNgam,AGAP005406__SITE01,80,80,1,0.9625,1,0.9625,0.0375,0.00313858695652174,6,6,40,TRUE,TRUE,TRUE
2L,UGgam,AGAP005406__SITE01,224,224,1,0.9375,1,0.9375,0.0491071428571429,0.00520948868677906,6,6,112,TRUE,TRUE,TRUE
2L,AOcol,AGAP005406__SITE02,156,156,1,0.775641025641026,1,0.775641025641026,0.224358974358974,0.0151323499985707,6,6,78,TRUE,TRUE,TRUE
2L,BFcol,AGAP005406__SITE02,150,150,1,0.926666666666667,1,0.926666666666667,0.0733333333333333,0.00590917874396135,6,6,75,TRUE,TRUE,TRUE
2L,BFgam,AGAP005406__SITE02,184,184,1,0.994565217391304,1,0.994565217391304,0.00543478260869565,0.000470021369277554,6,6,92,TRUE,TRUE,TRUE
2L,CMgam,AGAP005406__SITE02,594,594,1,0.991582491582492,1,0.991582491582492,0.00841750841750842,0.000725795997352139,6,6,297,TRUE,TRUE,TRUE
2L,CIcol,AGAP005406__SITE02,142,142,1,0.922535211267606,1,0.922535211267606,0.0704225352112676,0.00630050973323099,6,6,71,TRUE,TRUE,TRUE
2L,FRgam,AGAP005406__SITE02,48,48,1,1,1,1,0,0,6,6,24,TRUE,TRUE,FALSE
2L,GAgam,AGAP005406__SITE02,138,138,1,1,1,1,0,0,6,6,69,TRUE,TRUE,TRUE
2L,GHcol,AGAP005406__SITE02,110,110,1,0.909090909090909,1,0.909090909090909,0.0818181818181818,0.00731584620912684,6,6,55,TRUE,TRUE,TRUE
2L,GHgam,AGAP005406__SITE02,24,24,1,1,1,1,0,0,6,6,12,FALSE,TRUE,FALSE
2L,GNgam,AGAP005406__SITE02,80,80,1,1,1,1,0,0,6,6,40,TRUE,TRUE,TRUE
2L,UGgam,AGAP005406__SITE02,224,224,1,0.973214285714286,1,0.973214285714286,0.0178571428571429,0.00229453194321207,6,6,112,TRUE,TRUE,TRUE
2L,AOcol,AGAP005406__SITE03,156,156,1,0.775641025641026,0.775641025641026,1,0.224358974358974,0.0151323499985707,6,6,78,TRUE,TRUE,TRUE
2L,BFcol,AGAP005406__SITE03,150,150,1,0.926666666666667,1,0.926666666666667,0.0733333333333333,0.00590917874396135,6,6,75,TRUE,TRUE,TRUE
2L,BFgam,AGAP005406__SITE03,184,184,1,0.994565217391304,1,0.994565217391304,0.00543478260869565,0.000470021369277554,6,6,92,TRUE,TRUE,TRUE
2L,CMgam,AGAP005406__SITE03,594,594,1,0.991582491582492,1,0.991582491582492,0.00841750841750842,0.000725795997352139,6,6,297,TRUE,TRUE,TRUE
2L,CIcol,AGAP005406__SITE03,142,142,1,0.922535211267606,1,0.922535211267606,0.0704225352112676,0.00630050973323099,6,6,71,TRUE,TRUE,TRUE
2L,FRgam,AGAP005406__SITE03,48,48,1,1,1,1,0,0,6,6,24,TRUE,TRUE,FALSE
2L,GAgam,AGAP005406__SITE03,138,138,1,1,1,1,0,0,6,6,69,TRUE,TRUE,TRUE
2L,GHcol,AGAP005406__SITE03,110,110,1,0.909090909090909,1,0.909090909090909,0.0818181818181818,0.00731584620912684,6,6,55,TRUE,TRUE,TRUE
2L,GHgam,AGAP005406__SITE03,24,24,1,1,1,1,0,0,6,6,12,FALSE,TRUE,FALSE
2L,GNgam,AGAP005406__SITE03,80,80,1,1,1,1,0,0,6,6,40,TRUE,TRUE,TRUE
2L,UGgam,AGAP005406__SITE03,224,224,1,0.973214285714286,1,0.973214285714286,0.0178571428571429,0.00229453194321207,6,6,112,TRUE,TRUE,TRUE
2L,AOcol,AGAP005406__SITE04,156,156,1,0.987179487179487,1,0.987179487179487,0.0128205128205128,0.0011005345453506,8,8,78,TRUE,TRUE,TRUE
2L,BFcol,AGAP005406__SITE04,150,150,1,0.42,1,0.42,0.58,0.0211826086956522,8,8,75,TRUE,TRUE,TRUE
2L,BFgam,AGAP005406__SITE04,184,184,1,0.701086956521739,0.989130434782609,0.711956521739131,0.28804347826087,0.018767465274924,8,8,92,TRUE,TRUE,TRUE
2L,CMgam,AGAP005406__SITE04,594,594,1,0.784511784511785,0.998316498316498,0.786195286195286,0.198653198653199,0.0152986459530157,8,8,297,TRUE,TRUE,TRUE
2L,CIcol,AGAP005406__SITE04,142,142,1,0.26056338028169,1,0.26056338028169,0.73943661971831,0.0167539221859017,8,8,71,TRUE,TRUE,TRUE
2L,FRgam,AGAP005406__SITE04,48,48,1,0.833333333333333,1,0.833333333333333,0.166666666666667,0.0120772946859903,8,8,24,TRUE,TRUE,FALSE
2L,GAgam,AGAP005406__SITE04,138,138,1,0.884057971014493,1,0.884057971014493,0.115942028985507,0.0089129978174114,8,8,69,TRUE,TRUE,TRUE
2L,GHcol,AGAP005406__SITE04,110,110,1,0.336363636363636,1,0.336363636363636,0.663636363636364,0.0194107078692059,8,8,55,TRUE,TRUE,TRUE
2L,GHgam,AGAP005406__SITE04,24,24,1,0.75,0.916666666666667,0.833333333333333,0.166666666666667,0.018719806763285,8,8,12,FALSE,TRUE,FALSE
2L,GNgam,AGAP005406__SITE04,80,80,1,0.75,1,0.75,0.2,0.0181521739130435,8,8,40,TRUE,TRUE,TRUE
2L,UGgam,AGAP005406__SITE04,224,224,1,0.803571428571429,1,0.803571428571429,0.160714285714286,0.0147758152173913,8,8,112,TRUE,TRUE,TRUE
2L,AOcol,AGAP005406__SITE05,156,156,1,0.333333333333333,1,0.333333333333333,0.666666666666667,0.0193236714975845,8,8,78,TRUE,TRUE,TRUE
2L,BFcol,AGAP005406__SITE05,150,150,1,0.866666666666667,1,0.866666666666667,0.113333333333333,0.0104425120772947,8,8,75,TRUE,TRUE,TRUE
2L,BFgam,AGAP005406__SITE05,184,184,1,0.804347826086957,0.994565217391304,0.809782608695652,0.157608695652174,0.014783841538588,8,8,92,TRUE,TRUE,TRUE
2L,CMgam,AGAP005406__SITE05,594,594,1,0.875420875420875,0.996632996632997,0.878787878787879,0.111111111111111,0.00975400814370219,8,8,297,TRUE,TRUE,TRUE
2L,CIcol,AGAP005406__SITE05,142,142,1,0.880281690140845,1,0.880281690140845,0.112676056338028,0.00930198459587901,8,8,71,TRUE,TRUE,TRUE
2L,FRgam,AGAP005406__SITE05,48,48,1,0.645833333333333,1,0.645833333333333,0.25,0.0244187801932367,8,8,24,TRUE,TRUE,FALSE
2L,GAgam,AGAP005406__SITE05,138,138,1,0.710144927536232,1,0.710144927536232,0.289855072463768,0.0178990529939819,8,8,69,TRUE,TRUE,TRUE
2L,GHcol,AGAP005406__SITE05,110,110,1,0.918181818181818,1,0.918181818181818,0.0818181818181818,0.00653251886453468,8,8,55,TRUE,TRUE,TRUE
2L,GHgam,AGAP005406__SITE05,24,24,1,0.875,1,0.875,0.0833333333333333,0.0101147342995169,8,8,12,FALSE,TRUE,FALSE
2L,GNgam,AGAP005406__SITE05,80,80,1,0.7375,0.9875,0.75,0.1875,0.0195788043478261,8,8,40,TRUE,TRUE,TRUE
2L,UGgam,AGAP005406__SITE05,224,224,1,0.732142857142857,0.995535714285714,0.736607142857143,0.151785714285714,0.0202036657054126,8,8,112,TRUE,TRUE,TRUE
2L,AOcol,AGAP005959__SITE01,156,156,1,0.435897435897436,1,0.435897435897436,0.564102564102564,0.0213818140239545,6,6,78,TRUE,TRUE,TRUE
2L,BFcol,AGAP005959__SITE01,150,150,1,0.92,1,0.92,0.0666666666666667,0.00656231884057971,6,6,75,TRUE,TRUE,TRUE
2L,BFgam,AGAP005959__SITE01,184,184,1,0.940217391304348,1,0.940217391304348,0.0434782608695652,0.00502126654064272,6,6,92,TRUE,TRUE,TRUE
2L,CMgam,AGAP005959__SITE01,594,594,1,0.930976430976431,0.996632996632997,0.934343434343434,0.0471380471380471,0.00579232031435223,6,6,297,TRUE,TRUE,TRUE
2L,CIcol,AGAP005959__SITE01,142,142,1,0.76056338028169,0.950704225352113,0.809859154929578,0.169014084507042,0.0180864735257842,6,6,71,TRUE,TRUE,TRUE
2L,FRgam,AGAP005959__SITE01,48,48,1,1,1,1,0,0,6,6,24,TRUE,TRUE,FALSE
2L,GAgam,AGAP005959__SITE01,138,138,1,0.920289855072464,1,0.920289855072464,0.0797101449275362,0.00637882067157977,6,6,69,TRUE,TRUE,TRUE
2L,GHcol,AGAP005959__SITE01,110,110,1,0.745454545454546,0.936363636363636,0.809090909090909,0.181818181818182,0.018900467121811,6,6,55,TRUE,TRUE,TRUE
2L,GHgam,AGAP005959__SITE01,24,24,1,0.875,1,0.875,0.0833333333333333,0.0101147342995169,6,6,12,FALSE,TRUE,FALSE
2L,GNgam,AGAP005959__SITE01,80,80,1,0.8875,1,0.8875,0.075,0.00922554347826087,6,6,40,TRUE,TRUE,TRUE
2L,UGgam,AGAP005959__SITE01,224,224,1,0.928571428571429,0.977678571428571,0.950892857142857,0.0223214285714286,0.00609333407275954,6,6,112,TRUE,TRUE,TRUE
2L,AOcol,AGAP005959__SITE02,156,156,1,0.980769230769231,1,0.980769230769231,0.0128205128205128,0.00165437498213418,4,4,78,TRUE,TRUE,TRUE
2L,BFcol,AGAP005959__SITE02,150,150,1,0.973333333333333,1,0.973333333333333,0.0266666666666667,0.00225700483091787,4,4,75,TRUE,TRUE,TRUE
2L,BFgam,AGAP005959__SITE02,184,184,1,0.956521739130435,1,0.956521739130435,0.0434782608695652,0.00455124517136517,4,4,92,TRUE,TRUE,TRUE
2L,CMgam,AGAP005959__SITE02,594,594,1,0.974747474747475,0.998316498316498,0.976430976430976,0.0235690235690236,0.0025842773610304,4,4,297,TRUE,TRUE,TRUE
2L,CIcol,AGAP005959__SITE02,142,142,1,1,1,1,0,0,4,4,71,TRUE,TRUE,TRUE
2L,FRgam,AGAP005959__SITE02,48,48,1,1,1,1,0,0,4,4,24,TRUE,TRUE,FALSE
2L,GAgam,AGAP005959__SITE02,138,138,1,1,1,1,0,0,4,4,69,TRUE,TRUE,TRUE
2L,GHcol,AGAP005959__SITE02,110,110,1,0.990909090909091,1,0.990909090909091,0.00909090909090909,0.000783327344592167,4,4,55,TRUE,TRUE,TRUE
2L,GHgam,AGAP005959__SITE02,24,24,1,0.916666666666667,1,0.916666666666667,0.0833333333333333,0.00664251207729469,4,4,12,FALSE,TRUE,FALSE
2L,GNgam,AGAP005959__SITE02,80,80,1,0.9875,1,0.9875,0.0125,0.00107336956521739,4,4,40,TRUE,TRUE,TRUE
2L,UGgam,AGAP005959__SITE02,224,224,1,0.982142857142857,1,0.982142857142857,0.0178571428571429,0.00152506654835847,4,4,112,TRUE,TRUE,TRUE
2L,AOcol,AGAP005959__SITE03,156,156,1,1,1,1,0,0,3,3,78,TRUE,TRUE,TRUE
2L,BFcol,AGAP005959__SITE03,150,150,1,1,1,1,0,0,3,3,75,TRUE,TRUE,TRUE
2L,BFgam,AGAP005959__SITE03,184,184,1,1,1,1,0,0,3,3,92,TRUE,TRUE,TRUE
2L,CMgam,AGAP005959__SITE03,594,594,1,0.993265993265993,1,0.993265993265993,0.00673400673400673,0.00058162259889679,3,3,297,TRUE,TRUE,TRUE
2L,CIcol,AGAP005959__SITE03,142,142,1,0.992957746478873,1,0.992957746478873,0.00704225352112676,0.000608057407519212,3,3,71,TRUE,TRUE,TRUE
2L,FRgam,AGAP005959__SITE03,48,48,1,1,1,1,0,0,3,3,24,TRUE,TRUE,FALSE
2L,GAgam,AGAP005959__SITE03,138,138,1,1,1,1,0,0,3,3,69,TRUE,TRUE,TRUE
2L,GHcol,AGAP005959__SITE03,110,110,1,1,1,1,0,0,3,3,55,TRUE,TRUE,TRUE
2L,GHgam,AGAP005959__SITE03,24,24,1,1,1,1,0,0,3,3,12,FALSE,TRUE,FALSE
2L,GNgam,AGAP005959__SITE03,80,80,1,1,1,1,0,0,3,3,40,TRUE,TRUE,TRUE
2L,UGgam,AGAP005959__SITE03,224,224,1,0.986607142857143,1,0.986607142857143,0.0133928571428571,0.00114899900177462,3,3,112,TRUE,TRUE,TRUE
2L,AOcol,AGAP005959__SITE04,156,156,1,0.717948717948718,1,0.717948717948718,0.282051282051282,0.0176085527256096,4,4,78,TRUE,TRUE,TRUE
2L,BFcol,AGAP005959__SITE04,150,150,1,0.02,1,0.02,0.98,0.00170434782608696,4,4,75,TRUE,TRUE,TRUE
2L,BFgam,AGAP005959__SITE04,184,184,1,0.00543478260869565,0.978260869565217,0.00543478260869565,0.994565217391304,0.00231928577299252,4,4,92,TRUE,TRUE,TRUE
2L,CMgam,AGAP005959__SITE04,594,594,1,0.063973063973064,0.95959595959596,0.063973063973064,0.936026936026936,0.00857844043322012,4,4,297,TRUE,TRUE,TRUE
2L,CIcol,AGAP005959__SITE04,142,142,1,0.176056338028169,0.985915492957746,0.176056338028169,0.823943661971831,0.0138214467453835,4,4,71,TRUE,TRUE,TRUE
2L,FRgam,AGAP005959__SITE04,48,48,1,0,1,0,1,0,4,4,24,TRUE,TRUE,FALSE
2L,GAgam,AGAP005959__SITE04,138,138,1,0.0797101449275362,0.992753623188406,0.0797101449275362,0.920289855072464,0.00700437430937965,4,4,69,TRUE,TRUE,TRUE
2L,GHcol,AGAP005959__SITE04,110,110,1,0.172727272727273,1,0.172727272727273,0.827272727272727,0.0139777218828602,4,4,55,TRUE,TRUE,TRUE
2L,GHgam,AGAP005959__SITE04,24,24,1,0,0.958333333333333,0,1,0.00347222222222222,4,4,12,FALSE,TRUE,FALSE
2L,GNgam,AGAP005959__SITE04,80,80,1,0.075,0.9125,0.075,0.925,0.0129755434782609,4,4,40,TRUE,TRUE,TRUE
2L,UGgam,AGAP005959__SITE04,224,224,1,0.0401785714285714,0.995535714285714,0.0401785714285714,0.959821428571429,0.00412634483141082,4,4,112,TRUE,TRUE,TRUE
2L,AOcol,AGAP005959__SITE05,156,156,1,0.717948717948718,0.717948717948718,0.717948717948718,0.282051282051282,0.0352171054512192,5,5,78,TRUE,TRUE,TRUE
2L,BFcol,AGAP005959__SITE05,150,150,1,0.0133333333333333,0.0133333333333333,0.02,0.986666666666667,0.00284830917874396,5,5,75,TRUE,TRUE,TRUE
2L,BFgam,AGAP005959__SITE05,184,184,1,0.00543478260869565,0.00543478260869565,0.00543478260869565,0.994565217391304,0.00188008547711022,5,5,92,TRUE,TRUE,TRUE
2L,CMgam,AGAP005959__SITE05,594,594,1,0.063973063973064,0.063973063973064,0.063973063973064,0.936026936026936,0.0105601469237833,5,5,297,TRUE,TRUE,TRUE
2L,CIcol,AGAP005959__SITE05,142,142,1,0.176056338028169,0.204225352112676,0.176056338028169,0.823943661971831,0.0267459010030791,5,5,71,TRUE,TRUE,TRUE
2L,FRgam,AGAP005959__SITE05,48,48,1,0,0,0,1,0,5,5,24,TRUE,TRUE,FALSE
2L,GAgam,AGAP005959__SITE05,138,138,1,0.0797101449275362,0.0797101449275362,0.0797101449275362,0.920289855072464,0.0127576413431596,5,5,69,TRUE,TRUE,TRUE
2L,GHcol,AGAP005959__SITE05,110,110,1,0.172727272727273,0.2,0.172727272727273,0.827272727272727,0.0278907653611211,5,5,55,TRUE,TRUE,TRUE
2L,GHgam,AGAP005959__SITE05,24,24,1,0,0,0,1,0,5,5,12,FALSE,TRUE,FALSE
2L,GNgam,AGAP005959__SITE05,80,80,1,0.075,0.075,0.075,0.925,0.0120652173913043,5,5,40,TRUE,TRUE,TRUE
2L,UGgam,AGAP005959__SITE05,224,224,1,0.0401785714285714,0.0401785714285714,0.0401785714285714,0.959821428571429,0.0067068267524401,5,5,112,TRUE,TRUE,TRUE
3L,AOcol,AGAP011849__SITE01,156,156,1,1,1,1,0,0,3,3,78,TRUE,TRUE,TRUE
3L,BFcol,AGAP011849__SITE01,150,150,1,0.986666666666667,0.986666666666667,1,0.0133333333333333,0.00114396135265701,3,3,75,TRUE,TRUE,TRUE
3L,BFgam,AGAP011849__SITE01,184,184,1,0.994565217391304,1,0.994565217391304,0.00543478260869565,0.000470021369277554,3,3,92,TRUE,TRUE,TRUE
3L,CMgam,AGAP011849__SITE01,594,594,1,0.998316498316498,1,0.998316498316498,0.00168350168350168,0.000146145000485507,3,3,297,TRUE,TRUE,TRUE
3L,CIcol,AGAP011849__SITE01,142,142,1,1,1,1,0,0,3,3,71,TRUE,TRUE,TRUE
3L,FRgam,AGAP011849__SITE01,48,48,1,1,1,1,0,0,3,3,24,TRUE,TRUE,FALSE
3L,GAgam,AGAP011849__SITE01,138,138,1,1,1,1,0,0,3,3,69,TRUE,TRUE,TRUE
3L,GHcol,AGAP011849__SITE01,110,110,1,0.990909090909091,0.990909090909091,1,0.00909090909090909,0.000783327344592167,3,3,55,TRUE,TRUE,TRUE
3L,GHgam,AGAP011849__SITE01,24,24,1,1,1,1,0,0,3,3,12,FALSE,TRUE,FALSE
3L,GNgam,AGAP011849__SITE01,80,80,1,0.9875,1,0.9875,0.0125,0.00107336956521739,3,3,40,TRUE,TRUE,TRUE
3L,UGgam,AGAP011849__SITE01,224,224,1,0.982142857142857,0.986607142857143,0.995535714285714,0.0133928571428571,0.00153546472937001,3,3,112,TRUE,TRUE,TRUE
3L,AOcol,AGAP011849__SITE02,156,156,1,0,1,0,1,0,4,4,78,TRUE,TRUE,TRUE
3L,BFcol,AGAP011849__SITE02,150,150,1,0.0533333333333333,1,0.0533333333333333,0.946666666666667,0.00553429951690821,4,4,75,TRUE,TRUE,TRUE
3L,BFgam,AGAP011849__SITE02,184,184,1,0.0217391304347826,1,0.0217391304347826,0.978260869565217,0.00231928577299252,4,4,92,TRUE,TRUE,TRUE
3L,CMgam,AGAP011849__SITE02,594,594,1,0.0538720538720539,1,0.0538720538720539,0.946127946127946,0.00457830636428206,4,4,297,TRUE,TRUE,TRUE
3L,CIcol,AGAP011849__SITE02,142,142,1,0.0352112676056338,1,0.0352112676056338,0.964788732394366,0.00295403775993376,4,4,71,TRUE,TRUE,TRUE
3L,FRgam,AGAP011849__SITE02,48,48,1,0,1,0,1,0,4,4,24,TRUE,TRUE,FALSE
3L,GAgam,AGAP011849__SITE02,138,138,1,0.384057971014493,1,0.384057971014493,0.615942028985507,0.0205702126882369,4,4,69,TRUE,TRUE,TRUE
3L,GHcol,AGAP011849__SITE02,110,110,1,0.0909090909090909,1,0.0909090909090909,0.909090909090909,0.0079698167445203,4,4,55,TRUE,TRUE,TRUE
3L,GHgam,AGAP011849__SITE02,24,24,1,0.0416666666666667,1,0.0416666666666667,0.958333333333333,0.00347222222222222,4,4,12,FALSE,TRUE,FALSE
3L,GNgam,AGAP011849__SITE02,80,80,1,0.0375,1,0.0375,0.9625,0.00421195652173913,4,4,40,TRUE,TRUE,TRUE
3L,UGgam,AGAP011849__SITE02,224,224,1,0.0491071428571429,1,0.0491071428571429,0.950892857142857,0.00559595441437445,4,4,112,TRUE,TRUE,TRUE
3L,AOcol,AGAP011849__SITE03,156,156,1,0.955128205128205,1,0.955128205128205,0.0448717948717949,0.00372681016493726,4,4,78,TRUE,TRUE,TRUE
3L,BFcol,AGAP011849__SITE03,150,150,1,0.933333333333333,1,0.933333333333333,0.0466666666666667,0.00557294685990338,4,4,75,TRUE,TRUE,TRUE
3L,BFgam,AGAP011849__SITE03,184,184,1,0.858695652173913,0.994565217391304,0.864130434782609,0.0978260869565217,0.0113267444727542,4,4,92,TRUE,TRUE,TRUE
3L,CMgam,AGAP011849__SITE03,594,594,1,0.893939393939394,1,0.893939393939394,0.0606060606060606,0.00872359963269054,4,4,297,TRUE,TRUE,TRUE
3L,CIcol,AGAP011849__SITE03,142,142,1,0.929577464788732,1,0.929577464788732,0.0492957746478873,0.0058735758088026,4,4,71,TRUE,TRUE,TRUE
3L,FRgam,AGAP011849__SITE03,48,48,1,0.770833333333333,1,0.770833333333333,0.229166666666667,0.015360809178744,4,4,24,TRUE,TRUE,FALSE
3L,GAgam,AGAP011849__SITE03,138,138,1,0.905797101449275,1,0.905797101449275,0.0507246376811594,0.00780343917518242,4,4,69,TRUE,TRUE,TRUE
3L,GHcol,AGAP011849__SITE03,110,110,1,0.918181818181818,1,0.918181818181818,0.0727272727272727,0.00664750269493352,4,4,55,TRUE,TRUE,TRUE
3L,GHgam,AGAP011849__SITE03,24,24,1,0.916666666666667,1,0.916666666666667,0.0833333333333333,0.00664251207729469,4,4,12,FALSE,TRUE,FALSE
3L,GNgam,AGAP011849__SITE03,80,80,1,0.9125,1,0.9125,0.0375,0.00735054347826087,4,4,40,TRUE,TRUE,TRUE
3L,UGgam,AGAP011849__SITE03,224,224,1,0.861607142857143,1,0.861607142857143,0.0714285714285714,0.0112005739795918,4,4,112,TRUE,TRUE,TRUE
3L,AOcol,AGAP011849__SITE04,156,156,1,0.955128205128205,1,0.955128205128205,0.0448717948717949,0.00372681016493726,4,4,78,TRUE,TRUE,TRUE
3L,BFcol,AGAP011849__SITE04,150,150,1,0.933333333333333,1,0.933333333333333,0.0466666666666667,0.00557294685990338,4,4,75,TRUE,TRUE,TRUE
3L,BFgam,AGAP011849__SITE04,184,184,1,0.864130434782609,1,0.864130434782609,0.0978260869565217,0.0108567231034766,4,4,92,TRUE,TRUE,TRUE
3L,CMgam,AGAP011849__SITE04,594,594,1,0.890572390572391,0.996632996632997,0.893939393939394,0.0606060606060606,0.00901539673315402,4,4,297,TRUE,TRUE,TRUE
3L,CIcol,AGAP011849__SITE04,142,142,1,0.929577464788732,1,0.929577464788732,0.0492957746478873,0.0058735758088026,4,4,71,TRUE,TRUE,TRUE
3L,FRgam,AGAP011849__SITE04,48,48,1,0.770833333333333,1,0.770833333333333,0.229166666666667,0.015360809178744,4,4,24,TRUE,TRUE,FALSE
3L,GAgam,AGAP011849__SITE04,138,138,1,0.905797101449275,1,0.905797101449275,0.0507246376811594,0.00780343917518242,4,4,69,TRUE,TRUE,TRUE
3L,GHcol,AGAP011849__SITE04,110,110,1,0.918181818181818,1,0.918181818181818,0.0727272727272727,0.00664750269493352,4,4,55,TRUE,TRUE,TRUE
3L,GHgam,AGAP011849__SITE04,24,24,1,0.916666666666667,1,0.916666666666667,0.0833333333333333,0.00664251207729469,4,4,12,FALSE,TRUE,FALSE
3L,GNgam,AGAP011849__SITE04,80,80,1,0.9125,1,0.9125,0.0375,0.00735054347826087,4,4,40,TRUE,TRUE,TRUE
3L,UGgam,AGAP011849__SITE04,224,224,1,0.861607142857143,1,0.861607142857143,0.0714285714285714,0.0112005739795918,4,4,112,TRUE,TRUE,TRUE
3L,AOcol,AGAP011849__SITE05,156,156,1,0.980769230769231,1,0.980769230769231,0.0192307692307692,0.00164008232570105,3,3,78,TRUE,TRUE,TRUE
3L,BFcol,AGAP011849__SITE05,150,150,1,1,1,1,0,0,3,3,75,TRUE,TRUE,TRUE
3L,BFgam,AGAP011849__SITE05,184,184,1,1,1,1,0,0,3,3,92,TRUE,TRUE,TRUE
3L,CMgam,AGAP011849__SITE05,594,594,1,0.996632996632997,1,0.996632996632997,0.00336700336700337,0.000291797100463474,3,3,297,TRUE,TRUE,TRUE
3L,CIcol,AGAP011849__SITE05,142,142,1,1,1,1,0,0,3,3,71,TRUE,TRUE,TRUE
3L,FRgam,AGAP011849__SITE05,48,48,1,1,1,1,0,0,3,3,24,TRUE,TRUE,FALSE
3L,GAgam,AGAP011849__SITE05,138,138,1,1,1,1,0,0,3,3,69,TRUE,TRUE,TRUE
3L,GHcol,AGAP011849__SITE05,110,110,1,0.990909090909091,1,0.990909090909091,0.00909090909090909,0.000783327344592167,3,3,55,TRUE,TRUE,TRUE
3L,GHgam,AGAP011849__SITE05,24,24,1,1,1,1,0,0,3,3,12,FALSE,TRUE,FALSE
3L,GNgam,AGAP011849__SITE05,80,80,1,1,1,1,0,0,3,3,40,TRUE,TRUE,TRUE
3L,UGgam,AGAP011849__SITE05,224,224,1,1,1,1,0,0,3,3,112,TRUE,TRUE,TRUE
2L,AOcol,AGAP005874__SITE01,156,156,1,0.993589743589744,1,0.993589743589744,0.00641025641025641,0.000553840436783581,3,3,78,TRUE,TRUE,TRUE
2L,BFcol,AGAP005874__SITE01,150,150,1,0.693333333333333,1,0.693333333333333,0.306666666666667,0.0184888888888889,3,3,75,TRUE,TRUE,TRUE
2L,BFgam,AGAP005874__SITE01,184,184,1,0.869565217391304,1,0.869565217391304,0.125,0.00998089093449495,3,3,92,TRUE,TRUE,TRUE
2L,CMgam,AGAP005874__SITE01,594,594,1,0.957912457912458,1,0.957912457912458,0.0404040404040404,0.00351758447205673,3,3,297,TRUE,TRUE,TRUE
2L,CIcol,AGAP005874__SITE01,142,142,1,0.802816901408451,1,0.802816901408451,0.197183098591549,0.013765384714903,3,3,71,TRUE,TRUE,TRUE
2L,FRgam,AGAP005874__SITE01,48,48,1,1,1,1,0,0,3,3,24,TRUE,TRUE,FALSE
2L,GAgam,AGAP005874__SITE01,138,138,1,0.992753623188406,1,0.992753623188406,0.0072463768115942,0.000625553637799878,3,3,69,TRUE,TRUE,TRUE
2L,GHcol,AGAP005874__SITE01,110,110,1,0.736363636363636,1,0.736363636363636,0.254545454545455,0.0172835070068272,3,3,55,TRUE,TRUE,TRUE
2L,GHgam,AGAP005874__SITE01,24,24,1,0.791666666666667,1,0.791666666666667,0.208333333333333,0.0143417874396135,3,3,12,FALSE,TRUE,FALSE
2L,GNgam,AGAP005874__SITE01,80,80,1,0.925,1,0.925,0.075,0.00603260869565218,3,3,40,TRUE,TRUE,TRUE
2L,UGgam,AGAP005874__SITE01,224,224,1,0.950892857142857,1,0.950892857142857,0.0491071428571429,0.00406048968500444,3,3,112,TRUE,TRUE,TRUE
2L,AOcol,AGAP005874__SITE02,156,156,1,1,1,1,0,0,4,4,78,TRUE,TRUE,TRUE
2L,BFcol,AGAP005874__SITE02,150,150,1,1,1,1,0,0,4,4,75,TRUE,TRUE,TRUE
2L,BFgam,AGAP005874__SITE02,184,184,1,0.989130434782609,1,0.989130434782609,0.00543478260869565,0.000940042738555108,4,4,92,TRUE,TRUE,TRUE
2L,CMgam,AGAP005874__SITE02,594,594,1,0.996632996632997,1,0.996632996632997,0.00168350168350168,0.000292290000971014,4,4,297,TRUE,TRUE,TRUE
2L,CIcol,AGAP005874__SITE02,142,142,1,1,1,1,0,0,4,4,71,TRUE,TRUE,TRUE
2L,FRgam,AGAP005874__SITE02,48,48,1,1,1,1,0,0,4,4,24,TRUE,TRUE,FALSE
2L,GAgam,AGAP005874__SITE02,138,138,1,1,1,1,0,0,4,4,69,TRUE,TRUE,TRUE
2L,GHcol,AGAP005874__SITE02,110,110,1,0.981818181818182,1,0.981818181818182,0.00909090909090909,0.00156665468918433,4,4,55,TRUE,TRUE,TRUE
2L,GHgam,AGAP005874__SITE02,24,24,1,1,1,1,0,0,4,4,12,FALSE,TRUE,FALSE
2L,GNgam,AGAP005874__SITE02,80,80,1,0.9875,1,0.9875,0.0125,0.00107336956521739,4,4,40,TRUE,TRUE,TRUE
2L,UGgam,AGAP005874__SITE02,224,224,1,1,1,1,0,0,4,4,112,TRUE,TRUE,TRUE
2L,AOcol,AGAP005874__SITE03,156,156,1,1,1,1,0,0,2,2,78,TRUE,TRUE,TRUE
2L,BFcol,AGAP005874__SITE03,150,150,1,1,1,1,0,0,2,2,75,TRUE,TRUE,TRUE
2L,BFgam,AGAP005874__SITE03,184,184,1,0.994565217391304,1,0.994565217391304,0.00543478260869565,0.000470021369277554,2,2,92,TRUE,TRUE,TRUE
2L,CMgam,AGAP005874__SITE03,594,594,1,1,1,1,0,0,2,2,297,TRUE,TRUE,TRUE
2L,CIcol,AGAP005874__SITE03,142,142,1,1,1,1,0,0,2,2,71,TRUE,TRUE,TRUE
2L,FRgam,AGAP005874__SITE03,48,48,1,1,1,1,0,0,2,2,24,TRUE,TRUE,FALSE
2L,GAgam,AGAP005874__SITE03,138,138,1,1,1,1,0,0,2,2,69,TRUE,TRUE,TRUE
2L,GHcol,AGAP005874__SITE03,110,110,1,1,1,1,0,0,2,2,55,TRUE,TRUE,TRUE
2L,GHgam,AGAP005874__SITE03,24,24,1,1,1,1,0,0,2,2,12,FALSE,TRUE,FALSE
2L,GNgam,AGAP005874__SITE03,80,80,1,1,1,1,0,0,2,2,40,TRUE,TRUE,TRUE
2L,UGgam,AGAP005874__SITE03,224,224,1,1,1,1,0,0,2,2,112,TRUE,TRUE,TRUE
2L,AOcol,AGAP005874__SITE04,156,156,1,0.512820512820513,0.512820512820513,1,0.487179487179487,0.0217248377783495,4,4,78,TRUE,TRUE,TRUE
2L,BFcol,AGAP005874__SITE04,150,150,1,0.0333333333333333,0.0333333333333333,0.986666666666667,0.966666666666667,0.00394589371980676,4,4,75,TRUE,TRUE,TRUE
2L,BFgam,AGAP005874__SITE04,184,184,1,0.119565217391304,0.119565217391304,1,0.880434782608696,0.00915385879838908,4,4,92,TRUE,TRUE,TRUE
2L,CMgam,AGAP005874__SITE04,594,594,1,0.666666666666667,0.67003367003367,0.996632996632997,0.32996632996633,0.0195168884965401,4,4,297,TRUE,TRUE,TRUE
2L,CIcol,AGAP005874__SITE04,142,142,1,0.507042253521127,0.507042253521127,1,0.492957746478873,0.0217348179708995,4,4,71,TRUE,TRUE,TRUE
2L,FRgam,AGAP005874__SITE04,48,48,1,0.708333333333333,0.708333333333333,1,0.291666666666667,0.0179649758454106,4,4,24,TRUE,TRUE,FALSE
2L,GAgam,AGAP005874__SITE04,138,138,1,0.956521739130435,0.956521739130435,1,0.0434782608695652,0.00361633927837594,4,4,69,TRUE,TRUE,TRUE
2L,GHcol,AGAP005874__SITE04,110,110,1,0.518181818181818,0.518181818181818,1,0.481818181818182,0.0217103844771829,4,4,55,TRUE,TRUE,TRUE
2L,GHgam,AGAP005874__SITE04,24,24,1,0.416666666666667,0.416666666666667,1,0.583333333333333,0.0211352657004831,4,4,12,FALSE,TRUE,FALSE
2L,GNgam,AGAP005874__SITE04,80,80,1,0.65,0.6625,0.9875,0.3375,0.0205163043478261,4,4,40,TRUE,TRUE,TRUE
2L,UGgam,AGAP005874__SITE04,224,224,1,0.366071428571429,0.366071428571429,1,0.633928571428571,0.0201794032830524,4,4,112,TRUE,TRUE,TRUE
2L,AOcol,AGAP005874__SITE05,156,156,1,0.57051282051282,1,0.57051282051282,0.243589743589744,0.0291820312723323,5,5,78,TRUE,TRUE,TRUE
2L,BFcol,AGAP005874__SITE05,150,150,1,0.873333333333333,1,0.873333333333333,0.12,0.00975845410628019,5,5,75,TRUE,TRUE,TRUE
2L,BFgam,AGAP005874__SITE05,184,184,1,0.853260869565217,1,0.853260869565217,0.125,0.01137554450563,5,5,92,TRUE,TRUE,TRUE
2L,CMgam,AGAP005874__SITE05,594,594,1,0.808080808080808,1,0.808080808080808,0.143097643097643,0.0150063559520447,5,5,297,TRUE,TRUE,TRUE
2L,CIcol,AGAP005874__SITE05,142,142,1,0.894366197183099,1,0.894366197183099,0.105633802816901,0.00821524369733404,5,5,71,TRUE,TRUE,TRUE
2L,FRgam,AGAP005874__SITE05,48,48,1,0.395833333333333,1,0.395833333333333,0.604166666666667,0.0207955917874396,5,5,24,TRUE,TRUE,FALSE
2L,GAgam,AGAP005874__SITE05,138,138,1,0.695652173913044,1,0.695652173913044,0.304347826086957,0.0202597189118106,5,5,69,TRUE,TRUE,TRUE
2L,GHcol,AGAP005874__SITE05,110,110,1,0.927272727272727,1,0.927272727272727,0.0454545454545455,0.0060797700323392,5,5,55,TRUE,TRUE,TRUE
2L,GHgam,AGAP005874__SITE05,24,24,1,0.666666666666667,1,0.666666666666667,0.166666666666667,0.0307971014492754,5,5,12,FALSE,TRUE,FALSE
2L,GNgam,AGAP005874__SITE05,80,80,1,0.825,1,0.825,0.1,0.0138586956521739,5,5,40,TRUE,TRUE,TRUE
2L,UGgam,AGAP005874__SITE05,224,224,1,0.848214285714286,1,0.848214285714286,0.0848214285714286,0.013001192324756,5,5,112,TRUE,TRUE,TRUE
3L,AOcol,AGAP010380__SITE01,156,156,1,1,1,1,0,0,1,1,78,TRUE,TRUE,TRUE
3L,BFcol,AGAP010380__SITE01,150,150,1,1,1,1,0,0,1,1,75,TRUE,TRUE,TRUE
3L,BFgam,AGAP010380__SITE01,184,184,1,1,1,1,0,0,1,1,92,TRUE,TRUE,TRUE
3L,CMgam,AGAP010380__SITE01,594,594,1,1,1,1,0,0,1,1,297,TRUE,TRUE,TRUE
3L,CIcol,AGAP010380__SITE01,142,142,1,1,1,1,0,0,1,1,71,TRUE,TRUE,TRUE
3L,FRgam,AGAP010380__SITE01,48,48,1,1,1,1,0,0,1,1,24,TRUE,TRUE,FALSE
3L,GAgam,AGAP010380__SITE01,138,138,1,1,1,1,0,0,1,1,69,TRUE,TRUE,TRUE
3L,GHcol,AGAP010380__SITE01,110,110,1,1,1,1,0,0,1,1,55,TRUE,TRUE,TRUE
3L,GHgam,AGAP010380__SITE01,24,24,1,1,1,1,0,0,1,1,12,FALSE,TRUE,FALSE
3L,GNgam,AGAP010380__SITE01,80,80,1,1,1,1,0,0,1,1,40,TRUE,TRUE,TRUE
3L,UGgam,AGAP010380__SITE01,224,224,1,1,1,1,0,0,1,1,112,TRUE,TRUE,TRUE
3L,AOcol,AGAP010380__SITE02,156,156,1,1,1,1,0,0,0,0,78,TRUE,TRUE,TRUE
3L,BFcol,AGAP010380__SITE02,150,150,1,1,1,1,0,0,0,0,75,TRUE,TRUE,TRUE
3L,BFgam,AGAP010380__SITE02,184,184,1,1,1,1,0,0,0,0,92,TRUE,TRUE,TRUE
3L,CMgam,AGAP010380__SITE02,594,594,1,1,1,1,0,0,0,0,297,TRUE,TRUE,TRUE
3L,CIcol,AGAP010380__SITE02,142,142,1,1,1,1,0,0,0,0,71,TRUE,TRUE,TRUE
3L,FRgam,AGAP010380__SITE02,48,48,1,1,1,1,0,0,0,0,24,TRUE,TRUE,FALSE
3L,GAgam,AGAP010380__SITE02,138,138,1,1,1,1,0,0,0,0,69,TRUE,TRUE,TRUE
3L,GHcol,AGAP010380__SITE02,110,110,1,1,1,1,0,0,0,0,55,TRUE,TRUE,TRUE
3L,GHgam,AGAP010380__SITE02,24,24,1,1,1,1,0,0,0,0,12,FALSE,TRUE,FALSE
3L,GNgam,AGAP010380__SITE02,80,80,1,1,1,1,0,0,0,0,40,TRUE,TRUE,TRUE
3L,UGgam,AGAP010380__SITE02,224,224,1,1,1,1,0,0,0,0,112,TRUE,TRUE,TRUE
3L,AOcol,AGAP010380__SITE03,156,156,1,0.743589743589744,0.974358974358974,0.743589743589744,0.256410256410256,0.0187519652402596,3,3,78,TRUE,TRUE,TRUE
3L,BFcol,AGAP010380__SITE03,150,150,1,1,1,1,0,0,3,3,75,TRUE,TRUE,TRUE
3L,BFgam,AGAP010380__SITE03,184,184,1,0.989130434782609,1,0.989130434782609,0.0108695652173913,0.000934905892989233,3,3,92,TRUE,TRUE,TRUE
3L,CMgam,AGAP010380__SITE03,594,594,1,0.996632996632997,1,0.996632996632997,0.00336700336700337,0.000291797100463474,3,3,297,TRUE,TRUE,TRUE
3L,CIcol,AGAP010380__SITE03,142,142,1,1,1,1,0,0,3,3,71,TRUE,TRUE,TRUE
3L,FRgam,AGAP010380__SITE03,48,48,1,1,1,1,0,0,3,3,24,TRUE,TRUE,FALSE
3L,GAgam,AGAP010380__SITE03,138,138,1,0.985507246376812,1,0.985507246376812,0.0144927536231884,0.00124197510570487,3,3,69,TRUE,TRUE,TRUE
3L,GHcol,AGAP010380__SITE03,110,110,1,1,1,1,0,0,3,3,55,TRUE,TRUE,TRUE
3L,GHgam,AGAP010380__SITE03,24,24,1,1,1,1,0,0,3,3,12,FALSE,TRUE,FALSE
3L,GNgam,AGAP010380__SITE03,80,80,1,0.9875,1,0.9875,0.0125,0.00107336956521739,3,3,40,TRUE,TRUE,TRUE
3L,UGgam,AGAP010380__SITE03,224,224,1,0.955357142857143,1,0.955357142857143,0.0446428571428571,0.00370868456078083,3,3,112,TRUE,TRUE,TRUE
3L,AOcol,AGAP010380__SITE04,156,156,1,0.91025641025641,1,0.91025641025641,0.0897435897435897,0.00710345024726296,3,3,78,TRUE,TRUE,TRUE
3L,BFcol,AGAP010380__SITE04,150,150,1,0.993333333333333,0.993333333333333,1,0.00666666666666667,0.000575845410628019,3,3,75,TRUE,TRUE,TRUE
3L,BFgam,AGAP010380__SITE04,184,184,1,1,1,1,0,0,3,3,92,TRUE,TRUE,TRUE
3L,CMgam,AGAP010380__SITE04,594,594,1,0.996632996632997,1,0.996632996632997,0.00336700336700337,0.000291797100463474,3,3,297,TRUE,TRUE,TRUE
3L,CIcol,AGAP010380__SITE04,142,142,1,1,1,1,0,0,3,3,71,TRUE,TRUE,TRUE
3L,FRgam,AGAP010380__SITE04,48,48,1,1,1,1,0,0,3,3,24,TRUE,TRUE,FALSE
3L,GAgam,AGAP010380__SITE04,138,138,1,1,1,1,0,0,3,3,69,TRUE,TRUE,TRUE
3L,GHcol,AGAP010380__SITE04,110,110,1,1,1,1,0,0,3,3,55,TRUE,TRUE,TRUE
3L,GHgam,AGAP010380__SITE04,24,24,1,1,1,1,0,0,3,3,12,FALSE,TRUE,FALSE
3L,GNgam,AGAP010380__SITE04,80,80,1,1,1,1,0,0,3,3,40,TRUE,TRUE,TRUE
3L,UGgam,AGAP010380__SITE04,224,224,1,1,1,1,0,0,3,3,112,TRUE,TRUE,TRUE
3L,AOcol,AGAP010380__SITE05,156,156,1,0,1,0,1,0,4,4,78,TRUE,TRUE,TRUE
3L,BFcol,AGAP010380__SITE05,150,150,1,0.0266666666666667,0.993333333333333,0.0266666666666667,0.973333333333333,0.00283285024154589,4,4,75,TRUE,TRUE,TRUE
3L,BFgam,AGAP010380__SITE05,184,184,1,0.445652173913043,1,0.445652173913043,0.554347826086957,0.0224171940494781,4,4,92,TRUE,TRUE,TRUE
3L,CMgam,AGAP010380__SITE05,594,594,1,0.466329966329966,1,0.466329966329966,0.533670033670034,0.023225964815776,4,4,297,TRUE,TRUE,TRUE
3L,CIcol,AGAP010380__SITE05,142,142,1,0,1,0,1,0,4,4,71,TRUE,TRUE,TRUE
3L,FRgam,AGAP010380__SITE05,48,48,1,0.125,1,0.125,0.875,0.0288345410628019,4,4,24,TRUE,TRUE,FALSE
3L,GAgam,AGAP010380__SITE05,138,138,1,0.623188405797102,1,0.623188405797102,0.376811594202899,0.0204195318849712,4,4,69,TRUE,TRUE,TRUE
3L,GHcol,AGAP010380__SITE05,110,110,1,0,1,0,1,0,4,4,55,TRUE,TRUE,TRUE
3L,GHgam,AGAP010380__SITE05,24,24,1,0.5,1,0.5,0.5,0.0217391304347826,4,4,12,FALSE,TRUE,FALSE
3L,GNgam,AGAP010380__SITE05,80,80,1,0.4875,1,0.4875,0.5125,0.0217255434782609,4,4,40,TRUE,TRUE,TRUE
3L,UGgam,AGAP010380__SITE05,224,224,1,0.308035714285714,1,0.308035714285714,0.691964285714286,0.0185347576530612,4,4,112,TRUE,TRUE,TRUE
2R,AOcol,AGAP004467__SITE01,156,156,1,0.948717948717949,0.948717948717949,1,0.0512820512820513,0.0042306263042049,2,2,78,TRUE,TRUE,TRUE
2R,BFcol,AGAP004467__SITE01,150,150,1,0.98,1,0.98,0.02,0.00170434782608696,2,2,75,TRUE,TRUE,TRUE
2R,BFgam,AGAP004467__SITE01,184,184,1,0.983695652173913,1,0.983695652173913,0.016304347826087,0.00139465357113504,2,2,92,TRUE,TRUE,TRUE
2R,CMgam,AGAP004467__SITE01,594,594,1,0.994949494949495,1,0.994949494949495,0.00505050505050505,0.000436956299933902,2,2,297,TRUE,TRUE,TRUE
2R,CIcol,AGAP004467__SITE01,142,142,1,1,1,1,0,0,2,2,71,TRUE,TRUE,TRUE
2R,FRgam,AGAP004467__SITE01,48,48,1,1,1,1,0,0,2,2,24,TRUE,TRUE,FALSE
2R,GAgam,AGAP004467__SITE01,138,138,1,1,1,1,0,0,2,2,69,TRUE,TRUE,TRUE
2R,GHcol,AGAP004467__SITE01,110,110,1,1,1,1,0,0,2,2,55,TRUE,TRUE,TRUE
2R,GHgam,AGAP004467__SITE01,24,24,1,1,1,1,0,0,2,2,12,FALSE,TRUE,FALSE
2R,GNgam,AGAP004467__SITE01,80,80,1,0.9375,1,0.9375,0.0625,0.00509510869565217,2,2,40,TRUE,TRUE,TRUE
2R,UGgam,AGAP004467__SITE01,224,224,1,1,1,1,0,0,2,2,112,TRUE,TRUE,TRUE
2R,AOcol,AGAP004467__SITE02,156,156,1,0.92948717948718,1,0.92948717948718,0.0705128205128205,0.00569919675270846,9,9,78,TRUE,TRUE,TRUE
2R,BFcol,AGAP004467__SITE02,150,150,1,0.86,1,0.86,0.126666666666667,0.0113468599033816,9,9,75,TRUE,TRUE,TRUE
2R,BFgam,AGAP004467__SITE02,184,184,1,0.983695652173913,1,0.983695652173913,0.016304347826087,0.00139465357113504,9,9,92,TRUE,TRUE,TRUE
2R,CMgam,AGAP004467__SITE02,594,594,1,0.838383838383838,1,0.838383838383838,0.154882154882155,0.0119661456215401,9,9,297,TRUE,TRUE,TRUE
2R,CIcol,AGAP004467__SITE02,142,142,1,0.845070422535211,1,0.845070422535211,0.119718309859155,0.0121180235115531,9,9,71,TRUE,TRUE,TRUE
2R,FRgam,AGAP004467__SITE02,48,48,1,0.916666666666667,0.916666666666667,1,0.0833333333333333,0.00664251207729469,9,9,24,TRUE,TRUE,FALSE
2R,GAgam,AGAP004467__SITE02,138,138,1,0.72463768115942,1,0.72463768115942,0.231884057971015,0.0191044994201072,9,9,69,TRUE,TRUE,TRUE
2R,GHcol,AGAP004467__SITE02,110,110,1,0.881818181818182,1,0.881818181818182,0.118181818181818,0.00906216313330938,9,9,55,TRUE,TRUE,TRUE
2R,GHgam,AGAP004467__SITE02,24,24,1,1,1,1,0,0,9,9,12,FALSE,TRUE,FALSE
2R,GNgam,AGAP004467__SITE02,80,80,1,0.9625,1,0.9625,0.0375,0.00313858695652174,9,9,40,TRUE,TRUE,TRUE
2R,UGgam,AGAP004467__SITE02,224,224,1,0.96875,1,0.96875,0.03125,0.00263247282608696,9,9,112,TRUE,TRUE,TRUE
2R,AOcol,AGAP004467__SITE03,156,156,1,0.92948717948718,1,0.92948717948718,0.0705128205128205,0.00569919675270846,10,10,78,TRUE,TRUE,TRUE
2R,BFcol,AGAP004467__SITE03,150,150,1,0.86,1,0.86,0.126666666666667,0.0113468599033816,10,10,75,TRUE,TRUE,TRUE
2R,BFgam,AGAP004467__SITE03,184,184,1,0.983695652173913,1,0.983695652173913,0.016304347826087,0.00139465357113504,10,10,92,TRUE,TRUE,TRUE
2R,CMgam,AGAP004467__SITE03,594,594,1,0.838383838383838,0.998316498316498,0.84006734006734,0.154882154882155,0.0119661456215401,10,10,297,TRUE,TRUE,TRUE
2R,CIcol,AGAP004467__SITE03,142,142,1,0.845070422535211,1,0.845070422535211,0.119718309859155,0.0121180235115531,10,10,71,TRUE,TRUE,TRUE
2R,FRgam,AGAP004467__SITE03,48,48,1,0.916666666666667,1,0.916666666666667,0.0833333333333333,0.00664251207729469,10,10,24,TRUE,TRUE,FALSE
2R,GAgam,AGAP004467__SITE03,138,138,1,0.72463768115942,1,0.72463768115942,0.231884057971015,0.0191044994201072,10,10,69,TRUE,TRUE,TRUE
2R,GHcol,AGAP004467__SITE03,110,110,1,0.881818181818182,1,0.881818181818182,0.118181818181818,0.00906216313330938,10,10,55,TRUE,TRUE,TRUE
2R,GHgam,AGAP004467__SITE03,24,24,1,1,1,1,0,0,10,10,12,FALSE,TRUE,FALSE
2R,GNgam,AGAP004467__SITE03,80,80,1,0.9625,1,0.9625,0.0375,0.00313858695652174,10,10,40,TRUE,TRUE,TRUE
2R,UGgam,AGAP004467__SITE03,224,224,1,0.96875,1,0.96875,0.03125,0.00263247282608696,10,10,112,TRUE,TRUE,TRUE
2R,AOcol,AGAP004467__SITE04,156,156,1,0.717948717948718,1,0.717948717948718,0.282051282051282,0.0176085527256096,4,4,78,TRUE,TRUE,TRUE
2R,BFcol,AGAP004467__SITE04,150,150,1,0.98,1,0.98,0.02,0.00170434782608696,4,4,75,TRUE,TRUE,TRUE
2R,BFgam,AGAP004467__SITE04,184,184,1,0.994565217391304,1,0.994565217391304,0.00543478260869565,0.000470021369277554,4,4,92,TRUE,TRUE,TRUE
2R,CMgam,AGAP004467__SITE04,594,594,1,0.994949494949495,1,0.994949494949495,0.00505050505050505,0.000436956299933902,4,4,297,TRUE,TRUE,TRUE
2R,CIcol,AGAP004467__SITE04,142,142,1,0.992957746478873,1,0.992957746478873,0.00704225352112676,0.000608057407519212,4,4,71,TRUE,TRUE,TRUE
2R,FRgam,AGAP004467__SITE04,48,48,1,0.958333333333333,1,0.958333333333333,0.0416666666666667,0.00347222222222222,4,4,24,TRUE,TRUE,FALSE
2R,GAgam,AGAP004467__SITE04,138,138,1,0.985507246376812,1,0.985507246376812,0.0144927536231884,0.00124197510570487,4,4,69,TRUE,TRUE,TRUE
2R,GHcol,AGAP004467__SITE04,110,110,1,0.990909090909091,1,0.990909090909091,0.00909090909090909,0.000783327344592167,4,4,55,TRUE,TRUE,TRUE
2R,GHgam,AGAP004467__SITE04,24,24,1,1,1,1,0,0,4,4,12,FALSE,TRUE,FALSE
2R,GNgam,AGAP004467__SITE04,80,80,1,1,1,1,0,0,4,4,40,TRUE,TRUE,TRUE
2R,UGgam,AGAP004467__SITE04,224,224,1,0.977678571428571,1,0.977678571428571,0.0133928571428571,0.00191846439662822,4,4,112,TRUE,TRUE,TRUE
2R,AOcol,AGAP004467__SITE05,156,156,1,0.717948717948718,1,0.717948717948718,0.282051282051282,0.0176085527256096,2,2,78,TRUE,TRUE,TRUE
2R,BFcol,AGAP004467__SITE05,150,150,1,1,1,1,0,0,2,2,75,TRUE,TRUE,TRUE
2R,BFgam,AGAP004467__SITE05,184,184,1,0.994565217391304,1,0.994565217391304,0.00543478260869565,0.000470021369277554,2,2,92,TRUE,TRUE,TRUE
2R,CMgam,AGAP004467__SITE05,594,594,1,0.994949494949495,1,0.994949494949495,0.00505050505050505,0.000436956299933902,2,2,297,TRUE,TRUE,TRUE
2R,CIcol,AGAP004467__SITE05,142,142,1,1,1,1,0,0,2,2,71,TRUE,TRUE,TRUE
2R,FRgam,AGAP004467__SITE05,48,48,1,0.958333333333333,1,0.958333333333333,0.0416666666666667,0.00347222222222222,2,2,24,TRUE,TRUE,FALSE
2R,GAgam,AGAP004467__SITE05,138,138,1,0.985507246376812,1,0.985507246376812,0.0144927536231884,0.00124197510570487,2,2,69,TRUE,TRUE,TRUE
2R,GHcol,AGAP004467__SITE05,110,110,1,1,1,1,0,0,2,2,55,TRUE,TRUE,TRUE
2R,GHgam,AGAP004467__SITE05,24,24,1,1,1,1,0,0,2,2,12,FALSE,TRUE,FALSE
2R,GNgam,AGAP004467__SITE05,80,80,1,1,1,1,0,0,2,2,40,TRUE,TRUE,TRUE
2R,UGgam,AGAP004467__SITE05,224,224,1,0.977678571428571,1,0.977678571428571,0.0133928571428571,0.00191846439662822,2,2,112,TRUE,TRUE,TRUE
2L,AOcol,AGAP004685__SITE01,156,156,1,1,1,1,0,0,0,0,78,TRUE,TRUE,TRUE
2L,BFcol,AGAP004685__SITE01,150,150,1,1,1,1,0,0,0,0,75,TRUE,TRUE,TRUE
2L,BFgam,AGAP004685__SITE01,184,184,1,1,1,1,0,0,0,0,92,TRUE,TRUE,TRUE
2L,CMgam,AGAP004685__SITE01,594,594,1,1,1,1,0,0,0,0,297,TRUE,TRUE,TRUE
2L,CIcol,AGAP004685__SITE01,142,142,1,1,1,1,0,0,0,0,71,TRUE,TRUE,TRUE
2L,FRgam,AGAP004685__SITE01,48,48,1,1,1,1,0,0,0,0,24,TRUE,TRUE,FALSE
2L,GAgam,AGAP004685__SITE01,138,138,1,1,1,1,0,0,0,0,69,TRUE,TRUE,TRUE
2L,GHcol,AGAP004685__SITE01,110,110,1,1,1,1,0,0,0,0,55,TRUE,TRUE,TRUE
2L,GHgam,AGAP004685__SITE01,24,24,1,1,1,1,0,0,0,0,12,FALSE,TRUE,FALSE
2L,GNgam,AGAP004685__SITE01,80,80,1,1,1,1,0,0,0,0,40,TRUE,TRUE,TRUE
2L,UGgam,AGAP004685__SITE01,224,224,1,1,1,1,0,0,0,0,112,TRUE,TRUE,TRUE
2L,AOcol,AGAP004685__SITE02,156,156,1,1,1,1,0,0,0,0,78,TRUE,TRUE,TRUE
2L,BFcol,AGAP004685__SITE02,150,150,1,1,1,1,0,0,0,0,75,TRUE,TRUE,TRUE
2L,BFgam,AGAP004685__SITE02,184,184,1,1,1,1,0,0,0,0,92,TRUE,TRUE,TRUE
2L,CMgam,AGAP004685__SITE02,594,594,1,1,1,1,0,0,0,0,297,TRUE,TRUE,TRUE
2L,CIcol,AGAP004685__SITE02,142,142,1,1,1,1,0,0,0,0,71,TRUE,TRUE,TRUE
2L,FRgam,AGAP004685__SITE02,48,48,1,1,1,1,0,0,0,0,24,TRUE,TRUE,FALSE
2L,GAgam,AGAP004685__SITE02,138,138,1,1,1,1,0,0,0,0,69,TRUE,TRUE,TRUE
2L,GHcol,AGAP004685__SITE02,110,110,1,1,1,1,0,0,0,0,55,TRUE,TRUE,TRUE
2L,GHgam,AGAP004685__SITE02,24,24,1,1,1,1,0,0,0,0,12,FALSE,TRUE,FALSE
2L,GNgam,AGAP004685__SITE02,80,80,1,1,1,1,0,0,0,0,40,TRUE,TRUE,TRUE
2L,UGgam,AGAP004685__SITE02,224,224,1,1,1,1,0,0,0,0,112,TRUE,TRUE,TRUE
2L,AOcol,AGAP004685__SITE03,156,156,1,1,1,1,0,0,0,0,78,TRUE,TRUE,TRUE
2L,BFcol,AGAP004685__SITE03,150,150,1,1,1,1,0,0,0,0,75,TRUE,TRUE,TRUE
2L,BFgam,AGAP004685__SITE03,184,184,1,1,1,1,0,0,0,0,92,TRUE,TRUE,TRUE
2L,CMgam,AGAP004685__SITE03,594,594,1,1,1,1,0,0,0,0,297,TRUE,TRUE,TRUE
2L,CIcol,AGAP004685__SITE03,142,142,1,1,1,1,0,0,0,0,71,TRUE,TRUE,TRUE
2L,FRgam,AGAP004685__SITE03,48,48,1,1,1,1,0,0,0,0,24,TRUE,TRUE,FALSE
2L,GAgam,AGAP004685__SITE03,138,138,1,1,1,1,0,0,0,0,69,TRUE,TRUE,TRUE
2L,GHcol,AGAP004685__SITE03,110,110,1,1,1,1,0,0,0,0,55,TRUE,TRUE,TRUE
2L,GHgam,AGAP004685__SITE03,24,24,1,1,1,1,0,0,0,0,12,FALSE,TRUE,FALSE
2L,GNgam,AGAP004685__SITE03,80,80,1,1,1,1,0,0,0,0,40,TRUE,TRUE,TRUE
2L,UGgam,AGAP004685__SITE03,224,224,1,1,1,1,0,0,0,0,112,TRUE,TRUE,TRUE
2L,AOcol,AGAP004685__SITE04,156,156,1,1,1,1,0,0,0,0,78,TRUE,TRUE,TRUE
2L,BFcol,AGAP004685__SITE04,150,150,1,1,1,1,0,0,0,0,75,TRUE,TRUE,TRUE
2L,BFgam,AGAP004685__SITE04,184,184,1,1,1,1,0,0,0,0,92,TRUE,TRUE,TRUE
2L,CMgam,AGAP004685__SITE04,594,594,1,1,1,1,0,0,0,0,297,TRUE,TRUE,TRUE
2L,CIcol,AGAP004685__SITE04,142,142,1,1,1,1,0,0,0,0,71,TRUE,TRUE,TRUE
2L,FRgam,AGAP004685__SITE04,48,48,1,1,1,1,0,0,0,0,24,TRUE,TRUE,FALSE
2L,GAgam,AGAP004685__SITE04,138,138,1,1,1,1,0,0,0,0,69,TRUE,TRUE,TRUE
2L,GHcol,AGAP004685__SITE04,110,110,1,1,1,1,0,0,0,0,55,TRUE,TRUE,TRUE
2L,GHgam,AGAP004685__SITE04,24,24,1,1,1,1,0,0,0,0,12,FALSE,TRUE,FALSE
2L,GNgam,AGAP004685__SITE04,80,80,1,1,1,1,0,0,0,0,40,TRUE,TRUE,TRUE
2L,UGgam,AGAP004685__SITE04,224,224,1,1,1,1,0,0,0,0,112,TRUE,TRUE,TRUE
2L,AOcol,AGAP004685__SITE05,156,156,1,1,1,1,0,0,1,1,78,TRUE,TRUE,TRUE
2L,BFcol,AGAP004685__SITE05,150,150,1,1,1,1,0,0,1,1,75,TRUE,TRUE,TRUE
2L,BFgam,AGAP004685__SITE05,184,184,1,1,1,1,0,0,1,1,92,TRUE,TRUE,TRUE
2L,CMgam,AGAP004685__SITE05,594,594,1,1,1,1,0,0,1,1,297,TRUE,TRUE,TRUE
2L,CIcol,AGAP004685__SITE05,142,142,1,1,1,1,0,0,1,1,71,TRUE,TRUE,TRUE
2L,FRgam,AGAP004685__SITE05,48,48,1,1,1,1,0,0,1,1,24,TRUE,TRUE,FALSE
2L,GAgam,AGAP004685__SITE05,138,138,1,1,1,1,0,0,1,1,69,TRUE,TRUE,TRUE
2L,GHcol,AGAP004685__SITE05,110,110,1,1,1,1,0,0,1,1,55,TRUE,TRUE,TRUE
2L,GHgam,AGAP004685__SITE05,24,24,1,0.958333333333333,1,0.958333333333333,0.0416666666666667,0.00347222222222222,1,1,12,FALSE,TRUE,FALSE
2L,GNgam,AGAP004685__SITE05,80,80,1,1,1,1,0,0,1,1,40,TRUE,TRUE,TRUE
2L,UGgam,AGAP004685__SITE05,224,224,1,1,1,1,0,0,1,1,112,TRUE,TRUE,TRUE
2R,AOcol,AGAP004502__SITE01,156,156,1,1,1,1,0,0,3,3,78,TRUE,TRUE,TRUE
2R,BFcol,AGAP004502__SITE01,150,150,1,1,1,1,0,0,3,3,75,TRUE,TRUE,TRUE
2R,BFgam,AGAP004502__SITE01,184,184,1,0.989130434782609,1,0.989130434782609,0.0108695652173913,0.000934905892989233,3,3,92,TRUE,TRUE,TRUE
2R,CMgam,AGAP004502__SITE01,594,594,1,0.998316498316498,1,0.998316498316498,0.00168350168350168,0.000146145000485507,3,3,297,TRUE,TRUE,TRUE
2R,CIcol,AGAP004502__SITE01,142,142,1,0.992957746478873,1,0.992957746478873,0.00704225352112676,0.000608057407519212,3,3,71,TRUE,TRUE,TRUE
2R,FRgam,AGAP004502__SITE01,48,48,1,1,1,1,0,0,3,3,24,TRUE,TRUE,FALSE
2R,GAgam,AGAP004502__SITE01,138,138,1,1,1,1,0,0,3,3,69,TRUE,TRUE,TRUE
2R,GHcol,AGAP004502__SITE01,110,110,1,1,1,1,0,0,3,3,55,TRUE,TRUE,TRUE
2R,GHgam,AGAP004502__SITE01,24,24,1,0.958333333333333,1,0.958333333333333,0.0416666666666667,0.00347222222222222,3,3,12,FALSE,TRUE,FALSE
2R,GNgam,AGAP004502__SITE01,80,80,1,1,1,1,0,0,3,3,40,TRUE,TRUE,TRUE
2R,UGgam,AGAP004502__SITE01,224,224,1,1,1,1,0,0,3,3,112,TRUE,TRUE,TRUE
2R,AOcol,AGAP004502__SITE02,156,156,1,1,1,1,0,0,1,1,78,TRUE,TRUE,TRUE
2R,BFcol,AGAP004502__SITE02,150,150,1,1,1,1,0,0,1,1,75,TRUE,TRUE,TRUE
2R,BFgam,AGAP004502__SITE02,184,184,1,1,1,1,0,0,1,1,92,TRUE,TRUE,TRUE
2R,CMgam,AGAP004502__SITE02,594,594,1,1,1,1,0,0,1,1,297,TRUE,TRUE,TRUE
2R,CIcol,AGAP004502__SITE02,142,142,1,1,1,1,0,0,1,1,71,TRUE,TRUE,TRUE
2R,FRgam,AGAP004502__SITE02,48,48,1,1,1,1,0,0,1,1,24,TRUE,TRUE,FALSE
2R,GAgam,AGAP004502__SITE02,138,138,1,1,1,1,0,0,1,1,69,TRUE,TRUE,TRUE
2R,GHcol,AGAP004502__SITE02,110,110,1,1,1,1,0,0,1,1,55,TRUE,TRUE,TRUE
2R,GHgam,AGAP004502__SITE02,24,24,1,1,1,1,0,0,1,1,12,FALSE,TRUE,FALSE
2R,GNgam,AGAP004502__SITE02,80,80,1,1,1,1,0,0,1,1,40,TRUE,TRUE,TRUE
2R,UGgam,AGAP004502__SITE02,224,224,1,1,1,1,0,0,1,1,112,TRUE,TRUE,TRUE
2R,AOcol,AGAP004502__SITE03,156,156,1,1,1,1,0,0,3,3,78,TRUE,TRUE,TRUE
2R,BFcol,AGAP004502__SITE03,150,150,1,0.993333333333333,0.993333333333333,1,0.00666666666666667,0.000575845410628019,3,3,75,TRUE,TRUE,TRUE
2R,BFgam,AGAP004502__SITE03,184,184,1,0.994565217391304,1,0.994565217391304,0.00543478260869565,0.000470021369277554,3,3,92,TRUE,TRUE,TRUE
2R,CMgam,AGAP004502__SITE03,594,594,1,1,1,1,0,0,3,3,297,TRUE,TRUE,TRUE
2R,CIcol,AGAP004502__SITE03,142,142,1,0.971830985915493,0.971830985915493,1,0.028169014084507,0.00238048006347947,3,3,71,TRUE,TRUE,TRUE
2R,FRgam,AGAP004502__SITE03,48,48,1,1,1,1,0,0,3,3,24,TRUE,TRUE,FALSE
2R,GAgam,AGAP004502__SITE03,138,138,1,0.86231884057971,1,0.86231884057971,0.13768115942029,0.0103239180661717,3,3,69,TRUE,TRUE,TRUE
2R,GHcol,AGAP004502__SITE03,110,110,1,0.963636363636364,0.972727272727273,0.990909090909091,0.0272727272727273,0.0030901904419691,3,3,55,TRUE,TRUE,TRUE
2R,GHgam,AGAP004502__SITE03,24,24,1,1,1,1,0,0,3,3,12,FALSE,TRUE,FALSE
2R,GNgam,AGAP004502__SITE03,80,80,1,1,1,1,0,0,3,3,40,TRUE,TRUE,TRUE
2R,UGgam,AGAP004502__SITE03,224,224,1,1,1,1,0,0,3,3,112,TRUE,TRUE,TRUE
2R,AOcol,AGAP004502__SITE04,156,156,1,1,1,1,0,0,1,1,78,TRUE,TRUE,TRUE
2R,BFcol,AGAP004502__SITE04,150,150,1,1,1,1,0,0,1,1,75,TRUE,TRUE,TRUE
2R,BFgam,AGAP004502__SITE04,184,184,1,1,1,1,0,0,1,1,92,TRUE,TRUE,TRUE
2R,CMgam,AGAP004502__SITE04,594,594,1,1,1,1,0,0,1,1,297,TRUE,TRUE,TRUE
2R,CIcol,AGAP004502__SITE04,142,142,1,1,1,1,0,0,1,1,71,TRUE,TRUE,TRUE
2R,FRgam,AGAP004502__SITE04,48,48,1,1,1,1,0,0,1,1,24,TRUE,TRUE,FALSE
2R,GAgam,AGAP004502__SITE04,138,138,1,1,1,1,0,0,1,1,69,TRUE,TRUE,TRUE
2R,GHcol,AGAP004502__SITE04,110,110,1,1,1,1,0,0,1,1,55,TRUE,TRUE,TRUE
2R,GHgam,AGAP004502__SITE04,24,24,1,1,1,1,0,0,1,1,12,FALSE,TRUE,FALSE
2R,GNgam,AGAP004502__SITE04,80,80,1,1,1,1,0,0,1,1,40,TRUE,TRUE,TRUE
2R,UGgam,AGAP004502__SITE04,224,224,1,0.995535714285714,1,0.995535714285714,0.00446428571428571,0.000386465727595386,1,1,112,TRUE,TRUE,TRUE
2R,AOcol,AGAP004502__SITE05,156,156,1,0.935897435897436,1,0.935897435897436,0.0641025641025641,0.0052168195980905,1,1,78,TRUE,TRUE,TRUE
2R,BFcol,AGAP004502__SITE05,150,150,1,1,1,1,0,0,1,1,75,TRUE,TRUE,TRUE
2R,BFgam,AGAP004502__SITE05,184,184,1,1,1,1,0,0,1,1,92,TRUE,TRUE,TRUE
2R,CMgam,AGAP004502__SITE05,594,594,1,1,1,1,0,0,1,1,297,TRUE,TRUE,TRUE
2R,CIcol,AGAP004502__SITE05,142,142,1,1,1,1,0,0,1,1,71,TRUE,TRUE,TRUE
2R,FRgam,AGAP004502__SITE05,48,48,1,1,1,1,0,0,1,1,24,TRUE,TRUE,FALSE
2R,GAgam,AGAP004502__SITE05,138,138,1,1,1,1,0,0,1,1,69,TRUE,TRUE,TRUE
2R,GHcol,AGAP004502__SITE05,110,110,1,1,1,1,0,0,1,1,55,TRUE,TRUE,TRUE
2R,GHgam,AGAP004502__SITE05,24,24,1,1,1,1,0,0,1,1,12,FALSE,TRUE,FALSE
2R,GNgam,AGAP004502__SITE05,80,80,1,1,1,1,0,0,1,1,40,TRUE,TRUE,TRUE
2R,UGgam,AGAP004502__SITE05,224,224,1,1,1,1,0,0,1,1,112,TRUE,TRUE,TRUE
2L,AOcol,AGAP004699__SITE01,156,156,1,0.987179487179487,1,0.987179487179487,0.0128205128205128,0.0011005345453506,1,1,78,TRUE,TRUE,TRUE
2L,BFcol,AGAP004699__SITE01,150,150,1,1,1,1,0,0,1,1,75,TRUE,TRUE,TRUE
2L,BFgam,AGAP004699__SITE01,184,184,1,1,1,1,0,0,1,1,92,TRUE,TRUE,TRUE
2L,CMgam,AGAP004699__SITE01,594,594,1,1,1,1,0,0,1,1,297,TRUE,TRUE,TRUE
2L,CIcol,AGAP004699__SITE01,142,142,1,1,1,1,0,0,1,1,71,TRUE,TRUE,TRUE
2L,FRgam,AGAP004699__SITE01,48,48,1,1,1,1,0,0,1,1,24,TRUE,TRUE,FALSE
2L,GAgam,AGAP004699__SITE01,138,138,1,1,1,1,0,0,1,1,69,TRUE,TRUE,TRUE
2L,GHcol,AGAP004699__SITE01,110,110,1,1,1,1,0,0,1,1,55,TRUE,TRUE,TRUE
2L,GHgam,AGAP004699__SITE01,24,24,1,1,1,1,0,0,1,1,12,FALSE,TRUE,FALSE
2L,GNgam,AGAP004699__SITE01,80,80,1,1,1,1,0,0,1,1,40,TRUE,TRUE,TRUE
2L,UGgam,AGAP004699__SITE01,224,224,1,1,1,1,0,0,1,1,112,TRUE,TRUE,TRUE
2L,AOcol,AGAP004699__SITE02,156,156,1,0.987179487179487,1,0.987179487179487,0.0128205128205128,0.0011005345453506,2,2,78,TRUE,TRUE,TRUE
2L,BFcol,AGAP004699__SITE02,150,150,1,1,1,1,0,0,2,2,75,TRUE,TRUE,TRUE
2L,BFgam,AGAP004699__SITE02,184,184,1,1,1,1,0,0,2,2,92,TRUE,TRUE,TRUE
2L,CMgam,AGAP004699__SITE02,594,594,1,1,1,1,0,0,2,2,297,TRUE,TRUE,TRUE
2L,CIcol,AGAP004699__SITE02,142,142,1,1,1,1,0,0,2,2,71,TRUE,TRUE,TRUE
2L,FRgam,AGAP004699__SITE02,48,48,1,1,1,1,0,0,2,2,24,TRUE,TRUE,FALSE
2L,GAgam,AGAP004699__SITE02,138,138,1,1,1,1,0,0,2,2,69,TRUE,TRUE,TRUE
2L,GHcol,AGAP004699__SITE02,110,110,1,1,1,1,0,0,2,2,55,TRUE,TRUE,TRUE
2L,GHgam,AGAP004699__SITE02,24,24,1,1,1,1,0,0,2,2,12,FALSE,TRUE,FALSE
2L,GNgam,AGAP004699__SITE02,80,80,1,1,1,1,0,0,2,2,40,TRUE,TRUE,TRUE
2L,UGgam,AGAP004699__SITE02,224,224,1,1,1,1,0,0,2,2,112,TRUE,TRUE,TRUE
2L,AOcol,AGAP004699__SITE03,156,156,1,1,1,1,0,0,0,0,78,TRUE,TRUE,TRUE
2L,BFcol,AGAP004699__SITE03,150,150,1,1,1,1,0,0,0,0,75,TRUE,TRUE,TRUE
2L,BFgam,AGAP004699__SITE03,184,184,1,1,1,1,0,0,0,0,92,TRUE,TRUE,TRUE
2L,CMgam,AGAP004699__SITE03,594,594,1,1,1,1,0,0,0,0,297,TRUE,TRUE,TRUE
2L,CIcol,AGAP004699__SITE03,142,142,1,1,1,1,0,0,0,0,71,TRUE,TRUE,TRUE
2L,FRgam,AGAP004699__SITE03,48,48,1,1,1,1,0,0,0,0,24,TRUE,TRUE,FALSE
2L,GAgam,AGAP004699__SITE03,138,138,1,1,1,1,0,0,0,0,69,TRUE,TRUE,TRUE
2L,GHcol,AGAP004699__SITE03,110,110,1,1,1,1,0,0,0,0,55,TRUE,TRUE,TRUE
2L,GHgam,AGAP004699__SITE03,24,24,1,1,1,1,0,0,0,0,12,FALSE,TRUE,FALSE
2L,GNgam,AGAP004699__SITE03,80,80,1,1,1,1,0,0,0,0,40,TRUE,TRUE,TRUE
2L,UGgam,AGAP004699__SITE03,224,224,1,1,1,1,0,0,0,0,112,TRUE,TRUE,TRUE
2L,AOcol,AGAP004699__SITE04,156,156,1,1,1,1,0,0,0,0,78,TRUE,TRUE,TRUE
2L,BFcol,AGAP004699__SITE04,150,150,1,1,1,1,0,0,0,0,75,TRUE,TRUE,TRUE
2L,BFgam,AGAP004699__SITE04,184,184,1,1,1,1,0,0,0,0,92,TRUE,TRUE,TRUE
2L,CMgam,AGAP004699__SITE04,594,594,1,1,1,1,0,0,0,0,297,TRUE,TRUE,TRUE
2L,CIcol,AGAP004699__SITE04,142,142,1,1,1,1,0,0,0,0,71,TRUE,TRUE,TRUE
2L,FRgam,AGAP004699__SITE04,48,48,1,1,1,1,0,0,0,0,24,TRUE,TRUE,FALSE
2L,GAgam,AGAP004699__SITE04,138,138,1,1,1,1,0,0,0,0,69,TRUE,TRUE,TRUE
2L,GHcol,AGAP004699__SITE04,110,110,1,1,1,1,0,0,0,0,55,TRUE,TRUE,TRUE
2L,GHgam,AGAP004699__SITE04,24,24,1,1,1,1,0,0,0,0,12,FALSE,TRUE,FALSE
2L,GNgam,AGAP004699__SITE04,80,80,1,1,1,1,0,0,0,0,40,TRUE,TRUE,TRUE
2L,UGgam,AGAP004699__SITE04,224,224,1,1,1,1,0,0,0,0,112,TRUE,TRUE,TRUE
2L,AOcol,AGAP004699__SITE05,156,156,1,1,1,1,0,0,1,1,78,TRUE,TRUE,TRUE
2L,BFcol,AGAP004699__SITE05,150,150,1,1,1,1,0,0,1,1,75,TRUE,TRUE,TRUE
2L,BFgam,AGAP004699__SITE05,184,184,1,1,1,1,0,0,1,1,92,TRUE,TRUE,TRUE
2L,CMgam,AGAP004699__SITE05,594,594,1,1,1,1,0,0,1,1,297,TRUE,TRUE,TRUE
2L,CIcol,AGAP004699__SITE05,142,142,1,1,1,1,0,0,1,1,71,TRUE,TRUE,TRUE
2L,FRgam,AGAP004699__SITE05,48,48,1,1,1,1,0,0,1,1,24,TRUE,TRUE,FALSE
2L,GAgam,AGAP004699__SITE05,138,138,1,1,1,1,0,0,1,1,69,TRUE,TRUE,TRUE
2L,GHcol,AGAP004699__SITE05,110,110,1,1,1,1,0,0,1,1,55,TRUE,TRUE,TRUE
2L,GHgam,AGAP004699__SITE05,24,24,1,1,1,1,0,0,1,1,12,FALSE,TRUE,FALSE
2L,GNgam,AGAP004699__SITE05,80,80,1,1,1,1,0,0,1,1,40,TRUE,TRUE,TRUE
2L,UGgam,AGAP004699__SITE05,224,224,1,1,1,1,0,0,1,1,112,TRUE,TRUE,TRUE
2R,AOcol,AGAP002171__SITE01,156,156,1,1,1,1,0,0,2,2,78,TRUE,TRUE,TRUE
2R,BFcol,AGAP002171__SITE01,150,150,1,0.98,1,0.98,0.02,0.00170434782608696,2,2,75,TRUE,TRUE,TRUE
2R,BFgam,AGAP002171__SITE01,184,184,1,1,1,1,0,0,2,2,92,TRUE,TRUE,TRUE
2R,CMgam,AGAP002171__SITE01,594,594,1,0.993265993265993,0.998316498316498,0.994949494949495,0.00505050505050505,0.000583101300419409,2,2,297,TRUE,TRUE,TRUE
2R,CIcol,AGAP002171__SITE01,142,142,1,0.985915492957746,1,0.985915492957746,0.0140845070422535,0.00120748988727219,2,2,71,TRUE,TRUE,TRUE
2R,FRgam,AGAP002171__SITE01,48,48,1,1,1,1,0,0,2,2,24,TRUE,TRUE,FALSE
2R,GAgam,AGAP002171__SITE01,138,138,1,1,1,1,0,0,2,2,69,TRUE,TRUE,TRUE
2R,GHcol,AGAP002171__SITE01,110,110,1,0.981818181818182,1,0.981818181818182,0.0181818181818182,0.00155228171038448,2,2,55,TRUE,TRUE,TRUE
2R,GHgam,AGAP002171__SITE01,24,24,1,1,1,1,0,0,2,2,12,FALSE,TRUE,FALSE
2R,GNgam,AGAP002171__SITE01,80,80,1,1,1,1,0,0,2,2,40,TRUE,TRUE,TRUE
2R,UGgam,AGAP002171__SITE01,224,224,1,0.977678571428571,1,0.977678571428571,0.0223214285714286,0.00189766803460515,2,2,112,TRUE,TRUE,TRUE
2R,AOcol,AGAP002171__SITE02,156,156,1,0.33974358974359,1,0.33974358974359,0.66025641025641,0.0195059028671069,6,6,78,TRUE,TRUE,TRUE
2R,BFcol,AGAP002171__SITE02,150,150,1,0.286666666666667,1,0.286666666666667,0.713333333333333,0.0189333333333333,6,6,75,TRUE,TRUE,TRUE
2R,BFgam,AGAP002171__SITE02,184,184,1,0.347826086956522,1,0.347826086956522,0.652173913043478,0.0263083545656283,6,6,92,TRUE,TRUE,TRUE
2R,CMgam,AGAP002171__SITE02,594,594,1,0.328282828282828,1,0.328282828282828,0.671717171717172,0.0249003478398882,6,6,297,TRUE,TRUE,TRUE
2R,CIcol,AGAP002171__SITE02,142,142,1,0.211267605633803,1,0.211267605633803,0.788732394366197,0.0156973685345385,6,6,71,TRUE,TRUE,TRUE
2R,FRgam,AGAP002171__SITE02,48,48,1,0,1,0,1,0.0132472826086957,6,6,24,TRUE,TRUE,FALSE
2R,GAgam,AGAP002171__SITE02,138,138,1,0.434782608695652,1,0.434782608695652,0.565217391304348,0.0232185419577546,6,6,69,TRUE,TRUE,TRUE
2R,GHcol,AGAP002171__SITE02,110,110,1,0.209090909090909,1,0.209090909090909,0.781818181818182,0.016399568810636,6,6,55,TRUE,TRUE,TRUE
2R,GHgam,AGAP002171__SITE02,24,24,1,0.208333333333333,1,0.208333333333333,0.791666666666667,0.0244565217391304,6,6,12,FALSE,TRUE,FALSE
2R,GNgam,AGAP002171__SITE02,80,80,1,0.35,1,0.35,0.6375,0.0263722826086957,6,6,40,TRUE,TRUE,TRUE
2R,UGgam,AGAP002171__SITE02,224,224,1,0.348214285714286,1,0.348214285714286,0.642857142857143,0.0282535908385093,6,6,112,TRUE,TRUE,TRUE
2R,AOcol,AGAP002171__SITE03,156,156,1,0.33974358974359,1,0.33974358974359,0.66025641025641,0.0195059028671069,6,6,78,TRUE,TRUE,TRUE
2R,BFcol,AGAP002171__SITE03,150,150,1,0.273333333333333,0.993333333333333,0.273333333333333,0.726666666666667,0.0178473429951691,6,6,75,TRUE,TRUE,TRUE
2R,BFgam,AGAP002171__SITE03,184,184,1,0.315217391304348,1,0.315217391304348,0.684782608695652,0.0192400550669845,6,6,92,TRUE,TRUE,TRUE
2R,CMgam,AGAP002171__SITE03,594,594,1,0.259259259259259,1,0.259259259259259,0.740740740740741,0.0185899890921118,6,6,297,TRUE,TRUE,TRUE
2R,CIcol,AGAP002171__SITE03,142,142,1,0.176056338028169,1,0.176056338028169,0.823943661971831,0.0126139568581113,6,6,71,TRUE,TRUE,TRUE
2R,FRgam,AGAP002171__SITE03,48,48,1,0.145833333333333,1,0.145833333333333,0.854166666666667,0.0108318236714976,6,6,24,TRUE,TRUE,FALSE
2R,GAgam,AGAP002171__SITE03,138,138,1,0.485507246376812,1,0.485507246376812,0.514492753623188,0.0217208660949928,6,6,69,TRUE,TRUE,TRUE
2R,GHcol,AGAP002171__SITE03,110,110,1,0.227272727272727,1,0.227272727272727,0.772727272727273,0.0152712899748473,6,6,55,TRUE,TRUE,TRUE
2R,GHgam,AGAP002171__SITE03,24,24,1,0.208333333333333,1,0.208333333333333,0.791666666666667,0.0178140096618358,6,6,12,FALSE,TRUE,FALSE
2R,GNgam,AGAP002171__SITE03,80,80,1,0.2125,0.9875,0.225,0.775,0.0173097826086957,6,6,40,TRUE,TRUE,TRUE
2R,UGgam,AGAP002171__SITE03,224,224,1,0.334821428571429,0.991071428571429,0.334821428571429,0.665178571428571,0.0220545419254658,6,6,112,TRUE,TRUE,TRUE
2R,AOcol,AGAP002171__SITE04,156,156,1,0.33974358974359,1,0.33974358974359,0.66025641025641,0.0195059028671069,5,5,78,TRUE,TRUE,TRUE
2R,BFcol,AGAP002171__SITE04,150,150,1,0.273333333333333,1,0.273333333333333,0.726666666666667,0.0172714975845411,5,5,75,TRUE,TRUE,TRUE
2R,BFgam,AGAP002171__SITE04,184,184,1,0.315217391304348,1,0.315217391304348,0.684782608695652,0.0192400550669845,5,5,92,TRUE,TRUE,TRUE
2R,CMgam,AGAP002171__SITE04,594,594,1,0.259259259259259,1,0.259259259259259,0.740740740740741,0.0185899890921118,5,5,297,TRUE,TRUE,TRUE
2R,CIcol,AGAP002171__SITE04,142,142,1,0.176056338028169,1,0.176056338028169,0.823943661971831,0.0126139568581113,5,5,71,TRUE,TRUE,TRUE
2R,FRgam,AGAP002171__SITE04,48,48,1,0.145833333333333,1,0.145833333333333,0.854166666666667,0.0108318236714976,5,5,24,TRUE,TRUE,FALSE
2R,GAgam,AGAP002171__SITE04,138,138,1,0.485507246376812,1,0.485507246376812,0.514492753623188,0.0217208660949928,5,5,69,TRUE,TRUE,TRUE
2R,GHcol,AGAP002171__SITE04,110,110,1,0.227272727272727,1,0.227272727272727,0.772727272727273,0.0152712899748473,5,5,55,TRUE,TRUE,TRUE
2R,GHgam,AGAP002171__SITE04,24,24,1,0.208333333333333,1,0.208333333333333,0.791666666666667,0.0178140096618358,5,5,12,FALSE,TRUE,FALSE
2R,GNgam,AGAP002171__SITE04,80,80,1,0.225,1,0.225,0.775,0.0162364130434783,5,5,40,TRUE,TRUE,TRUE
2R,UGgam,AGAP002171__SITE04,224,224,1,0.334821428571429,1,0.334821428571429,0.665178571428571,0.0212850765306122,5,5,112,TRUE,TRUE,TRUE
2R,AOcol,AGAP002171__SITE05,156,156,1,0.33974358974359,1,0.33974358974359,0.66025641025641,0.0195059028671069,5,5,78,TRUE,TRUE,TRUE
2R,BFcol,AGAP002171__SITE05,150,150,1,0.266666666666667,1,0.266666666666667,0.726666666666667,0.0231806763285024,5,5,75,TRUE,TRUE,TRUE
2R,BFgam,AGAP002171__SITE05,184,184,1,0.298913043478261,0.994565217391304,0.298913043478261,0.684782608695652,0.0317328634831922,5,5,92,TRUE,TRUE,TRUE
2R,CMgam,AGAP002171__SITE05,594,594,1,0.247474747474748,0.991582491582492,0.247474747474748,0.740740740740741,0.032685711356477,5,5,297,TRUE,TRUE,TRUE
2R,CIcol,AGAP002171__SITE05,142,142,1,0.176056338028169,1,0.176056338028169,0.823943661971831,0.0172369181408106,5,5,71,TRUE,TRUE,TRUE
2R,FRgam,AGAP002171__SITE05,48,48,1,0.145833333333333,1,0.145833333333333,0.854166666666667,0.0108318236714976,5,5,24,TRUE,TRUE,FALSE
2R,GAgam,AGAP002171__SITE05,138,138,1,0.456521739130435,1,0.456521739130435,0.514492753623188,0.0320447841611645,5,5,69,TRUE,TRUE,TRUE
2R,GHcol,AGAP002171__SITE05,110,110,1,0.227272727272727,1,0.227272727272727,0.772727272727273,0.0224577793747754,5,5,55,TRUE,TRUE,TRUE
2R,GHgam,AGAP002171__SITE05,24,24,1,0.208333333333333,1,0.208333333333333,0.791666666666667,0.0336654589371981,5,5,12,FALSE,TRUE,FALSE
2R,GNgam,AGAP002171__SITE05,80,80,1,0.225,0.9875,0.225,0.775,0.0287907608695652,5,5,40,TRUE,TRUE,TRUE
2R,UGgam,AGAP002171__SITE05,224,224,1,0.28125,0.991071428571429,0.28125,0.665178571428571,0.0359257153948536,5,5,112,TRUE,TRUE,TRUE
3R,AOcol,AGAP009515__SITE01,156,156,1,1,1,1,0,0,0,0,78,TRUE,TRUE,TRUE
3R,BFcol,AGAP009515__SITE01,150,150,1,1,1,1,0,0,0,0,75,TRUE,TRUE,TRUE
3R,BFgam,AGAP009515__SITE01,184,184,1,1,1,1,0,0,0,0,92,TRUE,TRUE,TRUE
3R,CMgam,AGAP009515__SITE01,594,594,1,1,1,1,0,0,0,0,297,TRUE,TRUE,TRUE
3R,CIcol,AGAP009515__SITE01,142,142,1,1,1,1,0,0,0,0,71,TRUE,TRUE,TRUE
3R,FRgam,AGAP009515__SITE01,48,48,1,1,1,1,0,0,0,0,24,TRUE,TRUE,FALSE
3R,GAgam,AGAP009515__SITE01,138,138,1,1,1,1,0,0,0,0,69,TRUE,TRUE,TRUE
3R,GHcol,AGAP009515__SITE01,110,110,1,1,1,1,0,0,0,0,55,TRUE,TRUE,TRUE
3R,GHgam,AGAP009515__SITE01,24,24,1,1,1,1,0,0,0,0,12,FALSE,TRUE,FALSE
3R,GNgam,AGAP009515__SITE01,80,80,1,1,1,1,0,0,0,0,40,TRUE,TRUE,TRUE
3R,UGgam,AGAP009515__SITE01,224,224,1,1,1,1,0,0,0,0,112,TRUE,TRUE,TRUE
3R,AOcol,AGAP009515__SITE02,156,156,1,0.967948717948718,1,0.967948717948718,0.0320512820512821,0.00269773890175228,5,5,78,TRUE,TRUE,TRUE
3R,BFcol,AGAP009515__SITE02,150,150,1,0.973333333333333,1,0.973333333333333,0.02,0.00228019323671498,5,5,75,TRUE,TRUE,TRUE
3R,BFgam,AGAP009515__SITE02,184,184,1,1,1,1,0,0,5,5,92,TRUE,TRUE,TRUE
3R,CMgam,AGAP009515__SITE02,594,594,1,0.994949494949495,1,0.994949494949495,0.00168350168350168,0.000438435001456521,5,5,297,TRUE,TRUE,TRUE
3R,CIcol,AGAP009515__SITE02,142,142,1,0.985915492957746,1,0.985915492957746,0.0140845070422535,0.00120748988727219,5,5,71,TRUE,TRUE,TRUE
3R,FRgam,AGAP009515__SITE02,48,48,1,1,1,1,0,0,5,5,24,TRUE,TRUE,FALSE
3R,GAgam,AGAP009515__SITE02,138,138,1,1,1,1,0,0,5,5,69,TRUE,TRUE,TRUE
3R,GHcol,AGAP009515__SITE02,110,110,1,1,1,1,0,0,5,5,55,TRUE,TRUE,TRUE
3R,GHgam,AGAP009515__SITE02,24,24,1,1,1,1,0,0,5,5,12,FALSE,TRUE,FALSE
3R,GNgam,AGAP009515__SITE02,80,80,1,1,1,1,0,0,5,5,40,TRUE,TRUE,TRUE
3R,UGgam,AGAP009515__SITE02,224,224,1,1,1,1,0,0,5,5,112,TRUE,TRUE,TRUE
3R,AOcol,AGAP009515__SITE03,156,156,1,1,1,1,0,0,5,5,78,TRUE,TRUE,TRUE
3R,BFcol,AGAP009515__SITE03,150,150,1,0.993333333333333,1,0.993333333333333,0.00666666666666667,0.000575845410628019,5,5,75,TRUE,TRUE,TRUE
3R,BFgam,AGAP009515__SITE03,184,184,1,0.940217391304348,0.940217391304348,0.994565217391304,0.0597826086956522,0.00535772992520753,5,5,92,TRUE,TRUE,TRUE
3R,CMgam,AGAP009515__SITE03,594,594,1,0.947811447811448,0.951178451178451,0.996632996632997,0.0488215488215488,0.00433037740898962,5,5,297,TRUE,TRUE,TRUE
3R,CIcol,AGAP009515__SITE03,142,142,1,0.985915492957746,1,0.985915492957746,0.0140845070422535,0.00120748988727219,5,5,71,TRUE,TRUE,TRUE
3R,FRgam,AGAP009515__SITE03,48,48,1,0.4375,0.4375,1,0.5625,0.0213994565217391,5,5,24,TRUE,TRUE,FALSE
3R,GAgam,AGAP009515__SITE03,138,138,1,0.992753623188406,0.992753623188406,1,0.0072463768115942,0.000625553637799878,5,5,69,TRUE,TRUE,TRUE
3R,GHcol,AGAP009515__SITE03,110,110,1,1,1,1,0,0,5,5,55,TRUE,TRUE,TRUE
3R,GHgam,AGAP009515__SITE03,24,24,1,1,1,1,0,0,5,5,12,FALSE,TRUE,FALSE
3R,GNgam,AGAP009515__SITE03,80,80,1,0.9375,0.9375,1,0.0625,0.00509510869565217,5,5,40,TRUE,TRUE,TRUE
3R,UGgam,AGAP009515__SITE03,224,224,1,0.959821428571429,0.959821428571429,1,0.0401785714285714,0.00335341337622005,5,5,112,TRUE,TRUE,TRUE
3R,AOcol,AGAP009515__SITE04,156,156,1,1,1,1,0,0,1,1,78,TRUE,TRUE,TRUE
3R,BFcol,AGAP009515__SITE04,150,150,1,1,1,1,0,0,1,1,75,TRUE,TRUE,TRUE
3R,BFgam,AGAP009515__SITE04,184,184,1,1,1,1,0,0,1,1,92,TRUE,TRUE,TRUE
3R,CMgam,AGAP009515__SITE04,594,594,1,1,1,1,0,0,1,1,297,TRUE,TRUE,TRUE
3R,CIcol,AGAP009515__SITE04,142,142,1,1,1,1,0,0,1,1,71,TRUE,TRUE,TRUE
3R,FRgam,AGAP009515__SITE04,48,48,1,1,1,1,0,0,1,1,24,TRUE,TRUE,FALSE
3R,GAgam,AGAP009515__SITE04,138,138,1,1,1,1,0,0,1,1,69,TRUE,TRUE,TRUE
3R,GHcol,AGAP009515__SITE04,110,110,1,1,1,1,0,0,1,1,55,TRUE,TRUE,TRUE
3R,GHgam,AGAP009515__SITE04,24,24,1,1,1,1,0,0,1,1,12,FALSE,TRUE,FALSE
3R,GNgam,AGAP009515__SITE04,80,80,1,1,1,1,0,0,1,1,40,TRUE,TRUE,TRUE
3R,UGgam,AGAP009515__SITE04,224,224,1,1,1,1,0,0,1,1,112,TRUE,TRUE,TRUE
3R,AOcol,AGAP009515__SITE05,156,156,1,1,1,1,0,0,2,2,78,TRUE,TRUE,TRUE
3R,BFcol,AGAP009515__SITE05,150,150,1,1,1,1,0,0,2,2,75,TRUE,TRUE,TRUE
3R,BFgam,AGAP009515__SITE05,184,184,1,1,1,1,0,0,2,2,92,TRUE,TRUE,TRUE
3R,CMgam,AGAP009515__SITE05,594,594,1,0.993265993265993,1,0.993265993265993,0.00505050505050505,0.000583101300419409,2,2,297,TRUE,TRUE,TRUE
3R,CIcol,AGAP009515__SITE05,142,142,1,1,1,1,0,0,2,2,71,TRUE,TRUE,TRUE
3R,FRgam,AGAP009515__SITE05,48,48,1,1,1,1,0,0,2,2,24,TRUE,TRUE,FALSE
3R,GAgam,AGAP009515__SITE05,138,138,1,1,1,1,0,0,2,2,69,TRUE,TRUE,TRUE
3R,GHcol,AGAP009515__SITE05,110,110,1,1,1,1,0,0,2,2,55,TRUE,TRUE,TRUE
3R,GHgam,AGAP009515__SITE05,24,24,1,1,1,1,0,0,2,2,12,FALSE,TRUE,FALSE
3R,GNgam,AGAP009515__SITE05,80,80,1,1,1,1,0,0,2,2,40,TRUE,TRUE,TRUE
3R,UGgam,AGAP009515__SITE05,224,224,1,1,1,1,0,0,2,2,112,TRUE,TRUE,TRUE
3R,AOcol,AGAP029982__SITE01,156,156,1,1,1,1,0,0,5,5,78,TRUE,TRUE,TRUE
3R,BFcol,AGAP029982__SITE01,150,150,1,1,1,1,0,0,5,5,75,TRUE,TRUE,TRUE
3R,BFgam,AGAP029982__SITE01,184,184,1,0.994565217391304,0.994565217391304,1,0.00543478260869565,0.000470021369277554,5,5,92,TRUE,TRUE,TRUE
3R,CMgam,AGAP029982__SITE01,594,594,1,0.98989898989899,0.996632996632997,0.993265993265993,0.00505050505050505,0.000874898400882883,5,5,297,TRUE,TRUE,TRUE
3R,CIcol,AGAP029982__SITE01,142,142,1,1,1,1,0,0,5,5,71,TRUE,TRUE,TRUE
3R,FRgam,AGAP029982__SITE01,48,48,1,1,1,1,0,0,5,5,24,TRUE,TRUE,FALSE
3R,GAgam,AGAP029982__SITE01,138,138,1,1,1,1,0,0,5,5,69,TRUE,TRUE,TRUE
3R,GHcol,AGAP029982__SITE01,110,110,1,1,1,1,0,0,5,5,55,TRUE,TRUE,TRUE
3R,GHgam,AGAP029982__SITE01,24,24,1,1,1,1,0,0,5,5,12,FALSE,TRUE,FALSE
3R,GNgam,AGAP029982__SITE01,80,80,1,0.9875,1,0.9875,0.0125,0.00107336956521739,5,5,40,TRUE,TRUE,TRUE
3R,UGgam,AGAP029982__SITE01,224,224,1,1,1,1,0,0,5,5,112,TRUE,TRUE,TRUE
3R,AOcol,AGAP029982__SITE02,156,156,1,0.83974358974359,1,0.83974358974359,0.16025641025641,0.0117021124546208,3,3,78,TRUE,TRUE,TRUE
3R,BFcol,AGAP029982__SITE02,150,150,1,0.993333333333333,1,0.993333333333333,0.00666666666666667,0.000575845410628019,3,3,75,TRUE,TRUE,TRUE
3R,BFgam,AGAP029982__SITE02,184,184,1,1,1,1,0,0,3,3,92,TRUE,TRUE,TRUE
3R,CMgam,AGAP029982__SITE02,594,594,1,1,1,1,0,0,3,3,297,TRUE,TRUE,TRUE
3R,CIcol,AGAP029982__SITE02,142,142,1,0.992957746478873,1,0.992957746478873,0.00704225352112676,0.000608057407519212,3,3,71,TRUE,TRUE,TRUE
3R,FRgam,AGAP029982__SITE02,48,48,1,1,1,1,0,0,3,3,24,TRUE,TRUE,FALSE
3R,GAgam,AGAP029982__SITE02,138,138,1,1,1,1,0,0,3,3,69,TRUE,TRUE,TRUE
3R,GHcol,AGAP029982__SITE02,110,110,1,1,1,1,0,0,3,3,55,TRUE,TRUE,TRUE
3R,GHgam,AGAP029982__SITE02,24,24,1,1,1,1,0,0,3,3,12,FALSE,TRUE,FALSE
3R,GNgam,AGAP029982__SITE02,80,80,1,0.9875,1,0.9875,0.0125,0.00107336956521739,3,3,40,TRUE,TRUE,TRUE
3R,UGgam,AGAP029982__SITE02,224,224,1,1,1,1,0,0,3,3,112,TRUE,TRUE,TRUE
3R,AOcol,AGAP029982__SITE03,156,156,1,0.878205128205128,1,0.878205128205128,0.121794871794872,0.00930094617385587,6,6,78,TRUE,TRUE,TRUE
3R,BFcol,AGAP029982__SITE03,150,150,1,1,1,1,0,0,6,6,75,TRUE,TRUE,TRUE
3R,BFgam,AGAP029982__SITE03,184,184,1,0.994565217391304,0.994565217391304,1,0.00543478260869565,0.000470021369277554,6,6,92,TRUE,TRUE,TRUE
3R,CMgam,AGAP029982__SITE03,594,594,1,0.98989898989899,0.998316498316498,0.991582491582492,0.00505050505050505,0.000875391301390423,6,6,297,TRUE,TRUE,TRUE
3R,CIcol,AGAP029982__SITE03,142,142,1,1,1,1,0,0,6,6,71,TRUE,TRUE,TRUE
3R,FRgam,AGAP029982__SITE03,48,48,1,1,1,1,0,0,6,6,24,TRUE,TRUE,FALSE
3R,GAgam,AGAP029982__SITE03,138,138,1,1,1,1,0,0,6,6,69,TRUE,TRUE,TRUE
3R,GHcol,AGAP029982__SITE03,110,110,1,1,1,1,0,0,6,6,55,TRUE,TRUE,TRUE
3R,GHgam,AGAP029982__SITE03,24,24,1,1,1,1,0,0,6,6,12,FALSE,TRUE,FALSE
3R,GNgam,AGAP029982__SITE03,80,80,1,0.9875,1,0.9875,0.0125,0.00107336956521739,6,6,40,TRUE,TRUE,TRUE
3R,UGgam,AGAP029982__SITE03,224,224,1,0.955357142857143,0.995535714285714,0.959821428571429,0.0401785714285714,0.00373987910381544,6,6,112,TRUE,TRUE,TRUE
3R,AOcol,AGAP029982__SITE04,156,156,1,1,1,1,0,0,0,0,78,TRUE,TRUE,TRUE
3R,BFcol,AGAP029982__SITE04,150,150,1,1,1,1,0,0,0,0,75,TRUE,TRUE,TRUE
3R,BFgam,AGAP029982__SITE04,184,184,1,1,1,1,0,0,0,0,92,TRUE,TRUE,TRUE
3R,CMgam,AGAP029982__SITE04,594,594,1,1,1,1,0,0,0,0,297,TRUE,TRUE,TRUE
3R,CIcol,AGAP029982__SITE04,142,142,1,1,1,1,0,0,0,0,71,TRUE,TRUE,TRUE
3R,FRgam,AGAP029982__SITE04,48,48,1,1,1,1,0,0,0,0,24,TRUE,TRUE,FALSE
3R,GAgam,AGAP029982__SITE04,138,138,1,1,1,1,0,0,0,0,69,TRUE,TRUE,TRUE
3R,GHcol,AGAP029982__SITE04,110,110,1,1,1,1,0,0,0,0,55,TRUE,TRUE,TRUE
3R,GHgam,AGAP029982__SITE04,24,24,1,1,1,1,0,0,0,0,12,FALSE,TRUE,FALSE
3R,GNgam,AGAP029982__SITE04,80,80,1,1,1,1,0,0,0,0,40,TRUE,TRUE,TRUE
3R,UGgam,AGAP029982__SITE04,224,224,1,1,1,1,0,0,0,0,112,TRUE,TRUE,TRUE
3R,AOcol,AGAP029982__SITE05,156,156,1,1,1,1,0,0,0,0,78,TRUE,TRUE,TRUE
3R,BFcol,AGAP029982__SITE05,150,150,1,1,1,1,0,0,0,0,75,TRUE,TRUE,TRUE
3R,BFgam,AGAP029982__SITE05,184,184,1,1,1,1,0,0,0,0,92,TRUE,TRUE,TRUE
3R,CMgam,AGAP029982__SITE05,594,594,1,1,1,1,0,0,0,0,297,TRUE,TRUE,TRUE
3R,CIcol,AGAP029982__SITE05,142,142,1,1,1,1,0,0,0,0,71,TRUE,TRUE,TRUE
3R,FRgam,AGAP029982__SITE05,48,48,1,1,1,1,0,0,0,0,24,TRUE,TRUE,FALSE
3R,GAgam,AGAP029982__SITE05,138,138,1,1,1,1,0,0,0,0,69,TRUE,TRUE,TRUE
3R,GHcol,AGAP029982__SITE05,110,110,1,1,1,1,0,0,0,0,55,TRUE,TRUE,TRUE
3R,GHgam,AGAP029982__SITE05,24,24,1,1,1,1,0,0,0,0,12,FALSE,TRUE,FALSE
3R,GNgam,AGAP029982__SITE05,80,80,1,1,1,1,0,0,0,0,40,TRUE,TRUE,TRUE
3R,UGgam,AGAP029982__SITE05,224,224,1,1,1,1,0,0,0,0,112,TRUE,TRUE,TRUE
3R,AOcol,AGAP009232__SITE01,156,156,1,0.967948717948718,1,0.967948717948718,0.0192307692307692,0.00274061687105165,6,6,78,TRUE,TRUE,TRUE
3R,BFcol,AGAP009232__SITE01,150,150,1,1,1,1,0,0,6,6,75,TRUE,TRUE,TRUE
3R,BFgam,AGAP009232__SITE01,184,184,1,0.994565217391304,1,0.994565217391304,0.00543478260869565,0.000470021369277554,6,6,92,TRUE,TRUE,TRUE
3R,CMgam,AGAP009232__SITE01,594,594,1,0.996632996632997,1,0.996632996632997,0.00168350168350168,0.000292290000971014,6,6,297,TRUE,TRUE,TRUE
3R,CIcol,AGAP009232__SITE01,142,142,1,1,1,1,0,0,6,6,71,TRUE,TRUE,TRUE
3R,FRgam,AGAP009232__SITE01,48,48,1,1,1,1,0,0,6,6,24,TRUE,TRUE,FALSE
3R,GAgam,AGAP009232__SITE01,138,138,1,1,1,1,0,0,6,6,69,TRUE,TRUE,TRUE
3R,GHcol,AGAP009232__SITE01,110,110,1,1,1,1,0,0,6,6,55,TRUE,TRUE,TRUE
3R,GHgam,AGAP009232__SITE01,24,24,1,0.958333333333333,1,0.958333333333333,0.0416666666666667,0.00347222222222222,6,6,12,FALSE,TRUE,FALSE
3R,GNgam,AGAP009232__SITE01,80,80,1,1,1,1,0,0,6,6,40,TRUE,TRUE,TRUE
3R,UGgam,AGAP009232__SITE01,224,224,1,0.964285714285714,0.977678571428571,0.986607142857143,0.0223214285714286,0.00304666703637977,6,6,112,TRUE,TRUE,TRUE
3R,AOcol,AGAP009232__SITE02,156,156,1,0.448717948717949,1,0.448717948717949,0.551282051282051,0.0215104479318526,7,7,78,TRUE,TRUE,TRUE
3R,BFcol,AGAP009232__SITE02,150,150,1,0.68,1,0.68,0.293333333333333,0.0203053140096618,7,7,75,TRUE,TRUE,TRUE
3R,BFgam,AGAP009232__SITE02,184,184,1,0.646739130434783,1,0.646739130434783,0.347826086956522,0.0206655297115148,7,7,92,TRUE,TRUE,TRUE
3R,CMgam,AGAP009232__SITE02,594,594,1,0.590909090909091,1,0.590909090909091,0.409090909090909,0.0211666264952753,7,7,297,TRUE,TRUE,TRUE
3R,CIcol,AGAP009232__SITE02,142,142,1,0.647887323943662,1,0.647887323943662,0.345070422535211,0.0202599553228742,7,7,71,TRUE,TRUE,TRUE
3R,FRgam,AGAP009232__SITE02,48,48,1,0.604166666666667,1,0.604166666666667,0.395833333333333,0.0207955917874396,7,7,24,TRUE,TRUE,FALSE
3R,GAgam,AGAP009232__SITE02,138,138,1,0.710144927536232,1,0.710144927536232,0.289855072463768,0.0178990529939819,7,7,69,TRUE,TRUE,TRUE
3R,GHcol,AGAP009232__SITE02,110,110,1,0.754545454545455,1,0.754545454545455,0.2,0.0176859504132231,7,7,55,TRUE,TRUE,TRUE
3R,GHgam,AGAP009232__SITE02,24,24,1,0.625,1,0.625,0.375,0.0203804347826087,7,7,12,FALSE,TRUE,FALSE
3R,GNgam,AGAP009232__SITE02,80,80,1,0.675,0.9875,0.6875,0.3125,0.0197554347826087,7,7,40,TRUE,TRUE,TRUE
3R,UGgam,AGAP009232__SITE02,224,224,1,0.549107142857143,1,0.549107142857143,0.428571428571429,0.0231931427462289,7,7,112,TRUE,TRUE,TRUE
3R,AOcol,AGAP009232__SITE03,156,156,1,0.448717948717949,1,0.448717948717949,0.551282051282051,0.0215104479318526,8,8,78,TRUE,TRUE,TRUE
3R,BFcol,AGAP009232__SITE03,150,150,1,0.68,0.98,0.68,0.293333333333333,0.0220096618357488,8,8,75,TRUE,TRUE,TRUE
3R,BFgam,AGAP009232__SITE03,184,184,1,0.646739130434783,1,0.646739130434783,0.347826086956522,0.0206655297115148,8,8,92,TRUE,TRUE,TRUE
3R,CMgam,AGAP009232__SITE03,594,594,1,0.590909090909091,1,0.590909090909091,0.409090909090909,0.0211666264952753,8,8,297,TRUE,TRUE,TRUE
3R,CIcol,AGAP009232__SITE03,142,142,1,0.647887323943662,0.985915492957746,0.647887323943662,0.345070422535211,0.0214674452101464,8,8,71,TRUE,TRUE,TRUE
3R,FRgam,AGAP009232__SITE03,48,48,1,0.604166666666667,1,0.604166666666667,0.395833333333333,0.0207955917874396,8,8,24,TRUE,TRUE,FALSE
3R,GAgam,AGAP009232__SITE03,138,138,1,0.710144927536232,1,0.710144927536232,0.289855072463768,0.0178990529939819,8,8,69,TRUE,TRUE,TRUE
3R,GHcol,AGAP009232__SITE03,110,110,1,0.754545454545455,1,0.754545454545455,0.2,0.0176859504132231,8,8,55,TRUE,TRUE,TRUE
3R,GHgam,AGAP009232__SITE03,24,24,1,0.625,1,0.625,0.375,0.0203804347826087,8,8,12,FALSE,TRUE,FALSE
3R,GNgam,AGAP009232__SITE03,80,80,1,0.675,0.9875,0.6875,0.3125,0.0197554347826087,8,8,40,TRUE,TRUE,TRUE
3R,UGgam,AGAP009232__SITE03,224,224,1,0.549107142857143,1,0.549107142857143,0.428571428571429,0.0231931427462289,8,8,112,TRUE,TRUE,TRUE
3R,AOcol,AGAP009232__SITE04,156,156,1,1,1,1,0,0,6,6,78,TRUE,TRUE,TRUE
3R,BFcol,AGAP009232__SITE04,150,150,1,0.973333333333333,1,0.973333333333333,0.02,0.00228019323671498,6,6,75,TRUE,TRUE,TRUE
3R,BFgam,AGAP009232__SITE04,184,184,1,0.902173913043478,1,0.902173913043478,0.0489130434782609,0.00809053176625298,6,6,92,TRUE,TRUE,TRUE
3R,CMgam,AGAP009232__SITE04,594,594,1,0.915824915824916,1,0.915824915824916,0.0791245791245791,0.00677393167511745,6,6,297,TRUE,TRUE,TRUE
3R,CIcol,AGAP009232__SITE04,142,142,1,0.950704225352113,1,0.950704225352113,0.0352112676056338,0.00416152764720595,6,6,71,TRUE,TRUE,TRUE
3R,FRgam,AGAP009232__SITE04,48,48,1,1,1,1,0,0,6,6,24,TRUE,TRUE,FALSE
3R,GAgam,AGAP009232__SITE04,138,138,1,1,1,1,0,0,6,6,69,TRUE,TRUE,TRUE
3R,GHcol,AGAP009232__SITE04,110,110,1,0.981818181818182,1,0.981818181818182,0.00909090909090909,0.00156665468918433,6,6,55,TRUE,TRUE,TRUE
3R,GHgam,AGAP009232__SITE04,24,24,1,1,1,1,0,0,6,6,12,FALSE,TRUE,FALSE
3R,GNgam,AGAP009232__SITE04,80,80,1,0.8875,1,0.8875,0.0625,0.00922554347826087,6,6,40,TRUE,TRUE,TRUE
3R,UGgam,AGAP009232__SITE04,224,224,1,0.928571428571429,1,0.928571428571429,0.0401785714285714,0.00600668256433008,6,6,112,TRUE,TRUE,TRUE
3R,AOcol,AGAP009232__SITE05,156,156,1,1,1,1,0,0,5,5,78,TRUE,TRUE,TRUE
3R,BFcol,AGAP009232__SITE05,150,150,1,0.98,1,0.98,0.02,0.00170434782608696,5,5,75,TRUE,TRUE,TRUE
3R,BFgam,AGAP009232__SITE05,184,184,1,0.951086956521739,1,0.951086956521739,0.0489130434782609,0.00404526588312649,5,5,92,TRUE,TRUE,TRUE
3R,CMgam,AGAP009232__SITE05,594,594,1,0.994949494949495,1,0.994949494949495,0.00336700336700337,0.000437942100948981,5,5,297,TRUE,TRUE,TRUE
3R,CIcol,AGAP009232__SITE05,142,142,1,0.950704225352113,1,0.950704225352113,0.0352112676056338,0.00416152764720595,5,5,71,TRUE,TRUE,TRUE
3R,FRgam,AGAP009232__SITE05,48,48,1,1,1,1,0,0,5,5,24,TRUE,TRUE,FALSE
3R,GAgam,AGAP009232__SITE05,138,138,1,1,1,1,0,0,5,5,69,TRUE,TRUE,TRUE
3R,GHcol,AGAP009232__SITE05,110,110,1,0.981818181818182,1,0.981818181818182,0.00909090909090909,0.00156665468918433,5,5,55,TRUE,TRUE,TRUE
3R,GHgam,AGAP009232__SITE05,24,24,1,1,1,1,0,0,5,5,12,FALSE,TRUE,FALSE
3R,GNgam,AGAP009232__SITE05,80,80,1,0.9375,1,0.9375,0.0625,0.00509510869565217,5,5,40,TRUE,TRUE,TRUE
3R,UGgam,AGAP009232__SITE05,224,224,1,0.955357142857143,1,0.955357142857143,0.0401785714285714,0.00373987910381544,5,5,112,TRUE,TRUE,TRUE
2L,AOcol,AGAP005958__SITE01,156,156,1,0.980769230769231,1,0.980769230769231,0.0192307692307692,0.00164008232570105,7,7,78,TRUE,TRUE,TRUE
2L,BFcol,AGAP005958__SITE01,150,150,1,0.92,1,0.92,0.04,0.00671690821256039,7,7,75,TRUE,TRUE,TRUE
2L,BFgam,AGAP005958__SITE01,184,184,1,0.956521739130435,0.994565217391304,0.96195652173913,0.0217391304347826,0.00371393934412756,7,7,92,TRUE,TRUE,TRUE
2L,CMgam,AGAP005958__SITE01,594,594,1,0.973063973063973,0.998316498316498,0.974747474747475,0.0134680134680135,0.00231712528594391,7,7,297,TRUE,TRUE,TRUE
2L,CIcol,AGAP005958__SITE01,142,142,1,0.992957746478873,1,0.992957746478873,0.00704225352112676,0.000608057407519212,7,7,71,TRUE,TRUE,TRUE
2L,FRgam,AGAP005958__SITE01,48,48,1,1,1,1,0,0,7,7,24,TRUE,TRUE,FALSE
2L,GAgam,AGAP005958__SITE01,138,138,1,1,1,1,0,0,7,7,69,TRUE,TRUE,TRUE
2L,GHcol,AGAP005958__SITE01,110,110,1,0.990909090909091,1,0.990909090909091,0.00909090909090909,0.000783327344592167,7,7,55,TRUE,TRUE,TRUE
2L,GHgam,AGAP005958__SITE01,24,24,1,1,1,1,0,0,7,7,12,FALSE,TRUE,FALSE
2L,GNgam,AGAP005958__SITE01,80,80,1,1,1,1,0,0,7,7,40,TRUE,TRUE,TRUE
2L,UGgam,AGAP005958__SITE01,224,224,1,0.96875,1,0.96875,0.0223214285714286,0.00267059948979592,7,7,112,TRUE,TRUE,TRUE
2L,AOcol,AGAP005958__SITE02,156,156,1,1,1,1,0,0,6,6,78,TRUE,TRUE,TRUE
2L,BFcol,AGAP005958__SITE02,150,150,1,0.96,0.973333333333333,0.986666666666667,0.0266666666666667,0.00340096618357488,6,6,75,TRUE,TRUE,TRUE
2L,BFgam,AGAP005958__SITE02,184,184,1,0.983695652173913,0.994565217391304,0.989130434782609,0.0108695652173913,0.00140492726226679,6,6,92,TRUE,TRUE,TRUE
2L,CMgam,AGAP005958__SITE02,594,594,1,1,1,1,0,0,6,6,297,TRUE,TRUE,TRUE
2L,CIcol,AGAP005958__SITE02,142,142,1,1,1,1,0,0,6,6,71,TRUE,TRUE,TRUE
2L,FRgam,AGAP005958__SITE02,48,48,1,1,1,1,0,0,6,6,24,TRUE,TRUE,FALSE
2L,GAgam,AGAP005958__SITE02,138,138,1,1,1,1,0,0,6,6,69,TRUE,TRUE,TRUE
2L,GHcol,AGAP005958__SITE02,110,110,1,0.981818181818182,0.981818181818182,1,0.0181818181818182,0.00155228171038448,6,6,55,TRUE,TRUE,TRUE
2L,GHgam,AGAP005958__SITE02,24,24,1,1,1,1,0,0,6,6,12,FALSE,TRUE,FALSE
2L,GNgam,AGAP005958__SITE02,80,80,1,0.9875,1,0.9875,0.0125,0.00107336956521739,6,6,40,TRUE,TRUE,TRUE
2L,UGgam,AGAP005958__SITE02,224,224,1,0.995535714285714,1,0.995535714285714,0.00446428571428571,0.000386465727595386,6,6,112,TRUE,TRUE,TRUE
2L,AOcol,AGAP005958__SITE03,156,156,1,1,1,1,0,0,6,6,78,TRUE,TRUE,TRUE
2L,BFcol,AGAP005958__SITE03,150,150,1,0.986666666666667,1,0.986666666666667,0.0133333333333333,0.00114396135265701,6,6,75,TRUE,TRUE,TRUE
2L,BFgam,AGAP005958__SITE03,184,184,1,0.983695652173913,0.994565217391304,0.989130434782609,0.00543478260869565,0.00141006410783266,6,6,92,TRUE,TRUE,TRUE
2L,CMgam,AGAP005958__SITE03,594,594,1,0.98989898989899,0.998316498316498,0.991582491582492,0.00505050505050505,0.000875391301390423,6,6,297,TRUE,TRUE,TRUE
2L,CIcol,AGAP005958__SITE03,142,142,1,1,1,1,0,0,6,6,71,TRUE,TRUE,TRUE
2L,FRgam,AGAP005958__SITE03,48,48,1,1,1,1,0,0,6,6,24,TRUE,TRUE,FALSE
2L,GAgam,AGAP005958__SITE03,138,138,1,1,1,1,0,0,6,6,69,TRUE,TRUE,TRUE
2L,GHcol,AGAP005958__SITE03,110,110,1,1,1,1,0,0,6,6,55,TRUE,TRUE,TRUE
2L,GHgam,AGAP005958__SITE03,24,24,1,1,1,1,0,0,6,6,12,FALSE,TRUE,FALSE
2L,GNgam,AGAP005958__SITE03,80,80,1,1,1,1,0,0,6,6,40,TRUE,TRUE,TRUE
2L,UGgam,AGAP005958__SITE03,224,224,1,0.982142857142857,1,0.982142857142857,0.0133928571428571,0.00153546472937001,6,6,112,TRUE,TRUE,TRUE
2L,AOcol,AGAP005958__SITE04,156,156,1,0.980769230769231,1,0.980769230769231,0.0192307692307692,0.00164008232570105,4,4,78,TRUE,TRUE,TRUE
2L,BFcol,AGAP005958__SITE04,150,150,1,0.926666666666667,1,0.926666666666667,0.0333333333333333,0.00620289855072464,4,4,75,TRUE,TRUE,TRUE
2L,BFgam,AGAP005958__SITE04,184,184,1,0.929347826086957,1,0.929347826086957,0.0597826086956522,0.00582775129448508,4,4,92,TRUE,TRUE,TRUE
2L,CMgam,AGAP005958__SITE04,594,594,1,0.981481481481481,1,0.981481481481481,0.0151515151515152,0.00158985058706915,4,4,297,TRUE,TRUE,TRUE
2L,CIcol,AGAP005958__SITE04,142,142,1,0.992957746478873,1,0.992957746478873,0.00704225352112676,0.000608057407519212,4,4,71,TRUE,TRUE,TRUE
2L,FRgam,AGAP005958__SITE04,48,48,1,0.854166666666667,1,0.854166666666667,0.145833333333333,0.0108318236714976,4,4,24,TRUE,TRUE,FALSE
2L,GAgam,AGAP005958__SITE04,138,138,1,0.992753623188406,0.992753623188406,1,0.0072463768115942,0.000625553637799878,4,4,69,TRUE,TRUE,TRUE
2L,GHcol,AGAP005958__SITE04,110,110,1,0.972727272727273,1,0.972727272727273,0.0272727272727273,0.00230686309737693,4,4,55,TRUE,TRUE,TRUE
2L,GHgam,AGAP005958__SITE04,24,24,1,0.916666666666667,1,0.916666666666667,0.0833333333333333,0.00664251207729469,4,4,12,FALSE,TRUE,FALSE
2L,GNgam,AGAP005958__SITE04,80,80,1,0.9375,1,0.9375,0.05,0.00520380434782609,4,4,40,TRUE,TRUE,TRUE
2L,UGgam,AGAP005958__SITE04,224,224,1,0.90625,0.995535714285714,0.910714285714286,0.0714285714285714,0.00769292091836735,4,4,112,TRUE,TRUE,TRUE
2L,AOcol,AGAP005958__SITE05,156,156,1,0.980769230769231,1,0.980769230769231,0.0192307692307692,0.00164008232570105,3,3,78,TRUE,TRUE,TRUE
2L,BFcol,AGAP005958__SITE05,150,150,1,0.926666666666667,1,0.926666666666667,0.0333333333333333,0.00620289855072464,3,3,75,TRUE,TRUE,TRUE
2L,BFgam,AGAP005958__SITE05,184,184,1,0.929347826086957,1,0.929347826086957,0.0597826086956522,0.00582775129448508,3,3,92,TRUE,TRUE,TRUE
2L,CMgam,AGAP005958__SITE05,594,594,1,0.981481481481481,1,0.981481481481481,0.0151515151515152,0.00158985058706915,3,3,297,TRUE,TRUE,TRUE
2L,CIcol,AGAP005958__SITE05,142,142,1,0.992957746478873,1,0.992957746478873,0.00704225352112676,0.000608057407519212,3,3,71,TRUE,TRUE,TRUE
2L,FRgam,AGAP005958__SITE05,48,48,1,0.854166666666667,1,0.854166666666667,0.145833333333333,0.0108318236714976,3,3,24,TRUE,TRUE,FALSE
2L,GAgam,AGAP005958__SITE05,138,138,1,1,1,1,0,0,3,3,69,TRUE,TRUE,TRUE
2L,GHcol,AGAP005958__SITE05,110,110,1,0.972727272727273,1,0.972727272727273,0.0272727272727273,0.00230686309737693,3,3,55,TRUE,TRUE,TRUE
2L,GHgam,AGAP005958__SITE05,24,24,1,0.916666666666667,1,0.916666666666667,0.0833333333333333,0.00664251207729469,3,3,12,FALSE,TRUE,FALSE
2L,GNgam,AGAP005958__SITE05,80,80,1,0.9375,1,0.9375,0.05,0.00520380434782609,3,3,40,TRUE,TRUE,TRUE
2L,UGgam,AGAP005958__SITE05,224,224,1,0.910714285714286,1,0.910714285714286,0.0714285714285714,0.00730645519077196,3,3,112,TRUE,TRUE,TRUE
2L,AOcol,AGAP006241__SITE01,156,156,1,1,1,1,0,0,7,7,78,TRUE,TRUE,TRUE
2L,BFcol,AGAP006241__SITE01,150,150,1,0.9,1,0.9,0.06,0.00831304347826087,7,7,75,TRUE,TRUE,TRUE
2L,BFgam,AGAP006241__SITE01,184,184,1,0.983695652173913,1,0.983695652173913,0.00543478260869565,0.00141006410783266,7,7,92,TRUE,TRUE,TRUE
2L,CMgam,AGAP006241__SITE01,594,594,1,0.991582491582492,0.998316498316498,0.993265993265993,0.00505050505050505,0.000729246300904916,7,7,297,TRUE,TRUE,TRUE
2L,CIcol,AGAP006241__SITE01,142,142,1,0.97887323943662,1,0.97887323943662,0.0211267605633803,0.00179829743925895,7,7,71,TRUE,TRUE,TRUE
2L,FRgam,AGAP006241__SITE01,48,48,1,1,1,1,0,0,7,7,24,TRUE,TRUE,FALSE
2L,GAgam,AGAP006241__SITE01,138,138,1,1,1,1,0,0,7,7,69,TRUE,TRUE,TRUE
2L,GHcol,AGAP006241__SITE01,110,110,1,0.963636363636364,1,0.963636363636364,0.0272727272727273,0.0030901904419691,7,7,55,TRUE,TRUE,TRUE
2L,GHgam,AGAP006241__SITE01,24,24,1,1,1,1,0,0,7,7,12,FALSE,TRUE,FALSE
2L,GNgam,AGAP006241__SITE01,80,80,1,0.9875,1,0.9875,0.0125,0.00107336956521739,7,7,40,TRUE,TRUE,TRUE
2L,UGgam,AGAP006241__SITE01,224,224,1,0.986607142857143,1,0.986607142857143,0.00892857142857143,0.00115593112244898,7,7,112,TRUE,TRUE,TRUE
2L,AOcol,AGAP006241__SITE02,156,156,1,1,1,1,0,0,3,3,78,TRUE,TRUE,TRUE
2L,BFcol,AGAP006241__SITE02,150,150,1,0.98,1,0.98,0.0133333333333333,0.00171980676328502,3,3,75,TRUE,TRUE,TRUE
2L,BFgam,AGAP006241__SITE02,184,184,1,0.994565217391304,1,0.994565217391304,0.00543478260869565,0.000470021369277554,3,3,92,TRUE,TRUE,TRUE
2L,CMgam,AGAP006241__SITE02,594,594,1,0.996632996632997,1,0.996632996632997,0.00336700336700337,0.000291797100463474,3,3,297,TRUE,TRUE,TRUE
2L,CIcol,AGAP006241__SITE02,142,142,1,0.964788732394366,1,0.964788732394366,0.0352112676056338,0.00295403775993376,3,3,71,TRUE,TRUE,TRUE
2L,FRgam,AGAP006241__SITE02,48,48,1,1,1,1,0,0,3,3,24,TRUE,TRUE,FALSE
2L,GAgam,AGAP006241__SITE02,138,138,1,1,1,1,0,0,3,3,69,TRUE,TRUE,TRUE
2L,GHcol,AGAP006241__SITE02,110,110,1,1,1,1,0,0,3,3,55,TRUE,TRUE,TRUE
2L,GHgam,AGAP006241__SITE02,24,24,1,1,1,1,0,0,3,3,12,FALSE,TRUE,FALSE
2L,GNgam,AGAP006241__SITE02,80,80,1,1,1,1,0,0,3,3,40,TRUE,TRUE,TRUE
2L,UGgam,AGAP006241__SITE02,224,224,1,0.995535714285714,1,0.995535714285714,0.00446428571428571,0.000386465727595386,3,3,112,TRUE,TRUE,TRUE
2L,AOcol,AGAP006241__SITE03,156,156,1,0.993589743589744,1,0.993589743589744,0.00641025641025641,0.000553840436783581,2,2,78,TRUE,TRUE,TRUE
2L,BFcol,AGAP006241__SITE03,150,150,1,1,1,1,0,0,2,2,75,TRUE,TRUE,TRUE
2L,BFgam,AGAP006241__SITE03,184,184,1,1,1,1,0,0,2,2,92,TRUE,TRUE,TRUE
2L,CMgam,AGAP006241__SITE03,594,594,1,0.929292929292929,0.929292929292929,1,0.0707070707070707,0.00571370268339965,2,2,297,TRUE,TRUE,TRUE
2L,CIcol,AGAP006241__SITE03,142,142,1,0.992957746478873,0.992957746478873,1,0.00704225352112676,0.000608057407519212,2,2,71,TRUE,TRUE,TRUE
2L,FRgam,AGAP006241__SITE03,48,48,1,0.875,0.875,1,0.125,0.00951086956521739,2,2,24,TRUE,TRUE,FALSE
2L,GAgam,AGAP006241__SITE03,138,138,1,0.77536231884058,0.77536231884058,1,0.22463768115942,0.015145703770673,2,2,69,TRUE,TRUE,TRUE
2L,GHcol,AGAP006241__SITE03,110,110,1,1,1,1,0,0,2,2,55,TRUE,TRUE,TRUE
2L,GHgam,AGAP006241__SITE03,24,24,1,1,1,1,0,0,2,2,12,FALSE,TRUE,FALSE
2L,GNgam,AGAP006241__SITE03,80,80,1,0.9,0.9,1,0.1,0.00782608695652174,2,2,40,TRUE,TRUE,TRUE
2L,UGgam,AGAP006241__SITE03,224,224,1,0.973214285714286,0.973214285714286,1,0.0267857142857143,0.00226680346051464,2,2,112,TRUE,TRUE,TRUE
2L,AOcol,AGAP006241__SITE04,156,156,1,1,1,1,0,0,4,4,78,TRUE,TRUE,TRUE
2L,BFcol,AGAP006241__SITE04,150,150,1,0.973333333333333,0.973333333333333,1,0.0266666666666667,0.00225700483091787,4,4,75,TRUE,TRUE,TRUE
2L,BFgam,AGAP006241__SITE04,184,184,1,0.994565217391304,1,0.994565217391304,0.00543478260869565,0.000470021369277554,4,4,92,TRUE,TRUE,TRUE
2L,CMgam,AGAP006241__SITE04,594,594,1,0.996632996632997,1,0.996632996632997,0.00168350168350168,0.000292290000971014,4,4,297,TRUE,TRUE,TRUE
2L,CIcol,AGAP006241__SITE04,142,142,1,1,1,1,0,0,4,4,71,TRUE,TRUE,TRUE
2L,FRgam,AGAP006241__SITE04,48,48,1,1,1,1,0,0,4,4,24,TRUE,TRUE,FALSE
2L,GAgam,AGAP006241__SITE04,138,138,1,0.985507246376812,0.992753623188406,0.992753623188406,0.0072463768115942,0.00125110727559976,4,4,69,TRUE,TRUE,TRUE
2L,GHcol,AGAP006241__SITE04,110,110,1,1,1,1,0,0,4,4,55,TRUE,TRUE,TRUE
2L,GHgam,AGAP006241__SITE04,24,24,1,1,1,1,0,0,4,4,12,FALSE,TRUE,FALSE
2L,GNgam,AGAP006241__SITE04,80,80,1,1,1,1,0,0,4,4,40,TRUE,TRUE,TRUE
2L,UGgam,AGAP006241__SITE04,224,224,1,0.995535714285714,0.995535714285714,1,0.00446428571428571,0.000386465727595386,4,4,112,TRUE,TRUE,TRUE
2L,AOcol,AGAP006241__SITE05,156,156,1,1,1,1,0,0,4,4,78,TRUE,TRUE,TRUE
2L,BFcol,AGAP006241__SITE05,150,150,1,0.966666666666667,1,0.966666666666667,0.0333333333333333,0.00280193236714976,4,4,75,TRUE,TRUE,TRUE
2L,BFgam,AGAP006241__SITE05,184,184,1,0.989130434782609,1,0.989130434782609,0.0108695652173913,0.000934905892989233,4,4,92,TRUE,TRUE,TRUE
2L,CMgam,AGAP006241__SITE05,594,594,1,0.996632996632997,1,0.996632996632997,0.00336700336700337,0.000291797100463474,4,4,297,TRUE,TRUE,TRUE
2L,CIcol,AGAP006241__SITE05,142,142,1,0.971830985915493,1,0.971830985915493,0.0211267605633803,0.00240635484677816,4,4,71,TRUE,TRUE,TRUE
2L,FRgam,AGAP006241__SITE05,48,48,1,1,1,1,0,0,4,4,24,TRUE,TRUE,FALSE
2L,GAgam,AGAP006241__SITE05,138,138,1,1,1,1,0,0,4,4,69,TRUE,TRUE,TRUE
2L,GHcol,AGAP006241__SITE05,110,110,1,1,1,1,0,0,4,4,55,TRUE,TRUE,TRUE
2L,GHgam,AGAP006241__SITE05,24,24,1,0.958333333333333,1,0.958333333333333,0.0416666666666667,0.00347222222222222,4,4,12,FALSE,TRUE,FALSE
2L,GNgam,AGAP006241__SITE05,80,80,1,0.9875,1,0.9875,0.0125,0.00107336956521739,4,4,40,TRUE,TRUE,TRUE
2L,UGgam,AGAP006241__SITE05,224,224,1,0.964285714285714,1,0.964285714285714,0.0178571428571429,0.00306399733806566,4,4,112,TRUE,TRUE,TRUE
3R,AOcol,AGAP009782__SITE01,156,156,1,0,1,0,1,0,4,4,78,TRUE,TRUE,TRUE
3R,BFcol,AGAP009782__SITE01,150,150,1,0.0133333333333333,1,0.0133333333333333,0.986666666666667,0.001143961352657,4,4,75,TRUE,TRUE,TRUE
3R,BFgam,AGAP009782__SITE01,184,184,1,0,1,0,1,0.00140492726226679,4,4,92,TRUE,TRUE,TRUE
3R,CMgam,AGAP009782__SITE01,594,594,1,0,1,0,1,0.00144370558658364,4,4,297,TRUE,TRUE,TRUE
3R,CIcol,AGAP009782__SITE01,142,142,1,0,1,0,1,0,4,4,71,TRUE,TRUE,TRUE
3R,FRgam,AGAP009782__SITE01,48,48,1,0,1,0,1,0,4,4,24,TRUE,TRUE,FALSE
3R,GAgam,AGAP009782__SITE01,138,138,1,0,1,0,1,0,4,4,69,TRUE,TRUE,TRUE
3R,GHcol,AGAP009782__SITE01,110,110,1,0,1,0,1,0,4,4,55,TRUE,TRUE,TRUE
3R,GHgam,AGAP009782__SITE01,24,24,1,0,1,0,1,0,4,4,12,FALSE,TRUE,FALSE
3R,GNgam,AGAP009782__SITE01,80,80,1,0,1,0,1,0.00107336956521739,4,4,40,TRUE,TRUE,TRUE
3R,UGgam,AGAP009782__SITE01,224,224,1,0,1,0,1,0,4,4,112,TRUE,TRUE,TRUE
3R,AOcol,AGAP009782__SITE02,156,156,1,0,1,0,1,0,5,5,78,TRUE,TRUE,TRUE
3R,BFcol,AGAP009782__SITE02,150,150,1,0.0133333333333333,1,0.0133333333333333,0.986666666666667,0.001143961352657,5,5,75,TRUE,TRUE,TRUE
3R,BFgam,AGAP009782__SITE02,184,184,1,0,1,0,1,0.00140492726226679,5,5,92,TRUE,TRUE,TRUE
3R,CMgam,AGAP009782__SITE02,594,594,1,0,1,0,1,0.00144370558658364,5,5,297,TRUE,TRUE,TRUE
3R,CIcol,AGAP009782__SITE02,142,142,1,0,1,0,1,0,5,5,71,TRUE,TRUE,TRUE
3R,FRgam,AGAP009782__SITE02,48,48,1,0,1,0,1,0,5,5,24,TRUE,TRUE,FALSE
3R,GAgam,AGAP009782__SITE02,138,138,1,0,1,0,1,0,5,5,69,TRUE,TRUE,TRUE
3R,GHcol,AGAP009782__SITE02,110,110,1,0,1,0,1,0,5,5,55,TRUE,TRUE,TRUE
3R,GHgam,AGAP009782__SITE02,24,24,1,0,1,0,1,0,5,5,12,FALSE,TRUE,FALSE
3R,GNgam,AGAP009782__SITE02,80,80,1,0,1,0,1,0.00107336956521739,5,5,40,TRUE,TRUE,TRUE
3R,UGgam,AGAP009782__SITE02,224,224,1,0,0.995535714285714,0,1,0.000386465727595386,5,5,112,TRUE,TRUE,TRUE
3R,AOcol,AGAP009782__SITE03,156,156,1,1,1,1,0,0,2,2,78,TRUE,TRUE,TRUE
3R,BFcol,AGAP009782__SITE03,150,150,1,1,1,1,0,0,2,2,75,TRUE,TRUE,TRUE
3R,BFgam,AGAP009782__SITE03,184,184,1,0.994565217391304,1,0.994565217391304,0.00543478260869565,0.000470021369277554,2,2,92,TRUE,TRUE,TRUE
3R,CMgam,AGAP009782__SITE03,594,594,1,0.998316498316498,1,0.998316498316498,0.00168350168350168,0.000146145000485507,2,2,297,TRUE,TRUE,TRUE
3R,CIcol,AGAP009782__SITE03,142,142,1,0.992957746478873,1,0.992957746478873,0.00704225352112676,0.000608057407519212,2,2,71,TRUE,TRUE,TRUE
3R,FRgam,AGAP009782__SITE03,48,48,1,1,1,1,0,0,2,2,24,TRUE,TRUE,FALSE
3R,GAgam,AGAP009782__SITE03,138,138,1,0.985507246376812,1,0.985507246376812,0.0144927536231884,0.00124197510570487,2,2,69,TRUE,TRUE,TRUE
3R,GHcol,AGAP009782__SITE03,110,110,1,1,1,1,0,0,2,2,55,TRUE,TRUE,TRUE
3R,GHgam,AGAP009782__SITE03,24,24,1,1,1,1,0,0,2,2,12,FALSE,TRUE,FALSE
3R,GNgam,AGAP009782__SITE03,80,80,1,1,1,1,0,0,2,2,40,TRUE,TRUE,TRUE
3R,UGgam,AGAP009782__SITE03,224,224,1,1,1,1,0,0,2,2,112,TRUE,TRUE,TRUE
3R,AOcol,AGAP009782__SITE04,156,156,1,0.775641025641026,1,0.775641025641026,0.224358974358974,0.0151323499985707,3,3,78,TRUE,TRUE,TRUE
3R,BFcol,AGAP009782__SITE04,150,150,1,0.993333333333333,1,0.993333333333333,0.00666666666666667,0.000575845410628019,3,3,75,TRUE,TRUE,TRUE
3R,BFgam,AGAP009782__SITE04,184,184,1,0.983695652173913,0.994565217391304,0.989130434782609,0.0108695652173913,0.00140492726226679,3,3,92,TRUE,TRUE,TRUE
3R,CMgam,AGAP009782__SITE04,594,594,1,0.991582491582492,0.994949494949495,0.996632996632997,0.00505050505050505,0.000728753400397376,3,3,297,TRUE,TRUE,TRUE
3R,CIcol,AGAP009782__SITE04,142,142,1,1,1,1,0,0,3,3,71,TRUE,TRUE,TRUE
3R,FRgam,AGAP009782__SITE04,48,48,1,1,1,1,0,0,3,3,24,TRUE,TRUE,FALSE
3R,GAgam,AGAP009782__SITE04,138,138,1,1,1,1,0,0,3,3,69,TRUE,TRUE,TRUE
3R,GHcol,AGAP009782__SITE04,110,110,1,1,1,1,0,0,3,3,55,TRUE,TRUE,TRUE
3R,GHgam,AGAP009782__SITE04,24,24,1,1,1,1,0,0,3,3,12,FALSE,TRUE,FALSE
3R,GNgam,AGAP009782__SITE04,80,80,1,1,1,1,0,0,3,3,40,TRUE,TRUE,TRUE
3R,UGgam,AGAP009782__SITE04,224,224,1,1,1,1,0,0,3,3,112,TRUE,TRUE,TRUE
3R,AOcol,AGAP009782__SITE05,156,156,1,0.705128205128205,1,0.705128205128205,0.294871794871795,0.0180802103879027,4,4,78,TRUE,TRUE,TRUE
3R,BFcol,AGAP009782__SITE05,150,150,1,0.693333333333333,0.993333333333333,0.7,0.293333333333333,0.0191768115942029,4,4,75,TRUE,TRUE,TRUE
3R,BFgam,AGAP009782__SITE05,184,184,1,0.804347826086957,1,0.804347826086957,0.195652173913043,0.0136845565874908,4,4,92,TRUE,TRUE,TRUE
3R,CMgam,AGAP009782__SITE05,594,594,1,0.765993265993266,1,0.765993265993266,0.228956228956229,0.0157888355077639,4,4,297,TRUE,TRUE,TRUE
3R,CIcol,AGAP009782__SITE05,142,142,1,0.816901408450704,0.992957746478873,0.823943661971831,0.176056338028169,0.0132220142656305,4,4,71,TRUE,TRUE,TRUE
3R,FRgam,AGAP009782__SITE05,48,48,1,0.666666666666667,0.895833333333333,0.770833333333333,0.229166666666667,0.0234752415458937,4,4,24,TRUE,TRUE,FALSE
3R,GAgam,AGAP009782__SITE05,138,138,1,0.811594202898551,1,0.811594202898551,0.188405797101449,0.013296439366958,4,4,69,TRUE,TRUE,TRUE
3R,GHcol,AGAP009782__SITE05,110,110,1,0.9,1,0.9,0.1,0.00782608695652174,4,4,55,TRUE,TRUE,TRUE
3R,GHgam,AGAP009782__SITE05,24,24,1,0.666666666666667,1,0.666666666666667,0.333333333333333,0.0193236714975845,4,4,12,FALSE,TRUE,FALSE
3R,GNgam,AGAP009782__SITE05,80,80,1,0.8,1,0.8,0.2,0.0139130434782609,4,4,40,TRUE,TRUE,TRUE
3R,UGgam,AGAP009782__SITE05,224,224,1,0.767857142857143,1,0.767857142857143,0.120535714285714,0.017839812555457,4,4,112,TRUE,TRUE,TRUE
2R,AOcol,AGAP002475__SITE01,156,156,1,0.974358974358974,1,0.974358974358974,0.0256410256410256,0.00217248377783495,4,4,78,TRUE,TRUE,TRUE
2R,BFcol,AGAP002475__SITE01,150,150,1,0.986666666666667,1,0.986666666666667,0.00666666666666667,0.00115169082125604,4,4,75,TRUE,TRUE,TRUE
2R,BFgam,AGAP002475__SITE01,184,184,1,0.989130434782609,1,0.989130434782609,0.00543478260869565,0.000940042738555108,4,4,92,TRUE,TRUE,TRUE
2R,CMgam,AGAP002475__SITE01,594,594,1,0.996632996632997,1,0.996632996632997,0.00168350168350168,0.000292290000971014,4,4,297,TRUE,TRUE,TRUE
2R,CIcol,AGAP002475__SITE01,142,142,1,1,1,1,0,0,4,4,71,TRUE,TRUE,TRUE
2R,FRgam,AGAP002475__SITE01,48,48,1,1,1,1,0,0,4,4,24,TRUE,TRUE,FALSE
2R,GAgam,AGAP002475__SITE01,138,138,1,1,1,1,0,0,4,4,69,TRUE,TRUE,TRUE
2R,GHcol,AGAP002475__SITE01,110,110,1,1,1,1,0,0,4,4,55,TRUE,TRUE,TRUE
2R,GHgam,AGAP002475__SITE01,24,24,1,1,1,1,0,0,4,4,12,FALSE,TRUE,FALSE
2R,GNgam,AGAP002475__SITE01,80,80,1,1,1,1,0,0,4,4,40,TRUE,TRUE,TRUE
2R,UGgam,AGAP002475__SITE01,224,224,1,1,1,1,0,0,4,4,112,TRUE,TRUE,TRUE
2R,AOcol,AGAP002475__SITE02,156,156,1,0.474358974358974,1,0.474358974358974,0.525641025641026,0.0216819598090501,5,5,78,TRUE,TRUE,TRUE
2R,BFcol,AGAP002475__SITE02,150,150,1,0.386666666666667,1,0.386666666666667,0.613333333333333,0.0211980676328502,5,5,75,TRUE,TRUE,TRUE
2R,BFgam,AGAP002475__SITE02,184,184,1,0.342391304347826,1,0.342391304347826,0.657608695652174,0.0205139927673214,5,5,92,TRUE,TRUE,TRUE
2R,CMgam,AGAP002475__SITE02,594,594,1,0.304713804713805,1,0.304713804713805,0.693602693602694,0.019500869230045,5,5,297,TRUE,TRUE,TRUE
2R,CIcol,AGAP002475__SITE02,142,142,1,0.408450704225352,1,0.408450704225352,0.591549295774648,0.0210103240385362,5,5,71,TRUE,TRUE,TRUE
2R,FRgam,AGAP002475__SITE02,48,48,1,0,1,0,1,0,5,5,24,TRUE,TRUE,FALSE
2R,GAgam,AGAP002475__SITE02,138,138,1,0.282608695652174,1,0.282608695652174,0.717391304347826,0.0176296539820827,5,5,69,TRUE,TRUE,TRUE
2R,GHcol,AGAP002475__SITE02,110,110,1,0.4,1,0.4,0.6,0.0208695652173913,5,5,55,TRUE,TRUE,TRUE
2R,GHgam,AGAP002475__SITE02,24,24,1,0.208333333333333,1,0.208333333333333,0.791666666666667,0.0143417874396135,5,5,12,FALSE,TRUE,FALSE
2R,GNgam,AGAP002475__SITE02,80,80,1,0.2625,1,0.2625,0.725,0.0184103260869565,5,5,40,TRUE,TRUE,TRUE
2R,UGgam,AGAP002475__SITE02,224,224,1,0.196428571428571,1,0.196428571428571,0.803571428571429,0.0152645297249335,5,5,112,TRUE,TRUE,TRUE
2R,AOcol,AGAP002475__SITE03,156,156,1,0.474358974358974,1,0.474358974358974,0.525641025641026,0.0216819598090501,5,5,78,TRUE,TRUE,TRUE
2R,BFcol,AGAP002475__SITE03,150,150,1,0.386666666666667,1,0.386666666666667,0.613333333333333,0.0211980676328502,5,5,75,TRUE,TRUE,TRUE
2R,BFgam,AGAP002475__SITE03,184,184,1,0.342391304347826,1,0.342391304347826,0.657608695652174,0.0205139927673214,5,5,92,TRUE,TRUE,TRUE
2R,CMgam,AGAP002475__SITE03,594,594,1,0.304713804713805,1,0.304713804713805,0.693602693602694,0.019500869230045,5,5,297,TRUE,TRUE,TRUE
2R,CIcol,AGAP002475__SITE03,142,142,1,0.408450704225352,1,0.408450704225352,0.591549295774648,0.0210103240385362,5,5,71,TRUE,TRUE,TRUE
2R,FRgam,AGAP002475__SITE03,48,48,1,0,1,0,1,0,5,5,24,TRUE,TRUE,FALSE
2R,GAgam,AGAP002475__SITE03,138,138,1,0.282608695652174,1,0.282608695652174,0.717391304347826,0.0176296539820827,5,5,69,TRUE,TRUE,TRUE
2R,GHcol,AGAP002475__SITE03,110,110,1,0.4,1,0.4,0.6,0.0208695652173913,5,5,55,TRUE,TRUE,TRUE
2R,GHgam,AGAP002475__SITE03,24,24,1,0.208333333333333,1,0.208333333333333,0.791666666666667,0.0143417874396135,5,5,12,FALSE,TRUE,FALSE
2R,GNgam,AGAP002475__SITE03,80,80,1,0.2625,1,0.2625,0.725,0.0184103260869565,5,5,40,TRUE,TRUE,TRUE
2R,UGgam,AGAP002475__SITE03,224,224,1,0.196428571428571,1,0.196428571428571,0.803571428571429,0.0152645297249335,5,5,112,TRUE,TRUE,TRUE
2R,AOcol,AGAP002475__SITE04,156,156,1,0.788461538461538,1,0.788461538461538,0.205128205128205,0.0147321556184432,9,9,78,TRUE,TRUE,TRUE
2R,BFcol,AGAP002475__SITE04,150,150,1,0.82,1,0.82,0.16,0.0133913043478261,9,9,75,TRUE,TRUE,TRUE
2R,BFgam,AGAP002475__SITE04,184,184,1,0.782608695652174,1,0.782608695652174,0.190217391304348,0.0175628749897263,9,9,92,TRUE,TRUE,TRUE
2R,CMgam,AGAP002475__SITE04,594,594,1,0.888888888888889,0.996632996632997,0.892255892255892,0.0841750841750842,0.00945851428943216,9,9,297,TRUE,TRUE,TRUE
2R,CIcol,AGAP002475__SITE04,142,142,1,0.985915492957746,1,0.985915492957746,0.0140845070422535,0.00120748988727219,9,9,71,TRUE,TRUE,TRUE
2R,FRgam,AGAP002475__SITE04,48,48,1,1,1,1,0,0,9,9,24,TRUE,TRUE,FALSE
2R,GAgam,AGAP002475__SITE04,138,138,1,0.992753623188406,1,0.992753623188406,0.0072463768115942,0.00125110727559976,9,9,69,TRUE,TRUE,TRUE
2R,GHcol,AGAP002475__SITE04,110,110,1,1,1,1,0,0,9,9,55,TRUE,TRUE,TRUE
2R,GHgam,AGAP002475__SITE04,24,24,1,1,1,1,0,0,9,9,12,FALSE,TRUE,FALSE
2R,GNgam,AGAP002475__SITE04,80,80,1,0.9375,1,0.9375,0.0375,0.00525815217391304,9,9,40,TRUE,TRUE,TRUE
2R,UGgam,AGAP002475__SITE04,224,224,1,0.928571428571429,1,0.928571428571429,0.0267857142857143,0.00833587511091393,9,9,112,TRUE,TRUE,TRUE
2R,AOcol,AGAP002475__SITE05,156,156,1,1,1,1,0,0,5,5,78,TRUE,TRUE,TRUE
2R,BFcol,AGAP002475__SITE05,150,150,1,0.953333333333333,1,0.953333333333333,0.04,0.00391497584541063,5,5,75,TRUE,TRUE,TRUE
2R,BFgam,AGAP002475__SITE05,184,184,1,0.972826086956522,1,0.972826086956522,0.0271739130434783,0.00229873839072902,5,5,92,TRUE,TRUE,TRUE
2R,CMgam,AGAP002475__SITE05,594,594,1,0.808080808080808,0.996632996632997,0.811447811447811,0.188552188552189,0.0143239351993561,5,5,297,TRUE,TRUE,TRUE
2R,CIcol,AGAP002475__SITE05,142,142,1,0.950704225352113,1,0.950704225352113,0.028169014084507,0.00417877750273841,5,5,71,TRUE,TRUE,TRUE
2R,FRgam,AGAP002475__SITE05,48,48,1,0.979166666666667,1,0.979166666666667,0.0208333333333333,0.00177385265700483,5,5,24,TRUE,TRUE,FALSE
2R,GAgam,AGAP002475__SITE05,138,138,1,0.927536231884058,1,0.927536231884058,0.072463768115942,0.00584458873272878,5,5,69,TRUE,TRUE,TRUE
2R,GHcol,AGAP002475__SITE05,110,110,1,1,1,1,0,0,5,5,55,TRUE,TRUE,TRUE
2R,GHgam,AGAP002475__SITE05,24,24,1,0.666666666666667,1,0.666666666666667,0.333333333333333,0.0193236714975845,5,5,12,FALSE,TRUE,FALSE
2R,GNgam,AGAP002475__SITE05,80,80,1,0.9,1,0.9,0.1,0.00782608695652174,5,5,40,TRUE,TRUE,TRUE
2R,UGgam,AGAP002475__SITE05,224,224,1,0.65625,1,0.65625,0.34375,0.0196161684782609,5,5,112,TRUE,TRUE,TRUE
2R,AOcol,AGAP001526__SITE01,156,156,1,1,1,1,0,0,5,5,78,TRUE,TRUE,TRUE
2R,BFcol,AGAP001526__SITE01,150,150,1,0.973333333333333,1,0.973333333333333,0.0133333333333333,0.00228792270531401,5,5,75,TRUE,TRUE,TRUE
2R,BFgam,AGAP001526__SITE01,184,184,1,0.972826086956522,1,0.972826086956522,0.0217391304347826,0.00231928577299252,5,5,92,TRUE,TRUE,TRUE
2R,CMgam,AGAP001526__SITE01,594,594,1,0.976430976430976,1,0.976430976430976,0.0235690235690236,0.00200117606061099,5,5,297,TRUE,TRUE,TRUE
2R,CIcol,AGAP001526__SITE01,142,142,1,1,1,1,0,0,5,5,71,TRUE,TRUE,TRUE
2R,FRgam,AGAP001526__SITE01,48,48,1,1,1,1,0,0,5,5,24,TRUE,TRUE,FALSE
2R,GAgam,AGAP001526__SITE01,138,138,1,1,1,1,0,0,5,5,69,TRUE,TRUE,TRUE
2R,GHcol,AGAP001526__SITE01,110,110,1,0.981818181818182,1,0.981818181818182,0.00909090909090909,0.00156665468918433,5,5,55,TRUE,TRUE,TRUE
2R,GHgam,AGAP001526__SITE01,24,24,1,1,1,1,0,0,5,5,12,FALSE,TRUE,FALSE
2R,GNgam,AGAP001526__SITE01,80,80,1,0.9625,1,0.9625,0.0125,0.00322010869565217,5,5,40,TRUE,TRUE,TRUE
2R,UGgam,AGAP001526__SITE01,224,224,1,0.982142857142857,1,0.982142857142857,0.0178571428571429,0.00152506654835847,5,5,112,TRUE,TRUE,TRUE
2R,AOcol,AGAP001526__SITE02,156,156,1,0.41025641025641,1,0.41025641025641,0.58974358974359,0.0210387902695595,5,5,78,TRUE,TRUE,TRUE
2R,BFcol,AGAP001526__SITE02,150,150,1,0.833333333333333,1,0.833333333333333,0.146666666666667,0.0131787439613527,5,5,75,TRUE,TRUE,TRUE
2R,BFgam,AGAP001526__SITE02,184,184,1,0.41304347826087,1,0.41304347826087,0.559782608695652,0.0246619955617654,5,5,92,TRUE,TRUE,TRUE
2R,CMgam,AGAP001526__SITE02,594,594,1,0.417508417508417,1,0.417508417508417,0.570707070707071,0.0226093462808439,5,5,297,TRUE,TRUE,TRUE
2R,CIcol,AGAP001526__SITE02,142,142,1,0.880281690140845,1,0.880281690140845,0.119718309859155,0.00916398575161933,5,5,71,TRUE,TRUE,TRUE
2R,FRgam,AGAP001526__SITE02,48,48,1,0.479166666666667,1,0.479166666666667,0.520833333333333,0.0217013888888889,5,5,24,TRUE,TRUE,FALSE
2R,GAgam,AGAP001526__SITE02,138,138,1,0.355072463768116,1,0.355072463768116,0.644927536231884,0.0199126964558049,5,5,69,TRUE,TRUE,TRUE
2R,GHcol,AGAP001526__SITE02,110,110,1,0.954545454545455,1,0.954545454545455,0.0454545454545455,0.00377290693496227,5,5,55,TRUE,TRUE,TRUE
2R,GHgam,AGAP001526__SITE02,24,24,1,0.458333333333333,1,0.458333333333333,0.5,0.0252113526570048,5,5,12,FALSE,TRUE,FALSE
2R,GNgam,AGAP001526__SITE02,80,80,1,0.3875,1,0.3875,0.6125,0.0206385869565217,5,5,40,TRUE,TRUE,TRUE
2R,UGgam,AGAP001526__SITE02,224,224,1,0.375,1,0.375,0.616071428571429,0.0217235331632653,5,5,112,TRUE,TRUE,TRUE
2R,AOcol,AGAP001526__SITE03,156,156,1,1,1,1,0,0,3,3,78,TRUE,TRUE,TRUE
2R,BFcol,AGAP001526__SITE03,150,150,1,1,1,1,0,0,3,3,75,TRUE,TRUE,TRUE
2R,BFgam,AGAP001526__SITE03,184,184,1,0.96195652173913,0.994565217391304,0.967391304347826,0.0271739130434783,0.00323878112928413,3,3,92,TRUE,TRUE,TRUE
2R,CMgam,AGAP001526__SITE03,594,594,1,0.95959595959596,0.986531986531987,0.973063973063973,0.0269360269360269,0.0034345307365363,3,3,297,TRUE,TRUE,TRUE
2R,CIcol,AGAP001526__SITE03,142,142,1,1,1,1,0,0,3,3,71,TRUE,TRUE,TRUE
2R,FRgam,AGAP001526__SITE03,48,48,1,1,1,1,0,0,3,3,24,TRUE,TRUE,FALSE
2R,GAgam,AGAP001526__SITE03,138,138,1,0.942028985507246,1,0.942028985507246,0.0579710144927536,0.00474872834534214,3,3,69,TRUE,TRUE,TRUE
2R,GHcol,AGAP001526__SITE03,110,110,1,1,1,1,0,0,3,3,55,TRUE,TRUE,TRUE
2R,GHgam,AGAP001526__SITE03,24,24,1,0.958333333333333,0.958333333333333,1,0.0416666666666667,0.00347222222222222,3,3,12,FALSE,TRUE,FALSE
2R,GNgam,AGAP001526__SITE03,80,80,1,0.9625,0.975,0.9875,0.025,0.0031929347826087,3,3,40,TRUE,TRUE,TRUE
2R,UGgam,AGAP001526__SITE03,224,224,1,0.964285714285714,0.982142857142857,0.982142857142857,0.0178571428571429,0.00305013309671695,3,3,112,TRUE,TRUE,TRUE
2R,AOcol,AGAP001526__SITE04,156,156,1,1,1,1,0,0,9,9,78,TRUE,TRUE,TRUE
2R,BFcol,AGAP001526__SITE04,150,150,1,0.986666666666667,1,0.986666666666667,0.00666666666666667,0.00115169082125604,9,9,75,TRUE,TRUE,TRUE
2R,BFgam,AGAP001526__SITE04,184,184,1,0.989130434782609,0.994565217391304,0.994565217391304,0.00543478260869565,0.000940042738555108,9,9,92,TRUE,TRUE,TRUE
2R,CMgam,AGAP001526__SITE04,594,594,1,0.983164983164983,1,0.983164983164983,0.00841750841750842,0.00145553519876459,9,9,297,TRUE,TRUE,TRUE
2R,CIcol,AGAP001526__SITE04,142,142,1,0.936619718309859,1,0.936619718309859,0.0633802816901408,0.00516201926808863,9,9,71,TRUE,TRUE,TRUE
2R,FRgam,AGAP001526__SITE04,48,48,1,1,1,1,0,0,9,9,24,TRUE,TRUE,FALSE
2R,GAgam,AGAP001526__SITE04,138,138,1,1,1,1,0,0,9,9,69,TRUE,TRUE,TRUE
2R,GHcol,AGAP001526__SITE04,110,110,1,0.881818181818182,1,0.881818181818182,0.118181818181818,0.00906216313330938,9,9,55,TRUE,TRUE,TRUE
2R,GHgam,AGAP001526__SITE04,24,24,1,1,1,1,0,0,9,9,12,FALSE,TRUE,FALSE
2R,GNgam,AGAP001526__SITE04,80,80,1,0.9875,1,0.9875,0.0125,0.00107336956521739,9,9,40,TRUE,TRUE,TRUE
2R,UGgam,AGAP001526__SITE04,224,224,1,0.995535714285714,1,0.995535714285714,0.00446428571428571,0.000386465727595386,9,9,112,TRUE,TRUE,TRUE
2R,AOcol,AGAP001526__SITE05,156,156,1,1,1,1,0,0,11,11,78,TRUE,TRUE,TRUE
2R,BFcol,AGAP001526__SITE05,150,150,1,0.98,0.993333333333333,0.986666666666667,0.00666666666666667,0.00172753623188406,11,11,75,TRUE,TRUE,TRUE
2R,BFgam,AGAP001526__SITE05,184,184,1,0.96195652173913,0.972826086956522,0.989130434782609,0.016304347826087,0.00326960220267938,11,11,92,TRUE,TRUE,TRUE
2R,CMgam,AGAP001526__SITE05,594,594,1,0.983164983164983,0.994949494949495,0.988215488215488,0.00505050505050505,0.00145849260180983,11,11,297,TRUE,TRUE,TRUE
2R,CIcol,AGAP001526__SITE05,142,142,1,0.936619718309859,1,0.936619718309859,0.0633802816901408,0.00516201926808863,11,11,71,TRUE,TRUE,TRUE
2R,FRgam,AGAP001526__SITE05,48,48,1,1,1,1,0,0,11,11,24,TRUE,TRUE,FALSE
2R,GAgam,AGAP001526__SITE05,138,138,1,0.978260869565217,1,0.978260869565217,0.0217391304347826,0.00184926440371497,11,11,69,TRUE,TRUE,TRUE
2R,GHcol,AGAP001526__SITE05,110,110,1,0.881818181818182,1,0.881818181818182,0.118181818181818,0.00906216313330938,11,11,55,TRUE,TRUE,TRUE
2R,GHgam,AGAP001526__SITE05,24,24,1,1,1,1,0,0,11,11,12,FALSE,TRUE,FALSE
2R,GNgam,AGAP001526__SITE05,80,80,1,0.975,1,0.975,0.0125,0.00214673913043478,11,11,40,TRUE,TRUE,TRUE
2R,UGgam,AGAP001526__SITE05,224,224,1,0.982142857142857,0.986607142857143,0.995535714285714,0.00892857142857143,0.00154239685004437,11,11,112,TRUE,TRUE,TRUE
3R,AOcol,AGAP008381__SITE01,156,156,1,0.903846153846154,1,0.903846153846154,0.0833333333333333,0.00774304662264528,9,9,78,TRUE,TRUE,TRUE
3R,BFcol,AGAP008381__SITE01,150,150,1,0.586666666666667,1,0.586666666666667,0.36,0.0368270531400966,9,9,75,TRUE,TRUE,TRUE
3R,BFgam,AGAP008381__SITE01,184,184,1,0.619565217391304,0.994565217391304,0.625,0.315217391304348,0.0399903427303362,9,9,92,TRUE,TRUE,TRUE
3R,CMgam,AGAP008381__SITE01,594,594,1,0.595959595959596,1,0.595959595959596,0.351851851851852,0.0408257167882406,9,9,297,TRUE,TRUE,TRUE
3R,CIcol,AGAP008381__SITE01,142,142,1,0.647887323943662,1,0.647887323943662,0.316901408450704,0.0341417765626213,9,9,71,TRUE,TRUE,TRUE
3R,FRgam,AGAP008381__SITE01,48,48,1,0.666666666666667,1,0.666666666666667,0.333333333333333,0.0193236714975845,9,9,24,TRUE,TRUE,FALSE
3R,GAgam,AGAP008381__SITE01,138,138,1,0.876811594202899,1,0.876811594202899,0.123188405797101,0.0188898934275773,9,9,69,TRUE,TRUE,TRUE
3R,GHcol,AGAP008381__SITE01,110,110,1,0.581818181818182,1,0.581818181818182,0.345454545454545,0.0365648580668343,9,9,55,TRUE,TRUE,TRUE
3R,GHgam,AGAP008381__SITE01,24,24,1,0.5,1,0.5,0.5,0.0286835748792271,9,9,12,FALSE,TRUE,FALSE
3R,GNgam,AGAP008381__SITE01,80,80,1,0.5375,1,0.5375,0.425,0.0426494565217391,9,9,40,TRUE,TRUE,TRUE
3R,UGgam,AGAP008381__SITE01,224,224,1,0.638392857142857,1,0.638392857142857,0.290178571428571,0.0402444265749778,9,9,112,TRUE,TRUE,TRUE
3R,AOcol,AGAP008381__SITE02,156,156,1,0.903846153846154,1,0.903846153846154,0.0833333333333333,0.00774304662264528,10,10,78,TRUE,TRUE,TRUE
3R,BFcol,AGAP008381__SITE02,150,150,1,0.586666666666667,1,0.586666666666667,0.36,0.0368270531400966,10,10,75,TRUE,TRUE,TRUE
3R,BFgam,AGAP008381__SITE02,184,184,1,0.619565217391304,0.994565217391304,0.625,0.315217391304348,0.0399903427303362,10,10,92,TRUE,TRUE,TRUE
3R,CMgam,AGAP008381__SITE02,594,594,1,0.595959595959596,1,0.595959595959596,0.351851851851852,0.0408257167882406,10,10,297,TRUE,TRUE,TRUE
3R,CIcol,AGAP008381__SITE02,142,142,1,0.647887323943662,1,0.647887323943662,0.316901408450704,0.0341417765626213,10,10,71,TRUE,TRUE,TRUE
3R,FRgam,AGAP008381__SITE02,48,48,1,0.666666666666667,1,0.666666666666667,0.333333333333333,0.0193236714975845,10,10,24,TRUE,TRUE,FALSE
3R,GAgam,AGAP008381__SITE02,138,138,1,0.876811594202899,1,0.876811594202899,0.123188405797101,0.0188898934275773,10,10,69,TRUE,TRUE,TRUE
3R,GHcol,AGAP008381__SITE02,110,110,1,0.581818181818182,1,0.581818181818182,0.345454545454545,0.0365648580668343,10,10,55,TRUE,TRUE,TRUE
3R,GHgam,AGAP008381__SITE02,24,24,1,0.5,1,0.5,0.5,0.0286835748792271,10,10,12,FALSE,TRUE,FALSE
3R,GNgam,AGAP008381__SITE02,80,80,1,0.5375,1,0.5375,0.425,0.0426494565217391,10,10,40,TRUE,TRUE,TRUE
3R,UGgam,AGAP008381__SITE02,224,224,1,0.625,1,0.625,0.290178571428571,0.0413934255767524,10,10,112,TRUE,TRUE,TRUE
3R,AOcol,AGAP008381__SITE03,156,156,1,0.903846153846154,1,0.903846153846154,0.0833333333333333,0.00774304662264528,10,10,78,TRUE,TRUE,TRUE
3R,BFcol,AGAP008381__SITE03,150,150,1,0.586666666666667,1,0.586666666666667,0.36,0.0368270531400966,10,10,75,TRUE,TRUE,TRUE
3R,BFgam,AGAP008381__SITE03,184,184,1,0.625,1,0.625,0.315217391304348,0.0395203213610586,10,10,92,TRUE,TRUE,TRUE
3R,CMgam,AGAP008381__SITE03,594,594,1,0.595959595959596,0.996632996632997,0.595959595959596,0.351851851851852,0.0411175138887041,10,10,297,TRUE,TRUE,TRUE
3R,CIcol,AGAP008381__SITE03,142,142,1,0.647887323943662,1,0.647887323943662,0.316901408450704,0.0341417765626213,10,10,71,TRUE,TRUE,TRUE
3R,FRgam,AGAP008381__SITE03,48,48,1,0.666666666666667,1,0.666666666666667,0.333333333333333,0.0193236714975845,10,10,24,TRUE,TRUE,FALSE
3R,GAgam,AGAP008381__SITE03,138,138,1,0.876811594202899,1,0.876811594202899,0.123188405797101,0.0188898934275773,10,10,69,TRUE,TRUE,TRUE
3R,GHcol,AGAP008381__SITE03,110,110,1,0.581818181818182,1,0.581818181818182,0.345454545454545,0.0365648580668343,10,10,55,TRUE,TRUE,TRUE
3R,GHgam,AGAP008381__SITE03,24,24,1,0.5,1,0.5,0.5,0.0286835748792271,10,10,12,FALSE,TRUE,FALSE
3R,GNgam,AGAP008381__SITE03,80,80,1,0.5375,0.9875,0.5375,0.425,0.0437228260869565,10,10,40,TRUE,TRUE,TRUE
3R,UGgam,AGAP008381__SITE03,224,224,1,0.625,1,0.625,0.290178571428571,0.0413934255767524,10,10,112,TRUE,TRUE,TRUE
3R,AOcol,AGAP008381__SITE04,156,156,1,0.897435897435897,1,0.897435897435897,0.0897435897435897,0.00820398479261356,9,9,78,TRUE,TRUE,TRUE
3R,BFcol,AGAP008381__SITE04,150,150,1,0.9,1,0.9,0.0733333333333333,0.00816618357487923,9,9,75,TRUE,TRUE,TRUE
3R,BFgam,AGAP008381__SITE04,184,184,1,0.858695652173913,0.994565217391304,0.864130434782609,0.108695652173913,0.0116837552395825,9,9,92,TRUE,TRUE,TRUE
3R,CMgam,AGAP008381__SITE04,594,594,1,0.867003367003367,0.998316498316498,0.868686868686869,0.104377104377104,0.0108721529450559,9,9,297,TRUE,TRUE,TRUE
3R,CIcol,AGAP008381__SITE04,142,142,1,0.894366197183099,1,0.894366197183099,0.0704225352112676,0.00864649008564553,9,9,71,TRUE,TRUE,TRUE
3R,FRgam,AGAP008381__SITE04,48,48,1,0.958333333333333,1,0.958333333333333,0.0416666666666667,0.00347222222222222,9,9,24,TRUE,TRUE,FALSE
3R,GAgam,AGAP008381__SITE04,138,138,1,0.942028985507246,1,0.942028985507246,0.0579710144927536,0.00474872834534214,9,9,69,TRUE,TRUE,TRUE
3R,GHcol,AGAP008381__SITE04,110,110,1,0.836363636363636,1,0.836363636363636,0.109090909090909,0.0129356809198706,9,9,55,TRUE,TRUE,TRUE
3R,GHgam,AGAP008381__SITE04,24,24,1,0.916666666666667,1,0.916666666666667,0.0416666666666667,0.00694444444444444,9,9,12,FALSE,TRUE,FALSE
3R,GNgam,AGAP008381__SITE04,80,80,1,0.825,1,0.825,0.15,0.0132336956521739,9,9,40,TRUE,TRUE,TRUE
3R,UGgam,AGAP008381__SITE04,224,224,1,0.825892857142857,1,0.825892857142857,0.151785714285714,0.0135003050133097,9,9,112,TRUE,TRUE,TRUE
3R,AOcol,AGAP008381__SITE05,156,156,1,0.814102564102564,0.814102564102564,0.903846153846154,0.185897435897436,0.0207172054998142,4,4,78,TRUE,TRUE,TRUE
3R,BFcol,AGAP008381__SITE05,150,150,1,0.813333333333333,0.813333333333333,0.846666666666667,0.186666666666667,0.0244908212560387,4,4,75,TRUE,TRUE,TRUE
3R,BFgam,AGAP008381__SITE05,184,184,1,0.902173913043478,0.902173913043478,0.945652173913043,0.0978260869565217,0.0121435029177283,4,4,92,TRUE,TRUE,TRUE
3R,CMgam,AGAP008381__SITE05,594,594,1,0.887205387205387,0.888888888888889,0.925925925925926,0.111111111111111,0.0145735893064249,4,4,297,TRUE,TRUE,TRUE
3R,CIcol,AGAP008381__SITE05,142,142,1,0.605633802816901,0.605633802816901,0.647887323943662,0.394366197183099,0.0406061599234106,4,4,71,TRUE,TRUE,TRUE
3R,FRgam,AGAP008381__SITE05,48,48,1,0.958333333333333,0.958333333333333,1,0.0416666666666667,0.00347222222222222,4,4,24,TRUE,TRUE,FALSE
3R,GAgam,AGAP008381__SITE05,138,138,1,1,1,1,0,0,4,4,69,TRUE,TRUE,TRUE
3R,GHcol,AGAP008381__SITE05,110,110,1,0.772727272727273,0.772727272727273,0.836363636363636,0.227272727272727,0.0271721164211283,4,4,55,TRUE,TRUE,TRUE
3R,GHgam,AGAP008381__SITE05,24,24,1,1,1,1,0,0,4,4,12,FALSE,TRUE,FALSE
3R,GNgam,AGAP008381__SITE05,80,80,1,0.9375,0.95,0.95,0.05,0.00834239130434783,4,4,40,TRUE,TRUE,TRUE
3R,UGgam,AGAP008381__SITE05,224,224,1,0.928571428571429,0.928571428571429,0.933035714285714,0.0714285714285714,0.0112005739795918,4,4,112,TRUE,TRUE,TRUE
X,AOcol,AGAP000399__SITE01,156,156,1,1,1,1,0,0,4,4,78,TRUE,TRUE,TRUE
X,BFcol,AGAP000399__SITE01,150,144,0.96,0.965277777777778,1,0.965277777777778,0.0347222222222222,0.00291448604401503,4,4,72,TRUE,TRUE,TRUE
X,BFgam,AGAP000399__SITE01,184,134,0.728260869565217,1,1,1,0,0,4,4,67,TRUE,TRUE,TRUE
X,CMgam,AGAP000399__SITE01,594,506,0.851851851851852,0.990118577075099,1,0.990118577075099,0.00790513833992095,0.000853480522779745,4,4,253,TRUE,TRUE,TRUE
X,CIcol,AGAP000399__SITE01,142,142,1,0.943661971830986,1,0.943661971830986,0.0563380281690141,0.00462296128269926,4,4,71,TRUE,TRUE,TRUE
X,FRgam,AGAP000399__SITE01,48,24,0.5,1,1,1,0,0,4,4,12,FALSE,TRUE,FALSE
X,GAgam,AGAP000399__SITE01,138,138,1,1,1,1,0,0,4,4,69,TRUE,TRUE,TRUE
X,GHcol,AGAP000399__SITE01,110,110,1,0.972727272727273,1,0.972727272727273,0.0272727272727273,0.00230686309737693,4,4,55,TRUE,TRUE,TRUE
X,GHgam,AGAP000399__SITE01,24,24,1,1,1,1,0,0,4,4,12,FALSE,TRUE,FALSE
X,GNgam,AGAP000399__SITE01,80,80,1,1,1,1,0,0,4,4,40,TRUE,TRUE,TRUE
X,UGgam,AGAP000399__SITE01,224,224,1,0.995535714285714,1,0.995535714285714,0.00446428571428571,0.000386465727595386,4,4,112,TRUE,TRUE,TRUE
X,AOcol,AGAP000399__SITE02,156,156,1,1,1,1,0,0,2,2,78,TRUE,TRUE,TRUE
X,BFcol,AGAP000399__SITE02,150,144,0.96,1,1,1,0,0,2,2,72,TRUE,TRUE,TRUE
X,BFgam,AGAP000399__SITE02,184,134,0.728260869565217,1,1,1,0,0,2,2,67,TRUE,TRUE,TRUE
X,CMgam,AGAP000399__SITE02,594,506,0.851851851851852,1,1,1,0,0,2,2,253,TRUE,TRUE,TRUE
X,CIcol,AGAP000399__SITE02,142,142,1,1,1,1,0,0,2,2,71,TRUE,TRUE,TRUE
X,FRgam,AGAP000399__SITE02,48,24,0.5,1,1,1,0,0,2,2,12,FALSE,TRUE,FALSE
X,GAgam,AGAP000399__SITE02,138,138,1,1,1,1,0,0,2,2,69,TRUE,TRUE,TRUE
X,GHcol,AGAP000399__SITE02,110,110,1,1,1,1,0,0,2,2,55,TRUE,TRUE,TRUE
X,GHgam,AGAP000399__SITE02,24,24,1,1,1,1,0,0,2,2,12,FALSE,TRUE,FALSE
X,GNgam,AGAP000399__SITE02,80,80,1,0.9875,1,0.9875,0.0125,0.00107336956521739,2,2,40,TRUE,TRUE,TRUE
X,UGgam,AGAP000399__SITE02,224,224,1,1,1,1,0,0,2,2,112,TRUE,TRUE,TRUE
X,AOcol,AGAP000399__SITE03,156,156,1,1,1,1,0,0,4,4,78,TRUE,TRUE,TRUE
X,BFcol,AGAP000399__SITE03,150,144,0.96,1,1,1,0,0,4,4,72,TRUE,TRUE,TRUE
X,BFgam,AGAP000399__SITE03,184,134,0.728260869565217,1,1,1,0,0,4,4,67,TRUE,TRUE,TRUE
X,CMgam,AGAP000399__SITE03,594,506,0.851851851851852,0.992094861660079,0.99802371541502,0.994071146245059,0.00395256916996047,0.000685365576987475,4,4,253,TRUE,TRUE,TRUE
X,CIcol,AGAP000399__SITE03,142,142,1,0.943661971830986,0.943661971830986,1,0.0563380281690141,0.00462296128269926,4,4,71,TRUE,TRUE,TRUE
X,FRgam,AGAP000399__SITE03,48,24,0.5,1,1,1,0,0,4,4,12,FALSE,TRUE,FALSE
X,GAgam,AGAP000399__SITE03,138,138,1,1,1,1,0,0,4,4,69,TRUE,TRUE,TRUE
X,GHcol,AGAP000399__SITE03,110,110,1,0.963636363636364,0.963636363636364,1,0.0363636363636364,0.00304707150556953,4,4,55,TRUE,TRUE,TRUE
X,GHgam,AGAP000399__SITE03,24,24,1,1,1,1,0,0,4,4,12,FALSE,TRUE,FALSE
X,GNgam,AGAP000399__SITE03,80,80,1,0.9875,1,0.9875,0.0125,0.00107336956521739,4,4,40,TRUE,TRUE,TRUE
X,UGgam,AGAP000399__SITE03,224,224,1,0.991071428571429,0.995535714285714,0.995535714285714,0.00446428571428571,0.000772931455190772,4,4,112,TRUE,TRUE,TRUE
X,AOcol,AGAP000399__SITE04,156,156,1,1,1,1,0,0,3,3,78,TRUE,TRUE,TRUE
X,BFcol,AGAP000399__SITE04,150,144,0.96,0.979166666666667,1,0.979166666666667,0.0138888888888889,0.00179062667740204,3,3,72,TRUE,TRUE,TRUE
X,BFgam,AGAP000399__SITE04,184,134,0.728260869565217,1,1,1,0,0,3,3,67,TRUE,TRUE,TRUE
X,CMgam,AGAP000399__SITE04,594,506,0.851851851851852,0.996047430830039,1,0.996047430830039,0.00197628458498024,0.000343022414646853,3,3,253,TRUE,TRUE,TRUE
X,CIcol,AGAP000399__SITE04,142,142,1,1,1,1,0,0,3,3,71,TRUE,TRUE,TRUE
X,FRgam,AGAP000399__SITE04,48,24,0.5,1,1,1,0,0,3,3,12,FALSE,TRUE,FALSE
X,GAgam,AGAP000399__SITE04,138,138,1,1,1,1,0,0,3,3,69,TRUE,TRUE,TRUE
X,GHcol,AGAP000399__SITE04,110,110,1,1,1,1,0,0,3,3,55,TRUE,TRUE,TRUE
X,GHgam,AGAP000399__SITE04,24,24,1,1,1,1,0,0,3,3,12,FALSE,TRUE,FALSE
X,GNgam,AGAP000399__SITE04,80,80,1,0.9875,1,0.9875,0.0125,0.00107336956521739,3,3,40,TRUE,TRUE,TRUE
X,UGgam,AGAP000399__SITE04,224,224,1,0.991071428571429,1,0.991071428571429,0.00892857142857143,0.000769465394853594,3,3,112,TRUE,TRUE,TRUE
X,AOcol,AGAP000399__SITE05,156,156,1,1,1,1,0,0,3,3,78,TRUE,TRUE,TRUE
X,BFcol,AGAP000399__SITE05,150,144,0.96,1,1,1,0,0,3,3,72,TRUE,TRUE,TRUE
X,BFgam,AGAP000399__SITE05,184,134,0.728260869565217,1,1,1,0,0,3,3,67,TRUE,TRUE,TRUE
X,CMgam,AGAP000399__SITE05,594,506,0.851851851851852,0.994071146245059,1,0.994071146245059,0.00592885375494071,0.000512495865051586,3,3,253,TRUE,TRUE,TRUE
X,CIcol,AGAP000399__SITE05,142,142,1,1,1,1,0,0,3,3,71,TRUE,TRUE,TRUE
X,FRgam,AGAP000399__SITE05,48,24,0.5,1,1,1,0,0,3,3,12,FALSE,TRUE,FALSE
X,GAgam,AGAP000399__SITE05,138,138,1,0.985507246376812,1,0.985507246376812,0.0144927536231884,0.00124197510570487,3,3,69,TRUE,TRUE,TRUE
X,GHcol,AGAP000399__SITE05,110,110,1,1,1,1,0,0,3,3,55,TRUE,TRUE,TRUE
X,GHgam,AGAP000399__SITE05,24,24,1,1,1,1,0,0,3,3,12,FALSE,TRUE,FALSE
X,GNgam,AGAP000399__SITE05,80,80,1,1,1,1,0,0,3,3,40,TRUE,TRUE,TRUE
X,UGgam,AGAP000399__SITE05,224,224,1,0.995535714285714,1,0.995535714285714,0.00446428571428571,0.000386465727595386,3,3,112,TRUE,TRUE,TRUE
3R,AOcol,AGAP010197__SITE01,156,156,1,1,1,1,0,0,1,1,78,TRUE,TRUE,TRUE
3R,BFcol,AGAP010197__SITE01,150,150,1,1,1,1,0,0,1,1,75,TRUE,TRUE,TRUE
3R,BFgam,AGAP010197__SITE01,184,184,1,1,1,1,0,0,1,1,92,TRUE,TRUE,TRUE
3R,CMgam,AGAP010197__SITE01,594,594,1,1,1,1,0,0,1,1,297,TRUE,TRUE,TRUE
3R,CIcol,AGAP010197__SITE01,142,142,1,1,1,1,0,0,1,1,71,TRUE,TRUE,TRUE
3R,FRgam,AGAP010197__SITE01,48,48,1,1,1,1,0,0,1,1,24,TRUE,TRUE,FALSE
3R,GAgam,AGAP010197__SITE01,138,138,1,0.985507246376812,1,0.985507246376812,0.0144927536231884,0.00124197510570487,1,1,69,TRUE,TRUE,TRUE
3R,GHcol,AGAP010197__SITE01,110,110,1,1,1,1,0,0,1,1,55,TRUE,TRUE,TRUE
3R,GHgam,AGAP010197__SITE01,24,24,1,1,1,1,0,0,1,1,12,FALSE,TRUE,FALSE
3R,GNgam,AGAP010197__SITE01,80,80,1,1,1,1,0,0,1,1,40,TRUE,TRUE,TRUE
3R,UGgam,AGAP010197__SITE01,224,224,1,1,1,1,0,0,1,1,112,TRUE,TRUE,TRUE
3R,AOcol,AGAP010197__SITE02,156,156,1,1,1,1,0,0,2,2,78,TRUE,TRUE,TRUE
3R,BFcol,AGAP010197__SITE02,150,150,1,1,1,1,0,0,2,2,75,TRUE,TRUE,TRUE
3R,BFgam,AGAP010197__SITE02,184,184,1,1,1,1,0,0,2,2,92,TRUE,TRUE,TRUE
3R,CMgam,AGAP010197__SITE02,594,594,1,0.996632996632997,1,0.996632996632997,0.00336700336700337,0.000291797100463474,2,2,297,TRUE,TRUE,TRUE
3R,CIcol,AGAP010197__SITE02,142,142,1,1,1,1,0,0,2,2,71,TRUE,TRUE,TRUE
3R,FRgam,AGAP010197__SITE02,48,48,1,1,1,1,0,0,2,2,24,TRUE,TRUE,FALSE
3R,GAgam,AGAP010197__SITE02,138,138,1,1,1,1,0,0,2,2,69,TRUE,TRUE,TRUE
3R,GHcol,AGAP010197__SITE02,110,110,1,1,1,1,0,0,2,2,55,TRUE,TRUE,TRUE
3R,GHgam,AGAP010197__SITE02,24,24,1,1,1,1,0,0,2,2,12,FALSE,TRUE,FALSE
3R,GNgam,AGAP010197__SITE02,80,80,1,1,1,1,0,0,2,2,40,TRUE,TRUE,TRUE
3R,UGgam,AGAP010197__SITE02,224,224,1,1,1,1,0,0,2,2,112,TRUE,TRUE,TRUE
3R,AOcol,AGAP010197__SITE03,156,156,1,1,1,1,0,0,2,2,78,TRUE,TRUE,TRUE
3R,BFcol,AGAP010197__SITE03,150,150,1,0.94,1,0.94,0.06,0.00490434782608696,2,2,75,TRUE,TRUE,TRUE
3R,BFgam,AGAP010197__SITE03,184,184,1,0.929347826086957,1,0.929347826086957,0.0706521739130435,0.00570960384646996,2,2,92,TRUE,TRUE,TRUE
3R,CMgam,AGAP010197__SITE03,594,594,1,0.878787878787879,1,0.878787878787879,0.114478114478115,0.00939665527573594,2,2,297,TRUE,TRUE,TRUE
3R,CIcol,AGAP010197__SITE03,142,142,1,0.936619718309859,1,0.936619718309859,0.0563380281690141,0.00523101869021847,2,2,71,TRUE,TRUE,TRUE
3R,FRgam,AGAP010197__SITE03,48,48,1,0.854166666666667,1,0.854166666666667,0.145833333333333,0.0108318236714976,2,2,24,TRUE,TRUE,FALSE
3R,GAgam,AGAP010197__SITE03,138,138,1,0.963768115942029,1,0.963768115942029,0.036231884057971,0.0030364464900505,2,2,69,TRUE,TRUE,TRUE
3R,GHcol,AGAP010197__SITE03,110,110,1,0.972727272727273,1,0.972727272727273,0.0272727272727273,0.00230686309737693,2,2,55,TRUE,TRUE,TRUE
3R,GHgam,AGAP010197__SITE03,24,24,1,0.916666666666667,1,0.916666666666667,0.0833333333333333,0.00664251207729469,2,2,12,FALSE,TRUE,FALSE
3R,GNgam,AGAP010197__SITE03,80,80,1,0.9375,1,0.9375,0.0625,0.00509510869565217,2,2,40,TRUE,TRUE,TRUE
3R,UGgam,AGAP010197__SITE03,224,224,1,0.866071428571429,1,0.866071428571429,0.133928571428571,0.010086235581189,2,2,112,TRUE,TRUE,TRUE
3R,AOcol,AGAP010197__SITE04,156,156,1,0.564102564102564,1,0.564102564102564,0.435897435897436,0.0213818140239545,3,3,78,TRUE,TRUE,TRUE
3R,BFcol,AGAP010197__SITE04,150,150,1,0.193333333333333,1,0.193333333333333,0.806666666666667,0.0135613526570048,3,3,75,TRUE,TRUE,TRUE
3R,BFgam,AGAP010197__SITE04,184,184,1,0.0978260869565217,1,0.0978260869565217,0.902173913043478,0.00767444727541711,3,3,92,TRUE,TRUE,TRUE
3R,CMgam,AGAP010197__SITE04,594,594,1,0.0875420875420875,1,0.0875420875420875,0.912457912457912,0.00752757655114558,3,3,297,TRUE,TRUE,TRUE
3R,CIcol,AGAP010197__SITE04,142,142,1,0.0492957746478873,1,0.0492957746478873,0.950704225352113,0.00468333577706287,3,3,71,TRUE,TRUE,TRUE
3R,FRgam,AGAP010197__SITE04,48,48,1,0.0625,1,0.0625,0.9375,0.00509510869565217,3,3,24,TRUE,TRUE,FALSE
3R,GAgam,AGAP010197__SITE04,138,138,1,0.0942028985507246,1,0.0942028985507246,0.905797101449275,0.00741988803959709,3,3,69,TRUE,TRUE,TRUE
3R,GHcol,AGAP010197__SITE04,110,110,1,0.136363636363636,1,0.136363636363636,0.863636363636364,0.0102407473948976,3,3,55,TRUE,TRUE,TRUE
3R,GHgam,AGAP010197__SITE04,24,24,1,0.0833333333333333,1,0.0833333333333333,0.916666666666667,0.00664251207729469,3,3,12,FALSE,TRUE,FALSE
3R,GNgam,AGAP010197__SITE04,80,80,1,0.1375,1,0.1375,0.8625,0.0103125,3,3,40,TRUE,TRUE,TRUE
3R,UGgam,AGAP010197__SITE04,224,224,1,0.120535714285714,1,0.120535714285714,0.879464285714286,0.00960445319432121,3,3,112,TRUE,TRUE,TRUE
3R,AOcol,AGAP010197__SITE05,156,156,1,0.564102564102564,1,0.564102564102564,0.435897435897436,0.0213818140239545,3,3,78,TRUE,TRUE,TRUE
3R,BFcol,AGAP010197__SITE05,150,150,1,0.193333333333333,1,0.193333333333333,0.806666666666667,0.0135613526570048,3,3,75,TRUE,TRUE,TRUE
3R,BFgam,AGAP010197__SITE05,184,184,1,0.0978260869565217,1,0.0978260869565217,0.902173913043478,0.00767444727541711,3,3,92,TRUE,TRUE,TRUE
3R,CMgam,AGAP010197__SITE05,594,594,1,0.0875420875420875,1,0.0875420875420875,0.912457912457912,0.00752757655114558,3,3,297,TRUE,TRUE,TRUE
3R,CIcol,AGAP010197__SITE05,142,142,1,0.0492957746478873,1,0.0492957746478873,0.950704225352113,0.00468333577706287,3,3,71,TRUE,TRUE,TRUE
3R,FRgam,AGAP010197__SITE05,48,48,1,0.0625,1,0.0625,0.9375,0.00509510869565217,3,3,24,TRUE,TRUE,FALSE
3R,GAgam,AGAP010197__SITE05,138,138,1,0.0942028985507246,1,0.0942028985507246,0.905797101449275,0.00741988803959709,3,3,69,TRUE,TRUE,TRUE
3R,GHcol,AGAP010197__SITE05,110,110,1,0.136363636363636,1,0.136363636363636,0.863636363636364,0.0102407473948976,3,3,55,TRUE,TRUE,TRUE
3R,GHgam,AGAP010197__SITE05,24,24,1,0.0833333333333333,1,0.0833333333333333,0.916666666666667,0.00664251207729469,3,3,12,FALSE,TRUE,FALSE
3R,GNgam,AGAP010197__SITE05,80,80,1,0.1375,1,0.1375,0.8625,0.0103125,3,3,40,TRUE,TRUE,TRUE
3R,UGgam,AGAP010197__SITE05,224,224,1,0.120535714285714,1,0.120535714285714,0.879464285714286,0.00960445319432121,3,3,112,TRUE,TRUE,TRUE
3R,AOcol,AGAP007855__SITE01,156,156,1,0.974358974358974,1,0.974358974358974,0.0256410256410256,0.00217248377783495,5,5,78,TRUE,TRUE,TRUE
3R,BFcol,AGAP007855__SITE01,150,150,1,0.993333333333333,1,0.993333333333333,0.00666666666666667,0.000575845410628019,5,5,75,TRUE,TRUE,TRUE
3R,BFgam,AGAP007855__SITE01,184,184,1,0.989130434782609,1,0.989130434782609,0.00543478260869565,0.000940042738555108,5,5,92,TRUE,TRUE,TRUE
3R,CMgam,AGAP007855__SITE01,594,594,1,0.96969696969697,0.998316498316498,0.971380471380471,0.0235690235690236,0.00258575606255302,5,5,297,TRUE,TRUE,TRUE
3R,CIcol,AGAP007855__SITE01,142,142,1,1,1,1,0,0,5,5,71,TRUE,TRUE,TRUE
3R,FRgam,AGAP007855__SITE01,48,48,1,1,1,1,0,0,5,5,24,TRUE,TRUE,FALSE
3R,GAgam,AGAP007855__SITE01,138,138,1,1,1,1,0,0,5,5,69,TRUE,TRUE,TRUE
3R,GHcol,AGAP007855__SITE01,110,110,1,1,1,1,0,0,5,5,55,TRUE,TRUE,TRUE
3R,GHgam,AGAP007855__SITE01,24,24,1,1,1,1,0,0,5,5,12,FALSE,TRUE,FALSE
3R,GNgam,AGAP007855__SITE01,80,80,1,0.95,1,0.95,0.0375,0.00421195652173913,5,5,40,TRUE,TRUE,TRUE
3R,UGgam,AGAP007855__SITE01,224,224,1,0.959821428571429,1,0.959821428571429,0.0357142857142857,0.00338114185891748,5,5,112,TRUE,TRUE,TRUE
3R,AOcol,AGAP007855__SITE02,156,156,1,1,1,1,0,0,4,4,78,TRUE,TRUE,TRUE
3R,BFcol,AGAP007855__SITE02,150,150,1,1,1,1,0,0,4,4,75,TRUE,TRUE,TRUE
3R,BFgam,AGAP007855__SITE02,184,184,1,1,1,1,0,0,4,4,92,TRUE,TRUE,TRUE
3R,CMgam,AGAP007855__SITE02,594,594,1,0.998316498316498,1,0.998316498316498,0.00168350168350168,0.000146145000485507,4,4,297,TRUE,TRUE,TRUE
3R,CIcol,AGAP007855__SITE02,142,142,1,1,1,1,0,0,4,4,71,TRUE,TRUE,TRUE
3R,FRgam,AGAP007855__SITE02,48,48,1,1,1,1,0,0,4,4,24,TRUE,TRUE,FALSE
3R,GAgam,AGAP007855__SITE02,138,138,1,1,1,1,0,0,4,4,69,TRUE,TRUE,TRUE
3R,GHcol,AGAP007855__SITE02,110,110,1,1,1,1,0,0,4,4,55,TRUE,TRUE,TRUE
3R,GHgam,AGAP007855__SITE02,24,24,1,1,1,1,0,0,4,4,12,FALSE,TRUE,FALSE
3R,GNgam,AGAP007855__SITE02,80,80,1,1,1,1,0,0,4,4,40,TRUE,TRUE,TRUE
3R,UGgam,AGAP007855__SITE02,224,224,1,0.982142857142857,1,0.982142857142857,0.00892857142857143,0.00154239685004437,4,4,112,TRUE,TRUE,TRUE
3R,AOcol,AGAP007855__SITE03,156,156,1,1,1,1,0,0,4,4,78,TRUE,TRUE,TRUE
3R,BFcol,AGAP007855__SITE03,150,150,1,1,1,1,0,0,4,4,75,TRUE,TRUE,TRUE
3R,BFgam,AGAP007855__SITE03,184,184,1,1,1,1,0,0,4,4,92,TRUE,TRUE,TRUE
3R,CMgam,AGAP007855__SITE03,594,594,1,0.998316498316498,1,0.998316498316498,0.00168350168350168,0.000146145000485507,4,4,297,TRUE,TRUE,TRUE
3R,CIcol,AGAP007855__SITE03,142,142,1,1,1,1,0,0,4,4,71,TRUE,TRUE,TRUE
3R,FRgam,AGAP007855__SITE03,48,48,1,1,1,1,0,0,4,4,24,TRUE,TRUE,FALSE
3R,GAgam,AGAP007855__SITE03,138,138,1,1,1,1,0,0,4,4,69,TRUE,TRUE,TRUE
3R,GHcol,AGAP007855__SITE03,110,110,1,1,1,1,0,0,4,4,55,TRUE,TRUE,TRUE
3R,GHgam,AGAP007855__SITE03,24,24,1,1,1,1,0,0,4,4,12,FALSE,TRUE,FALSE
3R,GNgam,AGAP007855__SITE03,80,80,1,1,1,1,0,0,4,4,40,TRUE,TRUE,TRUE
3R,UGgam,AGAP007855__SITE03,224,224,1,0.982142857142857,1,0.982142857142857,0.00892857142857143,0.00154239685004437,4,4,112,TRUE,TRUE,TRUE
3R,AOcol,AGAP007855__SITE04,156,156,1,1,1,1,0,0,5,5,78,TRUE,TRUE,TRUE
3R,BFcol,AGAP007855__SITE04,150,150,1,0.986666666666667,1,0.986666666666667,0.0133333333333333,0.00114396135265701,5,5,75,TRUE,TRUE,TRUE
3R,BFgam,AGAP007855__SITE04,184,184,1,0.978260869565217,1,0.978260869565217,0.016304347826087,0.00186467494041259,5,5,92,TRUE,TRUE,TRUE
3R,CMgam,AGAP007855__SITE04,594,594,1,0.996632996632997,1,0.996632996632997,0.00168350168350168,0.000292290000971014,5,5,297,TRUE,TRUE,TRUE
3R,CIcol,AGAP007855__SITE04,142,142,1,0.992957746478873,1,0.992957746478873,0.00704225352112676,0.000608057407519212,5,5,71,TRUE,TRUE,TRUE
3R,FRgam,AGAP007855__SITE04,48,48,1,1,1,1,0,0,5,5,24,TRUE,TRUE,FALSE
3R,GAgam,AGAP007855__SITE04,138,138,1,1,1,1,0,0,5,5,69,TRUE,TRUE,TRUE
3R,GHcol,AGAP007855__SITE04,110,110,1,0.981818181818182,1,0.981818181818182,0.0181818181818182,0.00155228171038448,5,5,55,TRUE,TRUE,TRUE
3R,GHgam,AGAP007855__SITE04,24,24,1,1,1,1,0,0,5,5,12,FALSE,TRUE,FALSE
3R,GNgam,AGAP007855__SITE04,80,80,1,0.975,1,0.975,0.0125,0.00214673913043478,5,5,40,TRUE,TRUE,TRUE
3R,UGgam,AGAP007855__SITE04,224,224,1,0.977678571428571,1,0.977678571428571,0.0133928571428571,0.0023049301242236,5,5,112,TRUE,TRUE,TRUE
3R,AOcol,AGAP007855__SITE05,156,156,1,1,1,1,0,0,6,6,78,TRUE,TRUE,TRUE
3R,BFcol,AGAP007855__SITE05,150,150,1,0.986666666666667,1,0.986666666666667,0.0133333333333333,0.00114396135265701,6,6,75,TRUE,TRUE,TRUE
3R,BFgam,AGAP007855__SITE05,184,184,1,0.978260869565217,1,0.978260869565217,0.016304347826087,0.00186467494041259,6,6,92,TRUE,TRUE,TRUE
3R,CMgam,AGAP007855__SITE05,594,594,1,0.994949494949495,1,0.994949494949495,0.00168350168350168,0.000438435001456521,6,6,297,TRUE,TRUE,TRUE
3R,CIcol,AGAP007855__SITE05,142,142,1,0.992957746478873,1,0.992957746478873,0.00704225352112676,0.000608057407519212,6,6,71,TRUE,TRUE,TRUE
3R,FRgam,AGAP007855__SITE05,48,48,1,1,1,1,0,0,6,6,24,TRUE,TRUE,FALSE
3R,GAgam,AGAP007855__SITE05,138,138,1,1,1,1,0,0,6,6,69,TRUE,TRUE,TRUE
3R,GHcol,AGAP007855__SITE05,110,110,1,0.981818181818182,1,0.981818181818182,0.0181818181818182,0.00155228171038448,6,6,55,TRUE,TRUE,TRUE
3R,GHgam,AGAP007855__SITE05,24,24,1,1,1,1,0,0,6,6,12,FALSE,TRUE,FALSE
3R,GNgam,AGAP007855__SITE05,80,80,1,0.975,1,0.975,0.0125,0.00214673913043478,6,6,40,TRUE,TRUE,TRUE
3R,UGgam,AGAP007855__SITE05,224,224,1,0.973214285714286,1,0.973214285714286,0.0133928571428571,0.00269139585181899,6,6,112,TRUE,TRUE,TRUE
2L,AOcol,AGAP005130__SITE01,156,156,1,1,1,1,0,0,4,4,78,TRUE,TRUE,TRUE
2L,BFcol,AGAP005130__SITE01,150,150,1,0.96,1,0.96,0.04,0.00333913043478261,4,4,75,TRUE,TRUE,TRUE
2L,BFgam,AGAP005130__SITE01,184,184,1,0.983695652173913,0.994565217391304,0.989130434782609,0.0108695652173913,0.00233983315525602,4,4,92,TRUE,TRUE,TRUE
2L,CMgam,AGAP005130__SITE01,594,594,1,0.947811447811448,0.961279461279461,0.986531986531987,0.0387205387205387,0.00439198997243207,4,4,297,TRUE,TRUE,TRUE
2L,CIcol,AGAP005130__SITE01,142,142,1,0.964788732394366,1,0.964788732394366,0.0352112676056338,0.00295403775993376,4,4,71,TRUE,TRUE,TRUE
2L,FRgam,AGAP005130__SITE01,48,48,1,1,1,1,0,0,4,4,24,TRUE,TRUE,FALSE
2L,GAgam,AGAP005130__SITE01,138,138,1,1,1,1,0,0,4,4,69,TRUE,TRUE,TRUE
2L,GHcol,AGAP005130__SITE01,110,110,1,0.954545454545455,1,0.954545454545455,0.0454545454545455,0.00377290693496227,4,4,55,TRUE,TRUE,TRUE
2L,GHgam,AGAP005130__SITE01,24,24,1,1,1,1,0,0,4,4,12,FALSE,TRUE,FALSE
2L,GNgam,AGAP005130__SITE01,80,80,1,1,1,1,0,0,4,4,40,TRUE,TRUE,TRUE
2L,UGgam,AGAP005130__SITE01,224,224,1,0.950892857142857,0.986607142857143,0.964285714285714,0.0267857142857143,0.00418526785714286,4,4,112,TRUE,TRUE,TRUE
2L,AOcol,AGAP005130__SITE02,156,156,1,1,1,1,0,0,4,4,78,TRUE,TRUE,TRUE
2L,BFcol,AGAP005130__SITE02,150,150,1,0.993333333333333,0.993333333333333,1,0.00666666666666667,0.000575845410628019,4,4,75,TRUE,TRUE,TRUE
2L,BFgam,AGAP005130__SITE02,184,184,1,0.983695652173913,1,0.983695652173913,0.0108695652173913,0.00140492726226679,4,4,92,TRUE,TRUE,TRUE
2L,CMgam,AGAP005130__SITE02,594,594,1,0.996632996632997,1,0.996632996632997,0.00168350168350168,0.000292290000971014,4,4,297,TRUE,TRUE,TRUE
2L,CIcol,AGAP005130__SITE02,142,142,1,1,1,1,0,0,4,4,71,TRUE,TRUE,TRUE
2L,FRgam,AGAP005130__SITE02,48,48,1,1,1,1,0,0,4,4,24,TRUE,TRUE,FALSE
2L,GAgam,AGAP005130__SITE02,138,138,1,1,1,1,0,0,4,4,69,TRUE,TRUE,TRUE
2L,GHcol,AGAP005130__SITE02,110,110,1,1,1,1,0,0,4,4,55,TRUE,TRUE,TRUE
2L,GHgam,AGAP005130__SITE02,24,24,1,1,1,1,0,0,4,4,12,FALSE,TRUE,FALSE
2L,GNgam,AGAP005130__SITE02,80,80,1,1,1,1,0,0,4,4,40,TRUE,TRUE,TRUE
2L,UGgam,AGAP005130__SITE02,224,224,1,1,1,1,0,0,4,4,112,TRUE,TRUE,TRUE
2L,AOcol,AGAP005130__SITE03,156,156,1,1,1,1,0,0,3,3,78,TRUE,TRUE,TRUE
2L,BFcol,AGAP005130__SITE03,150,150,1,0.986666666666667,0.993333333333333,0.993333333333333,0.00666666666666667,0.00115169082125604,3,3,75,TRUE,TRUE,TRUE
2L,BFgam,AGAP005130__SITE03,184,184,1,1,1,1,0,0,3,3,92,TRUE,TRUE,TRUE
2L,CMgam,AGAP005130__SITE03,594,594,1,0.998316498316498,1,0.998316498316498,0.00168350168350168,0.000146145000485507,3,3,297,TRUE,TRUE,TRUE
2L,CIcol,AGAP005130__SITE03,142,142,1,1,1,1,0,0,3,3,71,TRUE,TRUE,TRUE
2L,FRgam,AGAP005130__SITE03,48,48,1,1,1,1,0,0,3,3,24,TRUE,TRUE,FALSE
2L,GAgam,AGAP005130__SITE03,138,138,1,1,1,1,0,0,3,3,69,TRUE,TRUE,TRUE
2L,GHcol,AGAP005130__SITE03,110,110,1,1,1,1,0,0,3,3,55,TRUE,TRUE,TRUE
2L,GHgam,AGAP005130__SITE03,24,24,1,1,1,1,0,0,3,3,12,FALSE,TRUE,FALSE
2L,GNgam,AGAP005130__SITE03,80,80,1,1,1,1,0,0,3,3,40,TRUE,TRUE,TRUE
2L,UGgam,AGAP005130__SITE03,224,224,1,1,1,1,0,0,3,3,112,TRUE,TRUE,TRUE
2L,AOcol,AGAP005130__SITE04,156,156,1,1,1,1,0,0,2,2,78,TRUE,TRUE,TRUE
2L,BFcol,AGAP005130__SITE04,150,150,1,0.993333333333333,1,0.993333333333333,0.00666666666666667,0.000575845410628019,2,2,75,TRUE,TRUE,TRUE
2L,BFgam,AGAP005130__SITE04,184,184,1,1,1,1,0,0,2,2,92,TRUE,TRUE,TRUE
2L,CMgam,AGAP005130__SITE04,594,594,1,0.998316498316498,1,0.998316498316498,0.00168350168350168,0.000146145000485507,2,2,297,TRUE,TRUE,TRUE
2L,CIcol,AGAP005130__SITE04,142,142,1,1,1,1,0,0,2,2,71,TRUE,TRUE,TRUE
2L,FRgam,AGAP005130__SITE04,48,48,1,1,1,1,0,0,2,2,24,TRUE,TRUE,FALSE
2L,GAgam,AGAP005130__SITE04,138,138,1,1,1,1,0,0,2,2,69,TRUE,TRUE,TRUE
2L,GHcol,AGAP005130__SITE04,110,110,1,1,1,1,0,0,2,2,55,TRUE,TRUE,TRUE
2L,GHgam,AGAP005130__SITE04,24,24,1,1,1,1,0,0,2,2,12,FALSE,TRUE,FALSE
2L,GNgam,AGAP005130__SITE04,80,80,1,1,1,1,0,0,2,2,40,TRUE,TRUE,TRUE
2L,UGgam,AGAP005130__SITE04,224,224,1,1,1,1,0,0,2,2,112,TRUE,TRUE,TRUE
2L,AOcol,AGAP005130__SITE05,156,156,1,1,1,1,0,0,5,5,78,TRUE,TRUE,TRUE
2L,BFcol,AGAP005130__SITE05,150,150,1,0.966666666666667,1,0.966666666666667,0.0266666666666667,0.00283285024154589,5,5,75,TRUE,TRUE,TRUE
2L,BFgam,AGAP005130__SITE05,184,184,1,0.923913043478261,1,0.923913043478261,0.0597826086956522,0.00629263581819676,5,5,92,TRUE,TRUE,TRUE
2L,CMgam,AGAP005130__SITE05,594,594,1,0.974747474747475,0.998316498316498,0.976430976430976,0.0202020202020202,0.00215915067327745,5,5,297,TRUE,TRUE,TRUE
2L,CIcol,AGAP005130__SITE05,142,142,1,0.971830985915493,1,0.971830985915493,0.028169014084507,0.00238048006347947,5,5,71,TRUE,TRUE,TRUE
2L,FRgam,AGAP005130__SITE05,48,48,1,1,1,1,0,0,5,5,24,TRUE,TRUE,FALSE
2L,GAgam,AGAP005130__SITE05,138,138,1,1,1,1,0,0,5,5,69,TRUE,TRUE,TRUE
2L,GHcol,AGAP005130__SITE05,110,110,1,0.863636363636364,1,0.863636363636364,0.127272727272727,0.0104419690980956,5,5,55,TRUE,TRUE,TRUE
2L,GHgam,AGAP005130__SITE05,24,24,1,0.958333333333333,1,0.958333333333333,0.0416666666666667,0.00347222222222222,5,5,12,FALSE,TRUE,FALSE
2L,GNgam,AGAP005130__SITE05,80,80,1,0.95,1,0.95,0.0375,0.00421195652173913,5,5,40,TRUE,TRUE,TRUE
2L,UGgam,AGAP005130__SITE05,224,224,1,0.995535714285714,1,0.995535714285714,0.00446428571428571,0.000386465727595386,5,5,112,TRUE,TRUE,TRUE
2L,AOcol,AGAP004962__SITE01,156,156,1,1,1,1,0,0,1,1,78,TRUE,TRUE,TRUE
2L,BFcol,AGAP004962__SITE01,150,150,1,1,1,1,0,0,1,1,75,TRUE,TRUE,TRUE
2L,BFgam,AGAP004962__SITE01,184,184,1,1,1,1,0,0,1,1,92,TRUE,TRUE,TRUE
2L,CMgam,AGAP004962__SITE01,594,594,1,1,1,1,0,0,1,1,297,TRUE,TRUE,TRUE
2L,CIcol,AGAP004962__SITE01,142,142,1,1,1,1,0,0,1,1,71,TRUE,TRUE,TRUE
2L,FRgam,AGAP004962__SITE01,48,48,1,1,1,1,0,0,1,1,24,TRUE,TRUE,FALSE
2L,GAgam,AGAP004962__SITE01,138,138,1,1,1,1,0,0,1,1,69,TRUE,TRUE,TRUE
2L,GHcol,AGAP004962__SITE01,110,110,1,0.990909090909091,1,0.990909090909091,0.00909090909090909,0.000783327344592167,1,1,55,TRUE,TRUE,TRUE
2L,GHgam,AGAP004962__SITE01,24,24,1,1,1,1,0,0,1,1,12,FALSE,TRUE,FALSE
2L,GNgam,AGAP004962__SITE01,80,80,1,1,1,1,0,0,1,1,40,TRUE,TRUE,TRUE
2L,UGgam,AGAP004962__SITE01,224,224,1,1,1,1,0,0,1,1,112,TRUE,TRUE,TRUE
2L,AOcol,AGAP004962__SITE02,156,156,1,1,1,1,0,0,0,0,78,TRUE,TRUE,TRUE
2L,BFcol,AGAP004962__SITE02,150,150,1,1,1,1,0,0,0,0,75,TRUE,TRUE,TRUE
2L,BFgam,AGAP004962__SITE02,184,184,1,1,1,1,0,0,0,0,92,TRUE,TRUE,TRUE
2L,CMgam,AGAP004962__SITE02,594,594,1,1,1,1,0,0,0,0,297,TRUE,TRUE,TRUE
2L,CIcol,AGAP004962__SITE02,142,142,1,1,1,1,0,0,0,0,71,TRUE,TRUE,TRUE
2L,FRgam,AGAP004962__SITE02,48,48,1,1,1,1,0,0,0,0,24,TRUE,TRUE,FALSE
2L,GAgam,AGAP004962__SITE02,138,138,1,1,1,1,0,0,0,0,69,TRUE,TRUE,TRUE
2L,GHcol,AGAP004962__SITE02,110,110,1,1,1,1,0,0,0,0,55,TRUE,TRUE,TRUE
2L,GHgam,AGAP004962__SITE02,24,24,1,1,1,1,0,0,0,0,12,FALSE,TRUE,FALSE
2L,GNgam,AGAP004962__SITE02,80,80,1,1,1,1,0,0,0,0,40,TRUE,TRUE,TRUE
2L,UGgam,AGAP004962__SITE02,224,224,1,1,1,1,0,0,0,0,112,TRUE,TRUE,TRUE
2L,AOcol,AGAP004962__SITE03,156,156,1,1,1,1,0,0,0,0,78,TRUE,TRUE,TRUE
2L,BFcol,AGAP004962__SITE03,150,150,1,1,1,1,0,0,0,0,75,TRUE,TRUE,TRUE
2L,BFgam,AGAP004962__SITE03,184,184,1,1,1,1,0,0,0,0,92,TRUE,TRUE,TRUE
2L,CMgam,AGAP004962__SITE03,594,594,1,1,1,1,0,0,0,0,297,TRUE,TRUE,TRUE
2L,CIcol,AGAP004962__SITE03,142,142,1,1,1,1,0,0,0,0,71,TRUE,TRUE,TRUE
2L,FRgam,AGAP004962__SITE03,48,48,1,1,1,1,0,0,0,0,24,TRUE,TRUE,FALSE
2L,GAgam,AGAP004962__SITE03,138,138,1,1,1,1,0,0,0,0,69,TRUE,TRUE,TRUE
2L,GHcol,AGAP004962__SITE03,110,110,1,1,1,1,0,0,0,0,55,TRUE,TRUE,TRUE
2L,GHgam,AGAP004962__SITE03,24,24,1,1,1,1,0,0,0,0,12,FALSE,TRUE,FALSE
2L,GNgam,AGAP004962__SITE03,80,80,1,1,1,1,0,0,0,0,40,TRUE,TRUE,TRUE
2L,UGgam,AGAP004962__SITE03,224,224,1,1,1,1,0,0,0,0,112,TRUE,TRUE,TRUE
2L,AOcol,AGAP004962__SITE04,156,156,1,1,1,1,0,0,0,0,78,TRUE,TRUE,TRUE
2L,BFcol,AGAP004962__SITE04,150,150,1,1,1,1,0,0,0,0,75,TRUE,TRUE,TRUE
2L,BFgam,AGAP004962__SITE04,184,184,1,1,1,1,0,0,0,0,92,TRUE,TRUE,TRUE
2L,CMgam,AGAP004962__SITE04,594,594,1,1,1,1,0,0,0,0,297,TRUE,TRUE,TRUE
2L,CIcol,AGAP004962__SITE04,142,142,1,1,1,1,0,0,0,0,71,TRUE,TRUE,TRUE
2L,FRgam,AGAP004962__SITE04,48,48,1,1,1,1,0,0,0,0,24,TRUE,TRUE,FALSE
2L,GAgam,AGAP004962__SITE04,138,138,1,1,1,1,0,0,0,0,69,TRUE,TRUE,TRUE
2L,GHcol,AGAP004962__SITE04,110,110,1,1,1,1,0,0,0,0,55,TRUE,TRUE,TRUE
2L,GHgam,AGAP004962__SITE04,24,24,1,1,1,1,0,0,0,0,12,FALSE,TRUE,FALSE
2L,GNgam,AGAP004962__SITE04,80,80,1,1,1,1,0,0,0,0,40,TRUE,TRUE,TRUE
2L,UGgam,AGAP004962__SITE04,224,224,1,1,1,1,0,0,0,0,112,TRUE,TRUE,TRUE
2L,AOcol,AGAP004962__SITE05,156,156,1,1,1,1,0,0,0,0,78,TRUE,TRUE,TRUE
2L,BFcol,AGAP004962__SITE05,150,150,1,1,1,1,0,0,0,0,75,TRUE,TRUE,TRUE
2L,BFgam,AGAP004962__SITE05,184,184,1,1,1,1,0,0,0,0,92,TRUE,TRUE,TRUE
2L,CMgam,AGAP004962__SITE05,594,594,1,1,1,1,0,0,0,0,297,TRUE,TRUE,TRUE
2L,CIcol,AGAP004962__SITE05,142,142,1,1,1,1,0,0,0,0,71,TRUE,TRUE,TRUE
2L,FRgam,AGAP004962__SITE05,48,48,1,1,1,1,0,0,0,0,24,TRUE,TRUE,FALSE
2L,GAgam,AGAP004962__SITE05,138,138,1,1,1,1,0,0,0,0,69,TRUE,TRUE,TRUE
2L,GHcol,AGAP004962__SITE05,110,110,1,1,1,1,0,0,0,0,55,TRUE,TRUE,TRUE
2L,GHgam,AGAP004962__SITE05,24,24,1,1,1,1,0,0,0,0,12,FALSE,TRUE,FALSE
2L,GNgam,AGAP004962__SITE05,80,80,1,1,1,1,0,0,0,0,40,TRUE,TRUE,TRUE
2L,UGgam,AGAP004962__SITE05,224,224,1,1,1,1,0,0,0,0,112,TRUE,TRUE,TRUE
2R,AOcol,AGAP003594__SITE01,156,156,1,1,1,1,0,0,4,4,78,TRUE,TRUE,TRUE
2R,BFcol,AGAP003594__SITE01,150,150,1,1,1,1,0,0,4,4,75,TRUE,TRUE,TRUE
2R,BFgam,AGAP003594__SITE01,184,184,1,0.994565217391304,1,0.994565217391304,0.00543478260869565,0.000470021369277554,4,4,92,TRUE,TRUE,TRUE
2R,CMgam,AGAP003594__SITE01,594,594,1,0.97979797979798,1,0.97979797979798,0.0185185185185185,0.0017266304779114,4,4,297,TRUE,TRUE,TRUE
2R,CIcol,AGAP003594__SITE01,142,142,1,1,1,1,0,0,4,4,71,TRUE,TRUE,TRUE
2R,FRgam,AGAP003594__SITE01,48,48,1,1,1,1,0,0,4,4,24,TRUE,TRUE,FALSE
2R,GAgam,AGAP003594__SITE01,138,138,1,1,1,1,0,0,4,4,69,TRUE,TRUE,TRUE
2R,GHcol,AGAP003594__SITE01,110,110,1,0.990909090909091,0.990909090909091,1,0.00909090909090909,0.000783327344592167,4,4,55,TRUE,TRUE,TRUE
2R,GHgam,AGAP003594__SITE01,24,24,1,1,1,1,0,0,4,4,12,FALSE,TRUE,FALSE
2R,GNgam,AGAP003594__SITE01,80,80,1,1,1,1,0,0,4,4,40,TRUE,TRUE,TRUE
2R,UGgam,AGAP003594__SITE01,224,224,1,1,1,1,0,0,4,4,112,TRUE,TRUE,TRUE
2R,AOcol,AGAP003594__SITE02,156,156,1,1,1,1,0,0,5,5,78,TRUE,TRUE,TRUE
2R,BFcol,AGAP003594__SITE02,150,150,1,0.973333333333333,1,0.973333333333333,0.02,0.00228019323671498,5,5,75,TRUE,TRUE,TRUE
2R,BFgam,AGAP003594__SITE02,184,184,1,1,1,1,0,0,5,5,92,TRUE,TRUE,TRUE
2R,CMgam,AGAP003594__SITE02,594,594,1,0.996632996632997,1,0.996632996632997,0.00168350168350168,0.000292290000971014,5,5,297,TRUE,TRUE,TRUE
2R,CIcol,AGAP003594__SITE02,142,142,1,0.943661971830986,1,0.943661971830986,0.0563380281690141,0.00462296128269926,5,5,71,TRUE,TRUE,TRUE
2R,FRgam,AGAP003594__SITE02,48,48,1,1,1,1,0,0,5,5,24,TRUE,TRUE,FALSE
2R,GAgam,AGAP003594__SITE02,138,138,1,0.884057971014493,1,0.884057971014493,0.115942028985507,0.0089129978174114,5,5,69,TRUE,TRUE,TRUE
2R,GHcol,AGAP003594__SITE02,110,110,1,0.936363636363636,1,0.936363636363636,0.0636363636363636,0.00518145885734819,5,5,55,TRUE,TRUE,TRUE
2R,GHgam,AGAP003594__SITE02,24,24,1,1,1,1,0,0,5,5,12,FALSE,TRUE,FALSE
2R,GNgam,AGAP003594__SITE02,80,80,1,0.9875,1,0.9875,0.0125,0.00107336956521739,5,5,40,TRUE,TRUE,TRUE
2R,UGgam,AGAP003594__SITE02,224,224,1,1,1,1,0,0,5,5,112,TRUE,TRUE,TRUE
2R,AOcol,AGAP003594__SITE03,156,156,1,1,1,1,0,0,2,2,78,TRUE,TRUE,TRUE
2R,BFcol,AGAP003594__SITE03,150,150,1,1,1,1,0,0,2,2,75,TRUE,TRUE,TRUE
2R,BFgam,AGAP003594__SITE03,184,184,1,0.989130434782609,1,0.989130434782609,0.0108695652173913,0.000934905892989233,2,2,92,TRUE,TRUE,TRUE
2R,CMgam,AGAP003594__SITE03,594,594,1,0.964646464646465,0.996632996632997,0.968013468013468,0.031986531986532,0.00298426612289883,2,2,297,TRUE,TRUE,TRUE
2R,CIcol,AGAP003594__SITE03,142,142,1,1,1,1,0,0,2,2,71,TRUE,TRUE,TRUE
2R,FRgam,AGAP003594__SITE03,48,48,1,1,1,1,0,0,2,2,24,TRUE,TRUE,FALSE
2R,GAgam,AGAP003594__SITE03,138,138,1,1,1,1,0,0,2,2,69,TRUE,TRUE,TRUE
2R,GHcol,AGAP003594__SITE03,110,110,1,1,1,1,0,0,2,2,55,TRUE,TRUE,TRUE
2R,GHgam,AGAP003594__SITE03,24,24,1,1,1,1,0,0,2,2,12,FALSE,TRUE,FALSE
2R,GNgam,AGAP003594__SITE03,80,80,1,0.975,0.9875,0.9875,0.0125,0.00214673913043478,2,2,40,TRUE,TRUE,TRUE
2R,UGgam,AGAP003594__SITE03,224,224,1,0.986607142857143,1,0.986607142857143,0.0133928571428571,0.00114899900177462,2,2,112,TRUE,TRUE,TRUE
2R,AOcol,AGAP003594__SITE04,156,156,1,1,1,1,0,0,2,2,78,TRUE,TRUE,TRUE
2R,BFcol,AGAP003594__SITE04,150,150,1,1,1,1,0,0,2,2,75,TRUE,TRUE,TRUE
2R,BFgam,AGAP003594__SITE04,184,184,1,0.989130434782609,1,0.989130434782609,0.0108695652173913,0.000934905892989233,2,2,92,TRUE,TRUE,TRUE
2R,CMgam,AGAP003594__SITE04,594,594,1,0.964646464646465,1,0.964646464646465,0.031986531986532,0.00298426612289883,2,2,297,TRUE,TRUE,TRUE
2R,CIcol,AGAP003594__SITE04,142,142,1,1,1,1,0,0,2,2,71,TRUE,TRUE,TRUE
2R,FRgam,AGAP003594__SITE04,48,48,1,1,1,1,0,0,2,2,24,TRUE,TRUE,FALSE
2R,GAgam,AGAP003594__SITE04,138,138,1,1,1,1,0,0,2,2,69,TRUE,TRUE,TRUE
2R,GHcol,AGAP003594__SITE04,110,110,1,1,1,1,0,0,2,2,55,TRUE,TRUE,TRUE
2R,GHgam,AGAP003594__SITE04,24,24,1,1,1,1,0,0,2,2,12,FALSE,TRUE,FALSE
2R,GNgam,AGAP003594__SITE04,80,80,1,0.975,1,0.975,0.0125,0.00214673913043478,2,2,40,TRUE,TRUE,TRUE
2R,UGgam,AGAP003594__SITE04,224,224,1,0.986607142857143,1,0.986607142857143,0.0133928571428571,0.00114899900177462,2,2,112,TRUE,TRUE,TRUE
2R,AOcol,AGAP003594__SITE05,156,156,1,1,1,1,0,0,5,5,78,TRUE,TRUE,TRUE
2R,BFcol,AGAP003594__SITE05,150,150,1,0.966666666666667,1,0.966666666666667,0.0333333333333333,0.00280193236714976,5,5,75,TRUE,TRUE,TRUE
2R,BFgam,AGAP003594__SITE05,184,184,1,0.983695652173913,1,0.983695652173913,0.016304347826087,0.00139465357113504,5,5,92,TRUE,TRUE,TRUE
2R,CMgam,AGAP003594__SITE05,594,594,1,0.95959595959596,0.998316498316498,0.961279461279461,0.0235690235690236,0.00344488164719463,5,5,297,TRUE,TRUE,TRUE
2R,CIcol,AGAP003594__SITE05,142,142,1,0.936619718309859,1,0.936619718309859,0.0633802816901408,0.00516201926808863,5,5,71,TRUE,TRUE,TRUE
2R,FRgam,AGAP003594__SITE05,48,48,1,0.645833333333333,1,0.645833333333333,0.270833333333333,0.0238149154589372,5,5,24,TRUE,TRUE,FALSE
2R,GAgam,AGAP003594__SITE05,138,138,1,0.855072463768116,1,0.855072463768116,0.130434782608696,0.0111138507620796,5,5,69,TRUE,TRUE,TRUE
2R,GHcol,AGAP003594__SITE05,110,110,1,0.936363636363636,1,0.936363636363636,0.0636363636363636,0.00518145885734819,5,5,55,TRUE,TRUE,TRUE
2R,GHgam,AGAP003594__SITE05,24,24,1,1,1,1,0,0,5,5,12,FALSE,TRUE,FALSE
2R,GNgam,AGAP003594__SITE05,80,80,1,0.925,1,0.925,0.0625,0.00616847826086957,5,5,40,TRUE,TRUE,TRUE
2R,UGgam,AGAP003594__SITE05,224,224,1,0.790178571428571,1,0.790178571428571,0.183035714285714,0.0152697288154392,5,5,112,TRUE,TRUE,TRUE
2L,AOcol,AGAP004729__SITE01,156,156,1,1,1,1,0,0,1,1,78,TRUE,TRUE,TRUE
2L,BFcol,AGAP004729__SITE01,150,150,1,1,1,1,0,0,1,1,75,TRUE,TRUE,TRUE
2L,BFgam,AGAP004729__SITE01,184,184,1,1,1,1,0,0,1,1,92,TRUE,TRUE,TRUE
2L,CMgam,AGAP004729__SITE01,594,594,1,1,1,1,0,0,1,1,297,TRUE,TRUE,TRUE
2L,CIcol,AGAP004729__SITE01,142,142,1,1,1,1,0,0,1,1,71,TRUE,TRUE,TRUE
2L,FRgam,AGAP004729__SITE01,48,48,1,0.979166666666667,1,0.979166666666667,0.0208333333333333,0.00177385265700483,1,1,24,TRUE,TRUE,FALSE
2L,GAgam,AGAP004729__SITE01,138,138,1,1,1,1,0,0,1,1,69,TRUE,TRUE,TRUE
2L,GHcol,AGAP004729__SITE01,110,110,1,1,1,1,0,0,1,1,55,TRUE,TRUE,TRUE
2L,GHgam,AGAP004729__SITE01,24,24,1,1,1,1,0,0,1,1,12,FALSE,TRUE,FALSE
2L,GNgam,AGAP004729__SITE01,80,80,1,1,1,1,0,0,1,1,40,TRUE,TRUE,TRUE
2L,UGgam,AGAP004729__SITE01,224,224,1,1,1,1,0,0,1,1,112,TRUE,TRUE,TRUE
2L,AOcol,AGAP004729__SITE02,156,156,1,1,1,1,0,0,2,2,78,TRUE,TRUE,TRUE
2L,BFcol,AGAP004729__SITE02,150,150,1,1,1,1,0,0,2,2,75,TRUE,TRUE,TRUE
2L,BFgam,AGAP004729__SITE02,184,184,1,1,1,1,0,0,2,2,92,TRUE,TRUE,TRUE
2L,CMgam,AGAP004729__SITE02,594,594,1,0.998316498316498,1,0.998316498316498,0.00168350168350168,0.000146145000485507,2,2,297,TRUE,TRUE,TRUE
2L,CIcol,AGAP004729__SITE02,142,142,1,1,1,1,0,0,2,2,71,TRUE,TRUE,TRUE
2L,FRgam,AGAP004729__SITE02,48,48,1,0.979166666666667,1,0.979166666666667,0.0208333333333333,0.00177385265700483,2,2,24,TRUE,TRUE,FALSE
2L,GAgam,AGAP004729__SITE02,138,138,1,1,1,1,0,0,2,2,69,TRUE,TRUE,TRUE
2L,GHcol,AGAP004729__SITE02,110,110,1,1,1,1,0,0,2,2,55,TRUE,TRUE,TRUE
2L,GHgam,AGAP004729__SITE02,24,24,1,1,1,1,0,0,2,2,12,FALSE,TRUE,FALSE
2L,GNgam,AGAP004729__SITE02,80,80,1,1,1,1,0,0,2,2,40,TRUE,TRUE,TRUE
2L,UGgam,AGAP004729__SITE02,224,224,1,1,1,1,0,0,2,2,112,TRUE,TRUE,TRUE
2L,AOcol,AGAP004729__SITE03,156,156,1,1,1,1,0,0,0,0,78,TRUE,TRUE,TRUE
2L,BFcol,AGAP004729__SITE03,150,150,1,1,1,1,0,0,0,0,75,TRUE,TRUE,TRUE
2L,BFgam,AGAP004729__SITE03,184,184,1,1,1,1,0,0,0,0,92,TRUE,TRUE,TRUE
2L,CMgam,AGAP004729__SITE03,594,594,1,1,1,1,0,0,0,0,297,TRUE,TRUE,TRUE
2L,CIcol,AGAP004729__SITE03,142,142,1,1,1,1,0,0,0,0,71,TRUE,TRUE,TRUE
2L,FRgam,AGAP004729__SITE03,48,48,1,1,1,1,0,0,0,0,24,TRUE,TRUE,FALSE
2L,GAgam,AGAP004729__SITE03,138,138,1,1,1,1,0,0,0,0,69,TRUE,TRUE,TRUE
2L,GHcol,AGAP004729__SITE03,110,110,1,1,1,1,0,0,0,0,55,TRUE,TRUE,TRUE
2L,GHgam,AGAP004729__SITE03,24,24,1,1,1,1,0,0,0,0,12,FALSE,TRUE,FALSE
2L,GNgam,AGAP004729__SITE03,80,80,1,1,1,1,0,0,0,0,40,TRUE,TRUE,TRUE
2L,UGgam,AGAP004729__SITE03,224,224,1,1,1,1,0,0,0,0,112,TRUE,TRUE,TRUE
2L,AOcol,AGAP004729__SITE04,156,156,1,1,1,1,0,0,0,0,78,TRUE,TRUE,TRUE
2L,BFcol,AGAP004729__SITE04,150,150,1,1,1,1,0,0,0,0,75,TRUE,TRUE,TRUE
2L,BFgam,AGAP004729__SITE04,184,184,1,1,1,1,0,0,0,0,92,TRUE,TRUE,TRUE
2L,CMgam,AGAP004729__SITE04,594,594,1,1,1,1,0,0,0,0,297,TRUE,TRUE,TRUE
2L,CIcol,AGAP004729__SITE04,142,142,1,1,1,1,0,0,0,0,71,TRUE,TRUE,TRUE
2L,FRgam,AGAP004729__SITE04,48,48,1,1,1,1,0,0,0,0,24,TRUE,TRUE,FALSE
2L,GAgam,AGAP004729__SITE04,138,138,1,1,1,1,0,0,0,0,69,TRUE,TRUE,TRUE
2L,GHcol,AGAP004729__SITE04,110,110,1,1,1,1,0,0,0,0,55,TRUE,TRUE,TRUE
2L,GHgam,AGAP004729__SITE04,24,24,1,1,1,1,0,0,0,0,12,FALSE,TRUE,FALSE
2L,GNgam,AGAP004729__SITE04,80,80,1,1,1,1,0,0,0,0,40,TRUE,TRUE,TRUE
2L,UGgam,AGAP004729__SITE04,224,224,1,1,1,1,0,0,0,0,112,TRUE,TRUE,TRUE
2L,AOcol,AGAP004729__SITE05,156,156,1,1,1,1,0,0,0,0,78,TRUE,TRUE,TRUE
2L,BFcol,AGAP004729__SITE05,150,150,1,1,1,1,0,0,0,0,75,TRUE,TRUE,TRUE
2L,BFgam,AGAP004729__SITE05,184,184,1,1,1,1,0,0,0,0,92,TRUE,TRUE,TRUE
2L,CMgam,AGAP004729__SITE05,594,594,1,1,1,1,0,0,0,0,297,TRUE,TRUE,TRUE
2L,CIcol,AGAP004729__SITE05,142,142,1,1,1,1,0,0,0,0,71,TRUE,TRUE,TRUE
2L,FRgam,AGAP004729__SITE05,48,48,1,1,1,1,0,0,0,0,24,TRUE,TRUE,FALSE
2L,GAgam,AGAP004729__SITE05,138,138,1,1,1,1,0,0,0,0,69,TRUE,TRUE,TRUE
2L,GHcol,AGAP004729__SITE05,110,110,1,1,1,1,0,0,0,0,55,TRUE,TRUE,TRUE
2L,GHgam,AGAP004729__SITE05,24,24,1,1,1,1,0,0,0,0,12,FALSE,TRUE,FALSE
2L,GNgam,AGAP004729__SITE05,80,80,1,1,1,1,0,0,0,0,40,TRUE,TRUE,TRUE
2L,UGgam,AGAP004729__SITE05,224,224,1,1,1,1,0,0,0,0,112,TRUE,TRUE,TRUE
2L,AOcol,AGAP007570__SITE01,156,156,1,0.769230769230769,1,0.769230769230769,0.230769230769231,0.0154360689477746,13,13,78,TRUE,TRUE,TRUE
2L,BFcol,AGAP007570__SITE01,150,150,1,0.866666666666667,0.94,0.926666666666667,0.0666666666666667,0.0114666666666667,13,13,75,TRUE,TRUE,TRUE
2L,BFgam,AGAP007570__SITE01,184,184,1,0.918478260869565,0.983695652173913,0.934782608695652,0.0489130434782609,0.00684998356209419,13,13,92,TRUE,TRUE,TRUE
2L,CMgam,AGAP007570__SITE01,594,594,1,0.877104377104377,0.988215488215488,0.887205387205387,0.0892255892255892,0.0107053061232537,13,13,297,TRUE,TRUE,TRUE
2L,CIcol,AGAP007570__SITE01,142,142,1,0.873239436619718,0.985915492957746,0.887323943661972,0.112676056338028,0.00990141707563199,13,13,71,TRUE,TRUE,TRUE
2L,FRgam,AGAP007570__SITE01,48,48,1,1,1,1,0,0,13,13,24,TRUE,TRUE,FALSE
2L,GAgam,AGAP007570__SITE01,138,138,1,0.891304347826087,1,0.891304347826087,0.108695652173913,0.00842442672803485,13,13,69,TRUE,TRUE,TRUE
2L,GHcol,AGAP007570__SITE01,110,110,1,0.863636363636364,0.981818181818182,0.881818181818182,0.118181818181818,0.0106144448436939,13,13,55,TRUE,TRUE,TRUE
2L,GHgam,AGAP007570__SITE01,24,24,1,0.958333333333333,1,0.958333333333333,0.0416666666666667,0.00347222222222222,13,13,12,FALSE,TRUE,FALSE
2L,GNgam,AGAP007570__SITE01,80,80,1,0.9125,0.9875,0.925,0.0625,0.00831521739130435,13,13,40,TRUE,TRUE,TRUE
2L,UGgam,AGAP007570__SITE01,224,224,1,0.892857142857143,0.973214285714286,0.919642857142857,0.0669642857142857,0.00924224988908607,13,13,112,TRUE,TRUE,TRUE
2L,AOcol,AGAP007570__SITE02,156,156,1,0.730769230769231,1,0.730769230769231,0.230769230769231,0.0186519166452277,16,16,78,TRUE,TRUE,TRUE
2L,BFcol,AGAP007570__SITE02,150,150,1,0.52,0.986666666666667,0.533333333333333,0.4,0.032904347826087,16,16,75,TRUE,TRUE,TRUE
2L,BFgam,AGAP007570__SITE02,184,184,1,0.75,0.978260869565217,0.771739130434783,0.16304347826087,0.0210507931289554,16,16,92,TRUE,TRUE,TRUE
2L,CMgam,AGAP007570__SITE02,594,594,1,0.718855218855219,0.993265993265993,0.725589225589226,0.164983164983165,0.0232678613589168,16,16,297,TRUE,TRUE,TRUE
2L,CIcol,AGAP007570__SITE02,142,142,1,0.429577464788732,0.957746478873239,0.471830985915493,0.415492957746479,0.0345385232398679,16,16,71,TRUE,TRUE,TRUE
2L,FRgam,AGAP007570__SITE02,48,48,1,1,1,1,0,0,16,16,24,TRUE,TRUE,FALSE
2L,GAgam,AGAP007570__SITE02,138,138,1,0.826086956521739,1,0.826086956521739,0.108695652173913,0.0137256513520178,16,16,69,TRUE,TRUE,TRUE
2L,GHcol,AGAP007570__SITE02,110,110,1,0.418181818181818,0.918181818181818,0.5,0.381818181818182,0.0376715774344233,16,16,55,TRUE,TRUE,TRUE
2L,GHgam,AGAP007570__SITE02,24,24,1,0.791666666666667,1,0.791666666666667,0.166666666666667,0.0155495169082126,16,16,12,FALSE,TRUE,FALSE
2L,GNgam,AGAP007570__SITE02,80,80,1,0.7875,1,0.7875,0.125,0.0178260869565217,16,16,40,TRUE,TRUE,TRUE
2L,UGgam,AGAP007570__SITE02,224,224,1,0.763392857142857,0.995535714285714,0.767857142857143,0.15625,0.0207062444543035,16,16,112,TRUE,TRUE,TRUE
2L,AOcol,AGAP007570__SITE03,156,156,1,0.993589743589744,0.993589743589744,1,0.00641025641025641,0.000553840436783581,7,7,78,TRUE,TRUE,TRUE
2L,BFcol,AGAP007570__SITE03,150,150,1,0.633333333333333,0.673333333333333,0.913333333333333,0.326666666666667,0.0261874396135266,7,7,75,TRUE,TRUE,TRUE
2L,BFgam,AGAP007570__SITE03,184,184,1,0.880434782608696,0.934782608695652,0.940217391304348,0.0652173913043478,0.0101889331799129,7,7,92,TRUE,TRUE,TRUE
2L,CMgam,AGAP007570__SITE03,594,594,1,0.898989898989899,0.930976430976431,0.968013468013468,0.069023569023569,0.00829699424341497,7,7,297,TRUE,TRUE,TRUE
2L,CIcol,AGAP007570__SITE03,142,142,1,0.626760563380282,0.654929577464789,0.950704225352113,0.345070422535211,0.0237271762848986,7,7,71,TRUE,TRUE,TRUE
2L,FRgam,AGAP007570__SITE03,48,48,1,1,1,1,0,0,7,7,24,TRUE,TRUE,FALSE
2L,GAgam,AGAP007570__SITE03,138,138,1,0.992753623188406,1,0.992753623188406,0.0072463768115942,0.000625553637799878,7,7,69,TRUE,TRUE,TRUE
2L,GHcol,AGAP007570__SITE03,110,110,1,0.636363636363636,0.709090909090909,0.918181818181818,0.290909090909091,0.0244699964067553,7,7,55,TRUE,TRUE,TRUE
2L,GHgam,AGAP007570__SITE03,24,24,1,0.916666666666667,0.958333333333333,0.958333333333333,0.0416666666666667,0.00694444444444444,7,7,12,FALSE,TRUE,FALSE
2L,GNgam,AGAP007570__SITE03,80,80,1,0.9125,0.9625,0.95,0.0375,0.00735054347826087,7,7,40,TRUE,TRUE,TRUE
2L,UGgam,AGAP007570__SITE03,224,224,1,0.910714285714286,0.941964285714286,0.955357142857143,0.0580357142857143,0.00856290206299911,7,7,112,TRUE,TRUE,TRUE
2L,AOcol,AGAP007570__SITE04,156,156,1,0.993589743589744,1,0.993589743589744,0.00641025641025641,0.000553840436783581,4,4,78,TRUE,TRUE,TRUE
2L,BFcol,AGAP007570__SITE04,150,150,1,0.673333333333333,1,0.673333333333333,0.326666666666667,0.0197024154589372,4,4,75,TRUE,TRUE,TRUE
2L,BFgam,AGAP007570__SITE04,184,184,1,0.934782608695652,1,0.934782608695652,0.0652173913043478,0.00530122462398291,4,4,92,TRUE,TRUE,TRUE
2L,CMgam,AGAP007570__SITE04,594,594,1,0.930976430976431,1,0.930976430976431,0.069023569023569,0.00558776660372327,4,4,297,TRUE,TRUE,TRUE
2L,CIcol,AGAP007570__SITE04,142,142,1,0.654929577464789,1,0.654929577464789,0.345070422535211,0.019651897915355,4,4,71,TRUE,TRUE,TRUE
2L,FRgam,AGAP007570__SITE04,48,48,1,1,1,1,0,0,4,4,24,TRUE,TRUE,FALSE
2L,GAgam,AGAP007570__SITE04,138,138,1,1,1,1,0,0,4,4,69,TRUE,TRUE,TRUE
2L,GHcol,AGAP007570__SITE04,110,110,1,0.709090909090909,1,0.709090909090909,0.290909090909091,0.0179374775422206,4,4,55,TRUE,TRUE,TRUE
2L,GHgam,AGAP007570__SITE04,24,24,1,0.958333333333333,1,0.958333333333333,0.0416666666666667,0.00347222222222222,4,4,12,FALSE,TRUE,FALSE
2L,GNgam,AGAP007570__SITE04,80,80,1,0.9625,1,0.9625,0.0375,0.00313858695652174,4,4,40,TRUE,TRUE,TRUE
2L,UGgam,AGAP007570__SITE04,224,224,1,0.9375,1,0.9375,0.0580357142857143,0.00590963287488909,4,4,112,TRUE,TRUE,TRUE
2L,AOcol,AGAP007570__SITE05,156,156,1,1,1,1,0,0,8,8,78,TRUE,TRUE,TRUE
2L,BFcol,AGAP007570__SITE05,150,150,1,0.946666666666667,1,0.946666666666667,0.04,0.00449082125603865,8,8,75,TRUE,TRUE,TRUE
2L,BFgam,AGAP007570__SITE05,184,184,1,0.978260869565217,1,0.978260869565217,0.0108695652173913,0.00187494863154434,8,8,92,TRUE,TRUE,TRUE
2L,CMgam,AGAP007570__SITE05,594,594,1,0.976430976430976,1,0.976430976430976,0.00841750841750842,0.002038636499184,8,8,297,TRUE,TRUE,TRUE
2L,CIcol,AGAP007570__SITE05,142,142,1,0.873239436619718,1,0.873239436619718,0.126760563380282,0.00962541938711263,8,8,71,TRUE,TRUE,TRUE
2L,FRgam,AGAP007570__SITE05,48,48,1,1,1,1,0,0,8,8,24,TRUE,TRUE,FALSE
2L,GAgam,AGAP007570__SITE05,138,138,1,1,1,1,0,0,8,8,69,TRUE,TRUE,TRUE
2L,GHcol,AGAP007570__SITE05,110,110,1,0.954545454545455,1,0.954545454545455,0.0363636363636364,0.0038303988501617,8,8,55,TRUE,TRUE,TRUE
2L,GHgam,AGAP007570__SITE05,24,24,1,0.958333333333333,1,0.958333333333333,0.0416666666666667,0.00347222222222222,8,8,12,FALSE,TRUE,FALSE
2L,GNgam,AGAP007570__SITE05,80,80,1,1,1,1,0,0,8,8,40,TRUE,TRUE,TRUE
2L,UGgam,AGAP007570__SITE05,224,224,1,0.964285714285714,1,0.964285714285714,0.0267857142857143,0.00303973491570541,8,8,112,TRUE,TRUE,TRUE
X,AOcol,AGAP000627__SITE01,156,156,1,1,1,1,0,0,3,3,78,TRUE,TRUE,TRUE
X,BFcol,AGAP000627__SITE01,150,144,0.96,1,1,1,0,0,3,3,72,TRUE,TRUE,TRUE
X,BFgam,AGAP000627__SITE01,184,134,0.728260869565217,1,1,1,0,0,3,3,67,TRUE,TRUE,TRUE
X,CMgam,AGAP000627__SITE01,594,506,0.851851851851852,0.996047430830039,1,0.996047430830039,0.00197628458498024,0.000343022414646853,3,3,253,TRUE,TRUE,TRUE
X,CIcol,AGAP000627__SITE01,142,142,1,1,1,1,0,0,3,3,71,TRUE,TRUE,TRUE
X,FRgam,AGAP000627__SITE01,48,24,0.5,1,1,1,0,0,3,3,12,FALSE,TRUE,FALSE
X,GAgam,AGAP000627__SITE01,138,138,1,1,1,1,0,0,3,3,69,TRUE,TRUE,TRUE
X,GHcol,AGAP000627__SITE01,110,110,1,1,1,1,0,0,3,3,55,TRUE,TRUE,TRUE
X,GHgam,AGAP000627__SITE01,24,24,1,1,1,1,0,0,3,3,12,FALSE,TRUE,FALSE
X,GNgam,AGAP000627__SITE01,80,80,1,1,1,1,0,0,3,3,40,TRUE,TRUE,TRUE
X,UGgam,AGAP000627__SITE01,224,224,1,1,1,1,0,0,3,3,112,TRUE,TRUE,TRUE
X,AOcol,AGAP000627__SITE02,156,156,1,1,1,1,0,0,3,3,78,TRUE,TRUE,TRUE
X,BFcol,AGAP000627__SITE02,150,144,0.96,1,1,1,0,0,3,3,72,TRUE,TRUE,TRUE
X,BFgam,AGAP000627__SITE02,184,134,0.728260869565217,1,1,1,0,0,3,3,67,TRUE,TRUE,TRUE
X,CMgam,AGAP000627__SITE02,594,506,0.851851851851852,0.996047430830039,1,0.996047430830039,0.00197628458498024,0.000343022414646853,3,3,253,TRUE,TRUE,TRUE
X,CIcol,AGAP000627__SITE02,142,142,1,1,1,1,0,0,3,3,71,TRUE,TRUE,TRUE
X,FRgam,AGAP000627__SITE02,48,24,0.5,1,1,1,0,0,3,3,12,FALSE,TRUE,FALSE
X,GAgam,AGAP000627__SITE02,138,138,1,1,1,1,0,0,3,3,69,TRUE,TRUE,TRUE
X,GHcol,AGAP000627__SITE02,110,110,1,1,1,1,0,0,3,3,55,TRUE,TRUE,TRUE
X,GHgam,AGAP000627__SITE02,24,24,1,1,1,1,0,0,3,3,12,FALSE,TRUE,FALSE
X,GNgam,AGAP000627__SITE02,80,80,1,1,1,1,0,0,3,3,40,TRUE,TRUE,TRUE
X,UGgam,AGAP000627__SITE02,224,224,1,1,1,1,0,0,3,3,112,TRUE,TRUE,TRUE
X,AOcol,AGAP000627__SITE03,156,156,1,1,1,1,0,0,4,4,78,TRUE,TRUE,TRUE
X,BFcol,AGAP000627__SITE03,150,144,0.96,1,1,1,0,0,4,4,72,TRUE,TRUE,TRUE
X,BFgam,AGAP000627__SITE03,184,134,0.728260869565217,0.992537313432836,0.992537313432836,1,0.00746268656716418,0.000644086510988213,4,4,67,TRUE,TRUE,TRUE
X,CMgam,AGAP000627__SITE03,594,506,0.851851851851852,0.994071146245059,0.99802371541502,0.996047430830039,0.00197628458498024,0.00051453362197028,4,4,253,TRUE,TRUE,TRUE
X,CIcol,AGAP000627__SITE03,142,142,1,1,1,1,0,0,4,4,71,TRUE,TRUE,TRUE
X,FRgam,AGAP000627__SITE03,48,24,0.5,1,1,1,0,0,4,4,12,FALSE,TRUE,FALSE
X,GAgam,AGAP000627__SITE03,138,138,1,1,1,1,0,0,4,4,69,TRUE,TRUE,TRUE
X,GHcol,AGAP000627__SITE03,110,110,1,1,1,1,0,0,4,4,55,TRUE,TRUE,TRUE
X,GHgam,AGAP000627__SITE03,24,24,1,1,1,1,0,0,4,4,12,FALSE,TRUE,FALSE
X,GNgam,AGAP000627__SITE03,80,80,1,1,1,1,0,0,4,4,40,TRUE,TRUE,TRUE
X,UGgam,AGAP000627__SITE03,224,224,1,0.995535714285714,0.995535714285714,1,0.00446428571428571,0.000386465727595386,4,4,112,TRUE,TRUE,TRUE
X,AOcol,AGAP000627__SITE04,156,156,1,1,1,1,0,0,3,3,78,TRUE,TRUE,TRUE
X,BFcol,AGAP000627__SITE04,150,144,0.96,1,1,1,0,0,3,3,72,TRUE,TRUE,TRUE
X,BFgam,AGAP000627__SITE04,184,134,0.728260869565217,0.992537313432836,0.992537313432836,1,0.00746268656716418,0.000644086510988213,3,3,67,TRUE,TRUE,TRUE
X,CMgam,AGAP000627__SITE04,594,506,0.851851851851852,0.996047430830039,0.99802371541502,0.99802371541502,0.00197628458498024,0.000343022414646853,3,3,253,TRUE,TRUE,TRUE
X,CIcol,AGAP000627__SITE04,142,142,1,1,1,1,0,0,3,3,71,TRUE,TRUE,TRUE
X,FRgam,AGAP000627__SITE04,48,24,0.5,1,1,1,0,0,3,3,12,FALSE,TRUE,FALSE
X,GAgam,AGAP000627__SITE04,138,138,1,1,1,1,0,0,3,3,69,TRUE,TRUE,TRUE
X,GHcol,AGAP000627__SITE04,110,110,1,1,1,1,0,0,3,3,55,TRUE,TRUE,TRUE
X,GHgam,AGAP000627__SITE04,24,24,1,1,1,1,0,0,3,3,12,FALSE,TRUE,FALSE
X,GNgam,AGAP000627__SITE04,80,80,1,1,1,1,0,0,3,3,40,TRUE,TRUE,TRUE
X,UGgam,AGAP000627__SITE04,224,224,1,0.995535714285714,0.995535714285714,1,0.00446428571428571,0.000386465727595386,3,3,112,TRUE,TRUE,TRUE
X,AOcol,AGAP000627__SITE05,156,156,1,1,1,1,0,0,2,2,78,TRUE,TRUE,TRUE
X,BFcol,AGAP000627__SITE05,150,144,0.96,0.986111111111111,1,0.986111111111111,0.00694444444444444,0.00119934245840043,2,2,72,TRUE,TRUE,TRUE
X,BFgam,AGAP000627__SITE05,184,134,0.728260869565217,1,1,1,0,0,2,2,67,TRUE,TRUE,TRUE
X,CMgam,AGAP000627__SITE05,594,506,0.851851851851852,1,1,1,0,0,2,2,253,TRUE,TRUE,TRUE
X,CIcol,AGAP000627__SITE05,142,142,1,0.992957746478873,1,0.992957746478873,0.00704225352112676,0.000608057407519212,2,2,71,TRUE,TRUE,TRUE
X,FRgam,AGAP000627__SITE05,48,24,0.5,1,1,1,0,0,2,2,12,FALSE,TRUE,FALSE
X,GAgam,AGAP000627__SITE05,138,138,1,1,1,1,0,0,2,2,69,TRUE,TRUE,TRUE
X,GHcol,AGAP000627__SITE05,110,110,1,1,1,1,0,0,2,2,55,TRUE,TRUE,TRUE
X,GHgam,AGAP000627__SITE05,24,24,1,1,1,1,0,0,2,2,12,FALSE,TRUE,FALSE
X,GNgam,AGAP000627__SITE05,80,80,1,1,1,1,0,0,2,2,40,TRUE,TRUE,TRUE
X,UGgam,AGAP000627__SITE05,224,224,1,1,1,1,0,0,2,2,112,TRUE,TRUE,TRUE
3R,AOcol,AGAP009936__SITE01,156,156,1,0.788461538461538,1,0.788461538461538,0.211538461538462,0.0145034731155133,4,4,78,TRUE,TRUE,TRUE
3R,BFcol,AGAP009936__SITE01,150,150,1,0.74,1,0.74,0.233333333333333,0.0178125603864734,4,4,75,TRUE,TRUE,TRUE
3R,BFgam,AGAP009936__SITE01,184,184,1,0.766304347826087,1,0.766304347826087,0.184782608695652,0.0171442220761075,4,4,92,TRUE,TRUE,TRUE
3R,CMgam,AGAP009936__SITE01,594,594,1,0.722222222222222,1,0.722222222222222,0.218855218855219,0.0198338235228881,4,4,297,TRUE,TRUE,TRUE
3R,CIcol,AGAP009936__SITE01,142,142,1,0.908450704225352,1,0.908450704225352,0.0492957746478873,0.00759424889816548,4,4,71,TRUE,TRUE,TRUE
3R,FRgam,AGAP009936__SITE01,48,48,1,0.583333333333333,1,0.583333333333333,0.375,0.0238526570048309,4,4,24,TRUE,TRUE,FALSE
3R,GAgam,AGAP009936__SITE01,138,138,1,0.840579710144928,1,0.840579710144928,0.144927536231884,0.0120179355816736,4,4,69,TRUE,TRUE,TRUE
3R,GHcol,AGAP009936__SITE01,110,110,1,0.827272727272727,1,0.827272727272727,0.172727272727273,0.0124254401724757,4,4,55,TRUE,TRUE,TRUE
3R,GHgam,AGAP009936__SITE01,24,24,1,0.875,1,0.875,0.0833333333333333,0.0101147342995169,4,4,12,FALSE,TRUE,FALSE
3R,GNgam,AGAP009936__SITE01,80,80,1,0.8,1,0.8,0.175,0.0146739130434783,4,4,40,TRUE,TRUE,TRUE
3R,UGgam,AGAP009936__SITE01,224,224,1,0.763392857142857,1,0.763392857142857,0.174107142857143,0.0175989213620231,4,4,112,TRUE,TRUE,TRUE
3R,AOcol,AGAP009936__SITE02,156,156,1,1,1,1,0,0,3,3,78,TRUE,TRUE,TRUE
3R,BFcol,AGAP009936__SITE02,150,150,1,1,1,1,0,0,3,3,75,TRUE,TRUE,TRUE
3R,BFgam,AGAP009936__SITE02,184,184,1,1,1,1,0,0,3,3,92,TRUE,TRUE,TRUE
3R,CMgam,AGAP009936__SITE02,594,594,1,0.998316498316498,1,0.998316498316498,0.00168350168350168,0.000146145000485507,3,3,297,TRUE,TRUE,TRUE
3R,CIcol,AGAP009936__SITE02,142,142,1,0.992957746478873,1,0.992957746478873,0.00704225352112676,0.000608057407519212,3,3,71,TRUE,TRUE,TRUE
3R,FRgam,AGAP009936__SITE02,48,48,1,1,1,1,0,0,3,3,24,TRUE,TRUE,FALSE
3R,GAgam,AGAP009936__SITE02,138,138,1,1,1,1,0,0,3,3,69,TRUE,TRUE,TRUE
3R,GHcol,AGAP009936__SITE02,110,110,1,1,1,1,0,0,3,3,55,TRUE,TRUE,TRUE
3R,GHgam,AGAP009936__SITE02,24,24,1,1,1,1,0,0,3,3,12,FALSE,TRUE,FALSE
3R,GNgam,AGAP009936__SITE02,80,80,1,1,1,1,0,0,3,3,40,TRUE,TRUE,TRUE
3R,UGgam,AGAP009936__SITE02,224,224,1,0.986607142857143,1,0.986607142857143,0.0133928571428571,0.00114899900177462,3,3,112,TRUE,TRUE,TRUE
3R,AOcol,AGAP009936__SITE03,156,156,1,1,1,1,0,0,2,2,78,TRUE,TRUE,TRUE
3R,BFcol,AGAP009936__SITE03,150,150,1,1,1,1,0,0,2,2,75,TRUE,TRUE,TRUE
3R,BFgam,AGAP009936__SITE03,184,184,1,1,1,1,0,0,2,2,92,TRUE,TRUE,TRUE
3R,CMgam,AGAP009936__SITE03,594,594,1,0.998316498316498,1,0.998316498316498,0.00168350168350168,0.000146145000485507,2,2,297,TRUE,TRUE,TRUE
3R,CIcol,AGAP009936__SITE03,142,142,1,0.992957746478873,1,0.992957746478873,0.00704225352112676,0.000608057407519212,2,2,71,TRUE,TRUE,TRUE
3R,FRgam,AGAP009936__SITE03,48,48,1,1,1,1,0,0,2,2,24,TRUE,TRUE,FALSE
3R,GAgam,AGAP009936__SITE03,138,138,1,1,1,1,0,0,2,2,69,TRUE,TRUE,TRUE
3R,GHcol,AGAP009936__SITE03,110,110,1,1,1,1,0,0,2,2,55,TRUE,TRUE,TRUE
3R,GHgam,AGAP009936__SITE03,24,24,1,1,1,1,0,0,2,2,12,FALSE,TRUE,FALSE
3R,GNgam,AGAP009936__SITE03,80,80,1,1,1,1,0,0,2,2,40,TRUE,TRUE,TRUE
3R,UGgam,AGAP009936__SITE03,224,224,1,0.986607142857143,1,0.986607142857143,0.0133928571428571,0.00114899900177462,2,2,112,TRUE,TRUE,TRUE
3R,AOcol,AGAP009936__SITE04,156,156,1,0.91025641025641,1,0.91025641025641,0.0897435897435897,0.00710345024726296,3,3,78,TRUE,TRUE,TRUE
3R,BFcol,AGAP009936__SITE04,150,150,1,1,1,1,0,0,3,3,75,TRUE,TRUE,TRUE
3R,BFgam,AGAP009936__SITE04,184,184,1,1,1,1,0,0,3,3,92,TRUE,TRUE,TRUE
3R,CMgam,AGAP009936__SITE04,594,594,1,0.996632996632997,1,0.996632996632997,0.00168350168350168,0.000292290000971014,3,3,297,TRUE,TRUE,TRUE
3R,CIcol,AGAP009936__SITE04,142,142,1,1,1,1,0,0,3,3,71,TRUE,TRUE,TRUE
3R,FRgam,AGAP009936__SITE04,48,48,1,1,1,1,0,0,3,3,24,TRUE,TRUE,FALSE
3R,GAgam,AGAP009936__SITE04,138,138,1,1,1,1,0,0,3,3,69,TRUE,TRUE,TRUE
3R,GHcol,AGAP009936__SITE04,110,110,1,1,1,1,0,0,3,3,55,TRUE,TRUE,TRUE
3R,GHgam,AGAP009936__SITE04,24,24,1,1,1,1,0,0,3,3,12,FALSE,TRUE,FALSE
3R,GNgam,AGAP009936__SITE04,80,80,1,0.9875,1,0.9875,0.0125,0.00107336956521739,3,3,40,TRUE,TRUE,TRUE
3R,UGgam,AGAP009936__SITE04,224,224,1,1,1,1,0,0,3,3,112,TRUE,TRUE,TRUE
3R,AOcol,AGAP009936__SITE05,156,156,1,0.91025641025641,1,0.91025641025641,0.0897435897435897,0.00710345024726296,4,4,78,TRUE,TRUE,TRUE
3R,BFcol,AGAP009936__SITE05,150,150,1,1,1,1,0,0,4,4,75,TRUE,TRUE,TRUE
3R,BFgam,AGAP009936__SITE05,184,184,1,1,1,1,0,0,4,4,92,TRUE,TRUE,TRUE
3R,CMgam,AGAP009936__SITE05,594,594,1,0.996632996632997,1,0.996632996632997,0.00168350168350168,0.000292290000971014,4,4,297,TRUE,TRUE,TRUE
3R,CIcol,AGAP009936__SITE05,142,142,1,1,1,1,0,0,4,4,71,TRUE,TRUE,TRUE
3R,FRgam,AGAP009936__SITE05,48,48,1,1,1,1,0,0,4,4,24,TRUE,TRUE,FALSE
3R,GAgam,AGAP009936__SITE05,138,138,1,1,1,1,0,0,4,4,69,TRUE,TRUE,TRUE
3R,GHcol,AGAP009936__SITE05,110,110,1,1,1,1,0,0,4,4,55,TRUE,TRUE,TRUE
3R,GHgam,AGAP009936__SITE05,24,24,1,1,1,1,0,0,4,4,12,FALSE,TRUE,FALSE
3R,GNgam,AGAP009936__SITE05,80,80,1,0.975,0.9875,0.9875,0.0125,0.00214673913043478,4,4,40,TRUE,TRUE,TRUE
3R,UGgam,AGAP009936__SITE05,224,224,1,1,1,1,0,0,4,4,112,TRUE,TRUE,TRUE
3R,AOcol,AGAP007938__SITE01,156,156,1,1,1,1,0,0,4,4,78,TRUE,TRUE,TRUE
3R,BFcol,AGAP007938__SITE01,150,150,1,1,1,1,0,0,4,4,75,TRUE,TRUE,TRUE
3R,BFgam,AGAP007938__SITE01,184,184,1,1,1,1,0,0,4,4,92,TRUE,TRUE,TRUE
3R,CMgam,AGAP007938__SITE01,594,594,1,0.986531986531987,1,0.986531986531987,0.00505050505050505,0.00116570970033128,4,4,297,TRUE,TRUE,TRUE
3R,CIcol,AGAP007938__SITE01,142,142,1,1,1,1,0,0,4,4,71,TRUE,TRUE,TRUE
3R,FRgam,AGAP007938__SITE01,48,48,1,1,1,1,0,0,4,4,24,TRUE,TRUE,FALSE
3R,GAgam,AGAP007938__SITE01,138,138,1,1,1,1,0,0,4,4,69,TRUE,TRUE,TRUE
3R,GHcol,AGAP007938__SITE01,110,110,1,0.990909090909091,1,0.990909090909091,0.00909090909090909,0.000783327344592167,4,4,55,TRUE,TRUE,TRUE
3R,GHgam,AGAP007938__SITE01,24,24,1,1,1,1,0,0,4,4,12,FALSE,TRUE,FALSE
3R,GNgam,AGAP007938__SITE01,80,80,1,0.975,1,0.975,0.0125,0.00214673913043478,4,4,40,TRUE,TRUE,TRUE
3R,UGgam,AGAP007938__SITE01,224,224,1,1,1,1,0,0,4,4,112,TRUE,TRUE,TRUE
3R,AOcol,AGAP007938__SITE02,156,156,1,1,1,1,0,0,5,5,78,TRUE,TRUE,TRUE
3R,BFcol,AGAP007938__SITE02,150,150,1,0.993333333333333,1,0.993333333333333,0.00666666666666667,0.000575845410628019,5,5,75,TRUE,TRUE,TRUE
3R,BFgam,AGAP007938__SITE02,184,184,1,1,1,1,0,0,5,5,92,TRUE,TRUE,TRUE
3R,CMgam,AGAP007938__SITE02,594,594,1,0.986531986531987,0.994949494949495,0.991582491582492,0.00505050505050505,0.00116570970033128,5,5,297,TRUE,TRUE,TRUE
3R,CIcol,AGAP007938__SITE02,142,142,1,1,1,1,0,0,5,5,71,TRUE,TRUE,TRUE
3R,FRgam,AGAP007938__SITE02,48,48,1,1,1,1,0,0,5,5,24,TRUE,TRUE,FALSE
3R,GAgam,AGAP007938__SITE02,138,138,1,1,1,1,0,0,5,5,69,TRUE,TRUE,TRUE
3R,GHcol,AGAP007938__SITE02,110,110,1,0.990909090909091,1,0.990909090909091,0.00909090909090909,0.000783327344592167,5,5,55,TRUE,TRUE,TRUE
3R,GHgam,AGAP007938__SITE02,24,24,1,1,1,1,0,0,5,5,12,FALSE,TRUE,FALSE
3R,GNgam,AGAP007938__SITE02,80,80,1,0.975,1,0.975,0.0125,0.00214673913043478,5,5,40,TRUE,TRUE,TRUE
3R,UGgam,AGAP007938__SITE02,224,224,1,1,1,1,0,0,5,5,112,TRUE,TRUE,TRUE
3R,AOcol,AGAP007938__SITE03,156,156,1,1,1,1,0,0,5,5,78,TRUE,TRUE,TRUE
3R,BFcol,AGAP007938__SITE03,150,150,1,0.993333333333333,1,0.993333333333333,0.00666666666666667,0.000575845410628019,5,5,75,TRUE,TRUE,TRUE
3R,BFgam,AGAP007938__SITE03,184,184,1,0.989130434782609,1,0.989130434782609,0.0108695652173913,0.000934905892989233,5,5,92,TRUE,TRUE,TRUE
3R,CMgam,AGAP007938__SITE03,594,594,1,0.98989898989899,0.996632996632997,0.993265993265993,0.00505050505050505,0.000874898400882883,5,5,297,TRUE,TRUE,TRUE
3R,CIcol,AGAP007938__SITE03,142,142,1,1,1,1,0,0,5,5,71,TRUE,TRUE,TRUE
3R,FRgam,AGAP007938__SITE03,48,48,1,1,1,1,0,0,5,5,24,TRUE,TRUE,FALSE
3R,GAgam,AGAP007938__SITE03,138,138,1,1,1,1,0,0,5,5,69,TRUE,TRUE,TRUE
3R,GHcol,AGAP007938__SITE03,110,110,1,0.990909090909091,0.990909090909091,1,0.00909090909090909,0.000783327344592167,5,5,55,TRUE,TRUE,TRUE
3R,GHgam,AGAP007938__SITE03,24,24,1,0.958333333333333,1,0.958333333333333,0.0416666666666667,0.00347222222222222,5,5,12,FALSE,TRUE,FALSE
3R,GNgam,AGAP007938__SITE03,80,80,1,0.975,0.975,1,0.0125,0.00214673913043478,5,5,40,TRUE,TRUE,TRUE
3R,UGgam,AGAP007938__SITE03,224,224,1,0.995535714285714,1,0.995535714285714,0.00446428571428571,0.000386465727595386,5,5,112,TRUE,TRUE,TRUE
3R,AOcol,AGAP007938__SITE04,156,156,1,1,1,1,0,0,5,5,78,TRUE,TRUE,TRUE
3R,BFcol,AGAP007938__SITE04,150,150,1,0.986666666666667,0.993333333333333,0.993333333333333,0.00666666666666667,0.00115169082125604,5,5,75,TRUE,TRUE,TRUE
3R,BFgam,AGAP007938__SITE04,184,184,1,0.989130434782609,1,0.989130434782609,0.0108695652173913,0.000934905892989233,5,5,92,TRUE,TRUE,TRUE
3R,CMgam,AGAP007938__SITE04,594,594,1,0.993265993265993,1,0.993265993265993,0.00505050505050505,0.000583101300419409,5,5,297,TRUE,TRUE,TRUE
3R,CIcol,AGAP007938__SITE04,142,142,1,1,1,1,0,0,5,5,71,TRUE,TRUE,TRUE
3R,FRgam,AGAP007938__SITE04,48,48,1,1,1,1,0,0,5,5,24,TRUE,TRUE,FALSE
3R,GAgam,AGAP007938__SITE04,138,138,1,1,1,1,0,0,5,5,69,TRUE,TRUE,TRUE
3R,GHcol,AGAP007938__SITE04,110,110,1,0.981818181818182,0.981818181818182,1,0.0181818181818182,0.00155228171038448,5,5,55,TRUE,TRUE,TRUE
3R,GHgam,AGAP007938__SITE04,24,24,1,0.958333333333333,1,0.958333333333333,0.0416666666666667,0.00347222222222222,5,5,12,FALSE,TRUE,FALSE
3R,GNgam,AGAP007938__SITE04,80,80,1,1,1,1,0,0,5,5,40,TRUE,TRUE,TRUE
3R,UGgam,AGAP007938__SITE04,224,224,1,0.995535714285714,1,0.995535714285714,0.00446428571428571,0.000386465727595386,5,5,112,TRUE,TRUE,TRUE
3R,AOcol,AGAP007938__SITE05,156,156,1,1,1,1,0,0,6,6,78,TRUE,TRUE,TRUE
3R,BFcol,AGAP007938__SITE05,150,150,1,0.986666666666667,1,0.986666666666667,0.00666666666666667,0.00115169082125604,6,6,75,TRUE,TRUE,TRUE
3R,BFgam,AGAP007938__SITE05,184,184,1,0.989130434782609,1,0.989130434782609,0.0108695652173913,0.000934905892989233,6,6,92,TRUE,TRUE,TRUE
3R,CMgam,AGAP007938__SITE05,594,594,1,0.991582491582492,1,0.991582491582492,0.00505050505050505,0.000729246300904916,6,6,297,TRUE,TRUE,TRUE
3R,CIcol,AGAP007938__SITE05,142,142,1,1,1,1,0,0,6,6,71,TRUE,TRUE,TRUE
3R,FRgam,AGAP007938__SITE05,48,48,1,1,1,1,0,0,6,6,24,TRUE,TRUE,FALSE
3R,GAgam,AGAP007938__SITE05,138,138,1,1,1,1,0,0,6,6,69,TRUE,TRUE,TRUE
3R,GHcol,AGAP007938__SITE05,110,110,1,0.981818181818182,1,0.981818181818182,0.0181818181818182,0.00155228171038448,6,6,55,TRUE,TRUE,TRUE
3R,GHgam,AGAP007938__SITE05,24,24,1,0.958333333333333,1,0.958333333333333,0.0416666666666667,0.00347222222222222,6,6,12,FALSE,TRUE,FALSE
3R,GNgam,AGAP007938__SITE05,80,80,1,1,1,1,0,0,6,6,40,TRUE,TRUE,TRUE
3R,UGgam,AGAP007938__SITE05,224,224,1,0.995535714285714,1,0.995535714285714,0.00446428571428571,0.000386465727595386,6,6,112,TRUE,TRUE,TRUE
2R,AOcol,AGAP004521__SITE01,156,156,1,0.987179487179487,1,0.987179487179487,0.0128205128205128,0.0011005345453506,5,5,78,TRUE,TRUE,TRUE
2R,BFcol,AGAP004521__SITE01,150,150,1,0.673333333333333,0.993333333333333,0.68,0.32,0.0194975845410628,5,5,75,TRUE,TRUE,TRUE
2R,BFgam,AGAP004521__SITE01,184,184,1,0.668478260869565,0.91304347826087,0.755434782608696,0.244565217391304,0.0229694049478097,5,5,92,TRUE,TRUE,TRUE
2R,CMgam,AGAP004521__SITE01,594,594,1,0.523569023569024,0.765993265993266,0.744107744107744,0.239057239057239,0.0328520652777716,5,5,297,TRUE,TRUE,TRUE
2R,CIcol,AGAP004521__SITE01,142,142,1,0.683098591549296,1,0.683098591549296,0.316901408450704,0.0188239048497969,5,5,71,TRUE,TRUE,TRUE
2R,FRgam,AGAP004521__SITE01,48,48,1,0.541666666666667,1,0.541666666666667,0.458333333333333,0.0215881642512077,5,5,24,TRUE,TRUE,FALSE
2R,GAgam,AGAP004521__SITE01,138,138,1,0.471014492753623,0.963768115942029,0.507246376811594,0.456521739130435,0.0276476443567756,5,5,69,TRUE,TRUE,TRUE
2R,GHcol,AGAP004521__SITE01,110,110,1,0.418181818181818,1,0.418181818181818,0.581818181818182,0.0211570247933884,5,5,55,TRUE,TRUE,TRUE
2R,GHgam,AGAP004521__SITE01,24,24,1,0.833333333333333,0.875,0.958333333333333,0.125,0.0129830917874396,5,5,12,FALSE,TRUE,FALSE
2R,GNgam,AGAP004521__SITE01,80,80,1,0.675,0.9125,0.7625,0.2375,0.0226902173913043,5,5,40,TRUE,TRUE,TRUE
2R,UGgam,AGAP004521__SITE01,224,224,1,0.433035714285714,0.78125,0.651785714285714,0.348214285714286,0.0345964812555457,5,5,112,TRUE,TRUE,TRUE
2R,AOcol,AGAP004521__SITE02,156,156,1,0.987179487179487,1,0.987179487179487,0.00641025641025641,0.00110768087356716,3,3,78,TRUE,TRUE,TRUE
2R,BFcol,AGAP004521__SITE02,150,150,1,0.753333333333333,1,0.753333333333333,0.173333333333333,0.0189449275362319,3,3,75,TRUE,TRUE,TRUE
2R,BFgam,AGAP004521__SITE02,184,184,1,0.869565217391304,1,0.869565217391304,0.114130434782609,0.0101863647571299,3,3,92,TRUE,TRUE,TRUE
2R,CMgam,AGAP004521__SITE02,594,594,1,0.919191919191919,1,0.919191919191919,0.0606060606060606,0.00667190127005674,3,3,297,TRUE,TRUE,TRUE
2R,CIcol,AGAP004521__SITE02,142,142,1,0.71830985915493,1,0.71830985915493,0.204225352112676,0.0203462046005365,3,3,71,TRUE,TRUE,TRUE
2R,FRgam,AGAP004521__SITE02,48,48,1,0.416666666666667,1,0.416666666666667,0.333333333333333,0.0356280193236715,3,3,24,TRUE,TRUE,FALSE
2R,GAgam,AGAP004521__SITE02,138,138,1,0.826086956521739,1,0.826086956521739,0.166666666666667,0.0127028483237902,3,3,69,TRUE,TRUE,TRUE
2R,GHcol,AGAP004521__SITE02,110,110,1,0.827272727272727,1,0.827272727272727,0.154545454545455,0.0129141214516709,3,3,55,TRUE,TRUE,TRUE
2R,GHgam,AGAP004521__SITE02,24,24,1,1,1,1,0,0,3,3,12,FALSE,TRUE,FALSE
2R,GNgam,AGAP004521__SITE02,80,80,1,0.8375,1,0.8375,0.0875,0.0129755434782609,3,3,40,TRUE,TRUE,TRUE
2R,UGgam,AGAP004521__SITE02,224,224,1,0.629464285714286,1,0.629464285714286,0.325892857142857,0.0228118761091393,3,3,112,TRUE,TRUE,TRUE
2R,AOcol,AGAP004521__SITE03,156,156,1,0.993589743589744,1,0.993589743589744,0.00641025641025641,0.000553840436783581,5,5,78,TRUE,TRUE,TRUE
2R,BFcol,AGAP004521__SITE03,150,150,1,0.986666666666667,0.993333333333333,0.993333333333333,0.00666666666666667,0.00115169082125604,5,5,75,TRUE,TRUE,TRUE
2R,BFgam,AGAP004521__SITE03,184,184,1,0.956521739130435,1,0.956521739130435,0.0434782608695652,0.00361633927837594,5,5,92,TRUE,TRUE,TRUE
2R,CMgam,AGAP004521__SITE03,594,594,1,0.96969696969697,0.996632996632997,0.973063973063973,0.0235690235690236,0.00258477026153794,5,5,297,TRUE,TRUE,TRUE
2R,CIcol,AGAP004521__SITE03,142,142,1,0.985915492957746,1,0.985915492957746,0.0140845070422535,0.00120748988727219,5,5,71,TRUE,TRUE,TRUE
2R,FRgam,AGAP004521__SITE03,48,48,1,1,1,1,0,0,5,5,24,TRUE,TRUE,FALSE
2R,GAgam,AGAP004521__SITE03,138,138,1,1,1,1,0,0,5,5,69,TRUE,TRUE,TRUE
2R,GHcol,AGAP004521__SITE03,110,110,1,1,1,1,0,0,5,5,55,TRUE,TRUE,TRUE
2R,GHgam,AGAP004521__SITE03,24,24,1,1,1,1,0,0,5,5,12,FALSE,TRUE,FALSE
2R,GNgam,AGAP004521__SITE03,80,80,1,0.975,1,0.975,0.025,0.0021195652173913,5,5,40,TRUE,TRUE,TRUE
2R,UGgam,AGAP004521__SITE03,224,224,1,0.995535714285714,1,0.995535714285714,0.00446428571428571,0.000386465727595386,5,5,112,TRUE,TRUE,TRUE
2R,AOcol,AGAP004521__SITE04,156,156,1,0.993589743589744,1,0.993589743589744,0.00641025641025641,0.000553840436783581,4,4,78,TRUE,TRUE,TRUE
2R,BFcol,AGAP004521__SITE04,150,150,1,0.986666666666667,1,0.986666666666667,0.00666666666666667,0.00115169082125604,4,4,75,TRUE,TRUE,TRUE
2R,BFgam,AGAP004521__SITE04,184,184,1,0.956521739130435,1,0.956521739130435,0.0434782608695652,0.00361633927837594,4,4,92,TRUE,TRUE,TRUE
2R,CMgam,AGAP004521__SITE04,594,594,1,0.96969696969697,1,0.96969696969697,0.0235690235690236,0.00258477026153794,4,4,297,TRUE,TRUE,TRUE
2R,CIcol,AGAP004521__SITE04,142,142,1,0.985915492957746,1,0.985915492957746,0.0140845070422535,0.00120748988727219,4,4,71,TRUE,TRUE,TRUE
2R,FRgam,AGAP004521__SITE04,48,48,1,1,1,1,0,0,4,4,24,TRUE,TRUE,FALSE
2R,GAgam,AGAP004521__SITE04,138,138,1,1,1,1,0,0,4,4,69,TRUE,TRUE,TRUE
2R,GHcol,AGAP004521__SITE04,110,110,1,1,1,1,0,0,4,4,55,TRUE,TRUE,TRUE
2R,GHgam,AGAP004521__SITE04,24,24,1,1,1,1,0,0,4,4,12,FALSE,TRUE,FALSE
2R,GNgam,AGAP004521__SITE04,80,80,1,0.975,1,0.975,0.025,0.0021195652173913,4,4,40,TRUE,TRUE,TRUE
2R,UGgam,AGAP004521__SITE04,224,224,1,0.995535714285714,1,0.995535714285714,0.00446428571428571,0.000386465727595386,4,4,112,TRUE,TRUE,TRUE
2R,AOcol,AGAP004521__SITE05,156,156,1,0.993589743589744,0.993589743589744,1,0.00641025641025641,0.000553840436783581,3,3,78,TRUE,TRUE,TRUE
2R,BFcol,AGAP004521__SITE05,150,150,1,0.986666666666667,0.993333333333333,0.993333333333333,0.00666666666666667,0.00115169082125604,3,3,75,TRUE,TRUE,TRUE
2R,BFgam,AGAP004521__SITE05,184,184,1,0.956521739130435,0.956521739130435,1,0.0434782608695652,0.00361633927837594,3,3,92,TRUE,TRUE,TRUE
2R,CMgam,AGAP004521__SITE05,594,594,1,0.973063973063973,0.976430976430976,0.996632996632997,0.0235690235690236,0.00229297316107446,3,3,297,TRUE,TRUE,TRUE
2R,CIcol,AGAP004521__SITE05,142,142,1,0.985915492957746,0.985915492957746,1,0.0140845070422535,0.00120748988727219,3,3,71,TRUE,TRUE,TRUE
2R,FRgam,AGAP004521__SITE05,48,48,1,1,1,1,0,0,3,3,24,TRUE,TRUE,FALSE
2R,GAgam,AGAP004521__SITE05,138,138,1,1,1,1,0,0,3,3,69,TRUE,TRUE,TRUE
2R,GHcol,AGAP004521__SITE05,110,110,1,1,1,1,0,0,3,3,55,TRUE,TRUE,TRUE
2R,GHgam,AGAP004521__SITE05,24,24,1,1,1,1,0,0,3,3,12,FALSE,TRUE,FALSE
2R,GNgam,AGAP004521__SITE05,80,80,1,0.975,0.975,1,0.025,0.0021195652173913,3,3,40,TRUE,TRUE,TRUE
2R,UGgam,AGAP004521__SITE05,224,224,1,0.995535714285714,0.995535714285714,1,0.00446428571428571,0.000386465727595386,3,3,112,TRUE,TRUE,TRUE
2L,AOcol,AGAP007729__SITE01,156,156,1,1,1,1,0,0,6,6,78,TRUE,TRUE,TRUE
2L,BFcol,AGAP007729__SITE01,150,150,1,0.993333333333333,1,0.993333333333333,0.00666666666666667,0.000575845410628019,6,6,75,TRUE,TRUE,TRUE
2L,BFgam,AGAP007729__SITE01,184,184,1,0.945652173913043,1,0.945652173913043,0.0543478260869565,0.00446905564231117,6,6,92,TRUE,TRUE,TRUE
2L,CMgam,AGAP007729__SITE01,594,594,1,0.95959595959596,0.996632996632997,0.962962962962963,0.0353535353535354,0.00354962300504681,6,6,297,TRUE,TRUE,TRUE
2L,CIcol,AGAP007729__SITE01,142,142,1,1,1,1,0,0,6,6,71,TRUE,TRUE,TRUE
2L,FRgam,AGAP007729__SITE01,48,48,1,1,1,1,0,0,6,6,24,TRUE,TRUE,FALSE
2L,GAgam,AGAP007729__SITE01,138,138,1,1,1,1,0,0,6,6,69,TRUE,TRUE,TRUE
2L,GHcol,AGAP007729__SITE01,110,110,1,1,1,1,0,0,6,6,55,TRUE,TRUE,TRUE
2L,GHgam,AGAP007729__SITE01,24,24,1,0.958333333333333,1,0.958333333333333,0.0416666666666667,0.00347222222222222,6,6,12,FALSE,TRUE,FALSE
2L,GNgam,AGAP007729__SITE01,80,80,1,0.95,1,0.95,0.0375,0.00528532608695652,6,6,40,TRUE,TRUE,TRUE
2L,UGgam,AGAP007729__SITE01,224,224,1,0.982142857142857,1,0.982142857142857,0.0133928571428571,0.00153546472937001,6,6,112,TRUE,TRUE,TRUE
2L,AOcol,AGAP007729__SITE02,156,156,1,0.993589743589744,0.993589743589744,1,0.00641025641025641,0.000553840436783581,2,2,78,TRUE,TRUE,TRUE
2L,BFcol,AGAP007729__SITE02,150,150,1,1,1,1,0,0,2,2,75,TRUE,TRUE,TRUE
2L,BFgam,AGAP007729__SITE02,184,184,1,1,1,1,0,0,2,2,92,TRUE,TRUE,TRUE
2L,CMgam,AGAP007729__SITE02,594,594,1,0.994949494949495,0.998316498316498,0.996632996632997,0.00336700336700337,0.000437942100948981,2,2,297,TRUE,TRUE,TRUE
2L,CIcol,AGAP007729__SITE02,142,142,1,1,1,1,0,0,2,2,71,TRUE,TRUE,TRUE
2L,FRgam,AGAP007729__SITE02,48,48,1,1,1,1,0,0,2,2,24,TRUE,TRUE,FALSE
2L,GAgam,AGAP007729__SITE02,138,138,1,1,1,1,0,0,2,2,69,TRUE,TRUE,TRUE
2L,GHcol,AGAP007729__SITE02,110,110,1,1,1,1,0,0,2,2,55,TRUE,TRUE,TRUE
2L,GHgam,AGAP007729__SITE02,24,24,1,1,1,1,0,0,2,2,12,FALSE,TRUE,FALSE
2L,GNgam,AGAP007729__SITE02,80,80,1,1,1,1,0,0,2,2,40,TRUE,TRUE,TRUE
2L,UGgam,AGAP007729__SITE02,224,224,1,1,1,1,0,0,2,2,112,TRUE,TRUE,TRUE
2L,AOcol,AGAP007729__SITE03,156,156,1,1,1,1,0,0,0,0,78,TRUE,TRUE,TRUE
2L,BFcol,AGAP007729__SITE03,150,150,1,1,1,1,0,0,0,0,75,TRUE,TRUE,TRUE
2L,BFgam,AGAP007729__SITE03,184,184,1,1,1,1,0,0,0,0,92,TRUE,TRUE,TRUE
2L,CMgam,AGAP007729__SITE03,594,594,1,1,1,1,0,0,0,0,297,TRUE,TRUE,TRUE
2L,CIcol,AGAP007729__SITE03,142,142,1,1,1,1,0,0,0,0,71,TRUE,TRUE,TRUE
2L,FRgam,AGAP007729__SITE03,48,48,1,1,1,1,0,0,0,0,24,TRUE,TRUE,FALSE
2L,GAgam,AGAP007729__SITE03,138,138,1,1,1,1,0,0,0,0,69,TRUE,TRUE,TRUE
2L,GHcol,AGAP007729__SITE03,110,110,1,1,1,1,0,0,0,0,55,TRUE,TRUE,TRUE
2L,GHgam,AGAP007729__SITE03,24,24,1,1,1,1,0,0,0,0,12,FALSE,TRUE,FALSE
2L,GNgam,AGAP007729__SITE03,80,80,1,1,1,1,0,0,0,0,40,TRUE,TRUE,TRUE
2L,UGgam,AGAP007729__SITE03,224,224,1,1,1,1,0,0,0,0,112,TRUE,TRUE,TRUE
2L,AOcol,AGAP007729__SITE04,156,156,1,1,1,1,0,0,1,1,78,TRUE,TRUE,TRUE
2L,BFcol,AGAP007729__SITE04,150,150,1,1,1,1,0,0,1,1,75,TRUE,TRUE,TRUE
2L,BFgam,AGAP007729__SITE04,184,184,1,1,1,1,0,0,1,1,92,TRUE,TRUE,TRUE
2L,CMgam,AGAP007729__SITE04,594,594,1,1,1,1,0,0,1,1,297,TRUE,TRUE,TRUE
2L,CIcol,AGAP007729__SITE04,142,142,1,0.992957746478873,1,0.992957746478873,0.00704225352112676,0.000608057407519212,1,1,71,TRUE,TRUE,TRUE
2L,FRgam,AGAP007729__SITE04,48,48,1,1,1,1,0,0,1,1,24,TRUE,TRUE,FALSE
2L,GAgam,AGAP007729__SITE04,138,138,1,1,1,1,0,0,1,1,69,TRUE,TRUE,TRUE
2L,GHcol,AGAP007729__SITE04,110,110,1,0.990909090909091,1,0.990909090909091,0.00909090909090909,0.000783327344592167,1,1,55,TRUE,TRUE,TRUE
2L,GHgam,AGAP007729__SITE04,24,24,1,1,1,1,0,0,1,1,12,FALSE,TRUE,FALSE
2L,GNgam,AGAP007729__SITE04,80,80,1,1,1,1,0,0,1,1,40,TRUE,TRUE,TRUE
2L,UGgam,AGAP007729__SITE04,224,224,1,1,1,1,0,0,1,1,112,TRUE,TRUE,TRUE
2L,AOcol,AGAP007729__SITE05,156,156,1,1,1,1,0,0,1,1,78,TRUE,TRUE,TRUE
2L,BFcol,AGAP007729__SITE05,150,150,1,0.993333333333333,1,0.993333333333333,0.00666666666666667,0.000575845410628019,1,1,75,TRUE,TRUE,TRUE
2L,BFgam,AGAP007729__SITE05,184,184,1,1,1,1,0,0,1,1,92,TRUE,TRUE,TRUE
2L,CMgam,AGAP007729__SITE05,594,594,1,1,1,1,0,0,1,1,297,TRUE,TRUE,TRUE
2L,CIcol,AGAP007729__SITE05,142,142,1,1,1,1,0,0,1,1,71,TRUE,TRUE,TRUE
2L,FRgam,AGAP007729__SITE05,48,48,1,1,1,1,0,0,1,1,24,TRUE,TRUE,FALSE
2L,GAgam,AGAP007729__SITE05,138,138,1,1,1,1,0,0,1,1,69,TRUE,TRUE,TRUE
2L,GHcol,AGAP007729__SITE05,110,110,1,1,1,1,0,0,1,1,55,TRUE,TRUE,TRUE
2L,GHgam,AGAP007729__SITE05,24,24,1,1,1,1,0,0,1,1,12,FALSE,TRUE,FALSE
2L,GNgam,AGAP007729__SITE05,80,80,1,1,1,1,0,0,1,1,40,TRUE,TRUE,TRUE
2L,UGgam,AGAP007729__SITE05,224,224,1,0.995535714285714,1,0.995535714285714,0.00446428571428571,0.000386465727595386,1,1,112,TRUE,TRUE,TRUE
3L,AOcol,AGAP012142__SITE01,156,156,1,1,1,1,0,0,3,3,78,TRUE,TRUE,TRUE
3L,BFcol,AGAP012142__SITE01,150,150,1,1,1,1,0,0,3,3,75,TRUE,TRUE,TRUE
3L,BFgam,AGAP012142__SITE01,184,184,1,0.940217391304348,1,0.940217391304348,0.0597826086956522,0.00488770855592997,3,3,92,TRUE,TRUE,TRUE
3L,CMgam,AGAP012142__SITE01,594,594,1,0.984848484848485,1,0.984848484848485,0.0134680134680135,0.00130150379015845,3,3,297,TRUE,TRUE,TRUE
3L,CIcol,AGAP012142__SITE01,142,142,1,0.992957746478873,1,0.992957746478873,0.00704225352112676,0.000608057407519212,3,3,71,TRUE,TRUE,TRUE
3L,FRgam,AGAP012142__SITE01,48,48,1,1,1,1,0,0,3,3,24,TRUE,TRUE,FALSE
3L,GAgam,AGAP012142__SITE01,138,138,1,1,1,1,0,0,3,3,69,TRUE,TRUE,TRUE
3L,GHcol,AGAP012142__SITE01,110,110,1,1,1,1,0,0,3,3,55,TRUE,TRUE,TRUE
3L,GHgam,AGAP012142__SITE01,24,24,1,1,1,1,0,0,3,3,12,FALSE,TRUE,FALSE
3L,GNgam,AGAP012142__SITE01,80,80,1,0.9625,1,0.9625,0.0375,0.00313858695652174,3,3,40,TRUE,TRUE,TRUE
3L,UGgam,AGAP012142__SITE01,224,224,1,0.986607142857143,1,0.986607142857143,0.00892857142857143,0.00115593112244898,3,3,112,TRUE,TRUE,TRUE
3L,AOcol,AGAP012142__SITE02,156,156,1,0,1,0,1,0,2,2,78,TRUE,TRUE,TRUE
3L,BFcol,AGAP012142__SITE02,150,150,1,0.0933333333333333,1,0.0933333333333333,0.906666666666667,0.0073584541062802,2,2,75,TRUE,TRUE,TRUE
3L,BFgam,AGAP012142__SITE02,184,184,1,0.108695652173913,1,0.108695652173913,0.891304347826087,0.00842442672803485,2,2,92,TRUE,TRUE,TRUE
3L,CMgam,AGAP012142__SITE02,594,594,1,0.148148148148148,1,0.148148148148148,0.851851851851852,0.0109739368998628,2,2,297,TRUE,TRUE,TRUE
3L,CIcol,AGAP012142__SITE02,142,142,1,0.0985915492957746,1,0.0985915492957746,0.901408450704225,0.00772793527854204,2,2,71,TRUE,TRUE,TRUE
3L,FRgam,AGAP012142__SITE02,48,48,1,0.25,1,0.25,0.75,0.016304347826087,2,2,24,TRUE,TRUE,FALSE
3L,GAgam,AGAP012142__SITE02,138,138,1,0.195652173913043,1,0.195652173913043,0.804347826086957,0.0136845565874908,2,2,69,TRUE,TRUE,TRUE
3L,GHcol,AGAP012142__SITE02,110,110,1,0.1,1,0.1,0.9,0.00782608695652174,2,2,55,TRUE,TRUE,TRUE
3L,GHgam,AGAP012142__SITE02,24,24,1,0.125,1,0.125,0.875,0.00951086956521739,2,2,12,FALSE,TRUE,FALSE
3L,GNgam,AGAP012142__SITE02,80,80,1,0.125,1,0.125,0.875,0.00951086956521739,2,2,40,TRUE,TRUE,TRUE
3L,UGgam,AGAP012142__SITE02,224,224,1,0.129464285714286,1,0.129464285714286,0.870535714285714,0.0101867513309672,2,2,112,TRUE,TRUE,TRUE
3L,AOcol,AGAP012142__SITE03,156,156,1,1,1,1,0,0,2,2,78,TRUE,TRUE,TRUE
3L,BFcol,AGAP012142__SITE03,150,150,1,1,1,1,0,0,2,2,75,TRUE,TRUE,TRUE
3L,BFgam,AGAP012142__SITE03,184,184,1,1,1,1,0,0,2,2,92,TRUE,TRUE,TRUE
3L,CMgam,AGAP012142__SITE03,594,594,1,0.998316498316498,1,0.998316498316498,0.00168350168350168,0.000146145000485507,2,2,297,TRUE,TRUE,TRUE
3L,CIcol,AGAP012142__SITE03,142,142,1,1,1,1,0,0,2,2,71,TRUE,TRUE,TRUE
3L,FRgam,AGAP012142__SITE03,48,48,1,1,1,1,0,0,2,2,24,TRUE,TRUE,FALSE
3L,GAgam,AGAP012142__SITE03,138,138,1,1,1,1,0,0,2,2,69,TRUE,TRUE,TRUE
3L,GHcol,AGAP012142__SITE03,110,110,1,1,1,1,0,0,2,2,55,TRUE,TRUE,TRUE
3L,GHgam,AGAP012142__SITE03,24,24,1,1,1,1,0,0,2,2,12,FALSE,TRUE,FALSE
3L,GNgam,AGAP012142__SITE03,80,80,1,1,1,1,0,0,2,2,40,TRUE,TRUE,TRUE
3L,UGgam,AGAP012142__SITE03,224,224,1,1,1,1,0,0,2,2,112,TRUE,TRUE,TRUE
3L,AOcol,AGAP012142__SITE04,156,156,1,0.923076923076923,1,0.923076923076923,0.0769230769230769,0.00617442757910985,2,2,78,TRUE,TRUE,TRUE
3L,BFcol,AGAP012142__SITE04,150,150,1,0.746666666666667,1,0.746666666666667,0.253333333333333,0.016448309178744,2,2,75,TRUE,TRUE,TRUE
3L,BFgam,AGAP012142__SITE04,184,184,1,0.869565217391304,1,0.869565217391304,0.130434782608696,0.00986274348647982,2,2,92,TRUE,TRUE,TRUE
3L,CMgam,AGAP012142__SITE04,594,594,1,0.851851851851852,1,0.851851851851852,0.148148148148148,0.0111200819003483,2,2,297,TRUE,TRUE,TRUE
3L,CIcol,AGAP012142__SITE04,142,142,1,0.873239436619718,1,0.873239436619718,0.126760563380282,0.00962541938711263,2,2,71,TRUE,TRUE,TRUE
3L,FRgam,AGAP012142__SITE04,48,48,1,1,1,1,0,0,2,2,24,TRUE,TRUE,FALSE
3L,GAgam,AGAP012142__SITE04,138,138,1,0.840579710144928,1,0.840579710144928,0.159420289855072,0.011652648785878,2,2,69,TRUE,TRUE,TRUE
3L,GHcol,AGAP012142__SITE04,110,110,1,0.854545454545455,1,0.854545454545455,0.145454545454545,0.0108084800574919,2,2,55,TRUE,TRUE,TRUE
3L,GHgam,AGAP012142__SITE04,24,24,1,0.916666666666667,1,0.916666666666667,0.0833333333333333,0.00664251207729469,2,2,12,FALSE,TRUE,FALSE
3L,GNgam,AGAP012142__SITE04,80,80,1,0.8375,1,0.8375,0.1625,0.0118342391304348,2,2,40,TRUE,TRUE,TRUE
3L,UGgam,AGAP012142__SITE04,224,224,1,0.866071428571429,1,0.866071428571429,0.133928571428571,0.0108557009760426,2,2,112,TRUE,TRUE,TRUE
3L,AOcol,AGAP012142__SITE05,156,156,1,1,1,1,0,0,4,4,78,TRUE,TRUE,TRUE
3L,BFcol,AGAP012142__SITE05,150,150,1,0.986666666666667,1,0.986666666666667,0.0133333333333333,0.00114396135265701,4,4,75,TRUE,TRUE,TRUE
3L,BFgam,AGAP012142__SITE05,184,184,1,0.978260869565217,1,0.978260869565217,0.016304347826087,0.00186467494041259,4,4,92,TRUE,TRUE,TRUE
3L,CMgam,AGAP012142__SITE05,594,594,1,0.954545454545455,1,0.954545454545455,0.0387205387205387,0.00381825378165592,4,4,297,TRUE,TRUE,TRUE
3L,CIcol,AGAP012142__SITE05,142,142,1,0.992957746478873,1,0.992957746478873,0.00704225352112676,0.000608057407519212,4,4,71,TRUE,TRUE,TRUE
3L,FRgam,AGAP012142__SITE05,48,48,1,1,1,1,0,0,4,4,24,TRUE,TRUE,FALSE
3L,GAgam,AGAP012142__SITE05,138,138,1,1,1,1,0,0,4,4,69,TRUE,TRUE,TRUE
3L,GHcol,AGAP012142__SITE05,110,110,1,0.972727272727273,1,0.972727272727273,0.0272727272727273,0.00230686309737693,4,4,55,TRUE,TRUE,TRUE
3L,GHgam,AGAP012142__SITE05,24,24,1,0.958333333333333,1,0.958333333333333,0.0416666666666667,0.00347222222222222,4,4,12,FALSE,TRUE,FALSE
3L,GNgam,AGAP012142__SITE05,80,80,1,0.9625,1,0.9625,0.0375,0.00313858695652174,4,4,40,TRUE,TRUE,TRUE
3L,UGgam,AGAP012142__SITE05,224,224,1,0.973214285714286,1,0.973214285714286,0.0223214285714286,0.00228413376220053,4,4,112,TRUE,TRUE,TRUE
2L,AOcol,AGAP006233__SITE01,156,156,1,1,1,1,0,0,6,6,78,TRUE,TRUE,TRUE
2L,BFcol,AGAP006233__SITE01,150,150,1,0.9,1,0.9,0.1,0.00782608695652174,6,6,75,TRUE,TRUE,TRUE
2L,BFgam,AGAP006233__SITE01,184,184,1,0.96195652173913,0.989130434782609,0.972826086956522,0.0217391304347826,0.00325419166598175,6,6,92,TRUE,TRUE,TRUE
2L,CMgam,AGAP006233__SITE01,594,594,1,0.978114478114478,0.996632996632997,0.981481481481481,0.0117845117845118,0.0018875624936231,6,6,297,TRUE,TRUE,TRUE
2L,CIcol,AGAP006233__SITE01,142,142,1,0.992957746478873,0.992957746478873,0.992957746478873,0.00704225352112676,0.00121611481503842,6,6,71,TRUE,TRUE,TRUE
2L,FRgam,AGAP006233__SITE01,48,48,1,1,1,1,0,0,6,6,24,TRUE,TRUE,FALSE
2L,GAgam,AGAP006233__SITE01,138,138,1,1,1,1,0,0,6,6,69,TRUE,TRUE,TRUE
2L,GHcol,AGAP006233__SITE01,110,110,1,0.954545454545455,1,0.954545454545455,0.0454545454545455,0.00377290693496227,6,6,55,TRUE,TRUE,TRUE
2L,GHgam,AGAP006233__SITE01,24,24,1,0.791666666666667,1,0.791666666666667,0.208333333333333,0.0143417874396135,6,6,12,FALSE,TRUE,FALSE
2L,GNgam,AGAP006233__SITE01,80,80,1,0.9875,1,0.9875,0.0125,0.00107336956521739,6,6,40,TRUE,TRUE,TRUE
2L,UGgam,AGAP006233__SITE01,224,224,1,0.959821428571429,0.982142857142857,0.977678571428571,0.0223214285714286,0.00380920031055901,6,6,112,TRUE,TRUE,TRUE
2L,AOcol,AGAP006233__SITE02,156,156,1,1,1,1,0,0,6,6,78,TRUE,TRUE,TRUE
2L,BFcol,AGAP006233__SITE02,150,150,1,0.9,1,0.9,0.1,0.00782608695652174,6,6,75,TRUE,TRUE,TRUE
2L,BFgam,AGAP006233__SITE02,184,184,1,0.96195652173913,0.994565217391304,0.967391304347826,0.0217391304347826,0.00325419166598175,6,6,92,TRUE,TRUE,TRUE
2L,CMgam,AGAP006233__SITE02,594,594,1,0.978114478114478,1,0.978114478114478,0.0117845117845118,0.0018875624936231,6,6,297,TRUE,TRUE,TRUE
2L,CIcol,AGAP006233__SITE02,142,142,1,0.992957746478873,1,0.992957746478873,0.00704225352112676,0.00121611481503842,6,6,71,TRUE,TRUE,TRUE
2L,FRgam,AGAP006233__SITE02,48,48,1,1,1,1,0,0,6,6,24,TRUE,TRUE,FALSE
2L,GAgam,AGAP006233__SITE02,138,138,1,1,1,1,0,0,6,6,69,TRUE,TRUE,TRUE
2L,GHcol,AGAP006233__SITE02,110,110,1,0.954545454545455,1,0.954545454545455,0.0454545454545455,0.00377290693496227,6,6,55,TRUE,TRUE,TRUE
2L,GHgam,AGAP006233__SITE02,24,24,1,0.791666666666667,1,0.791666666666667,0.208333333333333,0.0143417874396135,6,6,12,FALSE,TRUE,FALSE
2L,GNgam,AGAP006233__SITE02,80,80,1,0.9875,1,0.9875,0.0125,0.00107336956521739,6,6,40,TRUE,TRUE,TRUE
2L,UGgam,AGAP006233__SITE02,224,224,1,0.959821428571429,1,0.959821428571429,0.0223214285714286,0.00380920031055901,6,6,112,TRUE,TRUE,TRUE
2L,AOcol,AGAP006233__SITE03,156,156,1,1,1,1,0,0,6,6,78,TRUE,TRUE,TRUE
2L,BFcol,AGAP006233__SITE03,150,150,1,0.9,0.913333333333333,0.9,0.1,0.0147091787439614,6,6,75,TRUE,TRUE,TRUE
2L,BFgam,AGAP006233__SITE03,184,184,1,0.967391304347826,0.978260869565217,0.967391304347826,0.0217391304347826,0.00463343470041917,6,6,92,TRUE,TRUE,TRUE
2L,CMgam,AGAP006233__SITE03,594,594,1,0.978114478114478,0.988215488215488,0.978114478114478,0.0117845117845118,0.00290022658636332,6,6,297,TRUE,TRUE,TRUE
2L,CIcol,AGAP006233__SITE03,142,142,1,0.992957746478873,0.992957746478873,0.992957746478873,0.00704225352112676,0.00182417222255764,6,6,71,TRUE,TRUE,TRUE
2L,FRgam,AGAP006233__SITE03,48,48,1,1,1,1,0,0,6,6,24,TRUE,TRUE,FALSE
2L,GAgam,AGAP006233__SITE03,138,138,1,1,1,1,0,0,6,6,69,TRUE,TRUE,TRUE
2L,GHcol,AGAP006233__SITE03,110,110,1,0.954545454545455,0.954545454545455,0.954545454545455,0.0454545454545455,0.00754581386992454,6,6,55,TRUE,TRUE,TRUE
2L,GHgam,AGAP006233__SITE03,24,24,1,0.791666666666667,0.791666666666667,0.791666666666667,0.208333333333333,0.0286835748792271,6,6,12,FALSE,TRUE,FALSE
2L,GNgam,AGAP006233__SITE03,80,80,1,0.9875,0.9875,0.9875,0.0125,0.00214673913043478,6,6,40,TRUE,TRUE,TRUE
2L,UGgam,AGAP006233__SITE03,224,224,1,0.959821428571429,0.977678571428571,0.959821428571429,0.0223214285714286,0.00570686834516415,6,6,112,TRUE,TRUE,TRUE
2L,AOcol,AGAP006233__SITE04,156,156,1,0.935897435897436,1,0.935897435897436,0.0641025641025641,0.0052168195980905,9,9,78,TRUE,TRUE,TRUE
2L,BFcol,AGAP006233__SITE04,150,150,1,0.666666666666667,1,0.666666666666667,0.326666666666667,0.0197024154589372,9,9,75,TRUE,TRUE,TRUE
2L,BFgam,AGAP006233__SITE04,184,184,1,0.804347826086957,1,0.804347826086957,0.179347826086957,0.01420851483521,9,9,92,TRUE,TRUE,TRUE
2L,CMgam,AGAP006233__SITE04,594,594,1,0.641414141414141,0.991582491582492,0.64983164983165,0.346801346801347,0.0241094889755408,9,9,297,TRUE,TRUE,TRUE
2L,CIcol,AGAP006233__SITE04,142,142,1,0.725352112676056,1,0.725352112676056,0.274647887323944,0.0173231674184729,9,9,71,TRUE,TRUE,TRUE
2L,FRgam,AGAP006233__SITE04,48,48,1,0.895833333333333,1,0.895833333333333,0.104166666666667,0.00811443236714976,9,9,24,TRUE,TRUE,FALSE
2L,GAgam,AGAP006233__SITE04,138,138,1,0.536231884057971,1,0.536231884057971,0.463768115942029,0.0216249783110965,9,9,69,TRUE,TRUE,TRUE
2L,GHcol,AGAP006233__SITE04,110,110,1,0.718181818181818,1,0.718181818181818,0.281818181818182,0.017599712540424,9,9,55,TRUE,TRUE,TRUE
2L,GHgam,AGAP006233__SITE04,24,24,1,0.458333333333333,1,0.458333333333333,0.541666666666667,0.0215881642512077,9,9,12,FALSE,TRUE,FALSE
2L,GNgam,AGAP006233__SITE04,80,80,1,0.6,0.975,0.625,0.375,0.0256385869565217,9,9,40,TRUE,TRUE,TRUE
2L,UGgam,AGAP006233__SITE04,224,224,1,0.6875,0.96875,0.71875,0.276785714285714,0.020425493566992,9,9,112,TRUE,TRUE,TRUE
2L,AOcol,AGAP006233__SITE05,156,156,1,1,1,1,0,0,3,3,78,TRUE,TRUE,TRUE
2L,BFcol,AGAP006233__SITE05,150,150,1,0.973333333333333,1,0.973333333333333,0.0266666666666667,0.00225700483091787,3,3,75,TRUE,TRUE,TRUE
2L,BFgam,AGAP006233__SITE05,184,184,1,1,1,1,0,0,3,3,92,TRUE,TRUE,TRUE
2L,CMgam,AGAP006233__SITE05,594,594,1,1,1,1,0,0,3,3,297,TRUE,TRUE,TRUE
2L,CIcol,AGAP006233__SITE05,142,142,1,1,1,1,0,0,3,3,71,TRUE,TRUE,TRUE
2L,FRgam,AGAP006233__SITE05,48,48,1,1,1,1,0,0,3,3,24,TRUE,TRUE,FALSE
2L,GAgam,AGAP006233__SITE05,138,138,1,0.978260869565217,1,0.978260869565217,0.0217391304347826,0.00184926440371497,3,3,69,TRUE,TRUE,TRUE
2L,GHcol,AGAP006233__SITE05,110,110,1,0.945454545454546,1,0.945454545454546,0.0545454545454545,0.00448436938555516,3,3,55,TRUE,TRUE,TRUE
2L,GHgam,AGAP006233__SITE05,24,24,1,1,1,1,0,0,3,3,12,FALSE,TRUE,FALSE
2L,GNgam,AGAP006233__SITE05,80,80,1,1,1,1,0,0,3,3,40,TRUE,TRUE,TRUE
2L,UGgam,AGAP006233__SITE05,224,224,1,0.995535714285714,1,0.995535714285714,0.00446428571428571,0.000386465727595386,3,3,112,TRUE,TRUE,TRUE
2R,AOcol,AGAP004057__SITE01,156,156,1,0.564102564102564,1,0.564102564102564,0.435897435897436,0.0219356544607381,4,4,78,TRUE,TRUE,TRUE
2R,BFcol,AGAP004057__SITE01,150,150,1,0.486666666666667,1,0.486666666666667,0.513333333333333,0.0217236714975845,4,4,75,TRUE,TRUE,TRUE
2R,BFgam,AGAP004057__SITE01,184,184,1,0,1,0,1,0,4,4,92,TRUE,TRUE,TRUE
2R,CMgam,AGAP004057__SITE01,594,594,1,0.00673400673400673,1,0.00673400673400673,0.993265993265993,0.00246228448541433,4,4,297,TRUE,TRUE,TRUE
2R,CIcol,AGAP004057__SITE01,142,142,1,0.626760563380282,1,0.626760563380282,0.373239436619718,0.0203418921366534,4,4,71,TRUE,TRUE,TRUE
2R,FRgam,AGAP004057__SITE01,48,48,1,0,1,0,1,0,4,4,24,TRUE,TRUE,FALSE
2R,GAgam,AGAP004057__SITE01,138,138,1,0,1,0,1,0.00690392044053588,4,4,69,TRUE,TRUE,TRUE
2R,GHcol,AGAP004057__SITE01,110,110,1,0.581818181818182,1,0.581818181818182,0.418181818181818,0.0211570247933884,4,4,55,TRUE,TRUE,TRUE
2R,GHgam,AGAP004057__SITE01,24,24,1,0.0416666666666667,1,0.0416666666666667,0.958333333333333,0.00347222222222222,4,4,12,FALSE,TRUE,FALSE
2R,GNgam,AGAP004057__SITE01,80,80,1,0,1,0,1,0,4,4,40,TRUE,TRUE,TRUE
2R,UGgam,AGAP004057__SITE01,224,224,1,0.0401785714285714,1,0.0401785714285714,0.959821428571429,0.00527187777284827,4,4,112,TRUE,TRUE,TRUE
2R,AOcol,AGAP004057__SITE02,156,156,1,0.564102564102564,1,0.564102564102564,0.435897435897436,0.0219356544607381,4,4,78,TRUE,TRUE,TRUE
2R,BFcol,AGAP004057__SITE02,150,150,1,0.486666666666667,1,0.486666666666667,0.513333333333333,0.0217236714975845,4,4,75,TRUE,TRUE,TRUE
2R,BFgam,AGAP004057__SITE02,184,184,1,0,1,0,1,0,4,4,92,TRUE,TRUE,TRUE
2R,CMgam,AGAP004057__SITE02,594,594,1,0.00673400673400673,1,0.00673400673400673,0.993265993265993,0.00246228448541433,4,4,297,TRUE,TRUE,TRUE
2R,CIcol,AGAP004057__SITE02,142,142,1,0.626760563380282,1,0.626760563380282,0.373239436619718,0.0203418921366534,4,4,71,TRUE,TRUE,TRUE
2R,FRgam,AGAP004057__SITE02,48,48,1,0,1,0,1,0,4,4,24,TRUE,TRUE,FALSE
2R,GAgam,AGAP004057__SITE02,138,138,1,0,1,0,1,0.00690392044053588,4,4,69,TRUE,TRUE,TRUE
2R,GHcol,AGAP004057__SITE02,110,110,1,0.581818181818182,1,0.581818181818182,0.418181818181818,0.0211570247933884,4,4,55,TRUE,TRUE,TRUE
2R,GHgam,AGAP004057__SITE02,24,24,1,0.0416666666666667,1,0.0416666666666667,0.958333333333333,0.00347222222222222,4,4,12,FALSE,TRUE,FALSE
2R,GNgam,AGAP004057__SITE02,80,80,1,0,1,0,1,0,4,4,40,TRUE,TRUE,TRUE
2R,UGgam,AGAP004057__SITE02,224,224,1,0.0401785714285714,1,0.0401785714285714,0.959821428571429,0.00527187777284827,4,4,112,TRUE,TRUE,TRUE
2R,AOcol,AGAP004057__SITE03,156,156,1,1,1,1,0,0,3,3,78,TRUE,TRUE,TRUE
2R,BFcol,AGAP004057__SITE03,150,150,1,0.74,1,0.74,0.253333333333333,0.0334724637681159,3,3,75,TRUE,TRUE,TRUE
2R,BFgam,AGAP004057__SITE03,184,184,1,0.423913043478261,1,0.423913043478261,0.576086956521739,0.0425407865537931,3,3,92,TRUE,TRUE,TRUE
2R,CMgam,AGAP004057__SITE03,594,594,1,0.533670033670034,1,0.533670033670034,0.466329966329966,0.0432000185330591,3,3,297,TRUE,TRUE,TRUE
2R,CIcol,AGAP004057__SITE03,142,142,1,0.73943661971831,1,0.73943661971831,0.26056338028169,0.0335078443718034,3,3,71,TRUE,TRUE,TRUE
2R,FRgam,AGAP004057__SITE03,48,48,1,1,1,1,0,0,3,3,24,TRUE,TRUE,FALSE
2R,GAgam,AGAP004057__SITE03,138,138,1,0.666666666666667,1,0.666666666666667,0.333333333333333,0.0386473429951691,3,3,69,TRUE,TRUE,TRUE
2R,GHcol,AGAP004057__SITE03,110,110,1,0.781818181818182,1,0.781818181818182,0.218181818181818,0.0296658282429033,3,3,55,TRUE,TRUE,TRUE
2R,GHgam,AGAP004057__SITE03,24,24,1,0.5,1,0.5,0.5,0.0397041062801932,3,3,12,FALSE,TRUE,FALSE
2R,GNgam,AGAP004057__SITE03,80,80,1,0.4375,1,0.4375,0.5625,0.0429211956521739,3,3,40,TRUE,TRUE,TRUE
2R,UGgam,AGAP004057__SITE03,224,224,1,0.669642857142857,1,0.669642857142857,0.330357142857143,0.0380625415927241,3,3,112,TRUE,TRUE,TRUE
2R,AOcol,AGAP004057__SITE04,156,156,1,1,1,1,0,0,7,7,78,TRUE,TRUE,TRUE
2R,BFcol,AGAP004057__SITE04,150,150,1,0.733333333333333,0.993333333333333,0.74,0.253333333333333,0.019304347826087,7,7,75,TRUE,TRUE,TRUE
2R,BFgam,AGAP004057__SITE04,184,184,1,0.423913043478261,0.994565217391304,0.423913043478261,0.570652173913044,0.0222451097230213,7,7,92,TRUE,TRUE,TRUE
2R,CMgam,AGAP004057__SITE04,594,594,1,0.537037037037037,0.993265993265993,0.537037037037037,0.454545454545455,0.0228668867960333,7,7,297,TRUE,TRUE,TRUE
2R,CIcol,AGAP004057__SITE04,142,142,1,0.732394366197183,1,0.732394366197183,0.26056338028169,0.0185694694806931,7,7,71,TRUE,TRUE,TRUE
2R,FRgam,AGAP004057__SITE04,48,48,1,1,1,1,0,0,7,7,24,TRUE,TRUE,FALSE
2R,GAgam,AGAP004057__SITE04,138,138,1,0.666666666666667,1,0.666666666666667,0.333333333333333,0.0193236714975845,7,7,69,TRUE,TRUE,TRUE
2R,GHcol,AGAP004057__SITE04,110,110,1,0.781818181818182,1,0.781818181818182,0.218181818181818,0.0148329141214517,7,7,55,TRUE,TRUE,TRUE
2R,GHgam,AGAP004057__SITE04,24,24,1,0.5,0.791666666666667,0.5,0.291666666666667,0.0466485507246377,7,7,12,FALSE,TRUE,FALSE
2R,GNgam,AGAP004057__SITE04,80,80,1,0.4375,0.9875,0.4375,0.55,0.0236684782608696,7,7,40,TRUE,TRUE,TRUE
2R,UGgam,AGAP004057__SITE04,224,224,1,0.678571428571429,0.995535714285714,0.678571428571429,0.316964285714286,0.019598838176575,7,7,112,TRUE,TRUE,TRUE
2R,AOcol,AGAP004057__SITE05,156,156,1,1,1,1,0,0,4,4,78,TRUE,TRUE,TRUE
2R,BFcol,AGAP004057__SITE05,150,150,1,1,1,1,0,0,4,4,75,TRUE,TRUE,TRUE
2R,BFgam,AGAP004057__SITE05,184,184,1,0.96195652173913,1,0.96195652173913,0.0271739130434783,0.00323364428371825,4,4,92,TRUE,TRUE,TRUE
2R,CMgam,AGAP004057__SITE05,594,594,1,0.996632996632997,1,0.996632996632997,0.00336700336700337,0.000291797100463474,4,4,297,TRUE,TRUE,TRUE
2R,CIcol,AGAP004057__SITE05,142,142,1,0.992957746478873,1,0.992957746478873,0.00704225352112676,0.000608057407519212,4,4,71,TRUE,TRUE,TRUE
2R,FRgam,AGAP004057__SITE05,48,48,1,0.979166666666667,1,0.979166666666667,0.0208333333333333,0.00177385265700483,4,4,24,TRUE,TRUE,FALSE
2R,GAgam,AGAP004057__SITE05,138,138,1,1,1,1,0,0,4,4,69,TRUE,TRUE,TRUE
2R,GHcol,AGAP004057__SITE05,110,110,1,1,1,1,0,0,4,4,55,TRUE,TRUE,TRUE
2R,GHgam,AGAP004057__SITE05,24,24,1,1,1,1,0,0,4,4,12,FALSE,TRUE,FALSE
2R,GNgam,AGAP004057__SITE05,80,80,1,1,1,1,0,0,4,4,40,TRUE,TRUE,TRUE
2R,UGgam,AGAP004057__SITE05,224,224,1,0.928571428571429,1,0.928571428571429,0.0625,0.00586457409050577,4,4,112,TRUE,TRUE,TRUE
X,AOcol,AGAP012991__SITE01,156,156,1,1,1,1,0,0,3,3,78,TRUE,TRUE,TRUE
X,BFcol,AGAP012991__SITE01,150,144,0.96,1,1,1,0,0,3,3,72,TRUE,TRUE,TRUE
X,BFgam,AGAP012991__SITE01,184,134,0.728260869565217,0.977611940298507,1,0.977611940298507,0.0223880597014925,0.00190320299863434,3,3,67,TRUE,TRUE,TRUE
X,CMgam,AGAP012991__SITE01,594,506,0.851851851851852,0.992094861660079,1,0.992094861660079,0.00592885375494071,0.000684007072375013,3,3,253,TRUE,TRUE,TRUE
X,CIcol,AGAP012991__SITE01,142,142,1,1,1,1,0,0,3,3,71,TRUE,TRUE,TRUE
X,FRgam,AGAP012991__SITE01,48,24,0.5,1,1,1,0,0,3,3,12,FALSE,TRUE,FALSE
X,GAgam,AGAP012991__SITE01,138,138,1,0.992753623188406,1,0.992753623188406,0.0072463768115942,0.000625553637799878,3,3,69,TRUE,TRUE,TRUE
X,GHcol,AGAP012991__SITE01,110,110,1,1,1,1,0,0,3,3,55,TRUE,TRUE,TRUE
X,GHgam,AGAP012991__SITE01,24,24,1,0.958333333333333,1,0.958333333333333,0.0416666666666667,0.00347222222222222,3,3,12,FALSE,TRUE,FALSE
X,GNgam,AGAP012991__SITE01,80,80,1,0.9625,1,0.9625,0.025,0.0031929347826087,3,3,40,TRUE,TRUE,TRUE
X,UGgam,AGAP012991__SITE01,224,224,1,0.986607142857143,1,0.986607142857143,0.0133928571428571,0.00114899900177462,3,3,112,TRUE,TRUE,TRUE
X,AOcol,AGAP012991__SITE02,156,156,1,1,1,1,0,0,2,2,78,TRUE,TRUE,TRUE
X,BFcol,AGAP012991__SITE02,150,144,0.96,0.986111111111111,1,0.986111111111111,0.0138888888888889,0.00119095544820183,2,2,72,TRUE,TRUE,TRUE
X,BFgam,AGAP012991__SITE02,184,134,0.728260869565217,1,1,1,0,0,2,2,67,TRUE,TRUE,TRUE
X,CMgam,AGAP012991__SITE02,594,506,0.851851851851852,0.99802371541502,0.99802371541502,1,0.00197628458498024,0.000171511207323427,2,2,253,TRUE,TRUE,TRUE
X,CIcol,AGAP012991__SITE02,142,142,1,1,1,1,0,0,2,2,71,TRUE,TRUE,TRUE
X,FRgam,AGAP012991__SITE02,48,24,0.5,1,1,1,0,0,2,2,12,FALSE,TRUE,FALSE
X,GAgam,AGAP012991__SITE02,138,138,1,1,1,1,0,0,2,2,69,TRUE,TRUE,TRUE
X,GHcol,AGAP012991__SITE02,110,110,1,1,1,1,0,0,2,2,55,TRUE,TRUE,TRUE
X,GHgam,AGAP012991__SITE02,24,24,1,1,1,1,0,0,2,2,12,FALSE,TRUE,FALSE
X,GNgam,AGAP012991__SITE02,80,80,1,1,1,1,0,0,2,2,40,TRUE,TRUE,TRUE
X,UGgam,AGAP012991__SITE02,224,224,1,1,1,1,0,0,2,2,112,TRUE,TRUE,TRUE
X,AOcol,AGAP012991__SITE03,156,156,1,1,1,1,0,0,1,1,78,TRUE,TRUE,TRUE
X,BFcol,AGAP012991__SITE03,150,144,0.96,0.986111111111111,1,0.986111111111111,0.0138888888888889,0.00119095544820183,1,1,72,TRUE,TRUE,TRUE
X,BFgam,AGAP012991__SITE03,184,134,0.728260869565217,1,1,1,0,0,1,1,67,TRUE,TRUE,TRUE
X,CMgam,AGAP012991__SITE03,594,506,0.851851851851852,1,1,1,0,0,1,1,253,TRUE,TRUE,TRUE
X,CIcol,AGAP012991__SITE03,142,142,1,1,1,1,0,0,1,1,71,TRUE,TRUE,TRUE
X,FRgam,AGAP012991__SITE03,48,24,0.5,1,1,1,0,0,1,1,12,FALSE,TRUE,FALSE
X,GAgam,AGAP012991__SITE03,138,138,1,1,1,1,0,0,1,1,69,TRUE,TRUE,TRUE
X,GHcol,AGAP012991__SITE03,110,110,1,1,1,1,0,0,1,1,55,TRUE,TRUE,TRUE
X,GHgam,AGAP012991__SITE03,24,24,1,1,1,1,0,0,1,1,12,FALSE,TRUE,FALSE
X,GNgam,AGAP012991__SITE03,80,80,1,1,1,1,0,0,1,1,40,TRUE,TRUE,TRUE
X,UGgam,AGAP012991__SITE03,224,224,1,1,1,1,0,0,1,1,112,TRUE,TRUE,TRUE
X,AOcol,AGAP012991__SITE04,156,156,1,1,1,1,0,0,2,2,78,TRUE,TRUE,TRUE
X,BFcol,AGAP012991__SITE04,150,144,0.96,0.986111111111111,1,0.986111111111111,0.0138888888888889,0.00119095544820183,2,2,72,TRUE,TRUE,TRUE
X,BFgam,AGAP012991__SITE04,184,134,0.728260869565217,0.798507462686567,1,0.798507462686567,0.201492537313433,0.0139907212800372,2,2,67,TRUE,TRUE,TRUE
X,CMgam,AGAP012991__SITE04,594,506,0.851851851851852,0.954545454545455,1,0.954545454545455,0.0434782608695652,0.00378785048569936,2,2,253,TRUE,TRUE,TRUE
X,CIcol,AGAP012991__SITE04,142,142,1,0.992957746478873,1,0.992957746478873,0.00704225352112676,0.000608057407519212,2,2,71,TRUE,TRUE,TRUE
X,FRgam,AGAP012991__SITE04,48,24,0.5,1,1,1,0,0,2,2,12,FALSE,TRUE,FALSE
X,GAgam,AGAP012991__SITE04,138,138,1,1,1,1,0,0,2,2,69,TRUE,TRUE,TRUE
X,GHcol,AGAP012991__SITE04,110,110,1,1,1,1,0,0,2,2,55,TRUE,TRUE,TRUE
X,GHgam,AGAP012991__SITE04,24,24,1,0.916666666666667,1,0.916666666666667,0.0833333333333333,0.00664251207729469,2,2,12,FALSE,TRUE,FALSE
X,GNgam,AGAP012991__SITE04,80,80,1,0.8625,1,0.8625,0.1375,0.0103125,2,2,40,TRUE,TRUE,TRUE
X,UGgam,AGAP012991__SITE04,224,224,1,0.995535714285714,1,0.995535714285714,0.00446428571428571,0.000386465727595386,2,2,112,TRUE,TRUE,TRUE
X,AOcol,AGAP012991__SITE05,156,156,1,0.461538461538462,0.923076923076923,0.538461538461538,0.461538461538462,0.0277849241059943,2,2,78,TRUE,TRUE,TRUE
X,BFcol,AGAP012991__SITE05,150,144,0.96,1,1,1,0,0,2,2,72,TRUE,TRUE,TRUE
X,BFgam,AGAP012991__SITE05,184,134,0.728260869565217,1,1,1,0,0,2,2,67,TRUE,TRUE,TRUE
X,CMgam,AGAP012991__SITE05,594,506,0.851851851851852,1,1,1,0,0,2,2,253,TRUE,TRUE,TRUE
X,CIcol,AGAP012991__SITE05,142,142,1,1,1,1,0,0,2,2,71,TRUE,TRUE,TRUE
X,FRgam,AGAP012991__SITE05,48,24,0.5,1,1,1,0,0,2,2,12,FALSE,TRUE,FALSE
X,GAgam,AGAP012991__SITE05,138,138,1,1,1,1,0,0,2,2,69,TRUE,TRUE,TRUE
X,GHcol,AGAP012991__SITE05,110,110,1,1,1,1,0,0,2,2,55,TRUE,TRUE,TRUE
X,GHgam,AGAP012991__SITE05,24,24,1,1,1,1,0,0,2,2,12,FALSE,TRUE,FALSE
X,GNgam,AGAP012991__SITE05,80,80,1,1,1,1,0,0,2,2,40,TRUE,TRUE,TRUE
X,UGgam,AGAP012991__SITE05,224,224,1,1,1,1,0,0,2,2,112,TRUE,TRUE,TRUE
2L,AOcol,AGAP004739__SITE01,156,156,1,0.935897435897436,1,0.935897435897436,0.0641025641025641,0.0052168195980905,2,2,78,TRUE,TRUE,TRUE
2L,BFcol,AGAP004739__SITE01,150,150,1,1,1,1,0,0,2,2,75,TRUE,TRUE,TRUE
2L,BFgam,AGAP004739__SITE01,184,184,1,1,1,1,0,0,2,2,92,TRUE,TRUE,TRUE
2L,CMgam,AGAP004739__SITE01,594,594,1,1,1,1,0,0,2,2,297,TRUE,TRUE,TRUE
2L,CIcol,AGAP004739__SITE01,142,142,1,1,1,1,0,0,2,2,71,TRUE,TRUE,TRUE
2L,FRgam,AGAP004739__SITE01,48,48,1,1,1,1,0,0,2,2,24,TRUE,TRUE,FALSE
2L,GAgam,AGAP004739__SITE01,138,138,1,1,1,1,0,0,2,2,69,TRUE,TRUE,TRUE
2L,GHcol,AGAP004739__SITE01,110,110,1,1,1,1,0,0,2,2,55,TRUE,TRUE,TRUE
2L,GHgam,AGAP004739__SITE01,24,24,1,1,1,1,0,0,2,2,12,FALSE,TRUE,FALSE
2L,GNgam,AGAP004739__SITE01,80,80,1,1,1,1,0,0,2,2,40,TRUE,TRUE,TRUE
2L,UGgam,AGAP004739__SITE01,224,224,1,1,1,1,0,0,2,2,112,TRUE,TRUE,TRUE
2L,AOcol,AGAP004739__SITE02,156,156,1,0.935897435897436,0.935897435897436,1,0.0641025641025641,0.0052168195980905,1,1,78,TRUE,TRUE,TRUE
2L,BFcol,AGAP004739__SITE02,150,150,1,1,1,1,0,0,1,1,75,TRUE,TRUE,TRUE
2L,BFgam,AGAP004739__SITE02,184,184,1,1,1,1,0,0,1,1,92,TRUE,TRUE,TRUE
2L,CMgam,AGAP004739__SITE02,594,594,1,1,1,1,0,0,1,1,297,TRUE,TRUE,TRUE
2L,CIcol,AGAP004739__SITE02,142,142,1,1,1,1,0,0,1,1,71,TRUE,TRUE,TRUE
2L,FRgam,AGAP004739__SITE02,48,48,1,1,1,1,0,0,1,1,24,TRUE,TRUE,FALSE
2L,GAgam,AGAP004739__SITE02,138,138,1,1,1,1,0,0,1,1,69,TRUE,TRUE,TRUE
2L,GHcol,AGAP004739__SITE02,110,110,1,1,1,1,0,0,1,1,55,TRUE,TRUE,TRUE
2L,GHgam,AGAP004739__SITE02,24,24,1,1,1,1,0,0,1,1,12,FALSE,TRUE,FALSE
2L,GNgam,AGAP004739__SITE02,80,80,1,1,1,1,0,0,1,1,40,TRUE,TRUE,TRUE
2L,UGgam,AGAP004739__SITE02,224,224,1,1,1,1,0,0,1,1,112,TRUE,TRUE,TRUE
2L,AOcol,AGAP004739__SITE03,156,156,1,0.935897435897436,0.935897435897436,1,0.0641025641025641,0.0052168195980905,1,1,78,TRUE,TRUE,TRUE
2L,BFcol,AGAP004739__SITE03,150,150,1,1,1,1,0,0,1,1,75,TRUE,TRUE,TRUE
2L,BFgam,AGAP004739__SITE03,184,184,1,1,1,1,0,0,1,1,92,TRUE,TRUE,TRUE
2L,CMgam,AGAP004739__SITE03,594,594,1,1,1,1,0,0,1,1,297,TRUE,TRUE,TRUE
2L,CIcol,AGAP004739__SITE03,142,142,1,1,1,1,0,0,1,1,71,TRUE,TRUE,TRUE
2L,FRgam,AGAP004739__SITE03,48,48,1,1,1,1,0,0,1,1,24,TRUE,TRUE,FALSE
2L,GAgam,AGAP004739__SITE03,138,138,1,1,1,1,0,0,1,1,69,TRUE,TRUE,TRUE
2L,GHcol,AGAP004739__SITE03,110,110,1,1,1,1,0,0,1,1,55,TRUE,TRUE,TRUE
2L,GHgam,AGAP004739__SITE03,24,24,1,1,1,1,0,0,1,1,12,FALSE,TRUE,FALSE
2L,GNgam,AGAP004739__SITE03,80,80,1,1,1,1,0,0,1,1,40,TRUE,TRUE,TRUE
2L,UGgam,AGAP004739__SITE03,224,224,1,1,1,1,0,0,1,1,112,TRUE,TRUE,TRUE
2L,AOcol,AGAP004739__SITE04,156,156,1,0.948717948717949,0.948717948717949,1,0.0512820512820513,0.0042306263042049,1,1,78,TRUE,TRUE,TRUE
2L,BFcol,AGAP004739__SITE04,150,150,1,1,1,1,0,0,1,1,75,TRUE,TRUE,TRUE
2L,BFgam,AGAP004739__SITE04,184,184,1,1,1,1,0,0,1,1,92,TRUE,TRUE,TRUE
2L,CMgam,AGAP004739__SITE04,594,594,1,1,1,1,0,0,1,1,297,TRUE,TRUE,TRUE
2L,CIcol,AGAP004739__SITE04,142,142,1,1,1,1,0,0,1,1,71,TRUE,TRUE,TRUE
2L,FRgam,AGAP004739__SITE04,48,48,1,1,1,1,0,0,1,1,24,TRUE,TRUE,FALSE
2L,GAgam,AGAP004739__SITE04,138,138,1,1,1,1,0,0,1,1,69,TRUE,TRUE,TRUE
2L,GHcol,AGAP004739__SITE04,110,110,1,1,1,1,0,0,1,1,55,TRUE,TRUE,TRUE
2L,GHgam,AGAP004739__SITE04,24,24,1,1,1,1,0,0,1,1,12,FALSE,TRUE,FALSE
2L,GNgam,AGAP004739__SITE04,80,80,1,1,1,1,0,0,1,1,40,TRUE,TRUE,TRUE
2L,UGgam,AGAP004739__SITE04,224,224,1,1,1,1,0,0,1,1,112,TRUE,TRUE,TRUE
2L,AOcol,AGAP004739__SITE05,156,156,1,1,1,1,0,0,0,0,78,TRUE,TRUE,TRUE
2L,BFcol,AGAP004739__SITE05,150,150,1,1,1,1,0,0,0,0,75,TRUE,TRUE,TRUE
2L,BFgam,AGAP004739__SITE05,184,184,1,1,1,1,0,0,0,0,92,TRUE,TRUE,TRUE
2L,CMgam,AGAP004739__SITE05,594,594,1,1,1,1,0,0,0,0,297,TRUE,TRUE,TRUE
2L,CIcol,AGAP004739__SITE05,142,142,1,1,1,1,0,0,0,0,71,TRUE,TRUE,TRUE
2L,FRgam,AGAP004739__SITE05,48,48,1,1,1,1,0,0,0,0,24,TRUE,TRUE,FALSE
2L,GAgam,AGAP004739__SITE05,138,138,1,1,1,1,0,0,0,0,69,TRUE,TRUE,TRUE
2L,GHcol,AGAP004739__SITE05,110,110,1,1,1,1,0,0,0,0,55,TRUE,TRUE,TRUE
2L,GHgam,AGAP004739__SITE05,24,24,1,1,1,1,0,0,0,0,12,FALSE,TRUE,FALSE
2L,GNgam,AGAP004739__SITE05,80,80,1,1,1,1,0,0,0,0,40,TRUE,TRUE,TRUE
2L,UGgam,AGAP004739__SITE05,224,224,1,1,1,1,0,0,0,0,112,TRUE,TRUE,TRUE
3R,AOcol,AGAP008578__SITE01,156,156,1,0.91025641025641,1,0.91025641025641,0.0897435897435897,0.00710345024726296,11,11,78,TRUE,TRUE,TRUE
3R,BFcol,AGAP008578__SITE01,150,150,1,0.98,1,0.98,0.0133333333333333,0.00171980676328502,11,11,75,TRUE,TRUE,TRUE
3R,BFgam,AGAP008578__SITE01,184,184,1,1,1,1,0,0,11,11,92,TRUE,TRUE,TRUE
3R,CMgam,AGAP008578__SITE01,594,594,1,0.988215488215488,0.998316498316498,0.98989898989899,0.00336700336700337,0.00102252210289101,11,11,297,TRUE,TRUE,TRUE
3R,CIcol,AGAP008578__SITE01,142,142,1,1,1,1,0,0,11,11,71,TRUE,TRUE,TRUE
3R,FRgam,AGAP008578__SITE01,48,48,1,1,1,1,0,0,11,11,24,TRUE,TRUE,FALSE
3R,GAgam,AGAP008578__SITE01,138,138,1,1,1,1,0,0,11,11,69,TRUE,TRUE,TRUE
3R,GHcol,AGAP008578__SITE01,110,110,1,1,1,1,0,0,11,11,55,TRUE,TRUE,TRUE
3R,GHgam,AGAP008578__SITE01,24,24,1,0.916666666666667,1,0.916666666666667,0.0833333333333333,0.00664251207729469,11,11,12,FALSE,TRUE,FALSE
3R,GNgam,AGAP008578__SITE01,80,80,1,0.9875,1,0.9875,0.0125,0.00107336956521739,11,11,40,TRUE,TRUE,TRUE
3R,UGgam,AGAP008578__SITE01,224,224,1,0.986607142857143,1,0.986607142857143,0.00446428571428571,0.00154586291038154,11,11,112,TRUE,TRUE,TRUE
3R,AOcol,AGAP008578__SITE02,156,156,1,0.91025641025641,1,0.91025641025641,0.0897435897435897,0.00710345024726296,10,10,78,TRUE,TRUE,TRUE
3R,BFcol,AGAP008578__SITE02,150,150,1,0.993333333333333,1,0.993333333333333,0.00666666666666667,0.000575845410628019,10,10,75,TRUE,TRUE,TRUE
3R,BFgam,AGAP008578__SITE02,184,184,1,1,1,1,0,0,10,10,92,TRUE,TRUE,TRUE
3R,CMgam,AGAP008578__SITE02,594,594,1,0.988215488215488,1,0.988215488215488,0.00336700336700337,0.00102252210289101,10,10,297,TRUE,TRUE,TRUE
3R,CIcol,AGAP008578__SITE02,142,142,1,1,1,1,0,0,10,10,71,TRUE,TRUE,TRUE
3R,FRgam,AGAP008578__SITE02,48,48,1,1,1,1,0,0,10,10,24,TRUE,TRUE,FALSE
3R,GAgam,AGAP008578__SITE02,138,138,1,1,1,1,0,0,10,10,69,TRUE,TRUE,TRUE
3R,GHcol,AGAP008578__SITE02,110,110,1,1,1,1,0,0,10,10,55,TRUE,TRUE,TRUE
3R,GHgam,AGAP008578__SITE02,24,24,1,0.916666666666667,1,0.916666666666667,0.0833333333333333,0.00664251207729469,10,10,12,FALSE,TRUE,FALSE
3R,GNgam,AGAP008578__SITE02,80,80,1,0.9875,1,0.9875,0.0125,0.00107336956521739,10,10,40,TRUE,TRUE,TRUE
3R,UGgam,AGAP008578__SITE02,224,224,1,0.986607142857143,1,0.986607142857143,0.00446428571428571,0.00154586291038154,10,10,112,TRUE,TRUE,TRUE
3R,AOcol,AGAP008578__SITE03,156,156,1,1,1,1,0,0,6,6,78,TRUE,TRUE,TRUE
3R,BFcol,AGAP008578__SITE03,150,150,1,0.96,1,0.96,0.0266666666666667,0.00340096618357488,6,6,75,TRUE,TRUE,TRUE
3R,BFgam,AGAP008578__SITE03,184,184,1,0.994565217391304,1,0.994565217391304,0.00543478260869565,0.000470021369277554,6,6,92,TRUE,TRUE,TRUE
3R,CMgam,AGAP008578__SITE03,594,594,1,0.986531986531987,0.998316498316498,0.988215488215488,0.00673400673400673,0.00116620260083882,6,6,297,TRUE,TRUE,TRUE
3R,CIcol,AGAP008578__SITE03,142,142,1,0.943661971830986,1,0.943661971830986,0.0563380281690141,0.00462296128269926,6,6,71,TRUE,TRUE,TRUE
3R,FRgam,AGAP008578__SITE03,48,48,1,1,1,1,0,0,6,6,24,TRUE,TRUE,FALSE
3R,GAgam,AGAP008578__SITE03,138,138,1,1,1,1,0,0,6,6,69,TRUE,TRUE,TRUE
3R,GHcol,AGAP008578__SITE03,110,110,1,0.881818181818182,1,0.881818181818182,0.109090909090909,0.00923463887890765,6,6,55,TRUE,TRUE,TRUE
3R,GHgam,AGAP008578__SITE03,24,24,1,1,1,1,0,0,6,6,12,FALSE,TRUE,FALSE
3R,GNgam,AGAP008578__SITE03,80,80,1,1,1,1,0,0,6,6,40,TRUE,TRUE,TRUE
3R,UGgam,AGAP008578__SITE03,224,224,1,0.991071428571429,1,0.991071428571429,0.00892857142857143,0.000769465394853594,6,6,112,TRUE,TRUE,TRUE
3R,AOcol,AGAP008578__SITE04,156,156,1,1,1,1,0,0,5,5,78,TRUE,TRUE,TRUE
3R,BFcol,AGAP008578__SITE04,150,150,1,1,1,1,0,0,5,5,75,TRUE,TRUE,TRUE
3R,BFgam,AGAP008578__SITE04,184,184,1,0.994565217391304,1,0.994565217391304,0.00543478260869565,0.000470021369277554,5,5,92,TRUE,TRUE,TRUE
3R,CMgam,AGAP008578__SITE04,594,594,1,0.98989898989899,1,0.98989898989899,0.00505050505050505,0.000875391301390423,5,5,297,TRUE,TRUE,TRUE
3R,CIcol,AGAP008578__SITE04,142,142,1,1,1,1,0,0,5,5,71,TRUE,TRUE,TRUE
3R,FRgam,AGAP008578__SITE04,48,48,1,1,1,1,0,0,5,5,24,TRUE,TRUE,FALSE
3R,GAgam,AGAP008578__SITE04,138,138,1,1,1,1,0,0,5,5,69,TRUE,TRUE,TRUE
3R,GHcol,AGAP008578__SITE04,110,110,1,0.990909090909091,1,0.990909090909091,0.00909090909090909,0.000783327344592167,5,5,55,TRUE,TRUE,TRUE
3R,GHgam,AGAP008578__SITE04,24,24,1,1,1,1,0,0,5,5,12,FALSE,TRUE,FALSE
3R,GNgam,AGAP008578__SITE04,80,80,1,1,1,1,0,0,5,5,40,TRUE,TRUE,TRUE
3R,UGgam,AGAP008578__SITE04,224,224,1,1,1,1,0,0,5,5,112,TRUE,TRUE,TRUE
3R,AOcol,AGAP008578__SITE05,156,156,1,1,1,1,0,0,3,3,78,TRUE,TRUE,TRUE
3R,BFcol,AGAP008578__SITE05,150,150,1,0.993333333333333,1,0.993333333333333,0.00666666666666667,0.000575845410628019,3,3,75,TRUE,TRUE,TRUE
3R,BFgam,AGAP008578__SITE05,184,184,1,0.994565217391304,1,0.994565217391304,0.00543478260869565,0.000470021369277554,3,3,92,TRUE,TRUE,TRUE
3R,CMgam,AGAP008578__SITE05,594,594,1,0.998316498316498,1,0.998316498316498,0.00168350168350168,0.000146145000485507,3,3,297,TRUE,TRUE,TRUE
3R,CIcol,AGAP008578__SITE05,142,142,1,0.985915492957746,1,0.985915492957746,0.0140845070422535,0.00120748988727219,3,3,71,TRUE,TRUE,TRUE
3R,FRgam,AGAP008578__SITE05,48,48,1,1,1,1,0,0,3,3,24,TRUE,TRUE,FALSE
3R,GAgam,AGAP008578__SITE05,138,138,1,1,1,1,0,0,3,3,69,TRUE,TRUE,TRUE
3R,GHcol,AGAP008578__SITE05,110,110,1,0.990909090909091,1,0.990909090909091,0.00909090909090909,0.000783327344592167,3,3,55,TRUE,TRUE,TRUE
3R,GHgam,AGAP008578__SITE05,24,24,1,1,1,1,0,0,3,3,12,FALSE,TRUE,FALSE
3R,GNgam,AGAP008578__SITE05,80,80,1,1,1,1,0,0,3,3,40,TRUE,TRUE,TRUE
3R,UGgam,AGAP008578__SITE05,224,224,1,0.995535714285714,1,0.995535714285714,0.00446428571428571,0.000386465727595386,3,3,112,TRUE,TRUE,TRUE
3R,AOcol,AGAP010220__SITE01,156,156,1,0.967948717948718,1,0.967948717948718,0.0320512820512821,0.00269773890175228,1,1,78,TRUE,TRUE,TRUE
3R,BFcol,AGAP010220__SITE01,150,150,1,1,1,1,0,0,1,1,75,TRUE,TRUE,TRUE
3R,BFgam,AGAP010220__SITE01,184,184,1,1,1,1,0,0,1,1,92,TRUE,TRUE,TRUE
3R,CMgam,AGAP010220__SITE01,594,594,1,1,1,1,0,0,1,1,297,TRUE,TRUE,TRUE
3R,CIcol,AGAP010220__SITE01,142,142,1,1,1,1,0,0,1,1,71,TRUE,TRUE,TRUE
3R,FRgam,AGAP010220__SITE01,48,48,1,1,1,1,0,0,1,1,24,TRUE,TRUE,FALSE
3R,GAgam,AGAP010220__SITE01,138,138,1,1,1,1,0,0,1,1,69,TRUE,TRUE,TRUE
3R,GHcol,AGAP010220__SITE01,110,110,1,1,1,1,0,0,1,1,55,TRUE,TRUE,TRUE
3R,GHgam,AGAP010220__SITE01,24,24,1,1,1,1,0,0,1,1,12,FALSE,TRUE,FALSE
3R,GNgam,AGAP010220__SITE01,80,80,1,1,1,1,0,0,1,1,40,TRUE,TRUE,TRUE
3R,UGgam,AGAP010220__SITE01,224,224,1,1,1,1,0,0,1,1,112,TRUE,TRUE,TRUE
3R,AOcol,AGAP010220__SITE02,156,156,1,1,1,1,0,0,4,4,78,TRUE,TRUE,TRUE
3R,BFcol,AGAP010220__SITE02,150,150,1,0.866666666666667,1,0.866666666666667,0.12,0.0103265700483092,4,4,75,TRUE,TRUE,TRUE
3R,BFgam,AGAP010220__SITE02,184,184,1,0.994565217391304,1,0.994565217391304,0.00543478260869565,0.000470021369277554,4,4,92,TRUE,TRUE,TRUE
3R,CMgam,AGAP010220__SITE02,594,594,1,0.998316498316498,1,0.998316498316498,0.00168350168350168,0.000146145000485507,4,4,297,TRUE,TRUE,TRUE
3R,CIcol,AGAP010220__SITE02,142,142,1,0.788732394366197,1,0.788732394366197,0.211267605633803,0.0144898786472663,4,4,71,TRUE,TRUE,TRUE
3R,FRgam,AGAP010220__SITE02,48,48,1,1,1,1,0,0,4,4,24,TRUE,TRUE,FALSE
3R,GAgam,AGAP010220__SITE02,138,138,1,0.934782608695652,1,0.934782608695652,0.0652173913043478,0.00530122462398291,4,4,69,TRUE,TRUE,TRUE
3R,GHcol,AGAP010220__SITE02,110,110,1,0.781818181818182,1,0.781818181818182,0.154545454545455,0.0165432985986346,4,4,55,TRUE,TRUE,TRUE
3R,GHgam,AGAP010220__SITE02,24,24,1,1,1,1,0,0,4,4,12,FALSE,TRUE,FALSE
3R,GNgam,AGAP010220__SITE02,80,80,1,1,1,1,0,0,4,4,40,TRUE,TRUE,TRUE
3R,UGgam,AGAP010220__SITE02,224,224,1,1,1,1,0,0,4,4,112,TRUE,TRUE,TRUE
3R,AOcol,AGAP010220__SITE03,156,156,1,1,1,1,0,0,4,4,78,TRUE,TRUE,TRUE
3R,BFcol,AGAP010220__SITE03,150,150,1,0.866666666666667,1,0.866666666666667,0.12,0.0103265700483092,4,4,75,TRUE,TRUE,TRUE
3R,BFgam,AGAP010220__SITE03,184,184,1,0.994565217391304,1,0.994565217391304,0.00543478260869565,0.000470021369277554,4,4,92,TRUE,TRUE,TRUE
3R,CMgam,AGAP010220__SITE03,594,594,1,0.998316498316498,1,0.998316498316498,0.00168350168350168,0.000146145000485507,4,4,297,TRUE,TRUE,TRUE
3R,CIcol,AGAP010220__SITE03,142,142,1,0.788732394366197,1,0.788732394366197,0.211267605633803,0.0144898786472663,4,4,71,TRUE,TRUE,TRUE
3R,FRgam,AGAP010220__SITE03,48,48,1,1,1,1,0,0,4,4,24,TRUE,TRUE,FALSE
3R,GAgam,AGAP010220__SITE03,138,138,1,0.934782608695652,1,0.934782608695652,0.0652173913043478,0.00530122462398291,4,4,69,TRUE,TRUE,TRUE
3R,GHcol,AGAP010220__SITE03,110,110,1,0.781818181818182,1,0.781818181818182,0.154545454545455,0.0165432985986346,4,4,55,TRUE,TRUE,TRUE
3R,GHgam,AGAP010220__SITE03,24,24,1,1,1,1,0,0,4,4,12,FALSE,TRUE,FALSE
3R,GNgam,AGAP010220__SITE03,80,80,1,1,1,1,0,0,4,4,40,TRUE,TRUE,TRUE
3R,UGgam,AGAP010220__SITE03,224,224,1,1,1,1,0,0,4,4,112,TRUE,TRUE,TRUE
3R,AOcol,AGAP010220__SITE04,156,156,1,1,1,1,0,0,1,1,78,TRUE,TRUE,TRUE
3R,BFcol,AGAP010220__SITE04,150,150,1,1,1,1,0,0,1,1,75,TRUE,TRUE,TRUE
3R,BFgam,AGAP010220__SITE04,184,184,1,0.739130434782609,1,0.739130434782609,0.260869565217391,0.0167666639270157,1,1,92,TRUE,TRUE,TRUE
3R,CMgam,AGAP010220__SITE04,594,594,1,0.767676767676768,1,0.767676767676768,0.232323232323232,0.0155086215692276,1,1,297,TRUE,TRUE,TRUE
3R,CIcol,AGAP010220__SITE04,142,142,1,1,1,1,0,0,1,1,71,TRUE,TRUE,TRUE
3R,FRgam,AGAP010220__SITE04,48,48,1,1,1,1,0,0,1,1,24,TRUE,TRUE,FALSE
3R,GAgam,AGAP010220__SITE04,138,138,1,0.927536231884058,1,0.927536231884058,0.072463768115942,0.00584458873272878,1,1,69,TRUE,TRUE,TRUE
3R,GHcol,AGAP010220__SITE04,110,110,1,1,1,1,0,0,1,1,55,TRUE,TRUE,TRUE
3R,GHgam,AGAP010220__SITE04,24,24,1,0.708333333333333,1,0.708333333333333,0.291666666666667,0.0179649758454106,1,1,12,FALSE,TRUE,FALSE
3R,GNgam,AGAP010220__SITE04,80,80,1,0.7125,1,0.7125,0.2875,0.0178125,1,1,40,TRUE,TRUE,TRUE
3R,UGgam,AGAP010220__SITE04,224,224,1,0.660714285714286,1,0.660714285714286,0.339285714285714,0.019493123336291,1,1,112,TRUE,TRUE,TRUE
3R,AOcol,AGAP010220__SITE05,156,156,1,1,1,1,0,0,1,1,78,TRUE,TRUE,TRUE
3R,BFcol,AGAP010220__SITE05,150,150,1,1,1,1,0,0,1,1,75,TRUE,TRUE,TRUE
3R,BFgam,AGAP010220__SITE05,184,184,1,0.739130434782609,1,0.739130434782609,0.260869565217391,0.0167666639270157,1,1,92,TRUE,TRUE,TRUE
3R,CMgam,AGAP010220__SITE05,594,594,1,0.767676767676768,1,0.767676767676768,0.232323232323232,0.0155086215692276,1,1,297,TRUE,TRUE,TRUE
3R,CIcol,AGAP010220__SITE05,142,142,1,1,1,1,0,0,1,1,71,TRUE,TRUE,TRUE
3R,FRgam,AGAP010220__SITE05,48,48,1,1,1,1,0,0,1,1,24,TRUE,TRUE,FALSE
3R,GAgam,AGAP010220__SITE05,138,138,1,0.927536231884058,1,0.927536231884058,0.072463768115942,0.00584458873272878,1,1,69,TRUE,TRUE,TRUE
3R,GHcol,AGAP010220__SITE05,110,110,1,1,1,1,0,0,1,1,55,TRUE,TRUE,TRUE
3R,GHgam,AGAP010220__SITE05,24,24,1,0.708333333333333,1,0.708333333333333,0.291666666666667,0.0179649758454106,1,1,12,FALSE,TRUE,FALSE
3R,GNgam,AGAP010220__SITE05,80,80,1,0.7125,1,0.7125,0.2875,0.0178125,1,1,40,TRUE,TRUE,TRUE
3R,UGgam,AGAP010220__SITE05,224,224,1,0.660714285714286,1,0.660714285714286,0.339285714285714,0.019493123336291,1,1,112,TRUE,TRUE,TRUE
2L,AOcol,AGAP005920__SITE01,156,156,1,1,1,1,0,0,3,3,78,TRUE,TRUE,TRUE
2L,BFcol,AGAP005920__SITE01,150,150,1,0.986666666666667,1,0.986666666666667,0.00666666666666667,0.00115169082125604,3,3,75,TRUE,TRUE,TRUE
2L,BFgam,AGAP005920__SITE01,184,184,1,1,1,1,0,0,3,3,92,TRUE,TRUE,TRUE
2L,CMgam,AGAP005920__SITE01,594,594,1,0.998316498316498,1,0.998316498316498,0.00168350168350168,0.000146145000485507,3,3,297,TRUE,TRUE,TRUE
2L,CIcol,AGAP005920__SITE01,142,142,1,1,1,1,0,0,3,3,71,TRUE,TRUE,TRUE
2L,FRgam,AGAP005920__SITE01,48,48,1,0.9375,1,0.9375,0.0625,0.00509510869565217,3,3,24,TRUE,TRUE,FALSE
2L,GAgam,AGAP005920__SITE01,138,138,1,1,1,1,0,0,3,3,69,TRUE,TRUE,TRUE
2L,GHcol,AGAP005920__SITE01,110,110,1,1,1,1,0,0,3,3,55,TRUE,TRUE,TRUE
2L,GHgam,AGAP005920__SITE01,24,24,1,1,1,1,0,0,3,3,12,FALSE,TRUE,FALSE
2L,GNgam,AGAP005920__SITE01,80,80,1,1,1,1,0,0,3,3,40,TRUE,TRUE,TRUE
2L,UGgam,AGAP005920__SITE01,224,224,1,1,1,1,0,0,3,3,112,TRUE,TRUE,TRUE
2L,AOcol,AGAP005920__SITE02,156,156,1,1,1,1,0,0,5,5,78,TRUE,TRUE,TRUE
2L,BFcol,AGAP005920__SITE02,150,150,1,0.98,1,0.98,0.0133333333333333,0.00171980676328502,5,5,75,TRUE,TRUE,TRUE
2L,BFgam,AGAP005920__SITE02,184,184,1,1,1,1,0,0,5,5,92,TRUE,TRUE,TRUE
2L,CMgam,AGAP005920__SITE02,594,594,1,0.996632996632997,1,0.996632996632997,0.00168350168350168,0.000292290000971014,5,5,297,TRUE,TRUE,TRUE
2L,CIcol,AGAP005920__SITE02,142,142,1,0.985915492957746,1,0.985915492957746,0.00704225352112676,0.00121611481503842,5,5,71,TRUE,TRUE,TRUE
2L,FRgam,AGAP005920__SITE02,48,48,1,1,1,1,0,0,5,5,24,TRUE,TRUE,FALSE
2L,GAgam,AGAP005920__SITE02,138,138,1,1,1,1,0,0,5,5,69,TRUE,TRUE,TRUE
2L,GHcol,AGAP005920__SITE02,110,110,1,1,1,1,0,0,5,5,55,TRUE,TRUE,TRUE
2L,GHgam,AGAP005920__SITE02,24,24,1,1,1,1,0,0,5,5,12,FALSE,TRUE,FALSE
2L,GNgam,AGAP005920__SITE02,80,80,1,1,1,1,0,0,5,5,40,TRUE,TRUE,TRUE
2L,UGgam,AGAP005920__SITE02,224,224,1,1,1,1,0,0,5,5,112,TRUE,TRUE,TRUE
2L,AOcol,AGAP005920__SITE03,156,156,1,1,1,1,0,0,3,3,78,TRUE,TRUE,TRUE
2L,BFcol,AGAP005920__SITE03,150,150,1,0.893333333333333,0.893333333333333,1,0.106666666666667,0.00828599033816425,3,3,75,TRUE,TRUE,TRUE
2L,BFgam,AGAP005920__SITE03,184,184,1,0.956521739130435,0.956521739130435,1,0.0434782608695652,0.00361633927837594,3,3,92,TRUE,TRUE,TRUE
2L,CMgam,AGAP005920__SITE03,594,594,1,0.984848484848485,0.986531986531987,0.998316498316498,0.0134680134680135,0.00130150379015845,3,3,297,TRUE,TRUE,TRUE
2L,CIcol,AGAP005920__SITE03,142,142,1,0.97887323943662,0.985915492957746,0.992957746478873,0.0140845070422535,0.00181554729479141,3,3,71,TRUE,TRUE,TRUE
2L,FRgam,AGAP005920__SITE03,48,48,1,1,1,1,0,0,3,3,24,TRUE,TRUE,FALSE
2L,GAgam,AGAP005920__SITE03,138,138,1,0.985507246376812,1,0.985507246376812,0.0144927536231884,0.00124197510570487,3,3,69,TRUE,TRUE,TRUE
2L,GHcol,AGAP005920__SITE03,110,110,1,1,1,1,0,0,3,3,55,TRUE,TRUE,TRUE
2L,GHgam,AGAP005920__SITE03,24,24,1,1,1,1,0,0,3,3,12,FALSE,TRUE,FALSE
2L,GNgam,AGAP005920__SITE03,80,80,1,0.95,0.95,1,0.05,0.0041304347826087,3,3,40,TRUE,TRUE,TRUE
2L,UGgam,AGAP005920__SITE03,224,224,1,0.955357142857143,0.955357142857143,1,0.0446428571428571,0.00370868456078083,3,3,112,TRUE,TRUE,TRUE
2L,AOcol,AGAP005920__SITE04,156,156,1,1,1,1,0,0,4,4,78,TRUE,TRUE,TRUE
2L,BFcol,AGAP005920__SITE04,150,150,1,1,1,1,0,0,4,4,75,TRUE,TRUE,TRUE
2L,BFgam,AGAP005920__SITE04,184,184,1,0.994565217391304,1,0.994565217391304,0.00543478260869565,0.000470021369277554,4,4,92,TRUE,TRUE,TRUE
2L,CMgam,AGAP005920__SITE04,594,594,1,0.996632996632997,1,0.996632996632997,0.00168350168350168,0.000292290000971014,4,4,297,TRUE,TRUE,TRUE
2L,CIcol,AGAP005920__SITE04,142,142,1,0.992957746478873,1,0.992957746478873,0.00704225352112676,0.000608057407519212,4,4,71,TRUE,TRUE,TRUE
2L,FRgam,AGAP005920__SITE04,48,48,1,1,1,1,0,0,4,4,24,TRUE,TRUE,FALSE
2L,GAgam,AGAP005920__SITE04,138,138,1,0.985507246376812,1,0.985507246376812,0.0144927536231884,0.00124197510570487,4,4,69,TRUE,TRUE,TRUE
2L,GHcol,AGAP005920__SITE04,110,110,1,0.990909090909091,1,0.990909090909091,0.00909090909090909,0.000783327344592167,4,4,55,TRUE,TRUE,TRUE
2L,GHgam,AGAP005920__SITE04,24,24,1,0.875,1,0.875,0.125,0.00951086956521739,4,4,12,FALSE,TRUE,FALSE
2L,GNgam,AGAP005920__SITE04,80,80,1,1,1,1,0,0,4,4,40,TRUE,TRUE,TRUE
2L,UGgam,AGAP005920__SITE04,224,224,1,0.991071428571429,1,0.991071428571429,0.00892857142857143,0.000769465394853594,4,4,112,TRUE,TRUE,TRUE
2L,AOcol,AGAP005920__SITE05,156,156,1,1,1,1,0,0,6,6,78,TRUE,TRUE,TRUE
2L,BFcol,AGAP005920__SITE05,150,150,1,0.993333333333333,1,0.993333333333333,0.00666666666666667,0.000575845410628019,6,6,75,TRUE,TRUE,TRUE
2L,BFgam,AGAP005920__SITE05,184,184,1,1,1,1,0,0,6,6,92,TRUE,TRUE,TRUE
2L,CMgam,AGAP005920__SITE05,594,594,1,0.98989898989899,0.991582491582492,0.998316498316498,0.00505050505050505,0.000874898400882883,6,6,297,TRUE,TRUE,TRUE
2L,CIcol,AGAP005920__SITE05,142,142,1,1,1,1,0,0,6,6,71,TRUE,TRUE,TRUE
2L,FRgam,AGAP005920__SITE05,48,48,1,1,1,1,0,0,6,6,24,TRUE,TRUE,FALSE
2L,GAgam,AGAP005920__SITE05,138,138,1,1,1,1,0,0,6,6,69,TRUE,TRUE,TRUE
2L,GHcol,AGAP005920__SITE05,110,110,1,1,1,1,0,0,6,6,55,TRUE,TRUE,TRUE
2L,GHgam,AGAP005920__SITE05,24,24,1,1,1,1,0,0,6,6,12,FALSE,TRUE,FALSE
2L,GNgam,AGAP005920__SITE05,80,80,1,1,1,1,0,0,6,6,40,TRUE,TRUE,TRUE
2L,UGgam,AGAP005920__SITE05,224,224,1,1,1,1,0,0,6,6,112,TRUE,TRUE,TRUE
2R,AOcol,AGAP001108__SITE01,156,156,1,1,1,1,0,0,1,1,78,TRUE,TRUE,TRUE
2R,BFcol,AGAP001108__SITE01,150,150,1,1,1,1,0,0,1,1,75,TRUE,TRUE,TRUE
2R,BFgam,AGAP001108__SITE01,184,184,1,1,1,1,0,0,1,1,92,TRUE,TRUE,TRUE
2R,CMgam,AGAP001108__SITE01,594,594,1,0.998316498316498,0.998316498316498,1,0.00168350168350168,0.000146145000485507,1,1,297,TRUE,TRUE,TRUE
2R,CIcol,AGAP001108__SITE01,142,142,1,1,1,1,0,0,1,1,71,TRUE,TRUE,TRUE
2R,FRgam,AGAP001108__SITE01,48,48,1,1,1,1,0,0,1,1,24,TRUE,TRUE,FALSE
2R,GAgam,AGAP001108__SITE01,138,138,1,1,1,1,0,0,1,1,69,TRUE,TRUE,TRUE
2R,GHcol,AGAP001108__SITE01,110,110,1,1,1,1,0,0,1,1,55,TRUE,TRUE,TRUE
2R,GHgam,AGAP001108__SITE01,24,24,1,1,1,1,0,0,1,1,12,FALSE,TRUE,FALSE
2R,GNgam,AGAP001108__SITE01,80,80,1,1,1,1,0,0,1,1,40,TRUE,TRUE,TRUE
2R,UGgam,AGAP001108__SITE01,224,224,1,1,1,1,0,0,1,1,112,TRUE,TRUE,TRUE
2R,AOcol,AGAP001108__SITE02,156,156,1,1,1,1,0,0,5,5,78,TRUE,TRUE,TRUE
2R,BFcol,AGAP001108__SITE02,150,150,1,1,1,1,0,0,5,5,75,TRUE,TRUE,TRUE
2R,BFgam,AGAP001108__SITE02,184,184,1,0.951086956521739,1,0.951086956521739,0.0489130434782609,0.00404526588312649,5,5,92,TRUE,TRUE,TRUE
2R,CMgam,AGAP001108__SITE02,594,594,1,0.929292929292929,0.994949494949495,0.934343434343434,0.0622895622895623,0.00595399168082523,5,5,297,TRUE,TRUE,TRUE
2R,CIcol,AGAP001108__SITE02,142,142,1,1,1,1,0,0,5,5,71,TRUE,TRUE,TRUE
2R,FRgam,AGAP001108__SITE02,48,48,1,1,1,1,0,0,5,5,24,TRUE,TRUE,FALSE
2R,GAgam,AGAP001108__SITE02,138,138,1,1,1,1,0,0,5,5,69,TRUE,TRUE,TRUE
2R,GHcol,AGAP001108__SITE02,110,110,1,1,1,1,0,0,5,5,55,TRUE,TRUE,TRUE
2R,GHgam,AGAP001108__SITE02,24,24,1,1,1,1,0,0,5,5,12,FALSE,TRUE,FALSE
2R,GNgam,AGAP001108__SITE02,80,80,1,0.9375,1,0.9375,0.0625,0.00509510869565217,5,5,40,TRUE,TRUE,TRUE
2R,UGgam,AGAP001108__SITE02,224,224,1,0.96875,1,0.96875,0.0267857142857143,0.00265326918811003,5,5,112,TRUE,TRUE,TRUE
2R,AOcol,AGAP001108__SITE03,156,156,1,0.583333333333333,0.583333333333333,1,0.416666666666667,0.0211352657004831,6,6,78,TRUE,TRUE,TRUE
2R,BFcol,AGAP001108__SITE03,150,150,1,0.64,0.64,1,0.36,0.0200347826086957,6,6,75,TRUE,TRUE,TRUE
2R,BFgam,AGAP001108__SITE03,184,184,1,0.722826086956522,0.771739130434783,0.951086956521739,0.228260869565217,0.0193633393605655,6,6,92,TRUE,TRUE,TRUE
2R,CMgam,AGAP001108__SITE03,594,594,1,0.717171717171717,0.779461279461279,0.934343434343434,0.220538720538721,0.0204649826227926,6,6,297,TRUE,TRUE,TRUE
2R,CIcol,AGAP001108__SITE03,142,142,1,0.640845070422535,0.640845070422535,1,0.359154929577465,0.0200141448815366,6,6,71,TRUE,TRUE,TRUE
2R,FRgam,AGAP001108__SITE03,48,48,1,0.9375,0.9375,1,0.0625,0.00509510869565217,6,6,24,TRUE,TRUE,FALSE
2R,GAgam,AGAP001108__SITE03,138,138,1,0.681159420289855,0.681159420289855,1,0.318840579710145,0.0188853273426299,6,6,69,TRUE,TRUE,TRUE
2R,GHcol,AGAP001108__SITE03,110,110,1,0.681818181818182,0.681818181818182,1,0.309090909090909,0.0193532159540065,6,6,55,TRUE,TRUE,TRUE
2R,GHgam,AGAP001108__SITE03,24,24,1,0.666666666666667,0.666666666666667,1,0.333333333333333,0.0193236714975845,6,6,12,FALSE,TRUE,FALSE
2R,GNgam,AGAP001108__SITE03,80,80,1,0.675,0.7375,0.9375,0.2625,0.021929347826087,6,6,40,TRUE,TRUE,TRUE
2R,UGgam,AGAP001108__SITE03,224,224,1,0.691964285714286,0.723214285714286,0.96875,0.276785714285714,0.0200598242014197,6,6,112,TRUE,TRUE,TRUE
2R,AOcol,AGAP001108__SITE04,156,156,1,0.583333333333333,1,0.583333333333333,0.416666666666667,0.0211352657004831,4,4,78,TRUE,TRUE,TRUE
2R,BFcol,AGAP001108__SITE04,150,150,1,0.64,1,0.64,0.36,0.0200347826086957,4,4,75,TRUE,TRUE,TRUE
2R,BFgam,AGAP001108__SITE04,184,184,1,0.722826086956522,1,0.722826086956522,0.228260869565217,0.0193633393605655,4,4,92,TRUE,TRUE,TRUE
2R,CMgam,AGAP001108__SITE04,594,594,1,0.717171717171717,1,0.717171717171717,0.220538720538721,0.0200270405218436,4,4,297,TRUE,TRUE,TRUE
2R,CIcol,AGAP001108__SITE04,142,142,1,0.640845070422535,1,0.640845070422535,0.359154929577465,0.0200141448815366,4,4,71,TRUE,TRUE,TRUE
2R,FRgam,AGAP001108__SITE04,48,48,1,0.9375,1,0.9375,0.0625,0.00509510869565217,4,4,24,TRUE,TRUE,FALSE
2R,GAgam,AGAP001108__SITE04,138,138,1,0.681159420289855,1,0.681159420289855,0.318840579710145,0.0188853273426299,4,4,69,TRUE,TRUE,TRUE
2R,GHcol,AGAP001108__SITE04,110,110,1,0.681818181818182,1,0.681818181818182,0.309090909090909,0.0193532159540065,4,4,55,TRUE,TRUE,TRUE
2R,GHgam,AGAP001108__SITE04,24,24,1,0.666666666666667,1,0.666666666666667,0.333333333333333,0.0193236714975845,4,4,12,FALSE,TRUE,FALSE
2R,GNgam,AGAP001108__SITE04,80,80,1,0.675,1,0.675,0.2625,0.021929347826087,4,4,40,TRUE,TRUE,TRUE
2R,UGgam,AGAP001108__SITE04,224,224,1,0.691964285714286,1,0.691964285714286,0.276785714285714,0.0200598242014197,4,4,112,TRUE,TRUE,TRUE
2R,AOcol,AGAP001108__SITE05,156,156,1,1,1,1,0,0,2,2,78,TRUE,TRUE,TRUE
2R,BFcol,AGAP001108__SITE05,150,150,1,1,1,1,0,0,2,2,75,TRUE,TRUE,TRUE
2R,BFgam,AGAP001108__SITE05,184,184,1,0.994565217391304,1,0.994565217391304,0.00543478260869565,0.000470021369277554,2,2,92,TRUE,TRUE,TRUE
2R,CMgam,AGAP001108__SITE05,594,594,1,0.988215488215488,1,0.988215488215488,0.0117845117845118,0.00101266409274022,2,2,297,TRUE,TRUE,TRUE
2R,CIcol,AGAP001108__SITE05,142,142,1,1,1,1,0,0,2,2,71,TRUE,TRUE,TRUE
2R,FRgam,AGAP001108__SITE05,48,48,1,1,1,1,0,0,2,2,24,TRUE,TRUE,FALSE
2R,GAgam,AGAP001108__SITE05,138,138,1,1,1,1,0,0,2,2,69,TRUE,TRUE,TRUE
2R,GHcol,AGAP001108__SITE05,110,110,1,1,1,1,0,0,2,2,55,TRUE,TRUE,TRUE
2R,GHgam,AGAP001108__SITE05,24,24,1,1,1,1,0,0,2,2,12,FALSE,TRUE,FALSE
2R,GNgam,AGAP001108__SITE05,80,80,1,0.9875,1,0.9875,0.0125,0.00107336956521739,2,2,40,TRUE,TRUE,TRUE
2R,UGgam,AGAP001108__SITE05,224,224,1,0.995535714285714,1,0.995535714285714,0.00446428571428571,0.000386465727595386,2,2,112,TRUE,TRUE,TRUE
3L,AOcol,AGAP010453__SITE01,156,156,1,1,1,1,0,0,3,3,78,TRUE,TRUE,TRUE
3L,BFcol,AGAP010453__SITE01,150,150,1,0.993333333333333,1,0.993333333333333,0.00666666666666667,0.000575845410628019,3,3,75,TRUE,TRUE,TRUE
3L,BFgam,AGAP010453__SITE01,184,184,1,0.967391304347826,1,0.967391304347826,0.0326086956521739,0.0027430755321772,3,3,92,TRUE,TRUE,TRUE
3L,CMgam,AGAP010453__SITE01,594,594,1,0.971380471380471,1,0.971380471380471,0.0252525252525253,0.00243221755445442,3,3,297,TRUE,TRUE,TRUE
3L,CIcol,AGAP010453__SITE01,142,142,1,0.992957746478873,1,0.992957746478873,0.00704225352112676,0.000608057407519212,3,3,71,TRUE,TRUE,TRUE
3L,FRgam,AGAP010453__SITE01,48,48,1,1,1,1,0,0,3,3,24,TRUE,TRUE,FALSE
3L,GAgam,AGAP010453__SITE01,138,138,1,0.992753623188406,1,0.992753623188406,0.0072463768115942,0.000625553637799878,3,3,69,TRUE,TRUE,TRUE
3L,GHcol,AGAP010453__SITE01,110,110,1,1,1,1,0,0,3,3,55,TRUE,TRUE,TRUE
3L,GHgam,AGAP010453__SITE01,24,24,1,1,1,1,0,0,3,3,12,FALSE,TRUE,FALSE
3L,GNgam,AGAP010453__SITE01,80,80,1,1,1,1,0,0,3,3,40,TRUE,TRUE,TRUE
3L,UGgam,AGAP010453__SITE01,224,224,1,0.991071428571429,1,0.991071428571429,0.00892857142857143,0.000769465394853594,3,3,112,TRUE,TRUE,TRUE
3L,AOcol,AGAP010453__SITE02,156,156,1,0.775641025641026,0.775641025641026,1,0.224358974358974,0.0151323499985707,4,4,78,TRUE,TRUE,TRUE
3L,BFcol,AGAP010453__SITE02,150,150,1,1,1,1,0,0,4,4,75,TRUE,TRUE,TRUE
3L,BFgam,AGAP010453__SITE02,184,184,1,1,1,1,0,0,4,4,92,TRUE,TRUE,TRUE
3L,CMgam,AGAP010453__SITE02,594,594,1,0.991582491582492,0.993265993265993,0.998316498316498,0.00673400673400673,0.000727767599382297,4,4,297,TRUE,TRUE,TRUE
3L,CIcol,AGAP010453__SITE02,142,142,1,1,1,1,0,0,4,4,71,TRUE,TRUE,TRUE
3L,FRgam,AGAP010453__SITE02,48,48,1,1,1,1,0,0,4,4,24,TRUE,TRUE,FALSE
3L,GAgam,AGAP010453__SITE02,138,138,1,0.86231884057971,0.86231884057971,1,0.13768115942029,0.0103239180661717,4,4,69,TRUE,TRUE,TRUE
3L,GHcol,AGAP010453__SITE02,110,110,1,1,1,1,0,0,4,4,55,TRUE,TRUE,TRUE
3L,GHgam,AGAP010453__SITE02,24,24,1,1,1,1,0,0,4,4,12,FALSE,TRUE,FALSE
3L,GNgam,AGAP010453__SITE02,80,80,1,1,1,1,0,0,4,4,40,TRUE,TRUE,TRUE
3L,UGgam,AGAP010453__SITE02,224,224,1,0.995535714285714,1,0.995535714285714,0.00446428571428571,0.000386465727595386,4,4,112,TRUE,TRUE,TRUE
3L,AOcol,AGAP010453__SITE03,156,156,1,1,1,1,0,0,2,2,78,TRUE,TRUE,TRUE
3L,BFcol,AGAP010453__SITE03,150,150,1,1,1,1,0,0,2,2,75,TRUE,TRUE,TRUE
3L,BFgam,AGAP010453__SITE03,184,184,1,1,1,1,0,0,2,2,92,TRUE,TRUE,TRUE
3L,CMgam,AGAP010453__SITE03,594,594,1,0.98989898989899,1,0.98989898989899,0.00673400673400673,0.000873419699360264,2,2,297,TRUE,TRUE,TRUE
3L,CIcol,AGAP010453__SITE03,142,142,1,0.985915492957746,1,0.985915492957746,0.0140845070422535,0.00120748988727219,2,2,71,TRUE,TRUE,TRUE
3L,FRgam,AGAP010453__SITE03,48,48,1,0.833333333333333,1,0.833333333333333,0.166666666666667,0.0120772946859903,2,2,24,TRUE,TRUE,FALSE
3L,GAgam,AGAP010453__SITE03,138,138,1,0.985507246376812,1,0.985507246376812,0.0144927536231884,0.00124197510570487,2,2,69,TRUE,TRUE,TRUE
3L,GHcol,AGAP010453__SITE03,110,110,1,0.990909090909091,1,0.990909090909091,0.00909090909090909,0.000783327344592167,2,2,55,TRUE,TRUE,TRUE
3L,GHgam,AGAP010453__SITE03,24,24,1,0.958333333333333,1,0.958333333333333,0.0416666666666667,0.00347222222222222,2,2,12,FALSE,TRUE,FALSE
3L,GNgam,AGAP010453__SITE03,80,80,1,1,1,1,0,0,2,2,40,TRUE,TRUE,TRUE
3L,UGgam,AGAP010453__SITE03,224,224,1,0.950892857142857,1,0.950892857142857,0.0491071428571429,0.00406048968500444,2,2,112,TRUE,TRUE,TRUE
3L,AOcol,AGAP010453__SITE04,156,156,1,1,1,1,0,0,2,2,78,TRUE,TRUE,TRUE
3L,BFcol,AGAP010453__SITE04,150,150,1,1,1,1,0,0,2,2,75,TRUE,TRUE,TRUE
3L,BFgam,AGAP010453__SITE04,184,184,1,1,1,1,0,0,2,2,92,TRUE,TRUE,TRUE
3L,CMgam,AGAP010453__SITE04,594,594,1,0.98989898989899,1,0.98989898989899,0.00673400673400673,0.000873419699360264,2,2,297,TRUE,TRUE,TRUE
3L,CIcol,AGAP010453__SITE04,142,142,1,0.985915492957746,1,0.985915492957746,0.0140845070422535,0.00120748988727219,2,2,71,TRUE,TRUE,TRUE
3L,FRgam,AGAP010453__SITE04,48,48,1,0.833333333333333,1,0.833333333333333,0.166666666666667,0.0120772946859903,2,2,24,TRUE,TRUE,FALSE
3L,GAgam,AGAP010453__SITE04,138,138,1,0.985507246376812,1,0.985507246376812,0.0144927536231884,0.00124197510570487,2,2,69,TRUE,TRUE,TRUE
3L,GHcol,AGAP010453__SITE04,110,110,1,0.990909090909091,1,0.990909090909091,0.00909090909090909,0.000783327344592167,2,2,55,TRUE,TRUE,TRUE
3L,GHgam,AGAP010453__SITE04,24,24,1,0.958333333333333,1,0.958333333333333,0.0416666666666667,0.00347222222222222,2,2,12,FALSE,TRUE,FALSE
3L,GNgam,AGAP010453__SITE04,80,80,1,1,1,1,0,0,2,2,40,TRUE,TRUE,TRUE
3L,UGgam,AGAP010453__SITE04,224,224,1,0.950892857142857,1,0.950892857142857,0.0491071428571429,0.00406048968500444,2,2,112,TRUE,TRUE,TRUE
3L,AOcol,AGAP010453__SITE05,156,156,1,1,1,1,0,0,1,1,78,TRUE,TRUE,TRUE
3L,BFcol,AGAP010453__SITE05,150,150,1,1,1,1,0,0,1,1,75,TRUE,TRUE,TRUE
3L,BFgam,AGAP010453__SITE05,184,184,1,1,1,1,0,0,1,1,92,TRUE,TRUE,TRUE
3L,CMgam,AGAP010453__SITE05,594,594,1,1,1,1,0,0,1,1,297,TRUE,TRUE,TRUE
3L,CIcol,AGAP010453__SITE05,142,142,1,0.985915492957746,1,0.985915492957746,0.0140845070422535,0.00120748988727219,1,1,71,TRUE,TRUE,TRUE
3L,FRgam,AGAP010453__SITE05,48,48,1,1,1,1,0,0,1,1,24,TRUE,TRUE,FALSE
3L,GAgam,AGAP010453__SITE05,138,138,1,1,1,1,0,0,1,1,69,TRUE,TRUE,TRUE
3L,GHcol,AGAP010453__SITE05,110,110,1,0.990909090909091,1,0.990909090909091,0.00909090909090909,0.000783327344592167,1,1,55,TRUE,TRUE,TRUE
3L,GHgam,AGAP010453__SITE05,24,24,1,1,1,1,0,0,1,1,12,FALSE,TRUE,FALSE
3L,GNgam,AGAP010453__SITE05,80,80,1,1,1,1,0,0,1,1,40,TRUE,TRUE,TRUE
3L,UGgam,AGAP010453__SITE05,224,224,1,1,1,1,0,0,1,1,112,TRUE,TRUE,TRUE
2L,AOcol,AGAP006098__SITE01,156,156,1,1,1,1,0,0,4,4,78,TRUE,TRUE,TRUE
2L,BFcol,AGAP006098__SITE01,150,150,1,0.953333333333333,1,0.953333333333333,0.0466666666666667,0.00386859903381643,4,4,75,TRUE,TRUE,TRUE
2L,BFgam,AGAP006098__SITE01,184,184,1,0.96195652173913,1,0.96195652173913,0.0271739130434783,0.00323364428371825,4,4,92,TRUE,TRUE,TRUE
2L,CMgam,AGAP006098__SITE01,594,594,1,0.998316498316498,1,0.998316498316498,0.00168350168350168,0.000146145000485507,4,4,297,TRUE,TRUE,TRUE
2L,CIcol,AGAP006098__SITE01,142,142,1,0.992957746478873,1,0.992957746478873,0.00704225352112676,0.000608057407519212,4,4,71,TRUE,TRUE,TRUE
2L,FRgam,AGAP006098__SITE01,48,48,1,1,1,1,0,0,4,4,24,TRUE,TRUE,FALSE
2L,GAgam,AGAP006098__SITE01,138,138,1,1,1,1,0,0,4,4,69,TRUE,TRUE,TRUE
2L,GHcol,AGAP006098__SITE01,110,110,1,0.990909090909091,1,0.990909090909091,0.00909090909090909,0.000783327344592167,4,4,55,TRUE,TRUE,TRUE
2L,GHgam,AGAP006098__SITE01,24,24,1,1,1,1,0,0,4,4,12,FALSE,TRUE,FALSE
2L,GNgam,AGAP006098__SITE01,80,80,1,0.975,1,0.975,0.0125,0.00214673913043478,4,4,40,TRUE,TRUE,TRUE
2L,UGgam,AGAP006098__SITE01,224,224,1,0.973214285714286,0.995535714285714,0.977678571428571,0.0223214285714286,0.00228413376220053,4,4,112,TRUE,TRUE,TRUE
2L,AOcol,AGAP006098__SITE02,156,156,1,0.993589743589744,1,0.993589743589744,0.00641025641025641,0.000553840436783581,4,4,78,TRUE,TRUE,TRUE
2L,BFcol,AGAP006098__SITE02,150,150,1,0.953333333333333,1,0.953333333333333,0.0466666666666667,0.00386859903381643,4,4,75,TRUE,TRUE,TRUE
2L,BFgam,AGAP006098__SITE02,184,184,1,0.972826086956522,1,0.972826086956522,0.0271739130434783,0.00229873839072902,4,4,92,TRUE,TRUE,TRUE
2L,CMgam,AGAP006098__SITE02,594,594,1,1,1,1,0,0,4,4,297,TRUE,TRUE,TRUE
2L,CIcol,AGAP006098__SITE02,142,142,1,0.992957746478873,1,0.992957746478873,0.00704225352112676,0.000608057407519212,4,4,71,TRUE,TRUE,TRUE
2L,FRgam,AGAP006098__SITE02,48,48,1,1,1,1,0,0,4,4,24,TRUE,TRUE,FALSE
2L,GAgam,AGAP006098__SITE02,138,138,1,1,1,1,0,0,4,4,69,TRUE,TRUE,TRUE
2L,GHcol,AGAP006098__SITE02,110,110,1,0.981818181818182,1,0.981818181818182,0.00909090909090909,0.00156665468918433,4,4,55,TRUE,TRUE,TRUE
2L,GHgam,AGAP006098__SITE02,24,24,1,1,1,1,0,0,4,4,12,FALSE,TRUE,FALSE
2L,GNgam,AGAP006098__SITE02,80,80,1,0.9875,1,0.9875,0.0125,0.00107336956521739,4,4,40,TRUE,TRUE,TRUE
2L,UGgam,AGAP006098__SITE02,224,224,1,0.973214285714286,0.995535714285714,0.977678571428571,0.0223214285714286,0.00228413376220053,4,4,112,TRUE,TRUE,TRUE
2L,AOcol,AGAP006098__SITE03,156,156,1,1,1,1,0,0,7,7,78,TRUE,TRUE,TRUE
2L,BFcol,AGAP006098__SITE03,150,150,1,0.96,1,0.96,0.0333333333333333,0.00337777777777778,7,7,75,TRUE,TRUE,TRUE
2L,BFgam,AGAP006098__SITE03,184,184,1,0.956521739130435,1,0.956521739130435,0.0217391304347826,0.00372421303525931,7,7,92,TRUE,TRUE,TRUE
2L,CMgam,AGAP006098__SITE03,594,594,1,0.97979797979798,1,0.97979797979798,0.0202020202020202,0.00172120857232847,7,7,297,TRUE,TRUE,TRUE
2L,CIcol,AGAP006098__SITE03,142,142,1,0.866197183098592,1,0.866197183098592,0.126760563380282,0.0102334767946318,7,7,71,TRUE,TRUE,TRUE
2L,FRgam,AGAP006098__SITE03,48,48,1,1,1,1,0,0,7,7,24,TRUE,TRUE,FALSE
2L,GAgam,AGAP006098__SITE03,138,138,1,1,1,1,0,0,7,7,69,TRUE,TRUE,TRUE
2L,GHcol,AGAP006098__SITE03,110,110,1,0.918181818181818,1,0.918181818181818,0.0818181818181818,0.00653251886453468,7,7,55,TRUE,TRUE,TRUE
2L,GHgam,AGAP006098__SITE03,24,24,1,1,1,1,0,0,7,7,12,FALSE,TRUE,FALSE
2L,GNgam,AGAP006098__SITE03,80,80,1,0.9625,1,0.9625,0.025,0.0031929347826087,7,7,40,TRUE,TRUE,TRUE
2L,UGgam,AGAP006098__SITE03,224,224,1,0.950892857142857,1,0.950892857142857,0.0223214285714286,0.00419566603815439,7,7,112,TRUE,TRUE,TRUE
2L,AOcol,AGAP006098__SITE04,156,156,1,1,1,1,0,0,7,7,78,TRUE,TRUE,TRUE
2L,BFcol,AGAP006098__SITE04,150,150,1,0.926666666666667,1,0.926666666666667,0.0466666666666667,0.00730048309178744,7,7,75,TRUE,TRUE,TRUE
2L,BFgam,AGAP006098__SITE04,184,184,1,0.96195652173913,1,0.96195652173913,0.0271739130434783,0.00370880249856168,7,7,92,TRUE,TRUE,TRUE
2L,CMgam,AGAP006098__SITE04,594,594,1,0.949494949494949,0.994949494949495,0.954545454545455,0.0269360269360269,0.00658515078072976,7,7,297,TRUE,TRUE,TRUE
2L,CIcol,AGAP006098__SITE04,142,142,1,0.922535211267606,1,0.922535211267606,0.0704225352112676,0.00630050973323099,7,7,71,TRUE,TRUE,TRUE
2L,FRgam,AGAP006098__SITE04,48,48,1,1,1,1,0,0,7,7,24,TRUE,TRUE,FALSE
2L,GAgam,AGAP006098__SITE04,138,138,1,0.992753623188406,1,0.992753623188406,0.0072463768115942,0.000625553637799878,7,7,69,TRUE,TRUE,TRUE
2L,GHcol,AGAP006098__SITE04,110,110,1,0.927272727272727,1,0.927272727272727,0.0727272727272727,0.00586417535034136,7,7,55,TRUE,TRUE,TRUE
2L,GHgam,AGAP006098__SITE04,24,24,1,1,1,1,0,0,7,7,12,FALSE,TRUE,FALSE
2L,GNgam,AGAP006098__SITE04,80,80,1,0.975,1,0.975,0.0125,0.00214673913043478,7,7,40,TRUE,TRUE,TRUE
2L,UGgam,AGAP006098__SITE04,224,224,1,0.955357142857143,1,0.955357142857143,0.0223214285714286,0.00379533606921029,7,7,112,TRUE,TRUE,TRUE
2L,AOcol,AGAP006098__SITE05,156,156,1,1,1,1,0,0,6,6,78,TRUE,TRUE,TRUE
2L,BFcol,AGAP006098__SITE05,150,150,1,0.926666666666667,1,0.926666666666667,0.0466666666666667,0.00730048309178744,6,6,75,TRUE,TRUE,TRUE
2L,BFgam,AGAP006098__SITE05,184,184,1,0.96195652173913,1,0.96195652173913,0.0271739130434783,0.00370880249856168,6,6,92,TRUE,TRUE,TRUE
2L,CMgam,AGAP006098__SITE05,594,594,1,0.954545454545455,1,0.954545454545455,0.0269360269360269,0.00614819448079586,6,6,297,TRUE,TRUE,TRUE
2L,CIcol,AGAP006098__SITE05,142,142,1,0.922535211267606,1,0.922535211267606,0.0704225352112676,0.00630050973323099,6,6,71,TRUE,TRUE,TRUE
2L,FRgam,AGAP006098__SITE05,48,48,1,1,1,1,0,0,6,6,24,TRUE,TRUE,FALSE
2L,GAgam,AGAP006098__SITE05,138,138,1,0.992753623188406,1,0.992753623188406,0.0072463768115942,0.000625553637799878,6,6,69,TRUE,TRUE,TRUE
2L,GHcol,AGAP006098__SITE05,110,110,1,0.927272727272727,1,0.927272727272727,0.0727272727272727,0.00586417535034136,6,6,55,TRUE,TRUE,TRUE
2L,GHgam,AGAP006098__SITE05,24,24,1,1,1,1,0,0,6,6,12,FALSE,TRUE,FALSE
2L,GNgam,AGAP006098__SITE05,80,80,1,0.975,1,0.975,0.0125,0.00214673913043478,6,6,40,TRUE,TRUE,TRUE
2L,UGgam,AGAP006098__SITE05,224,224,1,0.955357142857143,1,0.955357142857143,0.0223214285714286,0.00379533606921029,6,6,112,TRUE,TRUE,TRUE
2L,AOcol,AGAP006766__SITE01,156,156,1,1,1,1,0,0,6,6,78,TRUE,TRUE,TRUE
2L,BFcol,AGAP006766__SITE01,150,150,1,0.993333333333333,1,0.993333333333333,0.00666666666666667,0.000575845410628019,6,6,75,TRUE,TRUE,TRUE
2L,BFgam,AGAP006766__SITE01,184,184,1,0.978260869565217,1,0.978260869565217,0.016304347826087,0.00186467494041259,6,6,92,TRUE,TRUE,TRUE
2L,CMgam,AGAP006766__SITE01,594,594,1,0.996632996632997,0.998316498316498,0.998316498316498,0.00168350168350168,0.000292290000971014,6,6,297,TRUE,TRUE,TRUE
2L,CIcol,AGAP006766__SITE01,142,142,1,0.992957746478873,1,0.992957746478873,0.00704225352112676,0.000608057407519212,6,6,71,TRUE,TRUE,TRUE
2L,FRgam,AGAP006766__SITE01,48,48,1,1,1,1,0,0,6,6,24,TRUE,TRUE,FALSE
2L,GAgam,AGAP006766__SITE01,138,138,1,1,1,1,0,0,6,6,69,TRUE,TRUE,TRUE
2L,GHcol,AGAP006766__SITE01,110,110,1,1,1,1,0,0,6,6,55,TRUE,TRUE,TRUE
2L,GHgam,AGAP006766__SITE01,24,24,1,1,1,1,0,0,6,6,12,FALSE,TRUE,FALSE
2L,GNgam,AGAP006766__SITE01,80,80,1,1,1,1,0,0,6,6,40,TRUE,TRUE,TRUE
2L,UGgam,AGAP006766__SITE01,224,224,1,0.982142857142857,0.995535714285714,0.986607142857143,0.00892857142857143,0.00154239685004437,6,6,112,TRUE,TRUE,TRUE
2L,AOcol,AGAP006766__SITE02,156,156,1,0.961538461538461,1,0.961538461538461,0.0384615384615385,0.00321584769745305,5,5,78,TRUE,TRUE,TRUE
2L,BFcol,AGAP006766__SITE02,150,150,1,0.333333333333333,1,0.333333333333333,0.666666666666667,0.0198995169082126,5,5,75,TRUE,TRUE,TRUE
2L,BFgam,AGAP006766__SITE02,184,184,1,0.603260869565217,0.983695652173913,0.603260869565217,0.391304347826087,0.0225764362620202,5,5,92,TRUE,TRUE,TRUE
2L,CMgam,AGAP006766__SITE02,594,594,1,0.833333333333333,0.998316498316498,0.833333333333333,0.166666666666667,0.0122234396864758,5,5,297,TRUE,TRUE,TRUE
2L,CIcol,AGAP006766__SITE02,142,142,1,0.732394366197183,1,0.732394366197183,0.267605633802817,0.0176509146735896,5,5,71,TRUE,TRUE,TRUE
2L,FRgam,AGAP006766__SITE02,48,48,1,1,1,1,0,0,5,5,24,TRUE,TRUE,FALSE
2L,GAgam,AGAP006766__SITE02,138,138,1,1,1,1,0,0,5,5,69,TRUE,TRUE,TRUE
2L,GHcol,AGAP006766__SITE02,110,110,1,0.718181818181818,1,0.718181818181818,0.281818181818182,0.017599712540424,5,5,55,TRUE,TRUE,TRUE
2L,GHgam,AGAP006766__SITE02,24,24,1,0.416666666666667,1,0.416666666666667,0.583333333333333,0.0211352657004831,5,5,12,FALSE,TRUE,FALSE
2L,GNgam,AGAP006766__SITE02,80,80,1,0.7875,1,0.7875,0.2125,0.0145516304347826,5,5,40,TRUE,TRUE,TRUE
2L,UGgam,AGAP006766__SITE02,224,224,1,0.732142857142857,0.991071428571429,0.732142857142857,0.267857142857143,0.0178224822537711,5,5,112,TRUE,TRUE,TRUE
2L,AOcol,AGAP006766__SITE03,156,156,1,1,1,1,0,0,6,6,78,TRUE,TRUE,TRUE
2L,BFcol,AGAP006766__SITE03,150,150,1,0.993333333333333,1,0.993333333333333,0.00666666666666667,0.000575845410628019,6,6,75,TRUE,TRUE,TRUE
2L,BFgam,AGAP006766__SITE03,184,184,1,0.972826086956522,1,0.972826086956522,0.0271739130434783,0.00229873839072902,6,6,92,TRUE,TRUE,TRUE
2L,CMgam,AGAP006766__SITE03,594,594,1,0.978114478114478,1,0.978114478114478,0.0134680134680135,0.0018850979910854,6,6,297,TRUE,TRUE,TRUE
2L,CIcol,AGAP006766__SITE03,142,142,1,1,1,1,0,0,6,6,71,TRUE,TRUE,TRUE
2L,FRgam,AGAP006766__SITE03,48,48,1,1,1,1,0,0,6,6,24,TRUE,TRUE,FALSE
2L,GAgam,AGAP006766__SITE03,138,138,1,0.985507246376812,0.992753623188406,0.992753623188406,0.0072463768115942,0.00125110727559976,6,6,69,TRUE,TRUE,TRUE
2L,GHcol,AGAP006766__SITE03,110,110,1,0.972727272727273,1,0.972727272727273,0.0272727272727273,0.00230686309737693,6,6,55,TRUE,TRUE,TRUE
2L,GHgam,AGAP006766__SITE03,24,24,1,1,1,1,0,0,6,6,12,FALSE,TRUE,FALSE
2L,GNgam,AGAP006766__SITE03,80,80,1,0.975,1,0.975,0.025,0.0021195652173913,6,6,40,TRUE,TRUE,TRUE
2L,UGgam,AGAP006766__SITE03,224,224,1,0.991071428571429,1,0.991071428571429,0.00892857142857143,0.000769465394853594,6,6,112,TRUE,TRUE,TRUE
2L,AOcol,AGAP006766__SITE04,156,156,1,0.948717948717949,1,0.948717948717949,0.0512820512820513,0.0042306263042049,6,6,78,TRUE,TRUE,TRUE
2L,BFcol,AGAP006766__SITE04,150,150,1,0.993333333333333,1,0.993333333333333,0.00666666666666667,0.000575845410628019,6,6,75,TRUE,TRUE,TRUE
2L,BFgam,AGAP006766__SITE04,184,184,1,0.972826086956522,1,0.972826086956522,0.0271739130434783,0.00229873839072902,6,6,92,TRUE,TRUE,TRUE
2L,CMgam,AGAP006766__SITE04,594,594,1,0.983164983164983,1,0.983164983164983,0.0134680134680135,0.00144715589013642,6,6,297,TRUE,TRUE,TRUE
2L,CIcol,AGAP006766__SITE04,142,142,1,0.992957746478873,1,0.992957746478873,0.00704225352112676,0.000608057407519212,6,6,71,TRUE,TRUE,TRUE
2L,FRgam,AGAP006766__SITE04,48,48,1,1,1,1,0,0,6,6,24,TRUE,TRUE,FALSE
2L,GAgam,AGAP006766__SITE04,138,138,1,0.985507246376812,1,0.985507246376812,0.0072463768115942,0.00125110727559976,6,6,69,TRUE,TRUE,TRUE
2L,GHcol,AGAP006766__SITE04,110,110,1,0.972727272727273,1,0.972727272727273,0.0272727272727273,0.00230686309737693,6,6,55,TRUE,TRUE,TRUE
2L,GHgam,AGAP006766__SITE04,24,24,1,1,1,1,0,0,6,6,12,FALSE,TRUE,FALSE
2L,GNgam,AGAP006766__SITE04,80,80,1,0.975,1,0.975,0.025,0.0021195652173913,6,6,40,TRUE,TRUE,TRUE
2L,UGgam,AGAP006766__SITE04,224,224,1,0.991071428571429,1,0.991071428571429,0.00892857142857143,0.000769465394853594,6,6,112,TRUE,TRUE,TRUE
2L,AOcol,AGAP006766__SITE05,156,156,1,0.987179487179487,1,0.987179487179487,0.0128205128205128,0.0011005345453506,7,7,78,TRUE,TRUE,TRUE
2L,BFcol,AGAP006766__SITE05,150,150,1,0.84,1,0.84,0.14,0.0121893719806763,7,7,75,TRUE,TRUE,TRUE
2L,BFgam,AGAP006766__SITE05,184,184,1,0.934782608695652,1,0.934782608695652,0.0652173913043478,0.00530122462398291,7,7,92,TRUE,TRUE,TRUE
2L,CMgam,AGAP006766__SITE05,594,594,1,0.934343434343434,1,0.934343434343434,0.0521885521885522,0.00545665506871772,7,7,297,TRUE,TRUE,TRUE
2L,CIcol,AGAP006766__SITE05,142,142,1,0.894366197183099,1,0.894366197183099,0.0704225352112676,0.00868098979671045,7,7,71,TRUE,TRUE,TRUE
2L,FRgam,AGAP006766__SITE05,48,48,1,0.833333333333333,1,0.833333333333333,0.166666666666667,0.0120772946859903,7,7,24,TRUE,TRUE,FALSE
2L,GAgam,AGAP006766__SITE05,138,138,1,0.978260869565217,1,0.978260869565217,0.0217391304347826,0.00184926440371497,7,7,69,TRUE,TRUE,TRUE
2L,GHcol,AGAP006766__SITE05,110,110,1,0.909090909090909,1,0.909090909090909,0.0545454545454545,0.00753144089112469,7,7,55,TRUE,TRUE,TRUE
2L,GHgam,AGAP006766__SITE05,24,24,1,0.958333333333333,1,0.958333333333333,0.0416666666666667,0.00347222222222222,7,7,12,FALSE,TRUE,FALSE
2L,GNgam,AGAP006766__SITE05,80,80,1,0.8875,1,0.8875,0.0875,0.0090625,7,7,40,TRUE,TRUE,TRUE
2L,UGgam,AGAP006766__SITE05,224,224,1,0.919642857142857,0.991071428571429,0.928571428571429,0.0491071428571429,0.00674148735581189,7,7,112,TRUE,TRUE,TRUE
3R,AOcol,AGAP007965__SITE01,156,156,1,0.17948717948718,1,0.17948717948718,0.82051282051282,0.0128062201640797,7,7,78,TRUE,TRUE,TRUE
3R,BFcol,AGAP007965__SITE01,150,150,1,0.726666666666667,1,0.726666666666667,0.246666666666667,0.0184154589371981,7,7,75,TRUE,TRUE,TRUE
3R,BFgam,AGAP007965__SITE01,184,184,1,0.521739130434783,1,0.521739130434783,0.478260869565217,0.0240173214432481,7,7,92,TRUE,TRUE,TRUE
3R,CMgam,AGAP007965__SITE01,594,594,1,0.478114478114478,0.994949494949495,0.483164983164983,0.506734006734007,0.0233368674299724,7,7,297,TRUE,TRUE,TRUE
3R,CIcol,AGAP007965__SITE01,142,142,1,0.767605633802817,1,0.767605633802817,0.190140845070423,0.0169091708856938,7,7,71,TRUE,TRUE,TRUE
3R,FRgam,AGAP007965__SITE01,48,48,1,0.4375,1,0.4375,0.5625,0.0213994565217391,7,7,24,TRUE,TRUE,FALSE
3R,GAgam,AGAP007965__SITE01,138,138,1,0.840579710144928,1,0.840579710144928,0.159420289855072,0.011652648785878,7,7,69,TRUE,TRUE,TRUE
3R,GHcol,AGAP007965__SITE01,110,110,1,0.772727272727273,1,0.772727272727273,0.209090909090909,0.0159324469996407,7,7,55,TRUE,TRUE,TRUE
3R,GHgam,AGAP007965__SITE01,24,24,1,0.708333333333333,1,0.708333333333333,0.25,0.0197765700483092,7,7,12,FALSE,TRUE,FALSE
3R,GNgam,AGAP007965__SITE01,80,80,1,0.6,1,0.6,0.4,0.0208695652173913,7,7,40,TRUE,TRUE,TRUE
3R,UGgam,AGAP007965__SITE01,224,224,1,0.464285714285714,1,0.464285714285714,0.526785714285714,0.0228361385314996,7,7,112,TRUE,TRUE,TRUE
3R,AOcol,AGAP007965__SITE02,156,156,1,1,1,1,0,0,12,12,78,TRUE,TRUE,TRUE
3R,BFcol,AGAP007965__SITE02,150,150,1,0.953333333333333,1,0.953333333333333,0.0266666666666667,0.0039768115942029,12,12,75,TRUE,TRUE,TRUE
3R,BFgam,AGAP007965__SITE02,184,184,1,0.972826086956522,0.994565217391304,0.978260869565217,0.016304347826087,0.0028047176789677,12,12,92,TRUE,TRUE,TRUE
3R,CMgam,AGAP007965__SITE02,594,594,1,0.968013468013468,0.994949494949495,0.973063973063973,0.0101010101010101,0.00334359059289523,12,12,297,TRUE,TRUE,TRUE
3R,CIcol,AGAP007965__SITE02,142,142,1,0.985915492957746,1,0.985915492957746,0.00704225352112676,0.00121611481503842,12,12,71,TRUE,TRUE,TRUE
3R,FRgam,AGAP007965__SITE02,48,48,1,0.979166666666667,1,0.979166666666667,0.0208333333333333,0.00177385265700483,12,12,24,TRUE,TRUE,FALSE
3R,GAgam,AGAP007965__SITE02,138,138,1,0.978260869565217,1,0.978260869565217,0.0217391304347826,0.00184926440371497,12,12,69,TRUE,TRUE,TRUE
3R,GHcol,AGAP007965__SITE02,110,110,1,0.981818181818182,1,0.981818181818182,0.00909090909090909,0.00156665468918433,12,12,55,TRUE,TRUE,TRUE
3R,GHgam,AGAP007965__SITE02,24,24,1,1,1,1,0,0,12,12,12,FALSE,TRUE,FALSE
3R,GNgam,AGAP007965__SITE02,80,80,1,0.9375,1,0.9375,0.0375,0.00525815217391304,12,12,40,TRUE,TRUE,TRUE
3R,UGgam,AGAP007965__SITE02,224,224,1,0.991071428571429,1,0.991071428571429,0.00892857142857143,0.00153893078970719,12,12,112,TRUE,TRUE,TRUE
3R,AOcol,AGAP007965__SITE03,156,156,1,0.884615384615385,1,0.884615384615385,0.0641025641025641,0.0146642655003859,9,9,78,TRUE,TRUE,TRUE
3R,BFcol,AGAP007965__SITE03,150,150,1,0.74,1,0.74,0.18,0.0273545893719807,9,9,75,TRUE,TRUE,TRUE
3R,BFgam,AGAP007965__SITE03,184,184,1,0.619565217391304,1,0.619565217391304,0.320652173913043,0.0287175351360237,9,9,92,TRUE,TRUE,TRUE
3R,CMgam,AGAP007965__SITE03,594,594,1,0.597643097643098,0.996632996632997,0.599326599326599,0.316498316498317,0.0320188169697758,9,9,297,TRUE,TRUE,TRUE
3R,CIcol,AGAP007965__SITE03,142,142,1,0.732394366197183,1,0.732394366197183,0.204225352112676,0.0233692417826001,9,9,71,TRUE,TRUE,TRUE
3R,FRgam,AGAP007965__SITE03,48,48,1,0.770833333333333,1,0.770833333333333,0.229166666666667,0.015360809178744,9,9,24,TRUE,TRUE,FALSE
3R,GAgam,AGAP007965__SITE03,138,138,1,0.297101449275362,1,0.297101449275362,0.601449275362319,0.0366976247226103,9,9,69,TRUE,TRUE,TRUE
3R,GHcol,AGAP007965__SITE03,110,110,1,0.636363636363636,0.963636363636364,0.672727272727273,0.3,0.0252102048149479,9,9,55,TRUE,TRUE,TRUE
3R,GHgam,AGAP007965__SITE03,24,24,1,0.708333333333333,1,0.708333333333333,0.291666666666667,0.0179649758454106,9,9,12,FALSE,TRUE,FALSE
3R,GNgam,AGAP007965__SITE03,80,80,1,0.525,1,0.525,0.375,0.0360326086956522,9,9,40,TRUE,TRUE,TRUE
3R,UGgam,AGAP007965__SITE03,224,224,1,0.575892857142857,1,0.575892857142857,0.361607142857143,0.0310784300133097,9,9,112,TRUE,TRUE,TRUE
3R,AOcol,AGAP007965__SITE04,156,156,1,1,1,1,0,0,9,9,78,TRUE,TRUE,TRUE
3R,BFcol,AGAP007965__SITE04,150,150,1,0.946666666666667,1,0.946666666666667,0.04,0.00448309178743961,9,9,75,TRUE,TRUE,TRUE
3R,BFgam,AGAP007965__SITE04,184,184,1,0.972826086956522,1,0.972826086956522,0.0217391304347826,0.00231928577299252,9,9,92,TRUE,TRUE,TRUE
3R,CMgam,AGAP007965__SITE04,594,594,1,0.981481481481481,1,0.981481481481481,0.00841750841750842,0.00160069439823502,9,9,297,TRUE,TRUE,TRUE
3R,CIcol,AGAP007965__SITE04,142,142,1,0.950704225352113,1,0.950704225352113,0.0422535211267606,0.00412702793614104,9,9,71,TRUE,TRUE,TRUE
3R,FRgam,AGAP007965__SITE04,48,48,1,1,1,1,0,0,9,9,24,TRUE,TRUE,FALSE
3R,GAgam,AGAP007965__SITE04,138,138,1,0.985507246376812,1,0.985507246376812,0.0144927536231884,0.00124197510570487,9,9,69,TRUE,TRUE,TRUE
3R,GHcol,AGAP007965__SITE04,110,110,1,0.981818181818182,1,0.981818181818182,0.0181818181818182,0.00155228171038448,9,9,55,TRUE,TRUE,TRUE
3R,GHgam,AGAP007965__SITE04,24,24,1,1,1,1,0,0,9,9,12,FALSE,TRUE,FALSE
3R,GNgam,AGAP007965__SITE04,80,80,1,0.9875,1,0.9875,0.0125,0.00107336956521739,9,9,40,TRUE,TRUE,TRUE
3R,UGgam,AGAP007965__SITE04,224,224,1,0.982142857142857,1,0.982142857142857,0.00892857142857143,0.00154239685004437,9,9,112,TRUE,TRUE,TRUE
3R,AOcol,AGAP007965__SITE05,156,156,1,0.166666666666667,0.166666666666667,1,0.833333333333333,0.0120772946859903,6,6,78,TRUE,TRUE,TRUE
3R,BFcol,AGAP007965__SITE05,150,150,1,0.253333333333333,0.253333333333333,0.926666666666667,0.746666666666667,0.0223574879227053,6,6,75,TRUE,TRUE,TRUE
3R,BFgam,AGAP007965__SITE05,184,184,1,0.364130434782609,0.369565217391304,0.983695652173913,0.630434782608696,0.0216646461740774,6,6,92,TRUE,TRUE,TRUE
3R,CMgam,AGAP007965__SITE05,594,594,1,0.398989898989899,0.407407407407407,0.986531986531987,0.592592592592593,0.0221598210179677,6,6,297,TRUE,TRUE,TRUE
3R,CIcol,AGAP007965__SITE05,142,142,1,0.443661971830986,0.443661971830986,0.887323943661972,0.556338028169014,0.0301570599346231,6,6,71,TRUE,TRUE,TRUE
3R,FRgam,AGAP007965__SITE05,48,48,1,0.229166666666667,0.229166666666667,1,0.770833333333333,0.015360809178744,6,6,24,TRUE,TRUE,FALSE
3R,GAgam,AGAP007965__SITE05,138,138,1,0.5,0.5,1,0.5,0.0217391304347826,6,6,69,TRUE,TRUE,TRUE
3R,GHcol,AGAP007965__SITE05,110,110,1,0.409090909090909,0.409090909090909,0.909090909090909,0.590909090909091,0.0282069708947179,6,6,55,TRUE,TRUE,TRUE
3R,GHgam,AGAP007965__SITE05,24,24,1,0.458333333333333,0.458333333333333,1,0.541666666666667,0.0215881642512077,6,6,12,FALSE,TRUE,FALSE
3R,GNgam,AGAP007965__SITE05,80,80,1,0.475,0.475,0.9875,0.525,0.022758152173913,6,6,40,TRUE,TRUE,TRUE
3R,UGgam,AGAP007965__SITE05,224,224,1,0.40625,0.415178571428571,0.986607142857143,0.584821428571429,0.0222729037267081,6,6,112,TRUE,TRUE,TRUE
2L,AOcol,AGAP007031__SITE01,156,156,1,0.551282051282051,1,0.551282051282051,0.448717948717949,0.0215104479318526,6,6,78,TRUE,TRUE,TRUE
2L,BFcol,AGAP007031__SITE01,150,150,1,0.993333333333333,1,0.993333333333333,0.00666666666666667,0.000575845410628019,6,6,75,TRUE,TRUE,TRUE
2L,BFgam,AGAP007031__SITE01,184,184,1,1,1,1,0,0,6,6,92,TRUE,TRUE,TRUE
2L,CMgam,AGAP007031__SITE01,594,594,1,0.98989898989899,1,0.98989898989899,0.00673400673400673,0.000873912599867804,6,6,297,TRUE,TRUE,TRUE
2L,CIcol,AGAP007031__SITE01,142,142,1,0.992957746478873,0.992957746478873,1,0.00704225352112676,0.000608057407519212,6,6,71,TRUE,TRUE,TRUE
2L,FRgam,AGAP007031__SITE01,48,48,1,1,1,1,0,0,6,6,24,TRUE,TRUE,FALSE
2L,GAgam,AGAP007031__SITE01,138,138,1,1,1,1,0,0,6,6,69,TRUE,TRUE,TRUE
2L,GHcol,AGAP007031__SITE01,110,110,1,1,1,1,0,0,6,6,55,TRUE,TRUE,TRUE
2L,GHgam,AGAP007031__SITE01,24,24,1,1,1,1,0,0,6,6,12,FALSE,TRUE,FALSE
2L,GNgam,AGAP007031__SITE01,80,80,1,0.9875,1,0.9875,0.0125,0.00107336956521739,6,6,40,TRUE,TRUE,TRUE
2L,UGgam,AGAP007031__SITE01,224,224,1,0.995535714285714,1,0.995535714285714,0.00446428571428571,0.000386465727595386,6,6,112,TRUE,TRUE,TRUE
2L,AOcol,AGAP007031__SITE02,156,156,1,0.551282051282051,1,0.551282051282051,0.448717948717949,0.0215104479318526,7,7,78,TRUE,TRUE,TRUE
2L,BFcol,AGAP007031__SITE02,150,150,1,0.993333333333333,1,0.993333333333333,0.00666666666666667,0.000575845410628019,7,7,75,TRUE,TRUE,TRUE
2L,BFgam,AGAP007031__SITE02,184,184,1,0.994565217391304,0.994565217391304,1,0.00543478260869565,0.000470021369277554,7,7,92,TRUE,TRUE,TRUE
2L,CMgam,AGAP007031__SITE02,594,594,1,0.98989898989899,1,0.98989898989899,0.00673400673400673,0.000873912599867804,7,7,297,TRUE,TRUE,TRUE
2L,CIcol,AGAP007031__SITE02,142,142,1,0.992957746478873,1,0.992957746478873,0.00704225352112676,0.000608057407519212,7,7,71,TRUE,TRUE,TRUE
2L,FRgam,AGAP007031__SITE02,48,48,1,1,1,1,0,0,7,7,24,TRUE,TRUE,FALSE
2L,GAgam,AGAP007031__SITE02,138,138,1,1,1,1,0,0,7,7,69,TRUE,TRUE,TRUE
2L,GHcol,AGAP007031__SITE02,110,110,1,1,1,1,0,0,7,7,55,TRUE,TRUE,TRUE
2L,GHgam,AGAP007031__SITE02,24,24,1,1,1,1,0,0,7,7,12,FALSE,TRUE,FALSE
2L,GNgam,AGAP007031__SITE02,80,80,1,0.9875,1,0.9875,0.0125,0.00107336956521739,7,7,40,TRUE,TRUE,TRUE
2L,UGgam,AGAP007031__SITE02,224,224,1,0.991071428571429,0.995535714285714,0.995535714285714,0.00446428571428571,0.000772931455190772,7,7,112,TRUE,TRUE,TRUE
2L,AOcol,AGAP007031__SITE03,156,156,1,1,1,1,0,0,5,5,78,TRUE,TRUE,TRUE
2L,BFcol,AGAP007031__SITE03,150,150,1,0.993333333333333,1,0.993333333333333,0.00666666666666667,0.000575845410628019,5,5,75,TRUE,TRUE,TRUE
2L,BFgam,AGAP007031__SITE03,184,184,1,1,1,1,0,0,5,5,92,TRUE,TRUE,TRUE
2L,CMgam,AGAP007031__SITE03,594,594,1,0.993265993265993,1,0.993265993265993,0.00673400673400673,0.00058162259889679,5,5,297,TRUE,TRUE,TRUE
2L,CIcol,AGAP007031__SITE03,142,142,1,0.992957746478873,0.992957746478873,1,0.00704225352112676,0.000608057407519212,5,5,71,TRUE,TRUE,TRUE
2L,FRgam,AGAP007031__SITE03,48,48,1,0.75,0.75,1,0.25,0.016304347826087,5,5,24,TRUE,TRUE,FALSE
2L,GAgam,AGAP007031__SITE03,138,138,1,0.956521739130435,1,0.956521739130435,0.0434782608695652,0.00361633927837594,5,5,69,TRUE,TRUE,TRUE
2L,GHcol,AGAP007031__SITE03,110,110,1,1,1,1,0,0,5,5,55,TRUE,TRUE,TRUE
2L,GHgam,AGAP007031__SITE03,24,24,1,1,1,1,0,0,5,5,12,FALSE,TRUE,FALSE
2L,GNgam,AGAP007031__SITE03,80,80,1,1,1,1,0,0,5,5,40,TRUE,TRUE,TRUE
2L,UGgam,AGAP007031__SITE03,224,224,1,1,1,1,0,0,5,5,112,TRUE,TRUE,TRUE
2L,AOcol,AGAP007031__SITE04,156,156,1,1,1,1,0,0,5,5,78,TRUE,TRUE,TRUE
2L,BFcol,AGAP007031__SITE04,150,150,1,0.993333333333333,1,0.993333333333333,0.00666666666666667,0.000575845410628019,5,5,75,TRUE,TRUE,TRUE
2L,BFgam,AGAP007031__SITE04,184,184,1,1,1,1,0,0,5,5,92,TRUE,TRUE,TRUE
2L,CMgam,AGAP007031__SITE04,594,594,1,1,1,1,0,0,5,5,297,TRUE,TRUE,TRUE
2L,CIcol,AGAP007031__SITE04,142,142,1,0.992957746478873,1,0.992957746478873,0.00704225352112676,0.000608057407519212,5,5,71,TRUE,TRUE,TRUE
2L,FRgam,AGAP007031__SITE04,48,48,1,0.75,1,0.75,0.25,0.016304347826087,5,5,24,TRUE,TRUE,FALSE
2L,GAgam,AGAP007031__SITE04,138,138,1,0.956521739130435,1,0.956521739130435,0.0434782608695652,0.00361633927837594,5,5,69,TRUE,TRUE,TRUE
2L,GHcol,AGAP007031__SITE04,110,110,1,1,1,1,0,0,5,5,55,TRUE,TRUE,TRUE
2L,GHgam,AGAP007031__SITE04,24,24,1,0.958333333333333,1,0.958333333333333,0.0416666666666667,0.00347222222222222,5,5,12,FALSE,TRUE,FALSE
2L,GNgam,AGAP007031__SITE04,80,80,1,1,1,1,0,0,5,5,40,TRUE,TRUE,TRUE
2L,UGgam,AGAP007031__SITE04,224,224,1,1,1,1,0,0,5,5,112,TRUE,TRUE,TRUE
2L,AOcol,AGAP007031__SITE05,156,156,1,1,1,1,0,0,4,4,78,TRUE,TRUE,TRUE
2L,BFcol,AGAP007031__SITE05,150,150,1,1,1,1,0,0,4,4,75,TRUE,TRUE,TRUE
2L,BFgam,AGAP007031__SITE05,184,184,1,0.983695652173913,0.983695652173913,1,0.016304347826087,0.00139465357113504,4,4,92,TRUE,TRUE,TRUE
2L,CMgam,AGAP007031__SITE05,594,594,1,0.994949494949495,0.994949494949495,1,0.00336700336700337,0.000437942100948981,4,4,297,TRUE,TRUE,TRUE
2L,CIcol,AGAP007031__SITE05,142,142,1,0.992957746478873,1,0.992957746478873,0.00704225352112676,0.000608057407519212,4,4,71,TRUE,TRUE,TRUE
2L,FRgam,AGAP007031__SITE05,48,48,1,1,1,1,0,0,4,4,24,TRUE,TRUE,FALSE
2L,GAgam,AGAP007031__SITE05,138,138,1,1,1,1,0,0,4,4,69,TRUE,TRUE,TRUE
2L,GHcol,AGAP007031__SITE05,110,110,1,0.972727272727273,1,0.972727272727273,0.0272727272727273,0.00230686309737693,4,4,55,TRUE,TRUE,TRUE
2L,GHgam,AGAP007031__SITE05,24,24,1,1,1,1,0,0,4,4,12,FALSE,TRUE,FALSE
2L,GNgam,AGAP007031__SITE05,80,80,1,1,1,1,0,0,4,4,40,TRUE,TRUE,TRUE
2L,UGgam,AGAP007031__SITE05,224,224,1,0.986607142857143,0.995535714285714,0.991071428571429,0.00892857142857143,0.00115593112244898,4,4,112,TRUE,TRUE,TRUE
3L,AOcol,AGAP011377__SITE01,156,156,1,0.224358974358974,1,0.224358974358974,0.775641025641026,0.0193629763027756,7,7,78,TRUE,TRUE,TRUE
3L,BFcol,AGAP011377__SITE01,150,150,1,0.14,1,0.14,0.86,0.0104695652173913,7,7,75,TRUE,TRUE,TRUE
3L,BFgam,AGAP011377__SITE01,184,184,1,0.0108695652173913,1,0.0108695652173913,0.989130434782609,0.000934905892989237,7,7,92,TRUE,TRUE,TRUE
3L,CMgam,AGAP011377__SITE01,594,594,1,0.0252525252525253,1,0.0252525252525253,0.974747474747475,0.00272401465491789,7,7,297,TRUE,TRUE,TRUE
3L,CIcol,AGAP011377__SITE01,142,142,1,0.183098591549296,1,0.183098591549296,0.816901408450704,0.0130063910714748,7,7,71,TRUE,TRUE,TRUE
3L,FRgam,AGAP011377__SITE01,48,48,1,0,1,0,1,0,7,7,24,TRUE,TRUE,FALSE
3L,GAgam,AGAP011377__SITE01,138,138,1,0.0144927536231884,1,0.0144927536231884,0.985507246376812,0.00124197510570486,7,7,69,TRUE,TRUE,TRUE
3L,GHcol,AGAP011377__SITE01,110,110,1,0.181818181818182,1,0.181818181818182,0.818181818181818,0.0129356809198706,7,7,55,TRUE,TRUE,TRUE
3L,GHgam,AGAP011377__SITE01,24,24,1,0,1,0,1,0,7,7,12,FALSE,TRUE,FALSE
3L,GNgam,AGAP011377__SITE01,80,80,1,0.0375,1,0.0375,0.9625,0.00313858695652174,7,7,40,TRUE,TRUE,TRUE
3L,UGgam,AGAP011377__SITE01,224,224,1,0.0133928571428571,1,0.0133928571428571,0.986607142857143,0.00268446373114463,7,7,112,TRUE,TRUE,TRUE
3L,AOcol,AGAP011377__SITE02,156,156,1,0.102564102564103,1,0.102564102564103,0.897435897435897,0.0325872566675242,9,9,78,TRUE,TRUE,TRUE
3L,BFcol,AGAP011377__SITE02,150,150,1,0.133333333333333,0.993333333333333,0.133333333333333,0.866666666666667,0.0289584541062802,9,9,75,TRUE,TRUE,TRUE
3L,BFgam,AGAP011377__SITE02,184,184,1,0.228260869565217,0.945652173913043,0.228260869565217,0.771739130434783,0.0387831840223556,9,9,92,TRUE,TRUE,TRUE
3L,CMgam,AGAP011377__SITE02,594,594,1,0.212121212121212,0.912457912457912,0.212121212121212,0.787878787878788,0.0381468025297626,9,9,297,TRUE,TRUE,TRUE
3L,CIcol,AGAP011377__SITE02,142,142,1,0.133802816901408,1,0.133802816901408,0.866197183098592,0.0273884581216632,9,9,71,TRUE,TRUE,TRUE
3L,FRgam,AGAP011377__SITE02,48,48,1,0,0.729166666666667,0,1,0.0171724033816425,9,9,24,TRUE,TRUE,FALSE
3L,GAgam,AGAP011377__SITE02,138,138,1,0.289855072463768,1,0.289855072463768,0.710144927536232,0.0442225327159987,9,9,69,TRUE,TRUE,TRUE
3L,GHcol,AGAP011377__SITE02,110,110,1,0.172727272727273,1,0.172727272727273,0.827272727272727,0.0300323392022997,9,9,55,TRUE,TRUE,TRUE
3L,GHgam,AGAP011377__SITE02,24,24,1,0.125,1,0.125,0.875,0.0190217391304348,9,9,12,FALSE,TRUE,FALSE
3L,GNgam,AGAP011377__SITE02,80,80,1,0.225,0.9375,0.225,0.775,0.0385597826086956,9,9,40,TRUE,TRUE,TRUE
3L,UGgam,AGAP011377__SITE02,224,224,1,0.169642857142857,0.924107142857143,0.169642857142857,0.830357142857143,0.0321217141748004,9,9,112,TRUE,TRUE,TRUE
3L,AOcol,AGAP011377__SITE03,156,156,1,0.173076923076923,1,0.173076923076923,0.826923076923077,0.0124453305891433,8,8,78,TRUE,TRUE,TRUE
3L,BFcol,AGAP011377__SITE03,150,150,1,0.273333333333333,1,0.273333333333333,0.726666666666667,0.0361932367149758,8,8,75,TRUE,TRUE,TRUE
3L,BFgam,AGAP011377__SITE03,184,184,1,0.5,1,0.5,0.418478260869565,0.0293545039861922,8,8,92,TRUE,TRUE,TRUE
3L,CMgam,AGAP011377__SITE03,594,594,1,0.452861952861953,1,0.452861952861953,0.483164983164983,0.0276741454460676,8,8,297,TRUE,TRUE,TRUE
3L,CIcol,AGAP011377__SITE03,142,142,1,0.21830985915493,1,0.21830985915493,0.78169014084507,0.02745314507991,8,8,71,TRUE,TRUE,TRUE
3L,FRgam,AGAP011377__SITE03,48,48,1,0.708333333333333,1,0.708333333333333,0.291666666666667,0.0179649758454106,8,8,24,TRUE,TRUE,FALSE
3L,GAgam,AGAP011377__SITE03,138,138,1,0.427536231884058,1,0.427536231884058,0.557971014492754,0.022688876103851,8,8,69,TRUE,TRUE,TRUE
3L,GHcol,AGAP011377__SITE03,110,110,1,0.409090909090909,1,0.409090909090909,0.590909090909091,0.0314624505928854,8,8,55,TRUE,TRUE,TRUE
3L,GHgam,AGAP011377__SITE03,24,24,1,0.333333333333333,1,0.333333333333333,0.541666666666667,0.0317028985507246,8,8,12,FALSE,TRUE,FALSE
3L,GNgam,AGAP011377__SITE03,80,80,1,0.425,1,0.425,0.5,0.0291983695652174,8,8,40,TRUE,TRUE,TRUE
3L,UGgam,AGAP011377__SITE03,224,224,1,0.477678571428571,1,0.477678571428571,0.482142857142857,0.025158398957409,8,8,112,TRUE,TRUE,TRUE
3L,AOcol,AGAP011377__SITE04,156,156,1,0.967948717948718,1,0.967948717948718,0.0320512820512821,0.00269773890175228,7,7,78,TRUE,TRUE,TRUE
3L,BFcol,AGAP011377__SITE04,150,150,1,0.946666666666667,1,0.946666666666667,0.0533333333333333,0.00439033816425121,7,7,75,TRUE,TRUE,TRUE
3L,BFgam,AGAP011377__SITE04,184,184,1,0.826086956521739,0.994565217391304,0.831521739130435,0.16304347826087,0.0128061559957261,7,7,92,TRUE,TRUE,TRUE
3L,CMgam,AGAP011377__SITE04,594,594,1,0.82996632996633,1,0.82996632996633,0.164983164983165,0.0124173960361927,7,7,297,TRUE,TRUE,TRUE
3L,CIcol,AGAP011377__SITE04,142,142,1,0.985915492957746,1,0.985915492957746,0.0140845070422535,0.00120748988727219,7,7,71,TRUE,TRUE,TRUE
3L,FRgam,AGAP011377__SITE04,48,48,1,0.979166666666667,1,0.979166666666667,0.0208333333333333,0.00177385265700483,7,7,24,TRUE,TRUE,FALSE
3L,GAgam,AGAP011377__SITE04,138,138,1,0.840579710144928,1,0.840579710144928,0.159420289855072,0.011652648785878,7,7,69,TRUE,TRUE,TRUE
3L,GHcol,AGAP011377__SITE04,110,110,1,0.918181818181818,1,0.918181818181818,0.0636363636363636,0.00673374056773266,7,7,55,TRUE,TRUE,TRUE
3L,GHgam,AGAP011377__SITE04,24,24,1,0.791666666666667,1,0.791666666666667,0.208333333333333,0.0143417874396135,7,7,12,FALSE,TRUE,FALSE
3L,GNgam,AGAP011377__SITE04,80,80,1,0.7625,1,0.7625,0.2125,0.0166983695652174,7,7,40,TRUE,TRUE,TRUE
3L,UGgam,AGAP011377__SITE04,224,224,1,0.866071428571429,1,0.866071428571429,0.125,0.0102838010204082,7,7,112,TRUE,TRUE,TRUE
3L,AOcol,AGAP011377__SITE05,156,156,1,1,1,1,0,0,5,5,78,TRUE,TRUE,TRUE
3L,BFcol,AGAP011377__SITE05,150,150,1,0.986666666666667,1,0.986666666666667,0.00666666666666667,0.00115169082125604,5,5,75,TRUE,TRUE,TRUE
3L,BFgam,AGAP011377__SITE05,184,184,1,0.972826086956522,0.972826086956522,1,0.0271739130434783,0.00229873839072902,5,5,92,TRUE,TRUE,TRUE
3L,CMgam,AGAP011377__SITE05,594,594,1,0.956228956228956,0.95959595959596,0.996632996632997,0.0404040404040404,0.0036632365720347,5,5,297,TRUE,TRUE,TRUE
3L,CIcol,AGAP011377__SITE05,142,142,1,0.992957746478873,0.992957746478873,1,0.00704225352112676,0.000608057407519212,5,5,71,TRUE,TRUE,TRUE
3L,FRgam,AGAP011377__SITE05,48,48,1,1,1,1,0,0,5,5,24,TRUE,TRUE,FALSE
3L,GAgam,AGAP011377__SITE05,138,138,1,0.985507246376812,0.985507246376812,1,0.0144927536231884,0.00124197510570487,5,5,69,TRUE,TRUE,TRUE
3L,GHcol,AGAP011377__SITE05,110,110,1,0.990909090909091,0.990909090909091,1,0.00909090909090909,0.000783327344592167,5,5,55,TRUE,TRUE,TRUE
3L,GHgam,AGAP011377__SITE05,24,24,1,0.958333333333333,0.958333333333333,1,0.0416666666666667,0.00347222222222222,5,5,12,FALSE,TRUE,FALSE
3L,GNgam,AGAP011377__SITE05,80,80,1,0.95,0.95,1,0.05,0.0041304347826087,5,5,40,TRUE,TRUE,TRUE
3L,UGgam,AGAP011377__SITE05,224,224,1,0.870535714285714,0.875,0.995535714285714,0.125,0.00989733529281278,5,5,112,TRUE,TRUE,TRUE
2R,AOcol,AGAP004050__SITE01,156,156,1,1,1,1,0,0,0,0,78,TRUE,TRUE,TRUE
2R,BFcol,AGAP004050__SITE01,150,150,1,1,1,1,0,0,0,0,75,TRUE,TRUE,TRUE
2R,BFgam,AGAP004050__SITE01,184,184,1,1,1,1,0,0,0,0,92,TRUE,TRUE,TRUE
2R,CMgam,AGAP004050__SITE01,594,594,1,1,1,1,0,0,0,0,297,TRUE,TRUE,TRUE
2R,CIcol,AGAP004050__SITE01,142,142,1,1,1,1,0,0,0,0,71,TRUE,TRUE,TRUE
2R,FRgam,AGAP004050__SITE01,48,48,1,1,1,1,0,0,0,0,24,TRUE,TRUE,FALSE
2R,GAgam,AGAP004050__SITE01,138,138,1,1,1,1,0,0,0,0,69,TRUE,TRUE,TRUE
2R,GHcol,AGAP004050__SITE01,110,110,1,1,1,1,0,0,0,0,55,TRUE,TRUE,TRUE
2R,GHgam,AGAP004050__SITE01,24,24,1,1,1,1,0,0,0,0,12,FALSE,TRUE,FALSE
2R,GNgam,AGAP004050__SITE01,80,80,1,1,1,1,0,0,0,0,40,TRUE,TRUE,TRUE
2R,UGgam,AGAP004050__SITE01,224,224,1,1,1,1,0,0,0,0,112,TRUE,TRUE,TRUE
2R,AOcol,AGAP004050__SITE02,156,156,1,1,1,1,0,0,0,0,78,TRUE,TRUE,TRUE
2R,BFcol,AGAP004050__SITE02,150,150,1,1,1,1,0,0,0,0,75,TRUE,TRUE,TRUE
2R,BFgam,AGAP004050__SITE02,184,184,1,1,1,1,0,0,0,0,92,TRUE,TRUE,TRUE
2R,CMgam,AGAP004050__SITE02,594,594,1,1,1,1,0,0,0,0,297,TRUE,TRUE,TRUE
2R,CIcol,AGAP004050__SITE02,142,142,1,1,1,1,0,0,0,0,71,TRUE,TRUE,TRUE
2R,FRgam,AGAP004050__SITE02,48,48,1,1,1,1,0,0,0,0,24,TRUE,TRUE,FALSE
2R,GAgam,AGAP004050__SITE02,138,138,1,1,1,1,0,0,0,0,69,TRUE,TRUE,TRUE
2R,GHcol,AGAP004050__SITE02,110,110,1,1,1,1,0,0,0,0,55,TRUE,TRUE,TRUE
2R,GHgam,AGAP004050__SITE02,24,24,1,1,1,1,0,0,0,0,12,FALSE,TRUE,FALSE
2R,GNgam,AGAP004050__SITE02,80,80,1,1,1,1,0,0,0,0,40,TRUE,TRUE,TRUE
2R,UGgam,AGAP004050__SITE02,224,224,1,1,1,1,0,0,0,0,112,TRUE,TRUE,TRUE
2R,AOcol,AGAP004050__SITE03,156,156,1,1,1,1,0,0,3,3,78,TRUE,TRUE,TRUE
2R,BFcol,AGAP004050__SITE03,150,150,1,0.993333333333333,1,0.993333333333333,0.00666666666666667,0.000575845410628019,3,3,75,TRUE,TRUE,TRUE
2R,BFgam,AGAP004050__SITE03,184,184,1,0.885869565217391,0.945652173913043,0.885869565217391,0.114130434782609,0.0132607668283061,3,3,92,TRUE,TRUE,TRUE
2R,CMgam,AGAP004050__SITE03,594,594,1,0.86026936026936,0.954545454545455,0.86026936026936,0.13973063973064,0.0142256015481019,3,3,297,TRUE,TRUE,TRUE
2R,CIcol,AGAP004050__SITE03,142,142,1,1,1,1,0,0,3,3,71,TRUE,TRUE,TRUE
2R,FRgam,AGAP004050__SITE03,48,48,1,1,1,1,0,0,3,3,24,TRUE,TRUE,FALSE
2R,GAgam,AGAP004050__SITE03,138,138,1,0.927536231884058,0.949275362318841,0.927536231884058,0.072463768115942,0.0100316886295353,3,3,69,TRUE,TRUE,TRUE
2R,GHcol,AGAP004050__SITE03,110,110,1,0.981818181818182,1,0.981818181818182,0.0181818181818182,0.00155228171038448,3,3,55,TRUE,TRUE,TRUE
2R,GHgam,AGAP004050__SITE03,24,24,1,0.791666666666667,0.791666666666667,0.791666666666667,0.208333333333333,0.0286835748792271,3,3,12,FALSE,TRUE,FALSE
2R,GNgam,AGAP004050__SITE03,80,80,1,0.8125,0.85,0.8125,0.1875,0.0243342391304348,3,3,40,TRUE,TRUE,TRUE
2R,UGgam,AGAP004050__SITE03,224,224,1,0.866071428571429,0.897321428571429,0.866071428571429,0.133928571428571,0.0180980340505768,3,3,112,TRUE,TRUE,TRUE
2R,AOcol,AGAP004050__SITE04,156,156,1,1,1,1,0,0,2,2,78,TRUE,TRUE,TRUE
2R,BFcol,AGAP004050__SITE04,150,150,1,0.993333333333333,1,0.993333333333333,0.00666666666666667,0.000575845410628019,2,2,75,TRUE,TRUE,TRUE
2R,BFgam,AGAP004050__SITE04,184,184,1,0.885869565217391,1,0.885869565217391,0.114130434782609,0.0087917111859949,2,2,92,TRUE,TRUE,TRUE
2R,CMgam,AGAP004050__SITE04,594,594,1,0.86026936026936,1,0.86026936026936,0.13973063973064,0.0104526946131396,2,2,297,TRUE,TRUE,TRUE
2R,CIcol,AGAP004050__SITE04,142,142,1,1,1,1,0,0,2,2,71,TRUE,TRUE,TRUE
2R,FRgam,AGAP004050__SITE04,48,48,1,1,1,1,0,0,2,2,24,TRUE,TRUE,FALSE
2R,GAgam,AGAP004050__SITE04,138,138,1,0.927536231884058,1,0.927536231884058,0.072463768115942,0.00584458873272878,2,2,69,TRUE,TRUE,TRUE
2R,GHcol,AGAP004050__SITE04,110,110,1,0.981818181818182,1,0.981818181818182,0.0181818181818182,0.00155228171038448,2,2,55,TRUE,TRUE,TRUE
2R,GHgam,AGAP004050__SITE04,24,24,1,0.791666666666667,1,0.791666666666667,0.208333333333333,0.0143417874396135,2,2,12,FALSE,TRUE,FALSE
2R,GNgam,AGAP004050__SITE04,80,80,1,0.8125,1,0.8125,0.1875,0.0132472826086957,2,2,40,TRUE,TRUE,TRUE
2R,UGgam,AGAP004050__SITE04,224,224,1,0.866071428571429,1,0.866071428571429,0.133928571428571,0.010086235581189,2,2,112,TRUE,TRUE,TRUE
2R,AOcol,AGAP004050__SITE05,156,156,1,0.653846153846154,1,0.653846153846154,0.346153846153846,0.0196809879084127,1,1,78,TRUE,TRUE,TRUE
2R,BFcol,AGAP004050__SITE05,150,150,1,0.686666666666667,1,0.686666666666667,0.313333333333333,0.0187091787439614,1,1,75,TRUE,TRUE,TRUE
2R,BFgam,AGAP004050__SITE05,184,184,1,0.478260869565217,1,0.478260869565217,0.521739130434783,0.0216980356702556,1,1,92,TRUE,TRUE,TRUE
2R,CMgam,AGAP004050__SITE05,594,594,1,0.607744107744108,1,0.607744107744108,0.392255892255892,0.0207296701953414,1,1,297,TRUE,TRUE,TRUE
2R,CIcol,AGAP004050__SITE05,142,142,1,0.633802816901409,1,0.633802816901409,0.366197183098592,0.0201823309729781,1,1,71,TRUE,TRUE,TRUE
2R,FRgam,AGAP004050__SITE05,48,48,1,0.75,1,0.75,0.25,0.016304347826087,1,1,24,TRUE,TRUE,FALSE
2R,GAgam,AGAP004050__SITE05,138,138,1,0.514492753623188,1,0.514492753623188,0.485507246376812,0.0217208660949928,1,1,69,TRUE,TRUE,TRUE
2R,GHcol,AGAP004050__SITE05,110,110,1,0.790909090909091,1,0.790909090909091,0.209090909090909,0.0143801652892562,1,1,55,TRUE,TRUE,TRUE
2R,GHgam,AGAP004050__SITE05,24,24,1,0.416666666666667,1,0.416666666666667,0.583333333333333,0.0211352657004831,1,1,12,FALSE,TRUE,FALSE
2R,GNgam,AGAP004050__SITE05,80,80,1,0.5375,1,0.5375,0.4625,0.021616847826087,1,1,40,TRUE,TRUE,TRUE
2R,UGgam,AGAP004050__SITE05,224,224,1,0.620535714285714,1,0.620535714285714,0.379464285714286,0.0204757514418811,1,1,112,TRUE,TRUE,TRUE
3R,AOcol,AGAP028779__SITE01,156,156,1,1,1,1,0,0,3,3,78,TRUE,TRUE,TRUE
3R,BFcol,AGAP028779__SITE01,150,150,1,1,1,1,0,0,3,3,75,TRUE,TRUE,TRUE
3R,BFgam,AGAP028779__SITE01,184,184,1,0.929347826086957,1,0.929347826086957,0.0706521739130435,0.00570960384646996,3,3,92,TRUE,TRUE,TRUE
3R,CMgam,AGAP028779__SITE01,594,594,1,0.914141414141414,1,0.914141414141414,0.0841750841750842,0.00684959190302478,3,3,297,TRUE,TRUE,TRUE
3R,CIcol,AGAP028779__SITE01,142,142,1,0.992957746478873,1,0.992957746478873,0.00704225352112676,0.000608057407519212,3,3,71,TRUE,TRUE,TRUE
3R,FRgam,AGAP028779__SITE01,48,48,1,0.708333333333333,1,0.708333333333333,0.166666666666667,0.0215881642512077,3,3,24,TRUE,TRUE,FALSE
3R,GAgam,AGAP028779__SITE01,138,138,1,0.992753623188406,1,0.992753623188406,0.0072463768115942,0.000625553637799878,3,3,69,TRUE,TRUE,TRUE
3R,GHcol,AGAP028779__SITE01,110,110,1,1,1,1,0,0,3,3,55,TRUE,TRUE,TRUE
3R,GHgam,AGAP028779__SITE01,24,24,1,0.833333333333333,1,0.833333333333333,0.166666666666667,0.0120772946859903,3,3,12,FALSE,TRUE,FALSE
3R,GNgam,AGAP028779__SITE01,80,80,1,0.95,1,0.95,0.05,0.0041304347826087,3,3,40,TRUE,TRUE,TRUE
3R,UGgam,AGAP028779__SITE01,224,224,1,0.96875,1,0.96875,0.03125,0.00263247282608696,3,3,112,TRUE,TRUE,TRUE
3R,AOcol,AGAP028779__SITE02,156,156,1,1,1,1,0,0,3,3,78,TRUE,TRUE,TRUE
3R,BFcol,AGAP028779__SITE02,150,150,1,1,1,1,0,0,3,3,75,TRUE,TRUE,TRUE
3R,BFgam,AGAP028779__SITE02,184,184,1,0.929347826086957,1,0.929347826086957,0.0706521739130435,0.00570960384646996,3,3,92,TRUE,TRUE,TRUE
3R,CMgam,AGAP028779__SITE02,594,594,1,0.914141414141414,1,0.914141414141414,0.0841750841750842,0.00684959190302478,3,3,297,TRUE,TRUE,TRUE
3R,CIcol,AGAP028779__SITE02,142,142,1,0.992957746478873,1,0.992957746478873,0.00704225352112676,0.000608057407519212,3,3,71,TRUE,TRUE,TRUE
3R,FRgam,AGAP028779__SITE02,48,48,1,0.708333333333333,1,0.708333333333333,0.166666666666667,0.0215881642512077,3,3,24,TRUE,TRUE,FALSE
3R,GAgam,AGAP028779__SITE02,138,138,1,0.992753623188406,1,0.992753623188406,0.0072463768115942,0.000625553637799878,3,3,69,TRUE,TRUE,TRUE
3R,GHcol,AGAP028779__SITE02,110,110,1,1,1,1,0,0,3,3,55,TRUE,TRUE,TRUE
3R,GHgam,AGAP028779__SITE02,24,24,1,0.833333333333333,1,0.833333333333333,0.166666666666667,0.0120772946859903,3,3,12,FALSE,TRUE,FALSE
3R,GNgam,AGAP028779__SITE02,80,80,1,0.95,1,0.95,0.05,0.0041304347826087,3,3,40,TRUE,TRUE,TRUE
3R,UGgam,AGAP028779__SITE02,224,224,1,0.96875,1,0.96875,0.03125,0.00263247282608696,3,3,112,TRUE,TRUE,TRUE
3R,AOcol,AGAP028779__SITE03,156,156,1,1,1,1,0,0,3,3,78,TRUE,TRUE,TRUE
3R,BFcol,AGAP028779__SITE03,150,150,1,1,1,1,0,0,3,3,75,TRUE,TRUE,TRUE
3R,BFgam,AGAP028779__SITE03,184,184,1,0.929347826086957,1,0.929347826086957,0.0706521739130435,0.00570960384646996,3,3,92,TRUE,TRUE,TRUE
3R,CMgam,AGAP028779__SITE03,594,594,1,0.914141414141414,1,0.914141414141414,0.0841750841750842,0.00684959190302478,3,3,297,TRUE,TRUE,TRUE
3R,CIcol,AGAP028779__SITE03,142,142,1,0.992957746478873,1,0.992957746478873,0.00704225352112676,0.000608057407519212,3,3,71,TRUE,TRUE,TRUE
3R,FRgam,AGAP028779__SITE03,48,48,1,0.708333333333333,1,0.708333333333333,0.166666666666667,0.0215881642512077,3,3,24,TRUE,TRUE,FALSE
3R,GAgam,AGAP028779__SITE03,138,138,1,0.992753623188406,1,0.992753623188406,0.0072463768115942,0.000625553637799878,3,3,69,TRUE,TRUE,TRUE
3R,GHcol,AGAP028779__SITE03,110,110,1,1,1,1,0,0,3,3,55,TRUE,TRUE,TRUE
3R,GHgam,AGAP028779__SITE03,24,24,1,0.833333333333333,1,0.833333333333333,0.166666666666667,0.0120772946859903,3,3,12,FALSE,TRUE,FALSE
3R,GNgam,AGAP028779__SITE03,80,80,1,0.95,1,0.95,0.05,0.0041304347826087,3,3,40,TRUE,TRUE,TRUE
3R,UGgam,AGAP028779__SITE03,224,224,1,0.96875,1,0.96875,0.03125,0.00263247282608696,3,3,112,TRUE,TRUE,TRUE
3R,AOcol,AGAP028779__SITE04,156,156,1,1,1,1,0,0,1,1,78,TRUE,TRUE,TRUE
3R,BFcol,AGAP028779__SITE04,150,150,1,1,1,1,0,0,1,1,75,TRUE,TRUE,TRUE
3R,BFgam,AGAP028779__SITE04,184,184,1,1,1,1,0,0,1,1,92,TRUE,TRUE,TRUE
3R,CMgam,AGAP028779__SITE04,594,594,1,0.998316498316498,1,0.998316498316498,0.00168350168350168,0.000146145000485507,1,1,297,TRUE,TRUE,TRUE
3R,CIcol,AGAP028779__SITE04,142,142,1,1,1,1,0,0,1,1,71,TRUE,TRUE,TRUE
3R,FRgam,AGAP028779__SITE04,48,48,1,1,1,1,0,0,1,1,24,TRUE,TRUE,FALSE
3R,GAgam,AGAP028779__SITE04,138,138,1,1,1,1,0,0,1,1,69,TRUE,TRUE,TRUE
3R,GHcol,AGAP028779__SITE04,110,110,1,1,1,1,0,0,1,1,55,TRUE,TRUE,TRUE
3R,GHgam,AGAP028779__SITE04,24,24,1,1,1,1,0,0,1,1,12,FALSE,TRUE,FALSE
3R,GNgam,AGAP028779__SITE04,80,80,1,1,1,1,0,0,1,1,40,TRUE,TRUE,TRUE
3R,UGgam,AGAP028779__SITE04,224,224,1,1,1,1,0,0,1,1,112,TRUE,TRUE,TRUE
3R,AOcol,AGAP028779__SITE05,156,156,1,1,1,1,0,0,1,1,78,TRUE,TRUE,TRUE
3R,BFcol,AGAP028779__SITE05,150,150,1,1,1,1,0,0,1,1,75,TRUE,TRUE,TRUE
3R,BFgam,AGAP028779__SITE05,184,184,1,1,1,1,0,0,1,1,92,TRUE,TRUE,TRUE
3R,CMgam,AGAP028779__SITE05,594,594,1,0.998316498316498,1,0.998316498316498,0.00168350168350168,0.000146145000485507,1,1,297,TRUE,TRUE,TRUE
3R,CIcol,AGAP028779__SITE05,142,142,1,1,1,1,0,0,1,1,71,TRUE,TRUE,TRUE
3R,FRgam,AGAP028779__SITE05,48,48,1,1,1,1,0,0,1,1,24,TRUE,TRUE,FALSE
3R,GAgam,AGAP028779__SITE05,138,138,1,1,1,1,0,0,1,1,69,TRUE,TRUE,TRUE
3R,GHcol,AGAP028779__SITE05,110,110,1,1,1,1,0,0,1,1,55,TRUE,TRUE,TRUE
3R,GHgam,AGAP028779__SITE05,24,24,1,1,1,1,0,0,1,1,12,FALSE,TRUE,FALSE
3R,GNgam,AGAP028779__SITE05,80,80,1,1,1,1,0,0,1,1,40,TRUE,TRUE,TRUE
3R,UGgam,AGAP028779__SITE05,224,224,1,1,1,1,0,0,1,1,112,TRUE,TRUE,TRUE
