gene_id,portfolio_size,portfolio_site_ids,n_sites_callable,portfolio_span_bp,global_at_least_one_intact_fraction,population_q10_at_least_one_intact,population_breadth_ge_0_95,global_all_targets_intact_fraction,populations_assessed,multiplex_robustness_score,portfolio_rank_within_gene_size
AGAP000099,2,AGAP000099__SITE03;AGAP000099__SITE04,2,97,1,1,1,0.983021077283372,9,1,1
AGAP000099,2,AGAP000099__SITE04;AGAP000099__SITE05,2,165,1,1,1,0.992388758782201,9,1,2
AGAP000099,2,AGAP000099__SITE03;AGAP000099__SITE05,2,239,1,1,1,0.981264637002342,9,1,3
AGAP000099,2,AGAP000099__SITE02;AGAP000099__SITE03,2,316,1,1,1,0.968969555035129,9,1,4
AGAP000099,2,AGAP000099__SITE01;AGAP000099__SITE03,2,321,1,1,1,0.968969555035129,9,1,5
AGAP000099,2,AGAP000099__SITE02;AGAP000099__SITE04,2,390,1,1,1,0.980093676814988,9,1,6
AGAP000099,2,AGAP000099__SITE01;AGAP000099__SITE04,2,395,1,1,1,0.980093676814988,9,1,7
AGAP000099,2,AGAP000099__SITE02;AGAP000099__SITE05,2,532,1,1,1,0.978337236533958,9,1,8
AGAP000099,2,AGAP000099__SITE01;AGAP000099__SITE05,2,537,1,1,1,0.978337236533958,9,1,9
AGAP000099,2,AGAP000099__SITE01;AGAP000099__SITE02,2,28,0.983021077283372,0.962549751243781,1,0.983021077283372,9,0.978577571743158,10
AGAP000099,3,AGAP000099__SITE03;AGAP000099__SITE04;AGAP000099__SITE05,3,239,1,1,1,0.978337236533958,9,1,1
AGAP000099,3,AGAP000099__SITE01;AGAP000099__SITE02;AGAP000099__SITE03,3,321,1,1,1,0.968969555035129,9,1,2
AGAP000099,3,AGAP000099__SITE02;AGAP000099__SITE03;AGAP000099__SITE04,3,390,1,1,1,0.966042154566745,9,1,3
AGAP000099,3,AGAP000099__SITE01;AGAP000099__SITE02;AGAP000099__SITE04,3,395,1,1,1,0.980093676814988,9,1,4
AGAP000099,3,AGAP000099__SITE01;AGAP000099__SITE03;AGAP000099__SITE04,3,395,1,1,1,0.966042154566745,9,1,5
AGAP000099,3,AGAP000099__SITE02;AGAP000099__SITE03;AGAP000099__SITE05,3,532,1,1,1,0.964285714285714,9,1,6
AGAP000099,3,AGAP000099__SITE02;AGAP000099__SITE04;AGAP000099__SITE05,3,532,1,1,1,0.975409836065574,9,1,7
AGAP000099,3,AGAP000099__SITE01;AGAP000099__SITE02;AGAP000099__SITE05,3,537,1,1,1,0.978337236533958,9,1,8
AGAP000099,3,AGAP000099__SITE01;AGAP000099__SITE03;AGAP000099__SITE05,3,537,1,1,1,0.964285714285714,9,1,9
AGAP000099,3,AGAP000099__SITE01;AGAP000099__SITE04;AGAP000099__SITE05,3,537,1,1,1,0.975409836065574,9,1,10
AGAP000399,2,AGAP000399__SITE04;AGAP000399__SITE05,2,370,1,1,1,0.991217798594848,9,1,1
AGAP000399,2,AGAP000399__SITE03;AGAP000399__SITE05,2,448,1,1,1,0.984777517564403,9,1,2
AGAP000399,2,AGAP000399__SITE02;AGAP000399__SITE03,2,656,1,1,1,0.988290398126464,9,1,3
AGAP000399,2,AGAP000399__SITE02;AGAP000399__SITE04,2,734,1,1,1,0.994730679156909,9,1,4
AGAP000399,2,AGAP000399__SITE02;AGAP000399__SITE05,2,1081,1,1,1,0.995316159250585,9,1,5
AGAP000399,2,AGAP000399__SITE01;AGAP000399__SITE02,2,7465,1,1,1,0.986533957845433,9,1,6
AGAP000399,2,AGAP000399__SITE01;AGAP000399__SITE03,2,8098,1,1,1,0.975995316159251,9,1,7
AGAP000399,2,AGAP000399__SITE01;AGAP000399__SITE04,2,8176,1,1,1,0.982435597189695,9,1,8
AGAP000399,2,AGAP000399__SITE01;AGAP000399__SITE05,2,8523,1,1,1,0.983021077283372,9,1,9
AGAP000399,2,AGAP000399__SITE03;AGAP000399__SITE04,2,101,0.999414519906323,0.998550724637681,1,0.984777517564403,9,0.999213929335098,10
AGAP000399,3,AGAP000399__SITE03;AGAP000399__SITE04;AGAP000399__SITE05,3,448,1,1,1,0.980679156908665,9,1,1
AGAP000399,3,AGAP000399__SITE02;AGAP000399__SITE03;AGAP000399__SITE04,3,734,1,1,1,0.984192037470726,9,1,2
AGAP000399,3,AGAP000399__SITE02;AGAP000399__SITE03;AGAP000399__SITE05,3,1081,1,1,1,0.984192037470726,9,1,3
AGAP000399,3,AGAP000399__SITE02;AGAP000399__SITE04;AGAP000399__SITE05,3,1081,1,1,1,0.990632318501171,9,1,4
AGAP000399,3,AGAP000399__SITE01;AGAP000399__SITE02;AGAP000399__SITE03,3,8098,1,1,1,0.975409836065574,9,1,5
AGAP000399,3,AGAP000399__SITE01;AGAP000399__SITE02;AGAP000399__SITE04,3,8176,1,1,1,0.981850117096019,9,1,6
AGAP000399,3,AGAP000399__SITE01;AGAP000399__SITE03;AGAP000399__SITE04,3,8176,1,1,1,0.971896955503513,9,1,7
AGAP000399,3,AGAP000399__SITE01;AGAP000399__SITE02;AGAP000399__SITE05,3,8523,1,1,1,0.982435597189695,9,1,8
AGAP000399,3,AGAP000399__SITE01;AGAP000399__SITE03;AGAP000399__SITE05,3,8523,1,1,1,0.971896955503513,9,1,9
AGAP000399,3,AGAP000399__SITE01;AGAP000399__SITE04;AGAP000399__SITE05,3,8523,1,1,1,0.978337236533958,9,1,10
AGAP000627,2,AGAP000627__SITE04;AGAP000627__SITE05,2,64,1,1,1,0.995901639344262,9,1,1
AGAP000627,2,AGAP000627__SITE03;AGAP000627__SITE05,2,65,1,1,1,0.995316159250585,9,1,2
AGAP000627,2,AGAP000627__SITE02;AGAP000627__SITE05,2,68,1,1,1,0.997072599531616,9,1,3
AGAP000627,2,AGAP000627__SITE01;AGAP000627__SITE05,2,70,1,1,1,0.997072599531616,9,1,4
AGAP000627,2,AGAP000627__SITE02;AGAP000627__SITE04,2,27,0.999414519906323,0.998550724637681,1,0.997072599531616,9,0.999213929335098,5
AGAP000627,2,AGAP000627__SITE01;AGAP000627__SITE04,2,29,0.999414519906323,0.998550724637681,1,0.997072599531616,9,0.999213929335098,6
AGAP000627,2,AGAP000627__SITE01;AGAP000627__SITE02,2,25,0.998829039812646,0.997101449275362,1,0.998829039812646,9,0.998427858670196,7
AGAP000627,2,AGAP000627__SITE02;AGAP000627__SITE03,2,26,0.998829039812646,0.997101449275362,1,0.997072599531616,9,0.998427858670196,8
AGAP000627,2,AGAP000627__SITE01;AGAP000627__SITE03,2,28,0.998829039812646,0.997101449275362,1,0.997072599531616,9,0.998427858670196,9
AGAP000627,2,AGAP000627__SITE03;AGAP000627__SITE04,2,24,0.997658079625293,0.993336886993603,1,0.997072599531616,9,0.996595913873257,10
AGAP000627,3,AGAP000627__SITE03;AGAP000627__SITE04;AGAP000627__SITE05,3,65,1,1,1,0.995316159250585,9,1,1
AGAP000627,3,AGAP000627__SITE02;AGAP000627__SITE03;AGAP000627__SITE05,3,68,1,1,1,0.995316159250585,9,1,2
AGAP000627,3,AGAP000627__SITE02;AGAP000627__SITE04;AGAP000627__SITE05,3,68,1,1,1,0.995316159250585,9,1,3
AGAP000627,3,AGAP000627__SITE01;AGAP000627__SITE02;AGAP000627__SITE05,3,70,1,1,1,0.997072599531616,9,1,4
AGAP000627,3,AGAP000627__SITE01;AGAP000627__SITE03;AGAP000627__SITE05,3,70,1,1,1,0.995316159250585,9,1,5
AGAP000627,3,AGAP000627__SITE01;AGAP000627__SITE04;AGAP000627__SITE05,3,70,1,1,1,0.995316159250585,9,1,6
AGAP000627,3,AGAP000627__SITE02;AGAP000627__SITE03;AGAP000627__SITE04,3,27,0.999414519906323,0.998550724637681,1,0.997072599531616,9,0.999213929335098,7
AGAP000627,3,AGAP000627__SITE01;AGAP000627__SITE02;AGAP000627__SITE04,3,29,0.999414519906323,0.998550724637681,1,0.997072599531616,9,0.999213929335098,8
AGAP000627,3,AGAP000627__SITE01;AGAP000627__SITE03;AGAP000627__SITE04,3,29,0.999414519906323,0.998550724637681,1,0.997072599531616,9,0.999213929335098,9
AGAP000627,3,AGAP000627__SITE01;AGAP000627__SITE02;AGAP000627__SITE03,3,28,0.998829039812646,0.997101449275362,1,0.997072599531616,9,0.998427858670196,10
AGAP000999,2,AGAP000999__SITE01;AGAP000999__SITE02,2,35,0.992388758782201,0.951410425323469,0.888888888888889,0.988875878220141,9,0.96974527175525,1
AGAP001015,2,AGAP001015__SITE03;AGAP001015__SITE04,2,343,1,1,1,0.958430913348946,9,1,1
AGAP001015,2,AGAP001015__SITE04;AGAP001015__SITE05,2,579,1,1,1,0.964871194379391,9,1,2
AGAP001015,2,AGAP001015__SITE02;AGAP001015__SITE03,2,638,1,1,1,0.990046838407494,9,1,3
AGAP001015,2,AGAP001015__SITE01;AGAP001015__SITE03,2,646,1,1,1,0.978922716627635,9,1,4
AGAP001015,2,AGAP001015__SITE03;AGAP001015__SITE05,2,899,1,1,1,0.992388758782201,9,1,5
AGAP001015,2,AGAP001015__SITE02;AGAP001015__SITE04,2,958,1,1,1,0.962529274004684,9,1,6
AGAP001015,2,AGAP001015__SITE02;AGAP001015__SITE05,2,1514,1,1,1,0.996487119437939,9,1,7
AGAP001015,2,AGAP001015__SITE01;AGAP001015__SITE05,2,1522,1,1,1,0.98536299765808,9,1,8
AGAP001015,2,AGAP001015__SITE01;AGAP001015__SITE02,2,31,0.999414519906323,0.990833333333333,1,0.983606557377049,9,0.996898711943794,9
AGAP001015,2,AGAP001015__SITE01;AGAP001015__SITE04,2,966,0.988290398126464,0.905982905982906,0.888888888888889,0.963114754098361,9,0.953657999559639,10
AGAP001015,3,AGAP001015__SITE01;AGAP001015__SITE02;AGAP001015__SITE03,3,646,1,1,1,0.976580796252927,9,1,1
AGAP001015,3,AGAP001015__SITE03;AGAP001015__SITE04;AGAP001015__SITE05,3,899,1,1,1,0.957845433255269,9,1,2
AGAP001015,3,AGAP001015__SITE02;AGAP001015__SITE03;AGAP001015__SITE04,3,958,1,1,1,0.955503512880562,9,1,3
AGAP001015,3,AGAP001015__SITE01;AGAP001015__SITE02;AGAP001015__SITE04,3,966,1,1,1,0.960772833723653,9,1,4
AGAP001015,3,AGAP001015__SITE01;AGAP001015__SITE03;AGAP001015__SITE04,3,966,1,1,1,0.956088992974239,9,1,5
AGAP001015,3,AGAP001015__SITE02;AGAP001015__SITE03;AGAP001015__SITE05,3,1514,1,1,1,0.989461358313817,9,1,6
AGAP001015,3,AGAP001015__SITE02;AGAP001015__SITE04;AGAP001015__SITE05,3,1514,1,1,1,0.961943793911007,9,1,7
AGAP001015,3,AGAP001015__SITE01;AGAP001015__SITE02;AGAP001015__SITE05,3,1522,1,1,1,0.983021077283372,9,1,8
AGAP001015,3,AGAP001015__SITE01;AGAP001015__SITE03;AGAP001015__SITE05,3,1522,1,1,1,0.978337236533958,9,1,9
AGAP001015,3,AGAP001015__SITE01;AGAP001015__SITE04;AGAP001015__SITE05,3,1522,1,1,1,0.962529274004684,9,1,10
AGAP001099,2,AGAP001099__SITE03;AGAP001099__SITE04,2,155,1,1,1,0.998400852878465,10,1,1
AGAP001099,2,AGAP001099__SITE02;AGAP001099__SITE04,2,161,1,1,1,0.998400852878465,10,1,2
AGAP001099,2,AGAP001099__SITE01;AGAP001099__SITE04,2,164,1,1,1,0.997334754797441,10,1,3
AGAP001099,2,AGAP001099__SITE04;AGAP001099__SITE05,2,219,1,1,1,0.883262260127932,10,1,4
AGAP001099,2,AGAP001099__SITE03;AGAP001099__SITE05,2,351,1,1,1,0.881663113006397,10,1,5
AGAP001099,2,AGAP001099__SITE02;AGAP001099__SITE05,2,357,1,1,1,0.881663113006397,10,1,6
AGAP001099,2,AGAP001099__SITE01;AGAP001099__SITE05,2,360,1,1,1,0.880597014925373,10,1,7
AGAP001099,2,AGAP001099__SITE01;AGAP001099__SITE02,2,26,0.998933901918977,0.997867564534231,1,0.99680170575693,10,0.998720610511655,8
AGAP001099,2,AGAP001099__SITE01;AGAP001099__SITE03,2,32,0.998933901918977,0.997867564534231,1,0.99680170575693,10,0.998720610511655,9
AGAP001099,2,AGAP001099__SITE02;AGAP001099__SITE03,2,29,0.998400852878465,0.995938051146384,1,0.998400852878465,10,0.997821927070994,10
AGAP001099,3,AGAP001099__SITE02;AGAP001099__SITE03;AGAP001099__SITE04,3,161,1,1,1,0.998400852878465,10,1,1
AGAP001099,3,AGAP001099__SITE01;AGAP001099__SITE02;AGAP001099__SITE04,3,164,1,1,1,0.99680170575693,10,1,2
AGAP001099,3,AGAP001099__SITE01;AGAP001099__SITE03;AGAP001099__SITE04,3,164,1,1,1,0.99680170575693,10,1,3
AGAP001099,3,AGAP001099__SITE03;AGAP001099__SITE04;AGAP001099__SITE05,3,351,1,1,1,0.881663113006397,10,1,4
AGAP001099,3,AGAP001099__SITE02;AGAP001099__SITE03;AGAP001099__SITE05,3,357,1,1,1,0.881663113006397,10,1,5
AGAP001099,3,AGAP001099__SITE02;AGAP001099__SITE04;AGAP001099__SITE05,3,357,1,1,1,0.881663113006397,10,1,6
AGAP001099,3,AGAP001099__SITE01;AGAP001099__SITE02;AGAP001099__SITE05,3,360,1,1,1,0.880063965884861,10,1,7
AGAP001099,3,AGAP001099__SITE01;AGAP001099__SITE03;AGAP001099__SITE05,3,360,1,1,1,0.880063965884861,10,1,8
AGAP001099,3,AGAP001099__SITE01;AGAP001099__SITE04;AGAP001099__SITE05,3,360,1,1,1,0.880597014925373,10,1,9
AGAP001099,3,AGAP001099__SITE01;AGAP001099__SITE02;AGAP001099__SITE03,3,32,0.998933901918977,0.997867564534231,1,0.99680170575693,10,0.998720610511655,10
AGAP001108,2,AGAP001108__SITE01;AGAP001108__SITE02,2,56,1,1,1,0.965351812366738,10,1,1
AGAP001108,2,AGAP001108__SITE01;AGAP001108__SITE03,2,59,1,1,1,0.689232409381663,10,1,2
AGAP001108,2,AGAP001108__SITE01;AGAP001108__SITE04,2,65,1,1,1,0.689232409381663,10,1,3
AGAP001108,2,AGAP001108__SITE02;AGAP001108__SITE05,2,158,1,1,1,0.960554371002132,10,1,4
AGAP001108,2,AGAP001108__SITE01;AGAP001108__SITE05,2,191,1,1,1,0.994136460554371,10,1,5
AGAP001108,2,AGAP001108__SITE04;AGAP001108__SITE05,2,149,0.994669509594883,0.987762345679012,1,0.689765458422175,10,0.993130409460633,6
AGAP001108,2,AGAP001108__SITE03;AGAP001108__SITE05,2,155,0.994669509594883,0.987762345679012,1,0.689765458422175,10,0.993130409460633,7
AGAP001108,2,AGAP001108__SITE02;AGAP001108__SITE03,2,26,0.967484008528785,0.935500841750842,0.8,0.68816631130064,10,0.941140657642523,8
AGAP001108,2,AGAP001108__SITE02;AGAP001108__SITE04,2,32,0.967484008528785,0.935500841750842,0.8,0.68816631130064,10,0.941140657642523,9
AGAP001108,2,AGAP001108__SITE03;AGAP001108__SITE04,2,29,0.689765458422175,0.604111111111111,0,0.689765458422175,10,0.595092608386638,10
AGAP001108,3,AGAP001108__SITE01;AGAP001108__SITE02;AGAP001108__SITE03,3,59,1,1,1,0.687633262260128,10,1,1
AGAP001108,3,AGAP001108__SITE01;AGAP001108__SITE02;AGAP001108__SITE04,3,65,1,1,1,0.687633262260128,10,1,2
AGAP001108,3,AGAP001108__SITE01;AGAP001108__SITE03;AGAP001108__SITE04,3,65,1,1,1,0.689232409381663,10,1,3
AGAP001108,3,AGAP001108__SITE02;AGAP001108__SITE03;AGAP001108__SITE05,3,158,1,1,1,0.68816631130064,10,1,4
AGAP001108,3,AGAP001108__SITE02;AGAP001108__SITE04;AGAP001108__SITE05,3,158,1,1,1,0.68816631130064,10,1,5
AGAP001108,3,AGAP001108__SITE01;AGAP001108__SITE02;AGAP001108__SITE05,3,191,1,1,1,0.96002132196162,10,1,6
AGAP001108,3,AGAP001108__SITE01;AGAP001108__SITE03;AGAP001108__SITE05,3,191,1,1,1,0.689232409381663,10,1,7
AGAP001108,3,AGAP001108__SITE01;AGAP001108__SITE04;AGAP001108__SITE05,3,191,1,1,1,0.689232409381663,10,1,8
AGAP001108,3,AGAP001108__SITE03;AGAP001108__SITE04;AGAP001108__SITE05,3,155,0.994669509594883,0.987762345679012,1,0.689765458422175,10,0.993130409460633,9
AGAP001108,3,AGAP001108__SITE02;AGAP001108__SITE03;AGAP001108__SITE04,3,32,0.967484008528785,0.935500841750842,0.8,0.68816631130064,10,0.941140657642523,10
AGAP001135,2,AGAP001135__SITE01;AGAP001135__SITE03,2,164,1,1,1,0.979211087420043,10,1,1
AGAP001135,2,AGAP001135__SITE01;AGAP001135__SITE04,2,216,1,1,1,0.697228144989339,10,1,2
AGAP001135,2,AGAP001135__SITE01;AGAP001135__SITE05,2,240,1,1,1,0.886460554371002,10,1,3
AGAP001135,2,AGAP001135__SITE01;AGAP001135__SITE02,2,56,0.999466950959488,0.998933782267116,1,0.8363539445629,10,0.999360305255827,4
AGAP001135,2,AGAP001135__SITE03;AGAP001135__SITE05,2,99,0.999466950959488,0.995777777777778,1,0.872601279317697,10,0.998413503909026,5
AGAP001135,2,AGAP001135__SITE03;AGAP001135__SITE04,2,75,0.998933901918977,0.993947417316983,1,0.683901918976546,10,0.997544566346481,6
AGAP001135,2,AGAP001135__SITE02;AGAP001135__SITE03,2,131,0.998933901918977,0.993947417316983,1,0.822494669509595,10,0.997544566346481,7
AGAP001135,2,AGAP001135__SITE02;AGAP001135__SITE05,2,207,0.996268656716418,0.991609939979505,1,0.732409381663113,10,0.995244176023702,8
AGAP001135,2,AGAP001135__SITE04;AGAP001135__SITE05,2,47,0.949893390191898,0.903098591549296,0.6,0.640191897654584,10,0.900865611579927,9
AGAP001135,2,AGAP001135__SITE02;AGAP001135__SITE04,2,183,0.873667377398721,0.704162021553326,0.1,0.665778251599147,10,0.74544903290523,10
AGAP001135,3,AGAP001135__SITE03;AGAP001135__SITE04;AGAP001135__SITE05,3,99,1,1,1,0.624200426439233,10,1,1
AGAP001135,3,AGAP001135__SITE01;AGAP001135__SITE02;AGAP001135__SITE03,3,164,1,1,1,0.819829424307036,10,1,2
AGAP001135,3,AGAP001135__SITE02;AGAP001135__SITE03;AGAP001135__SITE05,3,207,1,1,1,0.716417910447761,10,1,3
AGAP001135,3,AGAP001135__SITE02;AGAP001135__SITE04;AGAP001135__SITE05,3,207,1,1,1,0.609275053304904,10,1,4
AGAP001135,3,AGAP001135__SITE01;AGAP001135__SITE02;AGAP001135__SITE04,3,216,1,1,1,0.663113006396588,10,1,5
AGAP001135,3,AGAP001135__SITE01;AGAP001135__SITE03;AGAP001135__SITE04,3,216,1,1,1,0.680703624733476,10,1,6
AGAP001135,3,AGAP001135__SITE01;AGAP001135__SITE02;AGAP001135__SITE05,3,240,1,1,1,0.729744136460554,10,1,7
AGAP001135,3,AGAP001135__SITE01;AGAP001135__SITE03;AGAP001135__SITE05,3,240,1,1,1,0.869402985074627,10,1,8
AGAP001135,3,AGAP001135__SITE01;AGAP001135__SITE04;AGAP001135__SITE05,3,240,1,1,1,0.636993603411514,10,1,9
AGAP001135,3,AGAP001135__SITE02;AGAP001135__SITE03;AGAP001135__SITE04,3,183,0.998933901918977,0.993947417316983,1,0.649253731343284,10,0.997544566346481,10
AGAP001526,2,AGAP001526__SITE03;AGAP001526__SITE04,2,231,1,1,1,0.952025586353944,10,1,1
AGAP001526,2,AGAP001526__SITE03;AGAP001526__SITE05,2,237,0.999466950959488,0.997172619047619,1,0.945628997867804,10,0.998831956289979,2
AGAP001526,2,AGAP001526__SITE01;AGAP001526__SITE02,2,48,0.998933901918977,0.997867564534231,1,0.493070362473348,10,0.998720610511655,3
AGAP001526,2,AGAP001526__SITE01;AGAP001526__SITE04,2,294,0.999466950959488,0.994242424242424,1,0.962686567164179,10,0.99795289784842,4
AGAP001526,2,AGAP001526__SITE01;AGAP001526__SITE05,2,300,0.999466950959488,0.994242424242424,1,0.955756929637527,10,0.99795289784842,5
AGAP001526,2,AGAP001526__SITE01;AGAP001526__SITE03,2,86,0.999466950959488,0.992083333333333,1,0.956289978678038,10,0.997305170575693,6
AGAP001526,2,AGAP001526__SITE02;AGAP001526__SITE04,2,269,0.99680170575693,0.994706119162641,1,0.491471215351812,10,0.99649285920295,7
AGAP001526,2,AGAP001526__SITE02;AGAP001526__SITE05,2,275,0.993603411513859,0.984763198757764,1,0.48773987206823,10,0.991591006535645,8
AGAP001526,2,AGAP001526__SITE02;AGAP001526__SITE03,2,61,0.989339019189765,0.979690255731922,1,0.492537313432836,10,0.987510488233436,9
AGAP001526,2,AGAP001526__SITE04;AGAP001526__SITE05,2,29,0.982409381663113,0.901912078531797,0.8,0.96908315565032,10,0.940019252557407,10
AGAP001526,3,AGAP001526__SITE01;AGAP001526__SITE02;AGAP001526__SITE03,3,86,1,1,1,0.477078891257996,10,1,1
AGAP001526,3,AGAP001526__SITE03;AGAP001526__SITE04;AGAP001526__SITE05,3,237,1,1,1,0.942430703624733,10,1,2
AGAP001526,3,AGAP001526__SITE02;AGAP001526__SITE03;AGAP001526__SITE04,3,269,1,1,1,0.474946695095949,10,1,3
AGAP001526,3,AGAP001526__SITE01;AGAP001526__SITE02;AGAP001526__SITE04,3,294,1,1,1,0.476012793176972,10,1,4
AGAP001526,3,AGAP001526__SITE01;AGAP001526__SITE03;AGAP001526__SITE04,3,294,1,1,1,0.936034115138593,10,1,5
AGAP001526,3,AGAP001526__SITE01;AGAP001526__SITE02;AGAP001526__SITE05,3,300,1,1,1,0.47228144989339,10,1,6
AGAP001526,3,AGAP001526__SITE01;AGAP001526__SITE03;AGAP001526__SITE05,3,300,1,1,1,0.929637526652452,10,1,7
AGAP001526,3,AGAP001526__SITE02;AGAP001526__SITE03;AGAP001526__SITE05,3,275,0.999466950959488,0.997172619047619,1,0.471215351812367,10,0.998831956289979,8
AGAP001526,3,AGAP001526__SITE01;AGAP001526__SITE04;AGAP001526__SITE05,3,300,0.999466950959488,0.994242424242424,1,0.952558635394456,10,0.99795289784842,9
AGAP001526,3,AGAP001526__SITE02;AGAP001526__SITE04;AGAP001526__SITE05,3,275,0.997334754797441,0.994921066252588,1,0.485074626865672,10,0.996877172754241,10
AGAP002004,2,AGAP002004__SITE02;AGAP002004__SITE03,2,92,1,1,1,0.979744136460554,10,1,1
AGAP002004,2,AGAP002004__SITE01;AGAP002004__SITE02,2,234,1,1,1,0.960554371002132,10,1,2
AGAP002004,2,AGAP002004__SITE02;AGAP002004__SITE04,2,285,1,1,1,0.963219616204691,10,1,3
AGAP002004,2,AGAP002004__SITE01;AGAP002004__SITE03,2,303,1,1,1,0.948827292110874,10,1,4
AGAP002004,2,AGAP002004__SITE03;AGAP002004__SITE05,2,414,1,1,1,0.946162046908315,10,1,5
AGAP002004,2,AGAP002004__SITE02;AGAP002004__SITE05,2,483,1,1,1,0.957889125799574,10,1,6
AGAP002004,2,AGAP002004__SITE01;AGAP002004__SITE04,2,496,1,1,1,0.932302771855011,10,1,7
AGAP002004,2,AGAP002004__SITE01;AGAP002004__SITE05,2,694,1,1,1,0.926972281449893,10,1,8
AGAP002004,2,AGAP002004__SITE03;AGAP002004__SITE04,2,216,0.999466950959488,0.994242424242424,1,0.952025586353944,10,0.99795289784842,9
AGAP002004,2,AGAP002004__SITE04;AGAP002004__SITE05,2,221,0.996268656716418,0.991609939979505,1,0.933368869936034,10,0.995244176023702,10
AGAP002004,3,AGAP002004__SITE02;AGAP002004__SITE03;AGAP002004__SITE04,3,285,1,1,1,0.947761194029851,10,1,1
AGAP002004,3,AGAP002004__SITE01;AGAP002004__SITE02;AGAP002004__SITE03,3,303,1,1,1,0.94456289978678,10,1,2
AGAP002004,3,AGAP002004__SITE03;AGAP002004__SITE04;AGAP002004__SITE05,3,414,1,1,1,0.917910447761194,10,1,3
AGAP002004,3,AGAP002004__SITE02;AGAP002004__SITE03;AGAP002004__SITE05,3,483,1,1,1,0.941897654584222,10,1,4
AGAP002004,3,AGAP002004__SITE02;AGAP002004__SITE04;AGAP002004__SITE05,3,483,1,1,1,0.92910447761194,10,1,5
AGAP002004,3,AGAP002004__SITE01;AGAP002004__SITE02;AGAP002004__SITE04,3,496,1,1,1,0.928038379530917,10,1,6
AGAP002004,3,AGAP002004__SITE01;AGAP002004__SITE03;AGAP002004__SITE04,3,496,1,1,1,0.916844349680171,10,1,7
AGAP002004,3,AGAP002004__SITE01;AGAP002004__SITE02;AGAP002004__SITE05,3,694,1,1,1,0.9227078891258,10,1,8
AGAP002004,3,AGAP002004__SITE01;AGAP002004__SITE03;AGAP002004__SITE05,3,694,1,1,1,0.910980810234541,10,1,9
AGAP002004,3,AGAP002004__SITE01;AGAP002004__SITE04;AGAP002004__SITE05,3,694,1,1,1,0.89818763326226,10,1,10
AGAP002171,2,AGAP002171__SITE01;AGAP002171__SITE02,2,231,0.993603411513859,0.980666666666666,1,0.312366737739872,10,0.990362046908315,1
AGAP002171,2,AGAP002171__SITE01;AGAP002171__SITE03,2,243,0.993603411513859,0.980666666666666,1,0.284648187633262,10,0.990362046908315,2
AGAP002171,2,AGAP002171__SITE01;AGAP002171__SITE04,2,246,0.993603411513859,0.980666666666666,1,0.285181236673774,10,0.990362046908315,3
AGAP002171,2,AGAP002171__SITE01;AGAP002171__SITE05,2,249,0.993603411513859,0.980666666666666,1,0.267057569296375,10,0.990362046908315,4
AGAP002171,2,AGAP002171__SITE02;AGAP002171__SITE04,2,38,0.346481876332623,0.169825899843505,0,0.255330490405117,10,0.258836895752625,5
AGAP002171,2,AGAP002171__SITE02;AGAP002171__SITE03,2,35,0.345948827292111,0.169825899843505,0,0.255330490405117,10,0.258517066328318,6
AGAP002171,2,AGAP002171__SITE02;AGAP002171__SITE05,2,41,0.345948827292111,0.169825899843505,0,0.23773987206823,10,0.258517066328318,7
AGAP002171,2,AGAP002171__SITE03;AGAP002171__SITE04,2,26,0.287313432835821,0.15691510172144,0,0.286780383795309,10,0.219462590217924,8
AGAP002171,2,AGAP002171__SITE04;AGAP002171__SITE05,2,26,0.287313432835821,0.15691510172144,0,0.269189765458422,10,0.219462590217924,9
AGAP002171,2,AGAP002171__SITE03;AGAP002171__SITE05,2,29,0.287313432835821,0.15691510172144,0,0.26865671641791,10,0.219462590217924,10
AGAP002171,3,AGAP002171__SITE01;AGAP002171__SITE02;AGAP002171__SITE03,3,243,0.993603411513859,0.980666666666666,1,0.25319829424307,10,0.990362046908315,1
AGAP002171,3,AGAP002171__SITE01;AGAP002171__SITE02;AGAP002171__SITE04,3,246,0.993603411513859,0.980666666666666,1,0.25319829424307,10,0.990362046908315,2
AGAP002171,3,AGAP002171__SITE01;AGAP002171__SITE03;AGAP002171__SITE04,3,246,0.993603411513859,0.980666666666666,1,0.284648187633262,10,0.990362046908315,3
AGAP002171,3,AGAP002171__SITE01;AGAP002171__SITE02;AGAP002171__SITE05,3,249,0.993603411513859,0.980666666666666,1,0.235607675906183,10,0.990362046908315,4
AGAP002171,3,AGAP002171__SITE01;AGAP002171__SITE03;AGAP002171__SITE05,3,249,0.993603411513859,0.980666666666666,1,0.266524520255864,10,0.990362046908315,5
AGAP002171,3,AGAP002171__SITE01;AGAP002171__SITE04;AGAP002171__SITE05,3,249,0.993603411513859,0.980666666666666,1,0.267057569296375,10,0.990362046908315,6
AGAP002171,3,AGAP002171__SITE02;AGAP002171__SITE03;AGAP002171__SITE04,3,38,0.346481876332623,0.169825899843505,0,0.255330490405117,10,0.258836895752625,7
AGAP002171,3,AGAP002171__SITE02;AGAP002171__SITE03;AGAP002171__SITE05,3,41,0.346481876332623,0.169825899843505,0,0.23773987206823,10,0.258836895752625,8
AGAP002171,3,AGAP002171__SITE02;AGAP002171__SITE04;AGAP002171__SITE05,3,41,0.346481876332623,0.169825899843505,0,0.23773987206823,10,0.258836895752625,9
AGAP002171,3,AGAP002171__SITE03;AGAP002171__SITE04;AGAP002171__SITE05,3,29,0.287313432835821,0.15691510172144,0,0.26865671641791,10,0.219462590217924,10
AGAP002300,2,AGAP002300__SITE04;AGAP002300__SITE05,2,71,1,1,1,0.988805970149254,10,1,1
AGAP002300,2,AGAP002300__SITE03;AGAP002300__SITE05,2,72,1,1,1,0.989872068230277,10,1,2
AGAP002300,2,AGAP002300__SITE01;AGAP002300__SITE03,2,9690,1,1,1,0.912046908315565,10,1,3
AGAP002300,2,AGAP002300__SITE01;AGAP002300__SITE04,2,9691,1,1,1,0.910980810234541,10,1,4
AGAP002300,2,AGAP002300__SITE01;AGAP002300__SITE05,2,9739,1,1,1,0.917910447761194,10,1,5
AGAP002300,2,AGAP002300__SITE02;AGAP002300__SITE05,2,9695,0.998400852878465,0.995322886989554,1,0.276119402985075,10,0.997637377823945,6
AGAP002300,2,AGAP002300__SITE02;AGAP002300__SITE03,2,9646,0.993603411513859,0.972142425810904,1,0.275053304904051,10,0.987804774651587,7
AGAP002300,2,AGAP002300__SITE02;AGAP002300__SITE04,2,9647,0.993070362473348,0.972142425810904,1,0.27452025586354,10,0.98748494522728,8
AGAP002300,2,AGAP002300__SITE03;AGAP002300__SITE04,2,24,0.992004264392324,0.971888820847792,1,0.990938166311301,10,0.986769204889732,9
AGAP002300,2,AGAP002300__SITE01;AGAP002300__SITE02,2,67,0.941897654584222,0.875939345142244,0.5,0.254797441364606,10,0.877920396293206,10
AGAP002300,3,AGAP002300__SITE03;AGAP002300__SITE04;AGAP002300__SITE05,3,72,1,1,1,0.988805970149254,10,1,1
AGAP002300,3,AGAP002300__SITE01;AGAP002300__SITE02;AGAP002300__SITE03,3,9690,1,1,1,0.25319829424307,10,1,2
AGAP002300,3,AGAP002300__SITE01;AGAP002300__SITE02;AGAP002300__SITE04,3,9691,1,1,1,0.252665245202559,10,1,3
AGAP002300,3,AGAP002300__SITE01;AGAP002300__SITE03;AGAP002300__SITE04,3,9691,1,1,1,0.910980810234541,10,1,4
AGAP002300,3,AGAP002300__SITE02;AGAP002300__SITE03;AGAP002300__SITE05,3,9695,1,1,1,0.27452025586354,10,1,5
AGAP002300,3,AGAP002300__SITE02;AGAP002300__SITE04;AGAP002300__SITE05,3,9695,1,1,1,0.273987206823028,10,1,6
AGAP002300,3,AGAP002300__SITE01;AGAP002300__SITE02;AGAP002300__SITE05,3,9739,1,1,1,0.254264392324094,10,1,7
AGAP002300,3,AGAP002300__SITE01;AGAP002300__SITE03;AGAP002300__SITE05,3,9739,1,1,1,0.909914712153518,10,1,8
AGAP002300,3,AGAP002300__SITE01;AGAP002300__SITE04;AGAP002300__SITE05,3,9739,1,1,1,0.908848614072495,10,1,9
AGAP002300,3,AGAP002300__SITE02;AGAP002300__SITE03;AGAP002300__SITE04,3,9647,0.993603411513859,0.972142425810904,1,0.27452025586354,10,0.987804774651587,10
AGAP002475,2,AGAP002475__SITE01;AGAP002475__SITE05,2,460,1,1,1,0.862473347547974,10,1,1
AGAP002475,2,AGAP002475__SITE01;AGAP002475__SITE04,2,319,0.999466950959488,0.996557971014493,1,0.893923240938166,10,0.998647561880041,2
AGAP002475,2,AGAP002475__SITE04;AGAP002475__SITE05,2,164,0.997334754797441,0.988073192239859,1,0.769189765458422,10,0.994822810550422,3
AGAP002475,2,AGAP002475__SITE01;AGAP002475__SITE02,2,77,0.995735607675906,0.979775176514307,1,0.316631130063966,10,0.991373917559836,4
AGAP002475,2,AGAP002475__SITE01;AGAP002475__SITE03,2,78,0.995735607675906,0.979775176514307,1,0.316631130063966,10,0.991373917559836,5
AGAP002475,2,AGAP002475__SITE03;AGAP002475__SITE04,2,264,0.931769722814499,0.861482720178372,0.5,0.284648187633262,10,0.867506649742211,6
AGAP002475,2,AGAP002475__SITE02;AGAP002475__SITE04,2,265,0.931769722814499,0.861482720178372,0.5,0.284648187633262,10,0.867506649742211,7
AGAP002475,2,AGAP002475__SITE03;AGAP002475__SITE05,2,405,0.897121535181237,0.774443342151676,0.7,0.288379530916844,10,0.840605923754245,8
AGAP002475,2,AGAP002475__SITE02;AGAP002475__SITE05,2,406,0.897121535181237,0.774443342151676,0.7,0.288379530916844,10,0.840605923754245,9
AGAP002475,2,AGAP002475__SITE02;AGAP002475__SITE03,2,24,0.317697228144989,0.0720238095238095,0,0.317697228144989,10,0.212225479744136,10
AGAP002475,3,AGAP002475__SITE01;AGAP002475__SITE02;AGAP002475__SITE05,3,460,1,1,1,0.287313432835821,10,1,1
AGAP002475,3,AGAP002475__SITE01;AGAP002475__SITE03;AGAP002475__SITE05,3,460,1,1,1,0.287313432835821,10,1,2
AGAP002475,3,AGAP002475__SITE01;AGAP002475__SITE04;AGAP002475__SITE05,3,460,1,1,1,0.764392324093817,10,1,3
AGAP002475,3,AGAP002475__SITE03;AGAP002475__SITE04;AGAP002475__SITE05,3,405,0.999466950959488,0.997172619047619,1,0.257462686567164,10,0.998831956289979,4
AGAP002475,3,AGAP002475__SITE02;AGAP002475__SITE04;AGAP002475__SITE05,3,406,0.999466950959488,0.997172619047619,1,0.257462686567164,10,0.998831956289979,5
AGAP002475,3,AGAP002475__SITE01;AGAP002475__SITE02;AGAP002475__SITE04,3,319,0.999466950959488,0.996557971014493,1,0.283582089552239,10,0.998647561880041,6
AGAP002475,3,AGAP002475__SITE01;AGAP002475__SITE03;AGAP002475__SITE04,3,319,0.999466950959488,0.996557971014493,1,0.283582089552239,10,0.998647561880041,7
AGAP002475,3,AGAP002475__SITE01;AGAP002475__SITE02;AGAP002475__SITE03,3,78,0.995735607675906,0.979775176514307,1,0.316631130063966,10,0.991373917559836,8
AGAP002475,3,AGAP002475__SITE02;AGAP002475__SITE03;AGAP002475__SITE04,3,265,0.931769722814499,0.861482720178372,0.5,0.284648187633262,10,0.867506649742211,9
AGAP002475,3,AGAP002475__SITE02;AGAP002475__SITE03;AGAP002475__SITE05,3,406,0.897121535181237,0.774443342151676,0.7,0.288379530916844,10,0.840605923754245,10
AGAP003594,2,AGAP003594__SITE02;AGAP003594__SITE03,2,51,1,1,1,0.963752665245203,10,1,1
AGAP003594,2,AGAP003594__SITE02;AGAP003594__SITE04,2,51,1,1,1,0.963752665245203,10,1,2
AGAP003594,2,AGAP003594__SITE01;AGAP003594__SITE02,2,69,1,1,1,0.971748400852879,10,1,3
AGAP003594,2,AGAP003594__SITE03;AGAP003594__SITE05,2,126,1,1,1,0.909914712153518,10,1,4
AGAP003594,2,AGAP003594__SITE04;AGAP003594__SITE05,2,126,1,1,1,0.909914712153518,10,1,5
AGAP003594,2,AGAP003594__SITE01;AGAP003594__SITE05,2,200,1,1,1,0.917910447761194,10,1,6
AGAP003594,2,AGAP003594__SITE01;AGAP003594__SITE03,2,97,0.994136460554371,0.988271604938272,1,0.982942430703625,10,0.992963357814104,7
AGAP003594,2,AGAP003594__SITE01;AGAP003594__SITE04,2,97,0.994136460554371,0.988271604938272,1,0.982942430703625,10,0.992963357814104,8
AGAP003594,2,AGAP003594__SITE03;AGAP003594__SITE04,2,23,0.98454157782516,0.968442760942761,1,0.98454157782516,10,0.981257774977924,9
AGAP003594,2,AGAP003594__SITE02;AGAP003594__SITE05,2,154,0.989872068230277,0.939039692701665,0.8,0.914712153518124,10,0.955635148748666,10
AGAP003594,3,AGAP003594__SITE02;AGAP003594__SITE03;AGAP003594__SITE04,3,51,1,1,1,0.963752665245203,10,1,1
AGAP003594,3,AGAP003594__SITE01;AGAP003594__SITE02;AGAP003594__SITE03,3,97,1,1,1,0.962153518123667,10,1,2
AGAP003594,3,AGAP003594__SITE01;AGAP003594__SITE02;AGAP003594__SITE04,3,97,1,1,1,0.962153518123667,10,1,3
AGAP003594,3,AGAP003594__SITE03;AGAP003594__SITE04;AGAP003594__SITE05,3,126,1,1,1,0.909914712153518,10,1,4
AGAP003594,3,AGAP003594__SITE02;AGAP003594__SITE03;AGAP003594__SITE05,3,154,1,1,1,0.899253731343284,10,1,5
AGAP003594,3,AGAP003594__SITE02;AGAP003594__SITE04;AGAP003594__SITE05,3,154,1,1,1,0.899253731343284,10,1,6
AGAP003594,3,AGAP003594__SITE01;AGAP003594__SITE02;AGAP003594__SITE05,3,200,1,1,1,0.90724946695096,10,1,7
AGAP003594,3,AGAP003594__SITE01;AGAP003594__SITE03;AGAP003594__SITE05,3,200,1,1,1,0.908315565031983,10,1,8
AGAP003594,3,AGAP003594__SITE01;AGAP003594__SITE04;AGAP003594__SITE05,3,200,1,1,1,0.908315565031983,10,1,9
AGAP003594,3,AGAP003594__SITE01;AGAP003594__SITE03;AGAP003594__SITE04,3,97,0.994136460554371,0.988271604938272,1,0.982942430703625,10,0.992963357814104,10
AGAP003595,2,AGAP003595__SITE03;AGAP003595__SITE04,2,78,1,1,1,0.947228144989339,10,1,1
AGAP003595,2,AGAP003595__SITE04;AGAP003595__SITE05,2,211,1,1,1,0.986140724946695,10,1,2
AGAP003595,2,AGAP003595__SITE01;AGAP003595__SITE04,2,227,1,1,1,0.978144989339019,10,1,3
AGAP003595,2,AGAP003595__SITE03;AGAP003595__SITE05,2,266,1,1,1,0.947228144989339,10,1,4
AGAP003595,2,AGAP003595__SITE02;AGAP003595__SITE04,2,226,0.999466950959488,0.995940170940171,1,0.931769722814499,10,0.998462221857744,5
AGAP003595,2,AGAP003595__SITE02;AGAP003595__SITE05,2,414,0.998933901918977,0.993095461658842,1,0.932302771855011,10,0.997288979649039,6
AGAP003595,2,AGAP003595__SITE01;AGAP003595__SITE05,2,415,0.998933901918977,0.993095461658842,1,0.979211087420043,10,0.997288979649039,7
AGAP003595,2,AGAP003595__SITE02;AGAP003595__SITE03,2,171,0.998400852878465,0.990446428571429,1,0.893923240938166,10,0.996174440298507,8
AGAP003595,2,AGAP003595__SITE01;AGAP003595__SITE03,2,172,0.998400852878465,0.990446428571429,1,0.940831556503198,10,0.996174440298507,9
AGAP003595,2,AGAP003595__SITE01;AGAP003595__SITE02,2,24,0.986673773987207,0.968560250391236,1,0.936567164179104,10,0.982572339509695,10
AGAP003595,3,AGAP003595__SITE02;AGAP003595__SITE03;AGAP003595__SITE04,3,226,1,1,1,0.887526652452026,10,1,1
AGAP003595,3,AGAP003595__SITE01;AGAP003595__SITE02;AGAP003595__SITE04,3,227,1,1,1,0.930170575692964,10,1,2
AGAP003595,3,AGAP003595__SITE01;AGAP003595__SITE03;AGAP003595__SITE04,3,227,1,1,1,0.933901918976546,10,1,3
AGAP003595,3,AGAP003595__SITE03;AGAP003595__SITE04;AGAP003595__SITE05,3,266,1,1,1,0.940298507462687,10,1,4
AGAP003595,3,AGAP003595__SITE02;AGAP003595__SITE03;AGAP003595__SITE05,3,414,1,1,1,0.888059701492537,10,1,5
AGAP003595,3,AGAP003595__SITE02;AGAP003595__SITE04;AGAP003595__SITE05,3,414,1,1,1,0.92590618336887,10,1,6
AGAP003595,3,AGAP003595__SITE01;AGAP003595__SITE03;AGAP003595__SITE05,3,415,1,1,1,0.934968017057569,10,1,7
AGAP003595,3,AGAP003595__SITE01;AGAP003595__SITE04;AGAP003595__SITE05,3,415,1,1,1,0.97228144989339,10,1,8
AGAP003595,3,AGAP003595__SITE01;AGAP003595__SITE02;AGAP003595__SITE05,3,415,0.998933901918977,0.993095461658842,1,0.930703624733475,10,0.997288979649039,9
AGAP003595,3,AGAP003595__SITE01;AGAP003595__SITE02;AGAP003595__SITE03,3,172,0.998400852878465,0.990446428571429,1,0.892324093816631,10,0.996174440298507,10
AGAP003769,2,AGAP003769__SITE01;AGAP003769__SITE02,2,34,1,1,1,0.952558635394456,10,1,1
AGAP003769,2,AGAP003769__SITE01;AGAP003769__SITE04,2,126,1,1,1,0.880063965884861,10,1,2
AGAP003769,2,AGAP003769__SITE01;AGAP003769__SITE05,2,142,1,1,1,0.944029850746269,10,1,3
AGAP003769,2,AGAP003769__SITE02;AGAP003769__SITE03,2,64,0.999466950959488,0.995777777777778,1,0.968017057569296,10,0.998413503909026,4
AGAP003769,2,AGAP003769__SITE03;AGAP003769__SITE04,2,74,0.999466950959488,0.995777777777778,1,0.895522388059702,10,0.998413503909026,5
AGAP003769,2,AGAP003769__SITE03;AGAP003769__SITE05,2,90,0.999466950959488,0.995777777777778,1,0.959488272921109,10,0.998413503909026,6
AGAP003769,2,AGAP003769__SITE02;AGAP003769__SITE04,2,115,0.99680170575693,0.977838383838384,1,0.889125799573561,10,0.991432538605673,7
AGAP003769,2,AGAP003769__SITE04;AGAP003769__SITE05,2,39,0.989872068230277,0.939039692701665,0.8,0.887526652452026,10,0.955635148748666,8
AGAP003769,2,AGAP003769__SITE01;AGAP003769__SITE03,2,75,0.988805970149254,0.940861111111111,0.8,0.972814498933902,10,0.955541915422886,9
AGAP003769,2,AGAP003769__SITE02;AGAP003769__SITE05,2,131,0.98454157782516,0.899838383838384,0.8,0.965351812366738,10,0.940676461846611,10
AGAP003769,3,AGAP003769__SITE01;AGAP003769__SITE02;AGAP003769__SITE03,3,75,1,1,1,0.952558635394456,10,1,1
AGAP003769,3,AGAP003769__SITE01;AGAP003769__SITE02;AGAP003769__SITE04,3,126,1,1,1,0.862473347547974,10,1,2
AGAP003769,3,AGAP003769__SITE01;AGAP003769__SITE03;AGAP003769__SITE04,3,126,1,1,1,0.880063965884861,10,1,3
AGAP003769,3,AGAP003769__SITE01;AGAP003769__SITE02;AGAP003769__SITE05,3,142,1,1,1,0.938699360341151,10,1,4
AGAP003769,3,AGAP003769__SITE01;AGAP003769__SITE03;AGAP003769__SITE05,3,142,1,1,1,0.944029850746269,10,1,5
AGAP003769,3,AGAP003769__SITE01;AGAP003769__SITE04;AGAP003769__SITE05,3,142,1,1,1,0.860874200426439,10,1,6
AGAP003769,3,AGAP003769__SITE03;AGAP003769__SITE04;AGAP003769__SITE05,3,90,0.999466950959488,0.995777777777778,1,0.876332622601279,10,0.998413503909026,7
AGAP003769,3,AGAP003769__SITE02;AGAP003769__SITE03;AGAP003769__SITE04,3,115,0.999466950959488,0.995777777777778,1,0.877931769722814,10,0.998413503909026,8
AGAP003769,3,AGAP003769__SITE02;AGAP003769__SITE03;AGAP003769__SITE05,3,131,0.999466950959488,0.995777777777778,1,0.954157782515992,10,0.998413503909026,9
AGAP003769,3,AGAP003769__SITE02;AGAP003769__SITE04;AGAP003769__SITE05,3,131,0.997334754797441,0.98014511310286,1,0.88272921108742,10,0.992444386809323,10
AGAP004036,2,AGAP004036__SITE04;AGAP004036__SITE05,2,83,0.999466950959488,0.997172619047619,1,0.892857142857143,10,0.998831956289979,1
AGAP004036,2,AGAP004036__SITE03;AGAP004036__SITE05,2,84,0.999466950959488,0.997172619047619,1,0.893390191897655,10,0.998831956289979,2
AGAP004036,2,AGAP004036__SITE02;AGAP004036__SITE03,2,46,0.998400852878465,0.991660264618011,1,0.335287846481876,10,0.996538591112482,3
AGAP004036,2,AGAP004036__SITE01;AGAP004036__SITE03,2,125,0.998400852878465,0.991660264618011,1,0.760127931769723,10,0.996538591112482,4
AGAP004036,2,AGAP004036__SITE01;AGAP004036__SITE04,2,126,0.998400852878465,0.991660264618011,1,0.759594882729211,10,0.996538591112482,5
AGAP004036,2,AGAP004036__SITE02;AGAP004036__SITE04,2,47,0.997867803837953,0.985902688860435,1,0.335287846481876,10,0.994491488960902,6
AGAP004036,2,AGAP004036__SITE03;AGAP004036__SITE04,2,24,0.987206823027719,0.948460144927536,0.9,0.986673773987207,10,0.966862137294892,7
AGAP004036,2,AGAP004036__SITE01;AGAP004036__SITE05,2,186,0.973347547974414,0.944406365239699,0.9,0.70362473347548,10,0.957330438356558,8
AGAP004036,2,AGAP004036__SITE02;AGAP004036__SITE05,2,107,0.965351812366738,0.926625881834215,0.9,0.286780383795309,10,0.947198851970307,9
AGAP004036,2,AGAP004036__SITE01;AGAP004036__SITE02,2,102,0.773454157782516,0.66316856452726,0.2,0.344349680170576,10,0.683023064027688,10
AGAP004036,3,AGAP004036__SITE03;AGAP004036__SITE04;AGAP004036__SITE05,3,84,0.999466950959488,0.997172619047619,1,0.892857142857143,10,0.998831956289979,1
AGAP004036,3,AGAP004036__SITE02;AGAP004036__SITE03;AGAP004036__SITE05,3,107,0.999466950959488,0.997172619047619,1,0.275586353944563,10,0.998831956289979,2
AGAP004036,3,AGAP004036__SITE02;AGAP004036__SITE04;AGAP004036__SITE05,3,107,0.999466950959488,0.997172619047619,1,0.275586353944563,10,0.998831956289979,3
AGAP004036,3,AGAP004036__SITE01;AGAP004036__SITE03;AGAP004036__SITE05,3,186,0.999466950959488,0.997172619047619,1,0.692430703624734,10,0.998831956289979,4
AGAP004036,3,AGAP004036__SITE01;AGAP004036__SITE04;AGAP004036__SITE05,3,186,0.999466950959488,0.997172619047619,1,0.691897654584222,10,0.998831956289979,5
AGAP004036,3,AGAP004036__SITE02;AGAP004036__SITE03;AGAP004036__SITE04,3,47,0.998400852878465,0.991660264618011,1,0.335287846481876,10,0.996538591112482,6
AGAP004036,3,AGAP004036__SITE01;AGAP004036__SITE02;AGAP004036__SITE03,3,125,0.998400852878465,0.991660264618011,1,0.333155650319829,10,0.996538591112482,7
AGAP004036,3,AGAP004036__SITE01;AGAP004036__SITE02;AGAP004036__SITE04,3,126,0.998400852878465,0.991660264618011,1,0.333155650319829,10,0.996538591112482,8
AGAP004036,3,AGAP004036__SITE01;AGAP004036__SITE03;AGAP004036__SITE04,3,126,0.998400852878465,0.991660264618011,1,0.759594882729211,10,0.996538591112482,9
AGAP004036,3,AGAP004036__SITE01;AGAP004036__SITE02;AGAP004036__SITE05,3,186,0.973347547974414,0.944406365239699,0.9,0.284648187633262,10,0.957330438356558,10
AGAP004038,2,AGAP004038__SITE01;AGAP004038__SITE02,2,69,1,1,1,0.888059701492537,10,1,1
AGAP004038,2,AGAP004038__SITE01;AGAP004038__SITE05,2,403,1,1,1,0.821428571428571,10,1,2
AGAP004038,2,AGAP004038__SITE02;AGAP004038__SITE05,2,357,0.997334754797441,0.997867564534231,1,0.722814498933902,10,0.997761122238734,3
AGAP004038,2,AGAP004038__SITE01;AGAP004038__SITE03,2,229,0.994669509594883,0.978596364511857,1,0.0106609808102345,10,0.990380615110487,4
AGAP004038,2,AGAP004038__SITE02;AGAP004038__SITE03,2,183,0.893390191897655,0.604956501831502,0.5,0.0106609808102345,10,0.767521065688043,5
AGAP004038,2,AGAP004038__SITE03;AGAP004038__SITE05,2,197,0.826759061833689,0.646757246376812,0.2,0.0106609808102345,10,0.710082611013257,6
AGAP004038,3,AGAP004038__SITE01;AGAP004038__SITE02;AGAP004038__SITE03,3,229,1,1,1,0.0106609808102345,10,1,1
AGAP004038,3,AGAP004038__SITE01;AGAP004038__SITE02;AGAP004038__SITE05,3,403,1,1,1,0.717484008528785,10,1,2
AGAP004038,3,AGAP004038__SITE01;AGAP004038__SITE03;AGAP004038__SITE05,3,403,1,1,1,0.0106609808102345,10,1,3
AGAP004038,3,AGAP004038__SITE02;AGAP004038__SITE03;AGAP004038__SITE05,3,357,0.997334754797441,0.997867564534231,1,0.0106609808102345,10,0.997761122238734,4
AGAP004050,2,AGAP004050__SITE01;AGAP004050__SITE02,2,26,1,1,1,1,10,1,1
AGAP004050,2,AGAP004050__SITE02;AGAP004050__SITE03,2,218,1,1,1,0.909914712153518,10,1,2
AGAP004050,2,AGAP004050__SITE02;AGAP004050__SITE04,2,219,1,1,1,0.909914712153518,10,1,3
AGAP004050,2,AGAP004050__SITE01;AGAP004050__SITE03,2,221,1,1,1,0.909914712153518,10,1,4
AGAP004050,2,AGAP004050__SITE01;AGAP004050__SITE04,2,222,1,1,1,0.909914712153518,10,1,5
AGAP004050,2,AGAP004050__SITE02;AGAP004050__SITE05,2,865,1,1,1,0.610341151385928,10,1,6
AGAP004050,2,AGAP004050__SITE01;AGAP004050__SITE05,2,868,1,1,1,0.610341151385928,10,1,7
AGAP004050,2,AGAP004050__SITE04;AGAP004050__SITE05,2,669,0.982942430703625,0.941647256728779,0.9,0.537313432835821,10,0.962259635440808,8
AGAP004050,2,AGAP004050__SITE03;AGAP004050__SITE05,2,670,0.982942430703625,0.941647256728779,0.9,0.537313432835821,10,0.962259635440808,9
AGAP004050,2,AGAP004050__SITE03;AGAP004050__SITE04,2,24,0.909914712153518,0.830015432098765,0.5,0.909914712153518,10,0.844953456921741,10
AGAP004050,3,AGAP004050__SITE02;AGAP004050__SITE03;AGAP004050__SITE04,3,219,1,1,1,0.909914712153518,10,1,1
AGAP004050,3,AGAP004050__SITE01;AGAP004050__SITE02;AGAP004050__SITE03,3,221,1,1,1,0.909914712153518,10,1,2
AGAP004050,3,AGAP004050__SITE01;AGAP004050__SITE02;AGAP004050__SITE04,3,222,1,1,1,0.909914712153518,10,1,3
AGAP004050,3,AGAP004050__SITE01;AGAP004050__SITE03;AGAP004050__SITE04,3,222,1,1,1,0.909914712153518,10,1,4
AGAP004050,3,AGAP004050__SITE02;AGAP004050__SITE03;AGAP004050__SITE05,3,865,1,1,1,0.537313432835821,10,1,5
AGAP004050,3,AGAP004050__SITE02;AGAP004050__SITE04;AGAP004050__SITE05,3,865,1,1,1,0.537313432835821,10,1,6
AGAP004050,3,AGAP004050__SITE01;AGAP004050__SITE02;AGAP004050__SITE05,3,868,1,1,1,0.610341151385928,10,1,7
AGAP004050,3,AGAP004050__SITE01;AGAP004050__SITE03;AGAP004050__SITE05,3,868,1,1,1,0.537313432835821,10,1,8
AGAP004050,3,AGAP004050__SITE01;AGAP004050__SITE04;AGAP004050__SITE05,3,868,1,1,1,0.537313432835821,10,1,9
AGAP004050,3,AGAP004050__SITE03;AGAP004050__SITE04;AGAP004050__SITE05,3,670,0.982942430703625,0.941647256728779,0.9,0.537313432835821,10,0.962259635440808,10
AGAP004057,2,AGAP004057__SITE04;AGAP004057__SITE05,2,74,0.995202558635394,0.97263198757764,1,0.63592750533049,10,0.988911131454529,1
AGAP004057,2,AGAP004057__SITE03;AGAP004057__SITE05,2,95,0.995202558635394,0.97263198757764,1,0.634861407249467,10,0.988911131454529,2
AGAP004057,2,AGAP004057__SITE02;AGAP004057__SITE05,2,139,0.985607675906183,0.940812629399586,0.9,0.17910447761194,10,0.963608394363586,3
AGAP004057,2,AGAP004057__SITE01;AGAP004057__SITE05,2,140,0.985607675906183,0.940812629399586,0.9,0.17910447761194,10,0.963608394363586,4
AGAP004057,2,AGAP004057__SITE02;AGAP004057__SITE04,2,88,0.649786780383795,0.428894927536232,0.2,0.174840085287846,10,0.538540546491147,5
AGAP004057,2,AGAP004057__SITE01;AGAP004057__SITE04,2,89,0.649786780383795,0.428894927536232,0.2,0.174840085287846,10,0.538540546491147,6
AGAP004057,2,AGAP004057__SITE02;AGAP004057__SITE03,2,67,0.64818763326226,0.428894927536232,0.2,0.175373134328358,10,0.537581058218226,7
AGAP004057,2,AGAP004057__SITE01;AGAP004057__SITE03,2,68,0.64818763326226,0.428894927536232,0.2,0.175373134328358,10,0.537581058218226,8
AGAP004057,2,AGAP004057__SITE03;AGAP004057__SITE04,2,44,0.647121535181237,0.428894927536232,0.2,0.642857142857143,10,0.536941399369612,9
AGAP004057,2,AGAP004057__SITE01;AGAP004057__SITE02,2,24,0.17910447761194,0,0,0.17910447761194,10,0.107462686567164,10
AGAP004057,3,AGAP004057__SITE03;AGAP004057__SITE04;AGAP004057__SITE05,3,95,0.995202558635394,0.97263198757764,1,0.633262260127932,10,0.988911131454529,1
AGAP004057,3,AGAP004057__SITE02;AGAP004057__SITE03;AGAP004057__SITE05,3,139,0.995202558635394,0.97263198757764,1,0.175373134328358,10,0.988911131454529,2
AGAP004057,3,AGAP004057__SITE02;AGAP004057__SITE04;AGAP004057__SITE05,3,139,0.995202558635394,0.97263198757764,1,0.174840085287846,10,0.988911131454529,3
AGAP004057,3,AGAP004057__SITE01;AGAP004057__SITE03;AGAP004057__SITE05,3,140,0.995202558635394,0.97263198757764,1,0.175373134328358,10,0.988911131454529,4
AGAP004057,3,AGAP004057__SITE01;AGAP004057__SITE04;AGAP004057__SITE05,3,140,0.995202558635394,0.97263198757764,1,0.174840085287846,10,0.988911131454529,5
AGAP004057,3,AGAP004057__SITE01;AGAP004057__SITE02;AGAP004057__SITE05,3,140,0.985607675906183,0.940812629399586,0.9,0.17910447761194,10,0.963608394363586,6
AGAP004057,3,AGAP004057__SITE02;AGAP004057__SITE03;AGAP004057__SITE04,3,88,0.650852878464819,0.428894927536232,0.2,0.174840085287846,10,0.539180205339761,7
AGAP004057,3,AGAP004057__SITE01;AGAP004057__SITE03;AGAP004057__SITE04,3,89,0.650852878464819,0.428894927536232,0.2,0.174840085287846,10,0.539180205339761,8
AGAP004057,3,AGAP004057__SITE01;AGAP004057__SITE02;AGAP004057__SITE04,3,89,0.649786780383795,0.428894927536232,0.2,0.174840085287846,10,0.538540546491147,9
AGAP004057,3,AGAP004057__SITE01;AGAP004057__SITE02;AGAP004057__SITE03,3,68,0.64818763326226,0.428894927536232,0.2,0.175373134328358,10,0.537581058218226,10
AGAP004078,2,AGAP004078__SITE03;AGAP004078__SITE04,2,82,1,1,1,0.639658848614073,10,1,1
AGAP004078,2,AGAP004078__SITE02;AGAP004078__SITE04,2,255,1,1,1,0.934434968017058,10,1,2
AGAP004078,2,AGAP004078__SITE02;AGAP004078__SITE05,2,261,1,1,1,0.531982942430704,10,1,3
AGAP004078,2,AGAP004078__SITE01;AGAP004078__SITE04,2,271,1,1,1,0.899253731343284,10,1,4
AGAP004078,2,AGAP004078__SITE04;AGAP004078__SITE05,2,29,0.988805970149254,0.930225352112676,0.9,0.5863539445629,10,0.962351187723355,5
AGAP004078,2,AGAP004078__SITE01;AGAP004078__SITE05,2,277,0.967484008528785,0.936357536719856,0.8,0.529317697228145,10,0.941397666133227,6
AGAP004078,2,AGAP004078__SITE03;AGAP004078__SITE05,2,88,0.923773987206823,0.844021739130435,0.4,0.313432835820896,10,0.847470914063224,7
AGAP004078,2,AGAP004078__SITE01;AGAP004078__SITE02,2,39,0.945628997867804,0.585897435897436,0.9,0.91044776119403,10,0.833146629489913,8
AGAP004078,2,AGAP004078__SITE02;AGAP004078__SITE03,2,196,0.945628997867804,0.585897435897436,0.9,0.650852878464819,10,0.833146629489913,9
AGAP004078,2,AGAP004078__SITE01;AGAP004078__SITE03,2,212,0.931769722814499,0.571948160535117,0.9,0.62953091684435,10,0.820646281849234,10
AGAP004078,3,AGAP004078__SITE03;AGAP004078__SITE04;AGAP004078__SITE05,3,88,1,1,1,0.313432835820896,10,1,1
AGAP004078,3,AGAP004078__SITE02;AGAP004078__SITE03;AGAP004078__SITE04,3,255,1,1,1,0.639658848614073,10,1,2
AGAP004078,3,AGAP004078__SITE02;AGAP004078__SITE03;AGAP004078__SITE05,3,261,1,1,1,0.313432835820896,10,1,3
AGAP004078,3,AGAP004078__SITE02;AGAP004078__SITE04;AGAP004078__SITE05,3,261,1,1,1,0.531982942430704,10,1,4
AGAP004078,3,AGAP004078__SITE01;AGAP004078__SITE02;AGAP004078__SITE04,3,271,1,1,1,0.899253731343284,10,1,5
AGAP004078,3,AGAP004078__SITE01;AGAP004078__SITE03;AGAP004078__SITE04,3,271,1,1,1,0.618336886993603,10,1,6
AGAP004078,3,AGAP004078__SITE01;AGAP004078__SITE02;AGAP004078__SITE05,3,277,1,1,1,0.529317697228145,10,1,7
AGAP004078,3,AGAP004078__SITE01;AGAP004078__SITE04;AGAP004078__SITE05,3,277,1,1,1,0.529317697228145,10,1,8
AGAP004078,3,AGAP004078__SITE01;AGAP004078__SITE03;AGAP004078__SITE05,3,277,0.986140724946695,0.966739130434783,1,0.310767590618337,10,0.981706174098452,9
AGAP004078,3,AGAP004078__SITE01;AGAP004078__SITE02;AGAP004078__SITE03,3,212,0.945628997867804,0.585897435897436,0.9,0.62953091684435,10,0.833146629489913,10
AGAP004239,2,AGAP004239__SITE04;AGAP004239__SITE05,2,189,1,1,1,0.898720682302772,10,1,1
AGAP004239,2,AGAP004239__SITE03;AGAP004239__SITE04,2,215,1,1,1,0.897121535181237,10,1,2
AGAP004239,2,AGAP004239__SITE02;AGAP004239__SITE03,2,320,1,1,1,0.942963752665245,10,1,3
AGAP004239,2,AGAP004239__SITE01;AGAP004239__SITE03,2,325,1,1,1,0.942963752665245,10,1,4
AGAP004239,2,AGAP004239__SITE03;AGAP004239__SITE05,2,381,1,1,1,0.907782515991471,10,1,5
AGAP004239,2,AGAP004239__SITE02;AGAP004239__SITE04,2,512,1,1,1,0.933901918976546,10,1,6
AGAP004239,2,AGAP004239__SITE01;AGAP004239__SITE04,2,517,1,1,1,0.933901918976546,10,1,7
AGAP004239,2,AGAP004239__SITE02;AGAP004239__SITE05,2,678,1,1,1,0.94456289978678,10,1,8
AGAP004239,2,AGAP004239__SITE01;AGAP004239__SITE05,2,683,1,1,1,0.94456289978678,10,1,9
AGAP004239,2,AGAP004239__SITE01;AGAP004239__SITE02,2,28,0.989872068230277,0.922339743589744,0.9,0.989872068230277,10,0.960625164015089,10
AGAP004239,3,AGAP004239__SITE01;AGAP004239__SITE02;AGAP004239__SITE03,3,325,1,1,1,0.942963752665245,10,1,1
AGAP004239,3,AGAP004239__SITE03;AGAP004239__SITE04;AGAP004239__SITE05,3,381,1,1,1,0.85181236673774,10,1,2
AGAP004239,3,AGAP004239__SITE02;AGAP004239__SITE03;AGAP004239__SITE04,3,512,1,1,1,0.886993603411514,10,1,3
AGAP004239,3,AGAP004239__SITE01;AGAP004239__SITE02;AGAP004239__SITE04,3,517,1,1,1,0.933901918976546,10,1,4
AGAP004239,3,AGAP004239__SITE01;AGAP004239__SITE03;AGAP004239__SITE04,3,517,1,1,1,0.886993603411514,10,1,5
AGAP004239,3,AGAP004239__SITE02;AGAP004239__SITE03;AGAP004239__SITE05,3,678,1,1,1,0.897654584221748,10,1,6
AGAP004239,3,AGAP004239__SITE02;AGAP004239__SITE04;AGAP004239__SITE05,3,678,1,1,1,0.888592750533049,10,1,7
AGAP004239,3,AGAP004239__SITE01;AGAP004239__SITE02;AGAP004239__SITE05,3,683,1,1,1,0.94456289978678,10,1,8
AGAP004239,3,AGAP004239__SITE01;AGAP004239__SITE03;AGAP004239__SITE05,3,683,1,1,1,0.897654584221748,10,1,9
AGAP004239,3,AGAP004239__SITE01;AGAP004239__SITE04;AGAP004239__SITE05,3,683,1,1,1,0.888592750533049,10,1,10
AGAP004467,2,AGAP004467__SITE01;AGAP004467__SITE02,2,66,1,1,1,0.86727078891258,10,1,1
AGAP004467,2,AGAP004467__SITE01;AGAP004467__SITE03,2,69,1,1,1,0.86727078891258,10,1,2
AGAP004467,2,AGAP004467__SITE03;AGAP004467__SITE04,2,71,1,1,1,0.848081023454158,10,1,3
AGAP004467,2,AGAP004467__SITE02;AGAP004467__SITE04,2,74,1,1,1,0.848081023454158,10,1,4
AGAP004467,2,AGAP004467__SITE03;AGAP004467__SITE05,2,82,1,1,1,0.850746268656716,10,1,5
AGAP004467,2,AGAP004467__SITE02;AGAP004467__SITE05,2,85,1,1,1,0.850746268656716,10,1,6
AGAP004467,2,AGAP004467__SITE01;AGAP004467__SITE04,2,117,1,1,1,0.953091684434968,10,1,7
AGAP004467,2,AGAP004467__SITE01;AGAP004467__SITE05,2,128,1,1,1,0.955756929637527,10,1,8
AGAP004467,2,AGAP004467__SITE04;AGAP004467__SITE05,2,34,0.969616204690831,0.806089743589744,0.9,0.966950959488273,10,0.913596645891422,9
AGAP004467,2,AGAP004467__SITE02;AGAP004467__SITE03,2,26,0.881130063965885,0.76634460547504,0.3,0.881130063965885,10,0.788581420022043,10
AGAP004467,3,AGAP004467__SITE01;AGAP004467__SITE02;AGAP004467__SITE03,3,69,1,1,1,0.86727078891258,10,1,1
AGAP004467,3,AGAP004467__SITE02;AGAP004467__SITE03;AGAP004467__SITE04,3,74,1,1,1,0.848081023454158,10,1,2
AGAP004467,3,AGAP004467__SITE03;AGAP004467__SITE04;AGAP004467__SITE05,3,82,1,1,1,0.848081023454158,10,1,3
AGAP004467,3,AGAP004467__SITE02;AGAP004467__SITE03;AGAP004467__SITE05,3,85,1,1,1,0.850746268656716,10,1,4
AGAP004467,3,AGAP004467__SITE02;AGAP004467__SITE04;AGAP004467__SITE05,3,85,1,1,1,0.848081023454158,10,1,5
AGAP004467,3,AGAP004467__SITE01;AGAP004467__SITE02;AGAP004467__SITE04,3,117,1,1,1,0.834221748400853,10,1,6
AGAP004467,3,AGAP004467__SITE01;AGAP004467__SITE03;AGAP004467__SITE04,3,117,1,1,1,0.834221748400853,10,1,7
AGAP004467,3,AGAP004467__SITE01;AGAP004467__SITE02;AGAP004467__SITE05,3,128,1,1,1,0.836886993603412,10,1,8
AGAP004467,3,AGAP004467__SITE01;AGAP004467__SITE03;AGAP004467__SITE05,3,128,1,1,1,0.836886993603412,10,1,9
AGAP004467,3,AGAP004467__SITE01;AGAP004467__SITE04;AGAP004467__SITE05,3,128,1,1,1,0.953091684434968,10,1,10
AGAP004502,2,AGAP004502__SITE02;AGAP004502__SITE03,2,38,1,1,1,0.98454157782516,10,1,1
AGAP004502,2,AGAP004502__SITE01;AGAP004502__SITE02,2,96,1,1,1,0.997334754797441,10,1,2
AGAP004502,2,AGAP004502__SITE01;AGAP004502__SITE03,2,111,1,1,1,0.981876332622601,10,1,3
AGAP004502,2,AGAP004502__SITE03;AGAP004502__SITE04,2,198,1,1,1,0.984008528784648,10,1,4
AGAP004502,2,AGAP004502__SITE02;AGAP004502__SITE04,2,213,1,1,1,0.999466950959488,10,1,5
AGAP004502,2,AGAP004502__SITE04;AGAP004502__SITE05,2,218,1,1,1,0.994136460554371,10,1,6
AGAP004502,2,AGAP004502__SITE01;AGAP004502__SITE04,2,286,1,1,1,0.99680170575693,10,1,7
AGAP004502,2,AGAP004502__SITE03;AGAP004502__SITE05,2,393,1,1,1,0.979211087420043,10,1,8
AGAP004502,2,AGAP004502__SITE02;AGAP004502__SITE05,2,408,1,1,1,0.994669509594883,10,1,9
AGAP004502,2,AGAP004502__SITE01;AGAP004502__SITE05,2,481,1,1,1,0.992004264392324,10,1,10
AGAP004502,3,AGAP004502__SITE01;AGAP004502__SITE02;AGAP004502__SITE03,3,111,1,1,1,0.981876332622601,10,1,1
AGAP004502,3,AGAP004502__SITE02;AGAP004502__SITE03;AGAP004502__SITE04,3,213,1,1,1,0.984008528784648,10,1,2
AGAP004502,3,AGAP004502__SITE01;AGAP004502__SITE02;AGAP004502__SITE04,3,286,1,1,1,0.99680170575693,10,1,3
AGAP004502,3,AGAP004502__SITE01;AGAP004502__SITE03;AGAP004502__SITE04,3,286,1,1,1,0.98134328358209,10,1,4
AGAP004502,3,AGAP004502__SITE03;AGAP004502__SITE04;AGAP004502__SITE05,3,393,1,1,1,0.978678038379531,10,1,5
AGAP004502,3,AGAP004502__SITE02;AGAP004502__SITE03;AGAP004502__SITE05,3,408,1,1,1,0.979211087420043,10,1,6
AGAP004502,3,AGAP004502__SITE02;AGAP004502__SITE04;AGAP004502__SITE05,3,408,1,1,1,0.994136460554371,10,1,7
AGAP004502,3,AGAP004502__SITE01;AGAP004502__SITE02;AGAP004502__SITE05,3,481,1,1,1,0.992004264392324,10,1,8
AGAP004502,3,AGAP004502__SITE01;AGAP004502__SITE03;AGAP004502__SITE05,3,481,1,1,1,0.976545842217484,10,1,9
AGAP004502,3,AGAP004502__SITE01;AGAP004502__SITE04;AGAP004502__SITE05,3,481,1,1,1,0.991471215351812,10,1,10
AGAP004521,2,AGAP004521__SITE02;AGAP004521__SITE03,2,164,0.996268656716418,0.991965788840789,1,0.814498933901919,10,0.995350930682087,1
AGAP004521,2,AGAP004521__SITE02;AGAP004521__SITE04,2,168,0.996268656716418,0.991965788840789,1,0.814498933901919,10,0.995350930682087,2
AGAP004521,2,AGAP004521__SITE02;AGAP004521__SITE05,2,177,0.996268656716418,0.991965788840789,1,0.815565031982942,10,0.995350930682087,3
AGAP004521,2,AGAP004521__SITE01;AGAP004521__SITE03,2,324,0.993603411513859,0.986758824552252,1,0.578891257995736,10,0.992189694273991,4
AGAP004521,2,AGAP004521__SITE01;AGAP004521__SITE04,2,328,0.993603411513859,0.986758824552252,1,0.578891257995736,10,0.992189694273991,5
AGAP004521,2,AGAP004521__SITE01;AGAP004521__SITE05,2,337,0.993603411513859,0.986758824552252,1,0.579957356076759,10,0.992189694273991,6
AGAP004521,2,AGAP004521__SITE04;AGAP004521__SITE05,2,32,0.982942430703625,0.962587224906066,1,0.981876332622601,10,0.978541625893994,7
AGAP004521,2,AGAP004521__SITE03;AGAP004521__SITE05,2,36,0.982942430703625,0.962587224906066,1,0.981876332622601,10,0.978541625893994,8
AGAP004521,2,AGAP004521__SITE03;AGAP004521__SITE04,2,27,0.981876332622601,0.961352657004831,1,0.981876332622601,10,0.97753159667501,9
AGAP004521,2,AGAP004521__SITE01;AGAP004521__SITE02,2,183,0.91044776119403,0.677579365079365,0.4,0.509061833688699,10,0.789542466240227,10
AGAP004521,3,AGAP004521__SITE02;AGAP004521__SITE03;AGAP004521__SITE04,3,168,0.996268656716418,0.991965788840789,1,0.814498933901919,10,0.995350930682087,1
AGAP004521,3,AGAP004521__SITE02;AGAP004521__SITE03;AGAP004521__SITE05,3,177,0.996268656716418,0.991965788840789,1,0.814498933901919,10,0.995350930682087,2
AGAP004521,3,AGAP004521__SITE02;AGAP004521__SITE04;AGAP004521__SITE05,3,177,0.996268656716418,0.991965788840789,1,0.814498933901919,10,0.995350930682087,3
AGAP004521,3,AGAP004521__SITE01;AGAP004521__SITE02;AGAP004521__SITE03,3,324,0.996268656716418,0.991965788840789,1,0.497334754797441,10,0.995350930682087,4
AGAP004521,3,AGAP004521__SITE01;AGAP004521__SITE02;AGAP004521__SITE04,3,328,0.996268656716418,0.991965788840789,1,0.497334754797441,10,0.995350930682087,5
AGAP004521,3,AGAP004521__SITE01;AGAP004521__SITE02;AGAP004521__SITE05,3,337,0.996268656716418,0.991965788840789,1,0.498400852878465,10,0.995350930682087,6
AGAP004521,3,AGAP004521__SITE01;AGAP004521__SITE03;AGAP004521__SITE04,3,328,0.993603411513859,0.986758824552252,1,0.578891257995736,10,0.992189694273991,7
AGAP004521,3,AGAP004521__SITE01;AGAP004521__SITE03;AGAP004521__SITE05,3,337,0.993603411513859,0.986758824552252,1,0.578891257995736,10,0.992189694273991,8
AGAP004521,3,AGAP004521__SITE01;AGAP004521__SITE04;AGAP004521__SITE05,3,337,0.993603411513859,0.986758824552252,1,0.578891257995736,10,0.992189694273991,9
AGAP004521,3,AGAP004521__SITE03;AGAP004521__SITE04;AGAP004521__SITE05,3,36,0.982942430703625,0.962587224906066,1,0.981876332622601,10,0.978541625893994,10
AGAP004685,2,AGAP004685__SITE04;AGAP004685__SITE05,2,423,1,1,1,0.999466950959488,10,1,1
AGAP004699,2,AGAP004699__SITE04;AGAP004699__SITE05,2,65,1,1,1,1,10,1,1
AGAP004699,2,AGAP004699__SITE02;AGAP004699__SITE03,2,140,1,1,1,0.998933901918977,10,1,2
AGAP004699,2,AGAP004699__SITE01;AGAP004699__SITE03,2,143,1,1,1,0.998933901918977,10,1,3
AGAP004699,2,AGAP004699__SITE03;AGAP004699__SITE04,2,386,1,1,1,1,10,1,4
AGAP004699,2,AGAP004699__SITE03;AGAP004699__SITE05,2,428,1,1,1,1,10,1,5
AGAP004699,2,AGAP004699__SITE02;AGAP004699__SITE04,2,503,1,1,1,0.998933901918977,10,1,6
AGAP004699,2,AGAP004699__SITE01;AGAP004699__SITE04,2,506,1,1,1,0.998933901918977,10,1,7
AGAP004699,2,AGAP004699__SITE02;AGAP004699__SITE05,2,545,1,1,1,0.998933901918977,10,1,8
AGAP004699,2,AGAP004699__SITE01;AGAP004699__SITE05,2,548,1,1,1,0.998933901918977,10,1,9
AGAP004699,2,AGAP004699__SITE01;AGAP004699__SITE02,2,26,0.998933901918977,0.991880341880342,1,0.998933901918977,10,0.996924443715488,10
AGAP004699,3,AGAP004699__SITE01;AGAP004699__SITE02;AGAP004699__SITE03,3,143,1,1,1,0.998933901918977,10,1,1
AGAP004699,3,AGAP004699__SITE03;AGAP004699__SITE04;AGAP004699__SITE05,3,428,1,1,1,1,10,1,2
AGAP004699,3,AGAP004699__SITE02;AGAP004699__SITE03;AGAP004699__SITE04,3,503,1,1,1,0.998933901918977,10,1,3
AGAP004699,3,AGAP004699__SITE01;AGAP004699__SITE02;AGAP004699__SITE04,3,506,1,1,1,0.998933901918977,10,1,4
AGAP004699,3,AGAP004699__SITE01;AGAP004699__SITE03;AGAP004699__SITE04,3,506,1,1,1,0.998933901918977,10,1,5
AGAP004699,3,AGAP004699__SITE02;AGAP004699__SITE03;AGAP004699__SITE05,3,545,1,1,1,0.998933901918977,10,1,6
AGAP004699,3,AGAP004699__SITE02;AGAP004699__SITE04;AGAP004699__SITE05,3,545,1,1,1,0.998933901918977,10,1,7
AGAP004699,3,AGAP004699__SITE01;AGAP004699__SITE02;AGAP004699__SITE05,3,548,1,1,1,0.998933901918977,10,1,8
AGAP004699,3,AGAP004699__SITE01;AGAP004699__SITE03;AGAP004699__SITE05,3,548,1,1,1,0.998933901918977,10,1,9
AGAP004699,3,AGAP004699__SITE01;AGAP004699__SITE04;AGAP004699__SITE05,3,548,1,1,1,0.998933901918977,10,1,10
AGAP004729,2,AGAP004729__SITE04;AGAP004729__SITE05,2,32,1,1,1,1,10,1,1
AGAP004729,2,AGAP004729__SITE03;AGAP004729__SITE04,2,33,1,1,1,1,10,1,2
AGAP004729,2,AGAP004729__SITE02;AGAP004729__SITE03,2,41,1,1,1,0.998933901918977,10,1,3
AGAP004729,2,AGAP004729__SITE03;AGAP004729__SITE05,2,42,1,1,1,1,10,1,4
AGAP004729,2,AGAP004729__SITE01;AGAP004729__SITE03,2,50,1,1,1,0.999466950959488,10,1,5
AGAP004729,2,AGAP004729__SITE02;AGAP004729__SITE04,2,51,1,1,1,0.998933901918977,10,1,6
AGAP004729,2,AGAP004729__SITE01;AGAP004729__SITE04,2,60,1,1,1,0.999466950959488,10,1,7
AGAP004729,2,AGAP004729__SITE02;AGAP004729__SITE05,2,60,1,1,1,0.998933901918977,10,1,8
AGAP004729,2,AGAP004729__SITE01;AGAP004729__SITE05,2,69,1,1,1,0.999466950959488,10,1,9
AGAP004729,2,AGAP004729__SITE01;AGAP004729__SITE02,2,32,0.999466950959488,0.986805555555556,1,0.998933901918977,10,0.99572183724236,10
AGAP004729,3,AGAP004729__SITE03;AGAP004729__SITE04;AGAP004729__SITE05,3,42,1,1,1,1,10,1,1
AGAP004729,3,AGAP004729__SITE01;AGAP004729__SITE02;AGAP004729__SITE03,3,50,1,1,1,0.998933901918977,10,1,2
AGAP004729,3,AGAP004729__SITE02;AGAP004729__SITE03;AGAP004729__SITE04,3,51,1,1,1,0.998933901918977,10,1,3
AGAP004729,3,AGAP004729__SITE01;AGAP004729__SITE02;AGAP004729__SITE04,3,60,1,1,1,0.998933901918977,10,1,4
AGAP004729,3,AGAP004729__SITE01;AGAP004729__SITE03;AGAP004729__SITE04,3,60,1,1,1,0.999466950959488,10,1,5
AGAP004729,3,AGAP004729__SITE02;AGAP004729__SITE03;AGAP004729__SITE05,3,60,1,1,1,0.998933901918977,10,1,6
AGAP004729,3,AGAP004729__SITE02;AGAP004729__SITE04;AGAP004729__SITE05,3,60,1,1,1,0.998933901918977,10,1,7
AGAP004729,3,AGAP004729__SITE01;AGAP004729__SITE02;AGAP004729__SITE05,3,69,1,1,1,0.998933901918977,10,1,8
AGAP004729,3,AGAP004729__SITE01;AGAP004729__SITE03;AGAP004729__SITE05,3,69,1,1,1,0.999466950959488,10,1,9
AGAP004729,3,AGAP004729__SITE01;AGAP004729__SITE04;AGAP004729__SITE05,3,69,1,1,1,0.999466950959488,10,1,10
AGAP004739,2,AGAP004739__SITE03;AGAP004739__SITE04,2,27,1,1,1,0.989872068230277,10,1,1
AGAP004739,2,AGAP004739__SITE02;AGAP004739__SITE04,2,28,1,1,1,0.989872068230277,10,1,2
AGAP004739,2,AGAP004739__SITE01;AGAP004739__SITE04,2,38,1,1,1,0.989872068230277,10,1,3
AGAP004739,2,AGAP004739__SITE04;AGAP004739__SITE05,2,164,1,1,1,0.995735607675906,10,1,4
AGAP004739,2,AGAP004739__SITE03;AGAP004739__SITE05,2,168,1,1,1,0.994136460554371,10,1,5
AGAP004739,2,AGAP004739__SITE02;AGAP004739__SITE05,2,169,1,1,1,0.994136460554371,10,1,6
AGAP004739,2,AGAP004739__SITE01;AGAP004739__SITE05,2,179,1,1,1,0.994136460554371,10,1,7
AGAP004739,2,AGAP004739__SITE02;AGAP004739__SITE03,2,24,0.994136460554371,0.959401709401709,0.9,0.994136460554371,10,0.974302389153135,8
AGAP004739,2,AGAP004739__SITE01;AGAP004739__SITE02,2,33,0.994136460554371,0.959401709401709,0.9,0.994136460554371,10,0.974302389153135,9
AGAP004739,2,AGAP004739__SITE01;AGAP004739__SITE03,2,34,0.994136460554371,0.959401709401709,0.9,0.994136460554371,10,0.974302389153135,10
AGAP004739,3,AGAP004739__SITE02;AGAP004739__SITE03;AGAP004739__SITE04,3,28,1,1,1,0.989872068230277,10,1,1
AGAP004739,3,AGAP004739__SITE01;AGAP004739__SITE02;AGAP004739__SITE04,3,38,1,1,1,0.989872068230277,10,1,2
AGAP004739,3,AGAP004739__SITE01;AGAP004739__SITE03;AGAP004739__SITE04,3,38,1,1,1,0.989872068230277,10,1,3
AGAP004739,3,AGAP004739__SITE03;AGAP004739__SITE04;AGAP004739__SITE05,3,168,1,1,1,0.989872068230277,10,1,4
AGAP004739,3,AGAP004739__SITE02;AGAP004739__SITE03;AGAP004739__SITE05,3,169,1,1,1,0.994136460554371,10,1,5
AGAP004739,3,AGAP004739__SITE02;AGAP004739__SITE04;AGAP004739__SITE05,3,169,1,1,1,0.989872068230277,10,1,6
AGAP004739,3,AGAP004739__SITE01;AGAP004739__SITE02;AGAP004739__SITE05,3,179,1,1,1,0.994136460554371,10,1,7
AGAP004739,3,AGAP004739__SITE01;AGAP004739__SITE03;AGAP004739__SITE05,3,179,1,1,1,0.994136460554371,10,1,8
AGAP004739,3,AGAP004739__SITE01;AGAP004739__SITE04;AGAP004739__SITE05,3,179,1,1,1,0.989872068230277,10,1,9
AGAP004739,3,AGAP004739__SITE01;AGAP004739__SITE02;AGAP004739__SITE03,3,34,0.994136460554371,0.959401709401709,0.9,0.994136460554371,10,0.974302389153135,10
AGAP004825,2,AGAP004825__SITE02;AGAP004825__SITE03,2,77,1,1,1,0.740405117270789,10,1,1
AGAP004825,2,AGAP004825__SITE02;AGAP004825__SITE04,2,93,1,1,1,0.874733475479744,10,1,2
AGAP004825,2,AGAP004825__SITE04;AGAP004825__SITE05,2,201,1,1,1,0.976012793176972,10,1,3
AGAP004825,2,AGAP004825__SITE02;AGAP004825__SITE05,2,271,1,1,1,0.890191897654584,10,1,4
AGAP004825,2,AGAP004825__SITE03;AGAP004825__SITE05,2,217,0.998400852878465,0.986972222222222,1,0.843283582089552,10,0.995132178393746,5
AGAP004825,2,AGAP004825__SITE03;AGAP004825__SITE04,2,39,0.995735607675906,0.987094304960196,1,0.830490405117271,10,0.993569656093602,6
AGAP004825,3,AGAP004825__SITE02;AGAP004825__SITE03;AGAP004825__SITE04,3,93,1,1,1,0.724946695095949,10,1,1
AGAP004825,3,AGAP004825__SITE03;AGAP004825__SITE04;AGAP004825__SITE05,3,217,1,1,1,0.827825159914712,10,1,2
AGAP004825,3,AGAP004825__SITE02;AGAP004825__SITE03;AGAP004825__SITE05,3,271,1,1,1,0.73773987206823,10,1,3
AGAP004825,3,AGAP004825__SITE02;AGAP004825__SITE04;AGAP004825__SITE05,3,271,1,1,1,0.87046908315565,10,1,4
AGAP004852,2,AGAP004852__SITE03;AGAP004852__SITE04,2,33,1,1,1,0.980810234541578,10,1,1
AGAP004852,2,AGAP004852__SITE04;AGAP004852__SITE05,2,107,1,1,1,0.990405117270789,10,1,2
AGAP004852,2,AGAP004852__SITE03;AGAP004852__SITE05,2,117,1,1,1,0.971215351812367,10,1,3
AGAP004852,2,AGAP004852__SITE02;AGAP004852__SITE03,2,188,1,1,1,0.974946695095949,10,1,4
AGAP004852,2,AGAP004852__SITE02;AGAP004852__SITE04,2,198,1,1,1,0.994136460554371,10,1,5
AGAP004852,2,AGAP004852__SITE01;AGAP004852__SITE03,2,202,1,1,1,0.957889125799574,10,1,6
AGAP004852,2,AGAP004852__SITE01;AGAP004852__SITE04,2,212,1,1,1,0.977078891257996,10,1,7
AGAP004852,2,AGAP004852__SITE02;AGAP004852__SITE05,2,282,1,1,1,0.98454157782516,10,1,8
AGAP004852,2,AGAP004852__SITE01;AGAP004852__SITE05,2,296,1,1,1,0.967484008528785,10,1,9
AGAP004852,2,AGAP004852__SITE01;AGAP004852__SITE02,2,37,0.999466950959488,0.998933782267116,1,0.971748400852879,10,0.999360305255827,10
AGAP004852,3,AGAP004852__SITE03;AGAP004852__SITE04;AGAP004852__SITE05,3,117,1,1,1,0.971215351812367,10,1,1
AGAP004852,3,AGAP004852__SITE02;AGAP004852__SITE03;AGAP004852__SITE04,3,198,1,1,1,0.974946695095949,10,1,2
AGAP004852,3,AGAP004852__SITE01;AGAP004852__SITE02;AGAP004852__SITE03,3,202,1,1,1,0.952558635394456,10,1,3
AGAP004852,3,AGAP004852__SITE01;AGAP004852__SITE02;AGAP004852__SITE04,3,212,1,1,1,0.971748400852879,10,1,4
AGAP004852,3,AGAP004852__SITE01;AGAP004852__SITE03;AGAP004852__SITE04,3,212,1,1,1,0.957889125799574,10,1,5
AGAP004852,3,AGAP004852__SITE02;AGAP004852__SITE03;AGAP004852__SITE05,3,282,1,1,1,0.965351812366738,10,1,6
AGAP004852,3,AGAP004852__SITE02;AGAP004852__SITE04;AGAP004852__SITE05,3,282,1,1,1,0.98454157782516,10,1,7
AGAP004852,3,AGAP004852__SITE01;AGAP004852__SITE02;AGAP004852__SITE05,3,296,1,1,1,0.962153518123667,10,1,8
AGAP004852,3,AGAP004852__SITE01;AGAP004852__SITE03;AGAP004852__SITE05,3,296,1,1,1,0.948294243070363,10,1,9
AGAP004852,3,AGAP004852__SITE01;AGAP004852__SITE04;AGAP004852__SITE05,3,296,1,1,1,0.967484008528785,10,1,10
AGAP004957,2,AGAP004957__SITE03;AGAP004957__SITE04,2,50,1,1,1,0.966950959488273,10,1,1
AGAP004957,2,AGAP004957__SITE02;AGAP004957__SITE04,2,51,1,1,1,0.966950959488273,10,1,2
AGAP004957,2,AGAP004957__SITE04;AGAP004957__SITE05,2,51,1,1,1,0.968550106609808,10,1,3
AGAP004957,2,AGAP004957__SITE03;AGAP004957__SITE05,2,78,1,1,1,0.990938166311301,10,1,4
AGAP004957,2,AGAP004957__SITE02;AGAP004957__SITE05,2,79,1,1,1,0.990938166311301,10,1,5
AGAP004957,2,AGAP004957__SITE01;AGAP004957__SITE02,2,193,0.999466950959488,0.995777777777778,1,0.677505330490405,10,0.998413503909026,6
AGAP004957,2,AGAP004957__SITE01;AGAP004957__SITE03,2,194,0.999466950959488,0.995777777777778,1,0.677505330490405,10,0.998413503909026,7
AGAP004957,2,AGAP004957__SITE01;AGAP004957__SITE04,2,221,0.999466950959488,0.994242424242424,1,0.655117270788913,10,0.99795289784842,8
AGAP004957,2,AGAP004957__SITE01;AGAP004957__SITE05,2,249,0.998933901918977,0.991555555555555,1,0.679637526652452,10,0.996827007818053,9
AGAP004957,2,AGAP004957__SITE02;AGAP004957__SITE03,2,24,0.994669509594883,0.964666666666667,1,0.994669509594883,10,0.98620170575693,10
AGAP004957,3,AGAP004957__SITE02;AGAP004957__SITE03;AGAP004957__SITE04,3,51,1,1,1,0.966950959488273,10,1,1
AGAP004957,3,AGAP004957__SITE03;AGAP004957__SITE04;AGAP004957__SITE05,3,78,1,1,1,0.963219616204691,10,1,2
AGAP004957,3,AGAP004957__SITE02;AGAP004957__SITE03;AGAP004957__SITE05,3,79,1,1,1,0.990938166311301,10,1,3
AGAP004957,3,AGAP004957__SITE02;AGAP004957__SITE04;AGAP004957__SITE05,3,79,1,1,1,0.963219616204691,10,1,4
AGAP004957,3,AGAP004957__SITE01;AGAP004957__SITE02;AGAP004957__SITE04,3,221,1,1,1,0.650319829424307,10,1,5
AGAP004957,3,AGAP004957__SITE01;AGAP004957__SITE03;AGAP004957__SITE04,3,221,1,1,1,0.650319829424307,10,1,6
AGAP004957,3,AGAP004957__SITE01;AGAP004957__SITE02;AGAP004957__SITE05,3,249,1,1,1,0.674840085287847,10,1,7
AGAP004957,3,AGAP004957__SITE01;AGAP004957__SITE03;AGAP004957__SITE05,3,249,1,1,1,0.674840085287847,10,1,8
AGAP004957,3,AGAP004957__SITE01;AGAP004957__SITE04;AGAP004957__SITE05,3,249,1,1,1,0.652452025586354,10,1,9
AGAP004957,3,AGAP004957__SITE01;AGAP004957__SITE02;AGAP004957__SITE03,3,194,0.999466950959488,0.995777777777778,1,0.677505330490405,10,0.998413503909026,10
AGAP005062,2,AGAP005062__SITE04;AGAP005062__SITE05,2,44,1,1,1,0.979211087420043,10,1,1
AGAP005062,2,AGAP005062__SITE03;AGAP005062__SITE05,2,45,1,1,1,0.979211087420043,10,1,2
AGAP005062,2,AGAP005062__SITE02;AGAP005062__SITE03,2,47,1,1,1,0.987206823027719,10,1,3
AGAP005062,2,AGAP005062__SITE02;AGAP005062__SITE04,2,48,1,1,1,0.987206823027719,10,1,4
AGAP005062,2,AGAP005062__SITE02;AGAP005062__SITE05,2,69,1,1,1,0.974946695095949,10,1,5
AGAP005062,2,AGAP005062__SITE01;AGAP005062__SITE02,2,245,1,1,1,0.991471215351812,10,1,6
AGAP005062,2,AGAP005062__SITE01;AGAP005062__SITE03,2,269,1,1,1,0.995735607675906,10,1,7
AGAP005062,2,AGAP005062__SITE01;AGAP005062__SITE04,2,270,1,1,1,0.995735607675906,10,1,8
AGAP005062,2,AGAP005062__SITE01;AGAP005062__SITE05,2,291,1,1,1,0.983475479744136,10,1,9
AGAP005062,2,AGAP005062__SITE03;AGAP005062__SITE04,2,24,0.995735607675906,0.988996913580247,1,0.995735607675906,10,0.994140438679618,10
AGAP005062,3,AGAP005062__SITE03;AGAP005062__SITE04;AGAP005062__SITE05,3,45,1,1,1,0.979211087420043,10,1,1
AGAP005062,3,AGAP005062__SITE02;AGAP005062__SITE03;AGAP005062__SITE04,3,48,1,1,1,0.987206823027719,10,1,2
AGAP005062,3,AGAP005062__SITE02;AGAP005062__SITE03;AGAP005062__SITE05,3,69,1,1,1,0.970682302771855,10,1,3
AGAP005062,3,AGAP005062__SITE02;AGAP005062__SITE04;AGAP005062__SITE05,3,69,1,1,1,0.970682302771855,10,1,4
AGAP005062,3,AGAP005062__SITE01;AGAP005062__SITE02;AGAP005062__SITE03,3,269,1,1,1,0.987206823027719,10,1,5
AGAP005062,3,AGAP005062__SITE01;AGAP005062__SITE02;AGAP005062__SITE04,3,270,1,1,1,0.987206823027719,10,1,6
AGAP005062,3,AGAP005062__SITE01;AGAP005062__SITE03;AGAP005062__SITE04,3,270,1,1,1,0.995735607675906,10,1,7
AGAP005062,3,AGAP005062__SITE01;AGAP005062__SITE02;AGAP005062__SITE05,3,291,1,1,1,0.974946695095949,10,1,8
AGAP005062,3,AGAP005062__SITE01;AGAP005062__SITE03;AGAP005062__SITE05,3,291,1,1,1,0.979211087420043,10,1,9
AGAP005062,3,AGAP005062__SITE01;AGAP005062__SITE04;AGAP005062__SITE05,3,291,1,1,1,0.979211087420043,10,1,10
AGAP005127,2,AGAP005127__SITE02;AGAP005127__SITE03,2,65,1,1,1,0.98773987206823,10,1,1
AGAP005127,2,AGAP005127__SITE01;AGAP005127__SITE02,2,96,1,1,1,0.96908315565032,10,1,2
AGAP005127,2,AGAP005127__SITE01;AGAP005127__SITE03,2,138,1,1,1,0.966417910447761,10,1,3
AGAP005127,2,AGAP005127__SITE03;AGAP005127__SITE04,2,206,1,1,1,0.973880597014925,10,1,4
AGAP005127,2,AGAP005127__SITE03;AGAP005127__SITE05,2,243,1,1,1,0.988272921108742,10,1,5
AGAP005127,2,AGAP005127__SITE02;AGAP005127__SITE04,2,248,1,1,1,0.976545842217484,10,1,6
AGAP005127,2,AGAP005127__SITE02;AGAP005127__SITE05,2,285,1,1,1,0.990938166311301,10,1,7
AGAP005127,2,AGAP005127__SITE01;AGAP005127__SITE04,2,321,1,1,1,0.955223880597015,10,1,8
AGAP005127,2,AGAP005127__SITE01;AGAP005127__SITE05,2,358,1,1,1,0.969616204690831,10,1,9
AGAP005127,2,AGAP005127__SITE04;AGAP005127__SITE05,2,60,0.999466950959488,0.998933782267116,1,0.977611940298507,10,0.999360305255827,10
AGAP005127,3,AGAP005127__SITE01;AGAP005127__SITE02;AGAP005127__SITE03,3,138,1,1,1,0.961620469083156,10,1,1
AGAP005127,3,AGAP005127__SITE03;AGAP005127__SITE04;AGAP005127__SITE05,3,243,1,1,1,0.970149253731343,10,1,2
AGAP005127,3,AGAP005127__SITE02;AGAP005127__SITE03;AGAP005127__SITE04,3,248,1,1,1,0.96908315565032,10,1,3
AGAP005127,3,AGAP005127__SITE02;AGAP005127__SITE03;AGAP005127__SITE05,3,285,1,1,1,0.983475479744136,10,1,4
AGAP005127,3,AGAP005127__SITE02;AGAP005127__SITE04;AGAP005127__SITE05,3,285,1,1,1,0.972814498933902,10,1,5
AGAP005127,3,AGAP005127__SITE01;AGAP005127__SITE02;AGAP005127__SITE04,3,321,1,1,1,0.950426439232409,10,1,6
AGAP005127,3,AGAP005127__SITE01;AGAP005127__SITE03;AGAP005127__SITE04,3,321,1,1,1,0.947761194029851,10,1,7
AGAP005127,3,AGAP005127__SITE01;AGAP005127__SITE02;AGAP005127__SITE05,3,358,1,1,1,0.964818763326226,10,1,8
AGAP005127,3,AGAP005127__SITE01;AGAP005127__SITE03;AGAP005127__SITE05,3,358,1,1,1,0.962153518123667,10,1,9
AGAP005127,3,AGAP005127__SITE01;AGAP005127__SITE04;AGAP005127__SITE05,3,358,1,1,1,0.951492537313433,10,1,10
AGAP005130,2,AGAP005130__SITE02;AGAP005130__SITE03,2,52,1,1,1,0.995202558635394,10,1,1
AGAP005130,2,AGAP005130__SITE02;AGAP005130__SITE04,2,59,1,1,1,0.995735607675906,10,1,2
AGAP005130,2,AGAP005130__SITE01;AGAP005130__SITE02,2,124,1,1,1,0.96002132196162,10,1,3
AGAP005130,2,AGAP005130__SITE01;AGAP005130__SITE03,2,153,1,1,1,0.961620469083156,10,1,4
AGAP005130,2,AGAP005130__SITE01;AGAP005130__SITE04,2,160,1,1,1,0.962153518123667,10,1,5
AGAP005130,2,AGAP005130__SITE04;AGAP005130__SITE05,2,321,1,1,1,0.965884861407249,10,1,6
AGAP005130,2,AGAP005130__SITE03;AGAP005130__SITE05,2,328,1,1,1,0.965351812366738,10,1,7
AGAP005130,2,AGAP005130__SITE01;AGAP005130__SITE05,2,458,1,1,1,0.930170575692964,10,1,8
AGAP005130,2,AGAP005130__SITE02;AGAP005130__SITE05,2,357,0.999466950959488,0.998933782267116,1,0.964285714285714,10,0.999360305255827,9
AGAP005130,2,AGAP005130__SITE03;AGAP005130__SITE04,2,30,0.998933901918977,0.995160493827161,1,0.998400852878465,10,0.997908489299534,10
AGAP005130,3,AGAP005130__SITE02;AGAP005130__SITE03;AGAP005130__SITE04,3,59,1,1,1,0.995202558635394,10,1,1
AGAP005130,3,AGAP005130__SITE01;AGAP005130__SITE02;AGAP005130__SITE03,3,153,1,1,1,0.958422174840085,10,1,2
AGAP005130,3,AGAP005130__SITE01;AGAP005130__SITE02;AGAP005130__SITE04,3,160,1,1,1,0.958955223880597,10,1,3
AGAP005130,3,AGAP005130__SITE01;AGAP005130__SITE03;AGAP005130__SITE04,3,160,1,1,1,0.961620469083156,10,1,4
AGAP005130,3,AGAP005130__SITE03;AGAP005130__SITE04;AGAP005130__SITE05,3,328,1,1,1,0.965351812366738,10,1,5
AGAP005130,3,AGAP005130__SITE02;AGAP005130__SITE03;AGAP005130__SITE05,3,357,1,1,1,0.962686567164179,10,1,6
AGAP005130,3,AGAP005130__SITE02;AGAP005130__SITE04;AGAP005130__SITE05,3,357,1,1,1,0.963219616204691,10,1,7
AGAP005130,3,AGAP005130__SITE01;AGAP005130__SITE02;AGAP005130__SITE05,3,458,1,1,1,0.927505330490405,10,1,8
AGAP005130,3,AGAP005130__SITE01;AGAP005130__SITE03;AGAP005130__SITE05,3,458,1,1,1,0.928571428571429,10,1,9
AGAP005130,3,AGAP005130__SITE01;AGAP005130__SITE04;AGAP005130__SITE05,3,458,1,1,1,0.92910447761194,10,1,10
AGAP005321,2,AGAP005321__SITE01;AGAP005321__SITE04,2,127,1,1,1,0.977611940298507,10,1,1
AGAP005321,2,AGAP005321__SITE01;AGAP005321__SITE05,2,128,1,1,1,0.977611940298507,10,1,2
AGAP005321,2,AGAP005321__SITE01;AGAP005321__SITE02,2,119,0.999466950959488,0.997172619047619,1,0.935501066098081,10,0.998831956289979,3
AGAP005321,2,AGAP005321__SITE01;AGAP005321__SITE03,2,120,0.999466950959488,0.997172619047619,1,0.935501066098081,10,0.998831956289979,4
AGAP005321,2,AGAP005321__SITE03;AGAP005321__SITE04,2,30,0.99680170575693,0.984059523809524,1,0.930703624733475,10,0.993298880597015,5
AGAP005321,2,AGAP005321__SITE02;AGAP005321__SITE04,2,31,0.99680170575693,0.984059523809524,1,0.930703624733475,10,0.993298880597015,6
AGAP005321,2,AGAP005321__SITE03;AGAP005321__SITE05,2,31,0.99680170575693,0.984059523809524,1,0.930703624733475,10,0.993298880597015,7
AGAP005321,2,AGAP005321__SITE02;AGAP005321__SITE05,2,32,0.99680170575693,0.984059523809524,1,0.930703624733475,10,0.993298880597015,8
AGAP005321,2,AGAP005321__SITE04;AGAP005321__SITE05,2,24,0.985074626865672,0.935,0.9,0.985074626865672,10,0.961544776119403,9
AGAP005321,2,AGAP005321__SITE02;AGAP005321__SITE03,2,24,0.942430703624733,0.915415564373898,0.6,0.942430703624733,10,0.900083091487009,10
AGAP005321,3,AGAP005321__SITE01;AGAP005321__SITE02;AGAP005321__SITE04,3,127,1,1,1,0.923773987206823,10,1,1
AGAP005321,3,AGAP005321__SITE01;AGAP005321__SITE03;AGAP005321__SITE04,3,127,1,1,1,0.923773987206823,10,1,2
AGAP005321,3,AGAP005321__SITE01;AGAP005321__SITE02;AGAP005321__SITE05,3,128,1,1,1,0.923773987206823,10,1,3
AGAP005321,3,AGAP005321__SITE01;AGAP005321__SITE03;AGAP005321__SITE05,3,128,1,1,1,0.923773987206823,10,1,4
AGAP005321,3,AGAP005321__SITE01;AGAP005321__SITE04;AGAP005321__SITE05,3,128,1,1,1,0.977611940298507,10,1,5
AGAP005321,3,AGAP005321__SITE01;AGAP005321__SITE02;AGAP005321__SITE03,3,120,0.999466950959488,0.997172619047619,1,0.935501066098081,10,0.998831956289979,6
AGAP005321,3,AGAP005321__SITE02;AGAP005321__SITE03;AGAP005321__SITE04,3,31,0.99680170575693,0.984059523809524,1,0.930703624733475,10,0.993298880597015,7
AGAP005321,3,AGAP005321__SITE03;AGAP005321__SITE04;AGAP005321__SITE05,3,31,0.99680170575693,0.984059523809524,1,0.930703624733475,10,0.993298880597015,8
AGAP005321,3,AGAP005321__SITE02;AGAP005321__SITE03;AGAP005321__SITE05,3,32,0.99680170575693,0.984059523809524,1,0.930703624733475,10,0.993298880597015,9
AGAP005321,3,AGAP005321__SITE02;AGAP005321__SITE04;AGAP005321__SITE05,3,32,0.99680170575693,0.984059523809524,1,0.930703624733475,10,0.993298880597015,10
AGAP005406,2,AGAP005406__SITE01;AGAP005406__SITE02,2,96,1,1,1,0.890191897654584,10,1,1
AGAP005406,2,AGAP005406__SITE01;AGAP005406__SITE03,2,97,1,1,1,0.890191897654584,10,1,2
AGAP005406,2,AGAP005406__SITE01;AGAP005406__SITE05,2,392,0.999466950959488,0.995777777777778,1,0.716950959488273,10,0.998413503909026,3
AGAP005406,2,AGAP005406__SITE01;AGAP005406__SITE04,2,151,0.991471215351812,0.964058898847631,1,0.649253731343284,10,0.984100398865377,4
AGAP005406,2,AGAP005406__SITE04;AGAP005406__SITE05,2,264,0.983475479744136,0.946057971014493,0.9,0.505863539445629,10,0.96390267915083,5
AGAP005406,2,AGAP005406__SITE03;AGAP005406__SITE05,2,318,0.980277185501066,0.857905982905983,0.9,0.758528784648188,10,0.935538106172434,6
AGAP005406,2,AGAP005406__SITE02;AGAP005406__SITE05,2,319,0.980277185501066,0.857905982905983,0.9,0.758528784648188,10,0.935538106172434,7
AGAP005406,2,AGAP005406__SITE03;AGAP005406__SITE04,2,77,0.979744136460554,0.9249423815621,0.7,0.683368869936034,10,0.935329196344962,8
AGAP005406,2,AGAP005406__SITE02;AGAP005406__SITE04,2,78,0.979744136460554,0.9249423815621,0.7,0.683368869936034,10,0.935329196344962,9
AGAP005406,2,AGAP005406__SITE02;AGAP005406__SITE03,2,24,0.956289978678038,0.82457264957265,0.6,0.956289978678038,10,0.881145782078618,10
AGAP005406,3,AGAP005406__SITE01;AGAP005406__SITE02;AGAP005406__SITE03,3,97,1,1,1,0.890191897654584,10,1,1
AGAP005406,3,AGAP005406__SITE01;AGAP005406__SITE02;AGAP005406__SITE04,3,151,1,1,1,0.625799573560768,10,1,2
AGAP005406,3,AGAP005406__SITE01;AGAP005406__SITE03;AGAP005406__SITE04,3,151,1,1,1,0.625799573560768,10,1,3
AGAP005406,3,AGAP005406__SITE03;AGAP005406__SITE04;AGAP005406__SITE05,3,318,1,1,1,0.502132196162047,10,1,4
AGAP005406,3,AGAP005406__SITE02;AGAP005406__SITE04;AGAP005406__SITE05,3,319,1,1,1,0.502132196162047,10,1,5
AGAP005406,3,AGAP005406__SITE01;AGAP005406__SITE02;AGAP005406__SITE05,3,392,1,1,1,0.692963752665245,10,1,6
AGAP005406,3,AGAP005406__SITE01;AGAP005406__SITE03;AGAP005406__SITE05,3,392,1,1,1,0.692963752665245,10,1,7
AGAP005406,3,AGAP005406__SITE01;AGAP005406__SITE04;AGAP005406__SITE05,3,392,0.999466950959488,0.995777777777778,1,0.448294243070363,10,0.998413503909026,8
AGAP005406,3,AGAP005406__SITE02;AGAP005406__SITE03;AGAP005406__SITE05,3,319,0.980277185501066,0.857905982905983,0.9,0.758528784648188,10,0.935538106172434,9
AGAP005406,3,AGAP005406__SITE02;AGAP005406__SITE03;AGAP005406__SITE04,3,78,0.979744136460554,0.9249423815621,0.7,0.683368869936034,10,0.935329196344962,10
AGAP005763,2,AGAP005763__SITE01;AGAP005763__SITE04,2,271,0.997334754797441,0.990283289241623,1,0.937100213219616,10,0.995485839650951,1
AGAP005763,2,AGAP005763__SITE01;AGAP005763__SITE05,2,273,0.997334754797441,0.990283289241623,1,0.934434968017058,10,0.995485839650951,2
AGAP005763,2,AGAP005763__SITE01;AGAP005763__SITE02,2,47,0.994136460554371,0.982529761904762,1,0.0495735607675906,10,0.991240804904051,3
AGAP005763,2,AGAP005763__SITE01;AGAP005763__SITE03,2,50,0.994136460554371,0.982529761904762,1,0.0495735607675906,10,0.991240804904051,4
AGAP005763,2,AGAP005763__SITE04;AGAP005763__SITE05,2,25,0.940831556503198,0.825507246376812,0.6,0.937100213219616,10,0.872151107814963,5
AGAP005763,2,AGAP005763__SITE03;AGAP005763__SITE04,2,244,0.94136460554371,0.819749670619236,0.6,0.0485074626865672,10,0.870743664511997,6
AGAP005763,2,AGAP005763__SITE02;AGAP005763__SITE04,2,247,0.94136460554371,0.819749670619236,0.6,0.0485074626865672,10,0.870743664511997,7
AGAP005763,2,AGAP005763__SITE03;AGAP005763__SITE05,2,246,0.938699360341151,0.825507246376812,0.5,0.0485074626865672,10,0.860871790117734,8
AGAP005763,2,AGAP005763__SITE02;AGAP005763__SITE05,2,249,0.938699360341151,0.825507246376812,0.5,0.0485074626865672,10,0.860871790117734,9
AGAP005763,2,AGAP005763__SITE02;AGAP005763__SITE03,2,26,0.0495735607675906,0.00491071428571428,0,0.0495735607675906,10,0.0312173507462687,10
AGAP005763,3,AGAP005763__SITE01;AGAP005763__SITE02;AGAP005763__SITE04,3,271,0.997334754797441,0.990283289241623,1,0.0485074626865672,10,0.995485839650951,1
AGAP005763,3,AGAP005763__SITE01;AGAP005763__SITE03;AGAP005763__SITE04,3,271,0.997334754797441,0.990283289241623,1,0.0485074626865672,10,0.995485839650951,2
AGAP005763,3,AGAP005763__SITE01;AGAP005763__SITE02;AGAP005763__SITE05,3,273,0.997334754797441,0.990283289241623,1,0.0485074626865672,10,0.995485839650951,3
AGAP005763,3,AGAP005763__SITE01;AGAP005763__SITE03;AGAP005763__SITE05,3,273,0.997334754797441,0.990283289241623,1,0.0485074626865672,10,0.995485839650951,4
AGAP005763,3,AGAP005763__SITE01;AGAP005763__SITE04;AGAP005763__SITE05,3,273,0.997334754797441,0.990283289241623,1,0.933901918976546,10,0.995485839650951,5
AGAP005763,3,AGAP005763__SITE01;AGAP005763__SITE02;AGAP005763__SITE03,3,50,0.994136460554371,0.982529761904762,1,0.0495735607675906,10,0.991240804904051,6
AGAP005763,3,AGAP005763__SITE03;AGAP005763__SITE04;AGAP005763__SITE05,3,246,0.941897654584222,0.825507246376812,0.6,0.0485074626865672,10,0.872790766663577,7
AGAP005763,3,AGAP005763__SITE02;AGAP005763__SITE04;AGAP005763__SITE05,3,249,0.941897654584222,0.825507246376812,0.6,0.0485074626865672,10,0.872790766663577,8
AGAP005763,3,AGAP005763__SITE02;AGAP005763__SITE03;AGAP005763__SITE04,3,247,0.94136460554371,0.819749670619236,0.6,0.0485074626865672,10,0.870743664511997,9
AGAP005763,3,AGAP005763__SITE02;AGAP005763__SITE03;AGAP005763__SITE05,3,249,0.938699360341151,0.825507246376812,0.5,0.0485074626865672,10,0.860871790117734,10
AGAP005871,2,AGAP005871__SITE01;AGAP005871__SITE02,2,40,1,1,1,0.938699360341151,10,1,1
AGAP005871,2,AGAP005871__SITE01;AGAP005871__SITE03,2,78,1,1,1,0.300639658848614,10,1,2
AGAP005871,2,AGAP005871__SITE01;AGAP005871__SITE04,2,255,1,1,1,0.714818763326226,10,1,3
AGAP005871,2,AGAP005871__SITE01;AGAP005871__SITE05,2,265,1,1,1,0.479744136460554,10,1,4
AGAP005871,2,AGAP005871__SITE02;AGAP005871__SITE04,2,238,0.945095948827292,0.796588164251208,0.5,0.709488272921109,10,0.856034018571737,5
AGAP005871,2,AGAP005871__SITE02;AGAP005871__SITE03,2,61,0.939765458422175,0.782638888888889,0.5,0.300639658848614,10,0.848650941719972,6
AGAP005871,2,AGAP005871__SITE02;AGAP005871__SITE05,2,248,0.939765458422175,0.782638888888889,0.5,0.479744136460554,10,0.848650941719972,7
AGAP005871,2,AGAP005871__SITE03;AGAP005871__SITE04,2,200,0.718550106609808,0.560760869565217,0,0.297974413646055,10,0.59935832483545,8
AGAP005871,2,AGAP005871__SITE04;AGAP005871__SITE05,2,33,0.715351812366738,0.560760869565217,0,0.480277185501066,10,0.597439348289608,9
AGAP005871,2,AGAP005871__SITE03;AGAP005871__SITE05,2,210,0.484008528784648,0.140277777777778,0,0.297441364605544,10,0.332488450604122,10
AGAP005871,3,AGAP005871__SITE01;AGAP005871__SITE02;AGAP005871__SITE03,3,78,1,1,1,0.300106609808102,10,1,1
AGAP005871,3,AGAP005871__SITE01;AGAP005871__SITE02;AGAP005871__SITE04,3,255,1,1,1,0.708955223880597,10,1,2
AGAP005871,3,AGAP005871__SITE01;AGAP005871__SITE03;AGAP005871__SITE04,3,255,1,1,1,0.297441364605544,10,1,3
AGAP005871,3,AGAP005871__SITE01;AGAP005871__SITE02;AGAP005871__SITE05,3,265,1,1,1,0.479211087420043,10,1,4
AGAP005871,3,AGAP005871__SITE01;AGAP005871__SITE03;AGAP005871__SITE05,3,265,1,1,1,0.296908315565032,10,1,5
AGAP005871,3,AGAP005871__SITE01;AGAP005871__SITE04;AGAP005871__SITE05,3,265,1,1,1,0.479744136460554,10,1,6
AGAP005871,3,AGAP005871__SITE02;AGAP005871__SITE03;AGAP005871__SITE04,3,238,0.945095948827292,0.796588164251208,0.5,0.297441364605544,10,0.856034018571737,7
AGAP005871,3,AGAP005871__SITE02;AGAP005871__SITE04;AGAP005871__SITE05,3,248,0.945095948827292,0.796588164251208,0.5,0.479744136460554,10,0.856034018571737,8
AGAP005871,3,AGAP005871__SITE02;AGAP005871__SITE03;AGAP005871__SITE05,3,248,0.939765458422175,0.782638888888889,0.5,0.296908315565032,10,0.848650941719972,9
AGAP005871,3,AGAP005871__SITE03;AGAP005871__SITE04;AGAP005871__SITE05,3,210,0.718550106609808,0.560760869565217,0,0.297441364605544,10,0.59935832483545,10
AGAP005874,2,AGAP005874__SITE02;AGAP005874__SITE03,2,93,1,1,1,0.995735607675906,10,1,1
AGAP005874,2,AGAP005874__SITE03;AGAP005874__SITE05,2,138,1,1,1,0.797974413646056,10,1,2
AGAP005874,2,AGAP005874__SITE02;AGAP005874__SITE05,2,208,1,1,1,0.794776119402985,10,1,3
AGAP005874,2,AGAP005874__SITE03;AGAP005874__SITE04,2,57,0.999466950959488,0.996557971014493,1,0.513859275053305,10,0.998647561880041,4
AGAP005874,2,AGAP005874__SITE01;AGAP005874__SITE03,2,102,0.999466950959488,0.996557971014493,1,0.906183368869936,10,0.998647561880041,5
AGAP005874,2,AGAP005874__SITE02;AGAP005874__SITE04,2,127,0.99680170575693,0.983901515151515,1,0.513326226012793,10,0.993251477999612,6
AGAP005874,2,AGAP005874__SITE01;AGAP005874__SITE02,2,32,0.996268656716418,0.983901515151515,1,0.906183368869936,10,0.992931648575305,7
AGAP005874,2,AGAP005874__SITE01;AGAP005874__SITE05,2,217,0.979211087420043,0.924478873239437,0.8,0.725479744136461,10,0.944870314423856,8
AGAP005874,2,AGAP005874__SITE04;AGAP005874__SITE05,2,104,0.920575692963753,0.810079895949461,0.4,0.391791044776119,10,0.83536938456309,9
AGAP005874,2,AGAP005874__SITE01;AGAP005874__SITE04,2,136,0.906716417910448,0.709111111111111,0.5,0.513326226012793,10,0.806763184079602,10
AGAP005874,3,AGAP005874__SITE01;AGAP005874__SITE02;AGAP005874__SITE03,3,102,1,1,1,0.906183368869936,10,1,1
AGAP005874,3,AGAP005874__SITE02;AGAP005874__SITE03;AGAP005874__SITE04,3,127,1,1,1,0.513326226012793,10,1,2
AGAP005874,3,AGAP005874__SITE03;AGAP005874__SITE04;AGAP005874__SITE05,3,138,1,1,1,0.391791044776119,10,1,3
AGAP005874,3,AGAP005874__SITE02;AGAP005874__SITE03;AGAP005874__SITE05,3,208,1,1,1,0.794243070362473,10,1,4
AGAP005874,3,AGAP005874__SITE02;AGAP005874__SITE04;AGAP005874__SITE05,3,208,1,1,1,0.391257995735608,10,1,5
AGAP005874,3,AGAP005874__SITE01;AGAP005874__SITE02;AGAP005874__SITE05,3,217,1,1,1,0.725479744136461,10,1,6
AGAP005874,3,AGAP005874__SITE01;AGAP005874__SITE03;AGAP005874__SITE05,3,217,1,1,1,0.725479744136461,10,1,7
AGAP005874,3,AGAP005874__SITE01;AGAP005874__SITE03;AGAP005874__SITE04,3,136,0.999466950959488,0.996557971014493,1,0.513326226012793,10,0.998647561880041,8
AGAP005874,3,AGAP005874__SITE01;AGAP005874__SITE02;AGAP005874__SITE04,3,136,0.99680170575693,0.983901515151515,1,0.513326226012793,10,0.993251477999612,9
AGAP005874,3,AGAP005874__SITE01;AGAP005874__SITE04;AGAP005874__SITE05,3,217,0.979211087420043,0.924478873239437,0.8,0.391257995735608,10,0.944870314423856,10
AGAP005917,2,AGAP005917__SITE02;AGAP005917__SITE05,2,93,1,1,1,0.982942430703625,10,1,1
AGAP005917,2,AGAP005917__SITE01;AGAP005917__SITE02,2,482,1,1,1,0.993070362473348,10,1,2
AGAP005917,2,AGAP005917__SITE01;AGAP005917__SITE05,2,552,1,1,1,0.978144989339019,10,1,3
AGAP005917,2,AGAP005917__SITE02;AGAP005917__SITE03,2,60,0.998933901918977,0.997867564534231,1,0.0207889125799574,10,0.998720610511655,4
AGAP005917,2,AGAP005917__SITE02;AGAP005917__SITE04,2,66,0.998933901918977,0.997867564534231,1,0.0207889125799574,10,0.998720610511655,5
AGAP005917,2,AGAP005917__SITE01;AGAP005917__SITE03,2,519,0.994136460554371,0.974305555555556,1,0.0207889125799574,10,0.988773542999289,6
AGAP005917,2,AGAP005917__SITE01;AGAP005917__SITE04,2,525,0.994136460554371,0.974305555555556,1,0.0207889125799574,10,0.988773542999289,7
AGAP005917,2,AGAP005917__SITE04;AGAP005917__SITE05,2,50,0.98454157782516,0.970893658810325,1,0.0202558635394456,10,0.981993044338193,8
AGAP005917,2,AGAP005917__SITE03;AGAP005917__SITE05,2,56,0.98454157782516,0.970893658810325,1,0.0202558635394456,10,0.981993044338193,9
AGAP005917,2,AGAP005917__SITE03;AGAP005917__SITE04,2,29,0.0207889125799574,0,0,0.0207889125799574,10,0.0124733475479744,10
AGAP005917,3,AGAP005917__SITE02;AGAP005917__SITE03;AGAP005917__SITE05,3,93,1,1,1,0.0202558635394456,10,1,1
AGAP005917,3,AGAP005917__SITE02;AGAP005917__SITE04;AGAP005917__SITE05,3,93,1,1,1,0.0202558635394456,10,1,2
AGAP005917,3,AGAP005917__SITE01;AGAP005917__SITE02;AGAP005917__SITE03,3,519,1,1,1,0.0207889125799574,10,1,3
AGAP005917,3,AGAP005917__SITE01;AGAP005917__SITE02;AGAP005917__SITE04,3,525,1,1,1,0.0207889125799574,10,1,4
AGAP005917,3,AGAP005917__SITE01;AGAP005917__SITE02;AGAP005917__SITE05,3,552,1,1,1,0.977078891257996,10,1,5
AGAP005917,3,AGAP005917__SITE01;AGAP005917__SITE03;AGAP005917__SITE05,3,552,1,1,1,0.0202558635394456,10,1,6
AGAP005917,3,AGAP005917__SITE01;AGAP005917__SITE04;AGAP005917__SITE05,3,552,1,1,1,0.0202558635394456,10,1,7
AGAP005917,3,AGAP005917__SITE02;AGAP005917__SITE03;AGAP005917__SITE04,3,66,0.998933901918977,0.997867564534231,1,0.0207889125799574,10,0.998720610511655,8
AGAP005917,3,AGAP005917__SITE01;AGAP005917__SITE03;AGAP005917__SITE04,3,525,0.994136460554371,0.974305555555556,1,0.0207889125799574,10,0.988773542999289,9
AGAP005917,3,AGAP005917__SITE03;AGAP005917__SITE04;AGAP005917__SITE05,3,56,0.98454157782516,0.970893658810325,1,0.0202558635394456,10,0.981993044338193,10
AGAP005920,2,AGAP005920__SITE02;AGAP005920__SITE03,2,73,1,1,1,0.968550106609808,10,1,1
AGAP005920,2,AGAP005920__SITE02;AGAP005920__SITE04,2,82,1,1,1,0.989872068230277,10,1,2
AGAP005920,2,AGAP005920__SITE04;AGAP005920__SITE05,2,299,1,1,1,0.989872068230277,10,1,3
AGAP005920,2,AGAP005920__SITE03;AGAP005920__SITE05,2,308,1,1,1,0.968550106609808,10,1,4
AGAP005920,2,AGAP005920__SITE02;AGAP005920__SITE05,2,358,1,1,1,0.992537313432836,10,1,5
AGAP005920,2,AGAP005920__SITE03;AGAP005920__SITE04,2,32,0.997867803837953,0.988239096414234,1,0.968017057569296,10,0.995192411227042,6
AGAP005920,3,AGAP005920__SITE02;AGAP005920__SITE03;AGAP005920__SITE04,3,82,1,1,1,0.964285714285714,10,1,1
AGAP005920,3,AGAP005920__SITE03;AGAP005920__SITE04;AGAP005920__SITE05,3,308,1,1,1,0.964285714285714,10,1,2
AGAP005920,3,AGAP005920__SITE02;AGAP005920__SITE03;AGAP005920__SITE05,3,358,1,1,1,0.964818763326226,10,1,3
AGAP005920,3,AGAP005920__SITE02;AGAP005920__SITE04;AGAP005920__SITE05,3,358,1,1,1,0.986140724946695,10,1,4
AGAP005958,2,AGAP005958__SITE02;AGAP005958__SITE03,2,244,1,1,1,0.983475479744136,10,1,1
AGAP005958,2,AGAP005958__SITE01;AGAP005958__SITE03,2,736,1,1,1,0.964818763326226,10,1,2
AGAP005958,2,AGAP005958__SITE02;AGAP005958__SITE04,2,418,0.999466950959488,0.996557971014493,1,0.952025586353944,10,0.998647561880041,3
AGAP005958,2,AGAP005958__SITE02;AGAP005958__SITE05,2,421,0.999466950959488,0.996557971014493,1,0.953091684434968,10,0.998647561880041,4
AGAP005958,2,AGAP005958__SITE01;AGAP005958__SITE02,2,515,0.999466950959488,0.995777777777778,1,0.968017057569296,10,0.998413503909026,5
AGAP005958,2,AGAP005958__SITE03;AGAP005958__SITE04,2,197,0.998400852878465,0.991517857142857,1,0.950426439232409,10,0.996495868869936,6
AGAP005958,2,AGAP005958__SITE03;AGAP005958__SITE05,2,200,0.998400852878465,0.991517857142857,1,0.951492537313433,10,0.996495868869936,7
AGAP005958,2,AGAP005958__SITE01;AGAP005958__SITE04,2,910,0.997867803837953,0.992249670619236,1,0.934968017057569,10,0.996395583488543,8
AGAP005958,2,AGAP005958__SITE01;AGAP005958__SITE05,2,913,0.997867803837953,0.992249670619236,1,0.936034115138593,10,0.996395583488543,9
AGAP005958,2,AGAP005958__SITE04;AGAP005958__SITE05,2,26,0.959488272921109,0.874900793650794,0.5,0.958422174840085,10,0.888163201847903,10
AGAP005958,3,AGAP005958__SITE02;AGAP005958__SITE03;AGAP005958__SITE04,3,418,1,1,1,0.944029850746269,10,1,1
AGAP005958,3,AGAP005958__SITE02;AGAP005958__SITE03;AGAP005958__SITE05,3,421,1,1,1,0.945095948827292,10,1,2
AGAP005958,3,AGAP005958__SITE01;AGAP005958__SITE02;AGAP005958__SITE03,3,736,1,1,1,0.958422174840085,10,1,3
AGAP005958,3,AGAP005958__SITE01;AGAP005958__SITE02;AGAP005958__SITE04,3,910,1,1,1,0.92910447761194,10,1,4
AGAP005958,3,AGAP005958__SITE01;AGAP005958__SITE03;AGAP005958__SITE04,3,910,1,1,1,0.926972281449893,10,1,5
AGAP005958,3,AGAP005958__SITE01;AGAP005958__SITE02;AGAP005958__SITE05,3,913,1,1,1,0.930170575692964,10,1,6
AGAP005958,3,AGAP005958__SITE01;AGAP005958__SITE03;AGAP005958__SITE05,3,913,1,1,1,0.928038379530917,10,1,7
AGAP005958,3,AGAP005958__SITE02;AGAP005958__SITE04;AGAP005958__SITE05,3,421,0.999466950959488,0.996557971014493,1,0.952025586353944,10,0.998647561880041,8
AGAP005958,3,AGAP005958__SITE03;AGAP005958__SITE04;AGAP005958__SITE05,3,200,0.998400852878465,0.991517857142857,1,0.950426439232409,10,0.996495868869936,9
AGAP005958,3,AGAP005958__SITE01;AGAP005958__SITE04;AGAP005958__SITE05,3,913,0.997867803837953,0.992249670619236,1,0.934968017057569,10,0.996395583488543,10
AGAP005959,2,AGAP005959__SITE02;AGAP005959__SITE03,2,37,1,1,1,0.975479744136461,10,1,1
AGAP005959,2,AGAP005959__SITE01;AGAP005959__SITE03,2,132,1,1,1,0.858742004264392,10,1,2
AGAP005959,2,AGAP005959__SITE01;AGAP005959__SITE02,2,118,0.998400852878465,0.991263057929725,1,0.844349680170576,10,0.996419429105996,3
AGAP005959,2,AGAP005959__SITE03;AGAP005959__SITE04,2,210,0.995735607675906,0.988935697518444,1,0.12046908315565,10,0.994122073861077,4
AGAP005959,2,AGAP005959__SITE03;AGAP005959__SITE05,2,219,0.995735607675906,0.988935697518444,1,0.119936034115139,10,0.994122073861077,5
AGAP005959,2,AGAP005959__SITE02;AGAP005959__SITE04,2,224,0.98134328358209,0.962685990338164,1,0.118869936034115,10,0.977611767250703,6
AGAP005959,2,AGAP005959__SITE02;AGAP005959__SITE05,2,233,0.98134328358209,0.962685990338164,1,0.118336886993603,10,0.977611767250703,7
AGAP005959,2,AGAP005959__SITE01;AGAP005959__SITE04,2,319,0.938699360341151,0.857189719513663,0.4,0.0447761194029851,10,0.86037653205879,8
AGAP005959,2,AGAP005959__SITE01;AGAP005959__SITE05,2,328,0.938699360341151,0.857189719513663,0.4,0.0442430703624733,10,0.86037653205879,9
AGAP005959,2,AGAP005959__SITE04;AGAP005959__SITE05,2,32,0.12046908315565,0.00199275362318841,0,0.119936034115139,10,0.0728792759803467,10
AGAP005959,3,AGAP005959__SITE01;AGAP005959__SITE02;AGAP005959__SITE03,3,132,1,1,1,0.840085287846482,10,1,1
AGAP005959,3,AGAP005959__SITE02;AGAP005959__SITE03;AGAP005959__SITE04,3,224,1,1,1,0.118869936034115,10,1,2
AGAP005959,3,AGAP005959__SITE02;AGAP005959__SITE03;AGAP005959__SITE05,3,233,1,1,1,0.118336886993603,10,1,3
AGAP005959,3,AGAP005959__SITE01;AGAP005959__SITE03;AGAP005959__SITE04,3,319,1,1,1,0.0447761194029851,10,1,4
AGAP005959,3,AGAP005959__SITE01;AGAP005959__SITE03;AGAP005959__SITE05,3,328,1,1,1,0.0442430703624733,10,1,5
AGAP005959,3,AGAP005959__SITE01;AGAP005959__SITE02;AGAP005959__SITE04,3,319,0.999466950959488,0.998933782267116,1,0.0442430703624733,10,0.999360305255827,6
AGAP005959,3,AGAP005959__SITE01;AGAP005959__SITE02;AGAP005959__SITE05,3,328,0.999466950959488,0.998933782267116,1,0.0437100213219616,10,0.999360305255827,7
AGAP005959,3,AGAP005959__SITE03;AGAP005959__SITE04;AGAP005959__SITE05,3,219,0.995735607675906,0.988935697518444,1,0.119936034115139,10,0.994122073861077,8
AGAP005959,3,AGAP005959__SITE02;AGAP005959__SITE04;AGAP005959__SITE05,3,233,0.98134328358209,0.962685990338164,1,0.118336886993603,10,0.977611767250703,9
AGAP005959,3,AGAP005959__SITE01;AGAP005959__SITE04;AGAP005959__SITE05,3,328,0.938699360341151,0.857189719513663,0.4,0.0442430703624733,10,0.86037653205879,10
AGAP006098,2,AGAP006098__SITE03;AGAP006098__SITE04,2,135,0.991471215351812,0.970704365079365,1,0.92910447761194,10,0.986094038734897,1
AGAP006098,2,AGAP006098__SITE03;AGAP006098__SITE05,2,140,0.991471215351812,0.970704365079365,1,0.930703624733475,10,0.986094038734897,2
AGAP006098,2,AGAP006098__SITE02;AGAP006098__SITE03,2,189,0.991471215351812,0.970704365079365,1,0.96002132196162,10,0.986094038734897,3
AGAP006098,2,AGAP006098__SITE01;AGAP006098__SITE03,2,195,0.991471215351812,0.970704365079365,1,0.958955223880597,10,0.986094038734897,4
AGAP006098,2,AGAP006098__SITE01;AGAP006098__SITE02,2,29,0.989339019189765,0.960480676328502,1,0.985074626865672,10,0.98174761441241,5
AGAP006098,2,AGAP006098__SITE02;AGAP006098__SITE04,2,301,0.989339019189765,0.960480676328502,1,0.955223880597015,10,0.98174761441241,6
AGAP006098,2,AGAP006098__SITE02;AGAP006098__SITE05,2,306,0.989339019189765,0.960480676328502,1,0.95682302771855,10,0.98174761441241,7
AGAP006098,2,AGAP006098__SITE01;AGAP006098__SITE04,2,307,0.989339019189765,0.960480676328502,1,0.954157782515992,10,0.98174761441241,8
AGAP006098,2,AGAP006098__SITE01;AGAP006098__SITE05,2,312,0.989339019189765,0.960480676328502,1,0.955756929637527,10,0.98174761441241,9
AGAP006098,2,AGAP006098__SITE04;AGAP006098__SITE05,2,28,0.958422174840085,0.924050078247261,0.7,0.95682302771855,10,0.92226832837823,10
AGAP006098,3,AGAP006098__SITE03;AGAP006098__SITE04;AGAP006098__SITE05,3,140,0.991471215351812,0.970704365079365,1,0.92910447761194,10,0.986094038734897,1
AGAP006098,3,AGAP006098__SITE01;AGAP006098__SITE02;AGAP006098__SITE03,3,195,0.991471215351812,0.970704365079365,1,0.957356076759062,10,0.986094038734897,2
AGAP006098,3,AGAP006098__SITE02;AGAP006098__SITE03;AGAP006098__SITE04,3,301,0.991471215351812,0.970704365079365,1,0.927505330490405,10,0.986094038734897,3
AGAP006098,3,AGAP006098__SITE02;AGAP006098__SITE03;AGAP006098__SITE05,3,306,0.991471215351812,0.970704365079365,1,0.92910447761194,10,0.986094038734897,4
AGAP006098,3,AGAP006098__SITE01;AGAP006098__SITE03;AGAP006098__SITE04,3,307,0.991471215351812,0.970704365079365,1,0.926439232409382,10,0.986094038734897,5
AGAP006098,3,AGAP006098__SITE01;AGAP006098__SITE03;AGAP006098__SITE05,3,312,0.991471215351812,0.970704365079365,1,0.928038379530917,10,0.986094038734897,6
AGAP006098,3,AGAP006098__SITE02;AGAP006098__SITE04;AGAP006098__SITE05,3,306,0.989339019189765,0.960480676328502,1,0.955223880597015,10,0.98174761441241,7
AGAP006098,3,AGAP006098__SITE01;AGAP006098__SITE02;AGAP006098__SITE04,3,307,0.989339019189765,0.960480676328502,1,0.952558635394456,10,0.98174761441241,8
AGAP006098,3,AGAP006098__SITE01;AGAP006098__SITE02;AGAP006098__SITE05,3,312,0.989339019189765,0.960480676328502,1,0.954157782515992,10,0.98174761441241,9
AGAP006098,3,AGAP006098__SITE01;AGAP006098__SITE04;AGAP006098__SITE05,3,312,0.989339019189765,0.960480676328502,1,0.954157782515992,10,0.98174761441241,10
AGAP006233,2,AGAP006233__SITE04;AGAP006233__SITE05,2,117,1,1,1,0.686567164179104,10,1,1
AGAP006233,2,AGAP006233__SITE03;AGAP006233__SITE05,2,176,1,1,1,0.963219616204691,10,1,2
AGAP006233,2,AGAP006233__SITE01;AGAP006233__SITE05,2,179,1,1,1,0.962686567164179,10,1,3
AGAP006233,2,AGAP006233__SITE02;AGAP006233__SITE05,2,179,1,1,1,0.962686567164179,10,1,4
AGAP006233,2,AGAP006233__SITE03;AGAP006233__SITE04,2,82,0.997867803837953,0.986972222222222,1,0.666844349680171,10,0.994812348969438,5
AGAP006233,2,AGAP006233__SITE01;AGAP006233__SITE04,2,85,0.997867803837953,0.986972222222222,1,0.666311300639659,10,0.994812348969438,6
AGAP006233,2,AGAP006233__SITE02;AGAP006233__SITE04,2,85,0.997867803837953,0.986972222222222,1,0.666311300639659,10,0.994812348969438,7
AGAP006233,2,AGAP006233__SITE01;AGAP006233__SITE03,2,26,0.970682302771855,0.92,0.9,0.970149253731343,10,0.948409381663113,8
AGAP006233,2,AGAP006233__SITE02;AGAP006233__SITE03,2,26,0.970682302771855,0.92,0.9,0.970149253731343,10,0.948409381663113,9
AGAP006233,2,AGAP006233__SITE01;AGAP006233__SITE02,2,23,0.970149253731343,0.92,0.9,0.970149253731343,10,0.948089552238806,10
AGAP006233,3,AGAP006233__SITE03;AGAP006233__SITE04;AGAP006233__SITE05,3,176,1,1,1,0.659381663113006,10,1,1
AGAP006233,3,AGAP006233__SITE01;AGAP006233__SITE02;AGAP006233__SITE05,3,179,1,1,1,0.962686567164179,10,1,2
AGAP006233,3,AGAP006233__SITE01;AGAP006233__SITE03;AGAP006233__SITE05,3,179,1,1,1,0.962686567164179,10,1,3
AGAP006233,3,AGAP006233__SITE01;AGAP006233__SITE04;AGAP006233__SITE05,3,179,1,1,1,0.658848614072495,10,1,4
AGAP006233,3,AGAP006233__SITE02;AGAP006233__SITE03;AGAP006233__SITE05,3,179,1,1,1,0.962686567164179,10,1,5
AGAP006233,3,AGAP006233__SITE02;AGAP006233__SITE04;AGAP006233__SITE05,3,179,1,1,1,0.658848614072495,10,1,6
AGAP006233,3,AGAP006233__SITE01;AGAP006233__SITE02;AGAP006233__SITE04,3,85,0.997867803837953,0.986972222222222,1,0.666311300639659,10,0.994812348969438,7
AGAP006233,3,AGAP006233__SITE01;AGAP006233__SITE03;AGAP006233__SITE04,3,85,0.997867803837953,0.986972222222222,1,0.666311300639659,10,0.994812348969438,8
AGAP006233,3,AGAP006233__SITE02;AGAP006233__SITE03;AGAP006233__SITE04,3,85,0.997867803837953,0.986972222222222,1,0.666311300639659,10,0.994812348969438,9
AGAP006233,3,AGAP006233__SITE01;AGAP006233__SITE02;AGAP006233__SITE03,3,26,0.970682302771855,0.92,0.9,0.970149253731343,10,0.948409381663113,10
AGAP006241,2,AGAP006241__SITE01;AGAP006241__SITE02,2,46,1,1,1,0.975479744136461,10,1,1
AGAP006241,2,AGAP006241__SITE03;AGAP006241__SITE04,2,47,1,1,1,0.942430703624733,10,1,2
AGAP006241,2,AGAP006241__SITE04;AGAP006241__SITE05,2,66,1,1,1,0.982409381663113,10,1,3
AGAP006241,2,AGAP006241__SITE03;AGAP006241__SITE05,2,90,1,1,1,0.935501066098081,10,1,4
AGAP006241,2,AGAP006241__SITE02;AGAP006241__SITE03,2,97,1,1,1,0.94136460554371,10,1,5
AGAP006241,2,AGAP006241__SITE01;AGAP006241__SITE03,2,120,1,1,1,0.929637526652452,10,1,6
AGAP006241,2,AGAP006241__SITE02;AGAP006241__SITE04,2,121,1,1,1,0.988272921108742,10,1,7
AGAP006241,2,AGAP006241__SITE01;AGAP006241__SITE04,2,144,1,1,1,0.976545842217484,10,1,8
AGAP006241,2,AGAP006241__SITE01;AGAP006241__SITE05,2,187,0.99680170575693,0.991900793650794,1,0.972814498933902,10,0.995651261549396,9
AGAP006241,2,AGAP006241__SITE02;AGAP006241__SITE05,2,164,0.998400852878465,0.986619718309859,1,0.982942430703625,10,0.995026427220037,10
AGAP006241,3,AGAP006241__SITE03;AGAP006241__SITE04;AGAP006241__SITE05,3,90,1,1,1,0.930170575692964,10,1,1
AGAP006241,3,AGAP006241__SITE01;AGAP006241__SITE02;AGAP006241__SITE03,3,120,1,1,1,0.923240938166311,10,1,2
AGAP006241,3,AGAP006241__SITE02;AGAP006241__SITE03;AGAP006241__SITE04,3,121,1,1,1,0.936034115138593,10,1,3
AGAP006241,3,AGAP006241__SITE01;AGAP006241__SITE02;AGAP006241__SITE04,3,144,1,1,1,0.970149253731343,10,1,4
AGAP006241,3,AGAP006241__SITE01;AGAP006241__SITE03;AGAP006241__SITE04,3,144,1,1,1,0.924307036247335,10,1,5
AGAP006241,3,AGAP006241__SITE02;AGAP006241__SITE03;AGAP006241__SITE05,3,164,1,1,1,0.930703624733475,10,1,6
AGAP006241,3,AGAP006241__SITE02;AGAP006241__SITE04;AGAP006241__SITE05,3,164,1,1,1,0.977611940298507,10,1,7
AGAP006241,3,AGAP006241__SITE01;AGAP006241__SITE02;AGAP006241__SITE05,3,187,1,1,1,0.968017057569296,10,1,8
AGAP006241,3,AGAP006241__SITE01;AGAP006241__SITE03;AGAP006241__SITE05,3,187,1,1,1,0.920575692963753,10,1,9
AGAP006241,3,AGAP006241__SITE01;AGAP006241__SITE04;AGAP006241__SITE05,3,187,1,1,1,0.967484008528785,10,1,10
AGAP006766,2,AGAP006766__SITE01;AGAP006766__SITE03,2,60,1,1,1,0.978144989339019,10,1,1
AGAP006766,2,AGAP006766__SITE04;AGAP006766__SITE05,2,182,1,1,1,0.906716417910448,10,1,2
AGAP006766,2,AGAP006766__SITE03;AGAP006766__SITE05,2,187,1,1,1,0.909381663113006,10,1,3
AGAP006766,2,AGAP006766__SITE02;AGAP006766__SITE03,2,51,0.999466950959488,0.995777777777778,1,0.751599147121535,10,0.998413503909026,4
AGAP006766,2,AGAP006766__SITE01;AGAP006766__SITE04,2,65,0.999466950959488,0.995539906103286,1,0.976012793176972,10,0.998342142406679,5
AGAP006766,2,AGAP006766__SITE02;AGAP006766__SITE04,2,56,0.998933901918977,0.993095461658842,1,0.749466950959488,10,0.997288979649039,6
AGAP006766,2,AGAP006766__SITE01;AGAP006766__SITE05,2,224,0.996268656716418,0.986400103519669,1,0.922174840085288,10,0.993681225085751,7
AGAP006766,2,AGAP006766__SITE01;AGAP006766__SITE02,2,32,0.995202558635394,0.982958074534162,1,0.764925373134328,10,0.992008957541485,8
AGAP006766,2,AGAP006766__SITE03;AGAP006766__SITE04,2,28,0.986673773987207,0.972763504611331,1,0.979744136460554,10,0.983833315775723,9
AGAP006766,2,AGAP006766__SITE02;AGAP006766__SITE05,2,215,0.96908315565032,0.895555555555556,0.7,0.72228144989339,10,0.920116560056859,10
AGAP006766,3,AGAP006766__SITE01;AGAP006766__SITE02;AGAP006766__SITE03,3,60,1,1,1,0.75,10,1,1
AGAP006766,3,AGAP006766__SITE01;AGAP006766__SITE03;AGAP006766__SITE04,3,65,1,1,1,0.973880597014925,10,1,2
AGAP006766,3,AGAP006766__SITE03;AGAP006766__SITE04;AGAP006766__SITE05,3,187,1,1,1,0.904584221748401,10,1,3
AGAP006766,3,AGAP006766__SITE02;AGAP006766__SITE03;AGAP006766__SITE05,3,215,1,1,1,0.707356076759062,10,1,4
AGAP006766,3,AGAP006766__SITE02;AGAP006766__SITE04;AGAP006766__SITE05,3,215,1,1,1,0.705223880597015,10,1,5
AGAP006766,3,AGAP006766__SITE01;AGAP006766__SITE03;AGAP006766__SITE05,3,224,1,1,1,0.906716417910448,10,1,6
AGAP006766,3,AGAP006766__SITE01;AGAP006766__SITE04;AGAP006766__SITE05,3,224,1,1,1,0.904584221748401,10,1,7
AGAP006766,3,AGAP006766__SITE02;AGAP006766__SITE03;AGAP006766__SITE04,3,56,0.999466950959488,0.995777777777778,1,0.747334754797441,10,0.998413503909026,8
AGAP006766,3,AGAP006766__SITE01;AGAP006766__SITE02;AGAP006766__SITE04,3,65,0.999466950959488,0.995539906103286,1,0.747867803837953,10,0.998342142406679,9
AGAP006766,3,AGAP006766__SITE01;AGAP006766__SITE02;AGAP006766__SITE05,3,224,0.996268656716418,0.986400103519669,1,0.720682302771855,10,0.993681225085751,10
AGAP006935,2,AGAP006935__SITE01;AGAP006935__SITE02,2,26,0.585287846481876,0.0463067632850241,0.2,0.584221748400853,10,0.385064736874633,1
AGAP006939,2,AGAP006939__SITE02;AGAP006939__SITE03,2,218,1,1,1,0.918443496801706,10,1,1
AGAP006939,2,AGAP006939__SITE01;AGAP006939__SITE03,2,234,1,1,1,0.915245202558635,10,1,2
AGAP006939,2,AGAP006939__SITE04;AGAP006939__SITE05,2,53,0.998400852878465,0.988097826086956,1,0.867803837953092,10,0.995469859553166,3
AGAP006939,2,AGAP006939__SITE03;AGAP006939__SITE04,2,87,0.995735607675906,0.990899571107905,1,0.965884861407249,10,0.994711235937915,4
AGAP006939,2,AGAP006939__SITE02;AGAP006939__SITE05,2,312,0.993603411513859,0.974903381642512,1,0.829424307036247,10,0.988633061401069,5
AGAP006939,2,AGAP006939__SITE01;AGAP006939__SITE05,2,328,0.993603411513859,0.974903381642512,1,0.826226012793177,10,0.988633061401069,6
AGAP006939,2,AGAP006939__SITE02;AGAP006939__SITE04,2,282,0.997867803837953,0.958423913043478,0.9,0.921641791044776,10,0.976247856215815,7
AGAP006939,2,AGAP006939__SITE01;AGAP006939__SITE04,2,298,0.997867803837953,0.958423913043478,0.9,0.918443496801706,10,0.976247856215815,8
AGAP006939,2,AGAP006939__SITE03;AGAP006939__SITE05,2,117,0.988272921108742,0.944945652173913,0.9,0.876865671641791,10,0.966447448317419,9
AGAP006939,2,AGAP006939__SITE01;AGAP006939__SITE02,2,39,0.940298507462687,0.782027777777778,0.4,0.932835820895522,10,0.838787437810945,10
AGAP006939,3,AGAP006939__SITE03;AGAP006939__SITE04;AGAP006939__SITE05,3,117,1,1,1,0.86407249466951,10,1,1
AGAP006939,3,AGAP006939__SITE01;AGAP006939__SITE02;AGAP006939__SITE03,3,234,1,1,1,0.913113006396588,10,1,2
AGAP006939,3,AGAP006939__SITE02;AGAP006939__SITE03;AGAP006939__SITE04,3,282,1,1,1,0.906183368869936,10,1,3
AGAP006939,3,AGAP006939__SITE01;AGAP006939__SITE03;AGAP006939__SITE04,3,298,1,1,1,0.902985074626866,10,1,4
AGAP006939,3,AGAP006939__SITE02;AGAP006939__SITE03;AGAP006939__SITE05,3,312,1,1,1,0.821428571428571,10,1,5
AGAP006939,3,AGAP006939__SITE02;AGAP006939__SITE04;AGAP006939__SITE05,3,312,1,1,1,0.814498933901919,10,1,6
AGAP006939,3,AGAP006939__SITE01;AGAP006939__SITE03;AGAP006939__SITE05,3,328,1,1,1,0.818230277185501,10,1,7
AGAP006939,3,AGAP006939__SITE01;AGAP006939__SITE04;AGAP006939__SITE05,3,328,1,1,1,0.811300639658849,10,1,8
AGAP006939,3,AGAP006939__SITE01;AGAP006939__SITE02;AGAP006939__SITE05,3,328,0.993603411513859,0.974903381642512,1,0.82409381663113,10,0.988633061401069,9
AGAP006939,3,AGAP006939__SITE01;AGAP006939__SITE02;AGAP006939__SITE04,3,298,0.997867803837953,0.958423913043478,0.9,0.916311300639659,10,0.976247856215815,10
AGAP006989,2,AGAP006989__SITE01;AGAP006989__SITE04,2,644,0.999466950959488,0.995777777777778,1,0.901918976545842,10,0.998413503909026,1
AGAP006989,2,AGAP006989__SITE01;AGAP006989__SITE05,2,922,0.996268656716418,0.991660264618011,1,0.442430703624733,10,0.995259273415254,2
AGAP006989,2,AGAP006989__SITE02;AGAP006989__SITE04,2,641,0.997867803837953,0.987229468599034,1,0.876865671641791,10,0.994889522882482,3
AGAP006989,2,AGAP006989__SITE01;AGAP006989__SITE02,2,26,0.995202558635394,0.98875,1,0.968550106609808,10,0.993746535181237,4
AGAP006989,2,AGAP006989__SITE01;AGAP006989__SITE03,2,581,0.995202558635394,0.98875,1,0.377931769722815,10,0.993746535181237,5
AGAP006989,2,AGAP006989__SITE02;AGAP006989__SITE05,2,919,0.970149253731343,0.80655193236715,0.8,0.441897654584222,10,0.904055131948951,6
AGAP006989,2,AGAP006989__SITE02;AGAP006989__SITE03,2,578,0.968550106609808,0.80655193236715,0.8,0.377931769722815,10,0.90309564367603,7
AGAP006989,2,AGAP006989__SITE03;AGAP006989__SITE04,2,86,0.926972281449893,0.857789855072464,0.5,0.357142857142857,10,0.863520325391675,8
AGAP006989,2,AGAP006989__SITE04;AGAP006989__SITE05,2,301,0.9227078891258,0.852289855072464,0.5,0.426972281449893,10,0.859311689997219,9
AGAP006989,2,AGAP006989__SITE03;AGAP006989__SITE05,2,364,0.476012793176972,0.0894444444444444,0.1,0.345415778251599,10,0.322441009239517,10
AGAP006989,3,AGAP006989__SITE01;AGAP006989__SITE02;AGAP006989__SITE04,3,644,0.999466950959488,0.995777777777778,1,0.876865671641791,10,0.998413503909026,1
AGAP006989,3,AGAP006989__SITE01;AGAP006989__SITE03;AGAP006989__SITE04,3,644,0.999466950959488,0.995777777777778,1,0.357142857142857,10,0.998413503909026,2
AGAP006989,3,AGAP006989__SITE01;AGAP006989__SITE04;AGAP006989__SITE05,3,922,0.999466950959488,0.995777777777778,1,0.42590618336887,10,0.998413503909026,3
AGAP006989,3,AGAP006989__SITE01;AGAP006989__SITE02;AGAP006989__SITE05,3,922,0.996268656716418,0.991660264618011,1,0.441897654584222,10,0.995259273415254,4
AGAP006989,3,AGAP006989__SITE01;AGAP006989__SITE03;AGAP006989__SITE05,3,922,0.996268656716418,0.991660264618011,1,0.345415778251599,10,0.995259273415254,5
AGAP006989,3,AGAP006989__SITE02;AGAP006989__SITE03;AGAP006989__SITE04,3,641,0.997867803837953,0.987229468599034,1,0.357142857142857,10,0.994889522882482,6
AGAP006989,3,AGAP006989__SITE02;AGAP006989__SITE04;AGAP006989__SITE05,3,919,0.997867803837953,0.987229468599034,1,0.425373134328358,10,0.994889522882482,7
AGAP006989,3,AGAP006989__SITE01;AGAP006989__SITE02;AGAP006989__SITE03,3,581,0.995202558635394,0.98875,1,0.377931769722815,10,0.993746535181237,8
AGAP006989,3,AGAP006989__SITE02;AGAP006989__SITE03;AGAP006989__SITE05,3,919,0.970149253731343,0.80655193236715,0.8,0.345415778251599,10,0.904055131948951,9
AGAP006989,3,AGAP006989__SITE03;AGAP006989__SITE04;AGAP006989__SITE05,3,364,0.927505330490405,0.859426759834368,0.5,0.329424307036247,10,0.864331226244554,10
AGAP007031,2,AGAP007031__SITE02;AGAP007031__SITE03,2,76,1,1,1,0.943496801705757,10,1,1
AGAP007031,2,AGAP007031__SITE01;AGAP007031__SITE03,2,78,1,1,1,0.94456289978678,10,1,2
AGAP007031,2,AGAP007031__SITE02;AGAP007031__SITE04,2,78,1,1,1,0.945095948827292,10,1,3
AGAP007031,2,AGAP007031__SITE01;AGAP007031__SITE04,2,80,1,1,1,0.946162046908315,10,1,4
AGAP007031,2,AGAP007031__SITE04;AGAP007031__SITE05,2,283,1,1,1,0.981876332622601,10,1,5
AGAP007031,2,AGAP007031__SITE03;AGAP007031__SITE05,2,285,1,1,1,0.980277185501066,10,1,6
AGAP007031,2,AGAP007031__SITE02;AGAP007031__SITE05,2,338,1,1,1,0.949360341151386,10,1,7
AGAP007031,2,AGAP007031__SITE01;AGAP007031__SITE05,2,340,1,1,1,0.950426439232409,10,1,8
AGAP007031,2,AGAP007031__SITE03;AGAP007031__SITE04,2,25,0.989339019189765,0.825724637681159,0.9,0.986673773987207,10,0.931320802818207,9
AGAP007031,2,AGAP007031__SITE01;AGAP007031__SITE02,2,25,0.957356076759062,0.711228632478632,0.9,0.956289978678038,10,0.877782235799027,10
AGAP007031,3,AGAP007031__SITE01;AGAP007031__SITE02;AGAP007031__SITE03,3,78,1,1,1,0.943496801705757,10,1,1
AGAP007031,3,AGAP007031__SITE02;AGAP007031__SITE03;AGAP007031__SITE04,3,78,1,1,1,0.942963752665245,10,1,2
AGAP007031,3,AGAP007031__SITE01;AGAP007031__SITE02;AGAP007031__SITE04,3,80,1,1,1,0.945095948827292,10,1,3
AGAP007031,3,AGAP007031__SITE01;AGAP007031__SITE03;AGAP007031__SITE04,3,80,1,1,1,0.944029850746269,10,1,4
AGAP007031,3,AGAP007031__SITE03;AGAP007031__SITE04;AGAP007031__SITE05,3,285,1,1,1,0.979744136460554,10,1,5
AGAP007031,3,AGAP007031__SITE02;AGAP007031__SITE03;AGAP007031__SITE05,3,338,1,1,1,0.936567164179104,10,1,6
AGAP007031,3,AGAP007031__SITE02;AGAP007031__SITE04;AGAP007031__SITE05,3,338,1,1,1,0.93816631130064,10,1,7
AGAP007031,3,AGAP007031__SITE01;AGAP007031__SITE02;AGAP007031__SITE05,3,340,1,1,1,0.949360341151386,10,1,8
AGAP007031,3,AGAP007031__SITE01;AGAP007031__SITE03;AGAP007031__SITE05,3,340,1,1,1,0.937633262260128,10,1,9
AGAP007031,3,AGAP007031__SITE01;AGAP007031__SITE04;AGAP007031__SITE05,3,340,1,1,1,0.939232409381663,10,1,10
AGAP007063,2,AGAP007063__SITE01;AGAP007063__SITE02,2,60,1,1,1,0.886993603411514,10,1,1
AGAP007063,2,AGAP007063__SITE01;AGAP007063__SITE03,2,77,1,1,1,0.869402985074627,10,1,2
AGAP007063,2,AGAP007063__SITE02;AGAP007063__SITE03,2,40,0.989339019189765,0.949089201877934,0.9,0.967484008528785,10,0.968330172077239,3
AGAP007063,2,AGAP007063__SITE02;AGAP007063__SITE04,2,105,0.987206823027719,0.949089201877934,0.9,0.087953091684435,10,0.967050854380011,4
AGAP007063,2,AGAP007063__SITE02;AGAP007063__SITE05,2,122,0.987206823027719,0.949089201877934,0.9,0.087953091684435,10,0.967050854380011,5
AGAP007063,2,AGAP007063__SITE03;AGAP007063__SITE04,2,88,0.969616204690831,0.916739130434783,0.8,0.087953091684435,10,0.936791461944934,6
AGAP007063,2,AGAP007063__SITE03;AGAP007063__SITE05,2,105,0.969616204690831,0.916739130434783,0.8,0.087953091684435,10,0.936791461944934,7
AGAP007063,2,AGAP007063__SITE01;AGAP007063__SITE04,2,142,0.902985074626866,0.729816425120773,0.4,0.0847547974413646,10,0.800735972312351,8
AGAP007063,2,AGAP007063__SITE01;AGAP007063__SITE05,2,159,0.902985074626866,0.729816425120773,0.4,0.0847547974413646,10,0.800735972312351,9
AGAP007063,2,AGAP007063__SITE04;AGAP007063__SITE05,2,40,0.087953091684435,0,0,0.087953091684435,10,0.052771855010661,10
AGAP007063,3,AGAP007063__SITE01;AGAP007063__SITE02;AGAP007063__SITE03,3,77,1,1,1,0.86727078891258,10,1,1
AGAP007063,3,AGAP007063__SITE01;AGAP007063__SITE02;AGAP007063__SITE04,3,142,1,1,1,0.0847547974413646,10,1,2
AGAP007063,3,AGAP007063__SITE01;AGAP007063__SITE03;AGAP007063__SITE04,3,142,1,1,1,0.0847547974413646,10,1,3
AGAP007063,3,AGAP007063__SITE01;AGAP007063__SITE02;AGAP007063__SITE05,3,159,1,1,1,0.0847547974413646,10,1,4
AGAP007063,3,AGAP007063__SITE01;AGAP007063__SITE03;AGAP007063__SITE05,3,159,1,1,1,0.0847547974413646,10,1,5
AGAP007063,3,AGAP007063__SITE02;AGAP007063__SITE03;AGAP007063__SITE04,3,105,0.989339019189765,0.949089201877934,0.9,0.087953091684435,10,0.968330172077239,6
AGAP007063,3,AGAP007063__SITE02;AGAP007063__SITE03;AGAP007063__SITE05,3,122,0.989339019189765,0.949089201877934,0.9,0.087953091684435,10,0.968330172077239,7
AGAP007063,3,AGAP007063__SITE02;AGAP007063__SITE04;AGAP007063__SITE05,3,122,0.987206823027719,0.949089201877934,0.9,0.087953091684435,10,0.967050854380011,8
AGAP007063,3,AGAP007063__SITE03;AGAP007063__SITE04;AGAP007063__SITE05,3,105,0.969616204690831,0.916739130434783,0.8,0.087953091684435,10,0.936791461944934,9
AGAP007063,3,AGAP007063__SITE01;AGAP007063__SITE04;AGAP007063__SITE05,3,159,0.902985074626866,0.729816425120773,0.4,0.0847547974413646,10,0.800735972312351,10
AGAP007122,2,AGAP007122__SITE03;AGAP007122__SITE04,2,151,1,1,1,0.986140724946695,10,1,1
AGAP007122,2,AGAP007122__SITE02;AGAP007122__SITE04,2,158,1,1,1,0.986140724946695,10,1,2
AGAP007122,2,AGAP007122__SITE04;AGAP007122__SITE05,2,218,1,1,1,0.993603411513859,10,1,3
AGAP007122,2,AGAP007122__SITE03;AGAP007122__SITE05,2,346,1,1,1,0.988272921108742,10,1,4
AGAP007122,2,AGAP007122__SITE02;AGAP007122__SITE05,2,353,1,1,1,0.988272921108742,10,1,5
AGAP007122,2,AGAP007122__SITE01;AGAP007122__SITE04,2,604,1,1,1,0.986673773987207,10,1,6
AGAP007122,2,AGAP007122__SITE01;AGAP007122__SITE05,2,799,1,1,1,0.988805970149254,10,1,7
AGAP007122,2,AGAP007122__SITE01;AGAP007122__SITE02,2,469,0.999466950959488,0.995777777777778,1,0.981876332622601,10,0.998413503909026,8
AGAP007122,2,AGAP007122__SITE01;AGAP007122__SITE03,2,476,0.999466950959488,0.995777777777778,1,0.981876332622601,10,0.998413503909026,9
AGAP007122,2,AGAP007122__SITE02;AGAP007122__SITE03,2,30,0.990405117270789,0.97545652173913,1,0.990405117270789,10,0.986880026884213,10
AGAP007122,3,AGAP007122__SITE02;AGAP007122__SITE03;AGAP007122__SITE04,3,158,1,1,1,0.986140724946695,10,1,1
AGAP007122,3,AGAP007122__SITE03;AGAP007122__SITE04;AGAP007122__SITE05,3,346,1,1,1,0.984008528784648,10,1,2
AGAP007122,3,AGAP007122__SITE02;AGAP007122__SITE03;AGAP007122__SITE05,3,353,1,1,1,0.988272921108742,10,1,3
AGAP007122,3,AGAP007122__SITE02;AGAP007122__SITE04;AGAP007122__SITE05,3,353,1,1,1,0.984008528784648,10,1,4
AGAP007122,3,AGAP007122__SITE01;AGAP007122__SITE02;AGAP007122__SITE04,3,604,1,1,1,0.977611940298507,10,1,5
AGAP007122,3,AGAP007122__SITE01;AGAP007122__SITE03;AGAP007122__SITE04,3,604,1,1,1,0.977611940298507,10,1,6
AGAP007122,3,AGAP007122__SITE01;AGAP007122__SITE02;AGAP007122__SITE05,3,799,1,1,1,0.979744136460554,10,1,7
AGAP007122,3,AGAP007122__SITE01;AGAP007122__SITE03;AGAP007122__SITE05,3,799,1,1,1,0.979744136460554,10,1,8
AGAP007122,3,AGAP007122__SITE01;AGAP007122__SITE04;AGAP007122__SITE05,3,799,1,1,1,0.98454157782516,10,1,9
AGAP007122,3,AGAP007122__SITE01;AGAP007122__SITE02;AGAP007122__SITE03,3,476,0.999466950959488,0.995777777777778,1,0.981876332622601,10,0.998413503909026,10
AGAP007217,2,AGAP007217__SITE01;AGAP007217__SITE02,2,103,1,1,1,0.949893390191898,10,1,1
AGAP007217,2,AGAP007217__SITE02;AGAP007217__SITE04,2,234,1,1,1,0.923773987206823,10,1,2
AGAP007217,2,AGAP007217__SITE01;AGAP007217__SITE04,2,314,1,1,1,0.958955223880597,10,1,3
AGAP007217,2,AGAP007217__SITE01;AGAP007217__SITE05,2,455,1,1,1,0.985607675906183,10,1,4
AGAP007217,2,AGAP007217__SITE02;AGAP007217__SITE05,2,375,0.998933901918977,0.998933782267116,1,0.951492537313433,10,0.999040475831521,5
AGAP007217,2,AGAP007217__SITE04;AGAP007217__SITE05,2,164,0.999466950959488,0.995777777777778,1,0.96002132196162,10,0.998413503909026,6
AGAP007217,2,AGAP007217__SITE01;AGAP007217__SITE03,2,253,0.997334754797441,0.993785024154589,1,0.255863539445629,10,0.996536360124842,7
AGAP007217,2,AGAP007217__SITE03;AGAP007217__SITE04,2,84,0.995202558635394,0.990092031425365,1,0.231876332622601,10,0.994149144608846,8
AGAP007217,2,AGAP007217__SITE03;AGAP007217__SITE05,2,225,0.995202558635394,0.986934523809524,1,0.258528784648188,10,0.993201892324094,9
AGAP007217,2,AGAP007217__SITE02;AGAP007217__SITE03,2,173,0.98134328358209,0.96547730829421,1,0.236673773987207,10,0.978449162637517,10
AGAP007217,3,AGAP007217__SITE03;AGAP007217__SITE04;AGAP007217__SITE05,3,225,1,1,1,0.230277185501066,10,1,1
AGAP007217,3,AGAP007217__SITE02;AGAP007217__SITE03;AGAP007217__SITE04,3,234,1,1,1,0.207889125799574,10,1,2
AGAP007217,3,AGAP007217__SITE01;AGAP007217__SITE02;AGAP007217__SITE03,3,253,1,1,1,0.231876332622601,10,1,3
AGAP007217,3,AGAP007217__SITE01;AGAP007217__SITE02;AGAP007217__SITE04,3,314,1,1,1,0.916311300639659,10,1,4
AGAP007217,3,AGAP007217__SITE01;AGAP007217__SITE03;AGAP007217__SITE04,3,314,1,1,1,0.227078891257996,10,1,5
AGAP007217,3,AGAP007217__SITE02;AGAP007217__SITE04;AGAP007217__SITE05,3,375,1,1,1,0.918443496801706,10,1,6
AGAP007217,3,AGAP007217__SITE01;AGAP007217__SITE02;AGAP007217__SITE05,3,455,1,1,1,0.944029850746269,10,1,7
AGAP007217,3,AGAP007217__SITE01;AGAP007217__SITE03;AGAP007217__SITE05,3,455,1,1,1,0.253731343283582,10,1,8
AGAP007217,3,AGAP007217__SITE01;AGAP007217__SITE04;AGAP007217__SITE05,3,455,1,1,1,0.952558635394456,10,1,9
AGAP007217,3,AGAP007217__SITE02;AGAP007217__SITE03;AGAP007217__SITE05,3,375,0.998933901918977,0.998933782267116,1,0.23454157782516,10,0.999040475831521,10
AGAP007280,2,AGAP007280__SITE02;AGAP007280__SITE05,2,315,1,1,1,0.926972281449893,10,1,1
AGAP007280,2,AGAP007280__SITE03;AGAP007280__SITE05,2,44,0.998933901918977,0.99342735042735,1,0.833688699360341,10,0.997388546279591,2
AGAP007280,2,AGAP007280__SITE04;AGAP007280__SITE05,2,44,0.998933901918977,0.99342735042735,1,0.833688699360341,10,0.997388546279591,3
AGAP007280,2,AGAP007280__SITE01;AGAP007280__SITE05,2,318,0.997867803837953,0.989298182255929,1,0.335287846481876,10,0.99551013697955,4
AGAP007280,2,AGAP007280__SITE02;AGAP007280__SITE03,2,294,0.976545842217484,0.957262845849802,1,0.792643923240938,10,0.973106359085431,5
AGAP007280,2,AGAP007280__SITE02;AGAP007280__SITE04,2,294,0.976545842217484,0.957262845849802,1,0.792643923240938,10,0.973106359085431,6
AGAP007280,2,AGAP007280__SITE01;AGAP007280__SITE02,2,26,0.931769722814499,0.771438746438746,0.7,0.337953091684435,10,0.860493457620323,7
AGAP007280,2,AGAP007280__SITE01;AGAP007280__SITE03,2,297,0.890191897654584,0.861503928170595,0.2,0.285181236673774,10,0.812566317043929,8
AGAP007280,2,AGAP007280__SITE01;AGAP007280__SITE04,2,297,0.890191897654584,0.861503928170595,0.2,0.285181236673774,10,0.812566317043929,9
AGAP007280,2,AGAP007280__SITE03;AGAP007280__SITE04,2,23,0.837420042643923,0.764498506188647,0.2,0.837420042643923,10,0.751801577442948,10
AGAP007280,3,AGAP007280__SITE02;AGAP007280__SITE03;AGAP007280__SITE05,3,315,1,1,1,0.788912579957356,10,1,1
AGAP007280,3,AGAP007280__SITE02;AGAP007280__SITE04;AGAP007280__SITE05,3,315,1,1,1,0.788912579957356,10,1,2
AGAP007280,3,AGAP007280__SITE01;AGAP007280__SITE02;AGAP007280__SITE05,3,318,1,1,1,0.335287846481876,10,1,3
AGAP007280,3,AGAP007280__SITE03;AGAP007280__SITE04;AGAP007280__SITE05,3,44,0.998933901918977,0.99342735042735,1,0.833688699360341,10,0.997388546279591,4
AGAP007280,3,AGAP007280__SITE01;AGAP007280__SITE03;AGAP007280__SITE05,3,318,0.998933901918977,0.99342735042735,1,0.282515991471215,10,0.997388546279591,5
AGAP007280,3,AGAP007280__SITE01;AGAP007280__SITE04;AGAP007280__SITE05,3,318,0.998933901918977,0.99342735042735,1,0.282515991471215,10,0.997388546279591,6
AGAP007280,3,AGAP007280__SITE02;AGAP007280__SITE03;AGAP007280__SITE04,3,294,0.976545842217484,0.957262845849802,1,0.792643923240938,10,0.973106359085431,7
AGAP007280,3,AGAP007280__SITE01;AGAP007280__SITE02;AGAP007280__SITE03,3,297,0.976545842217484,0.957262845849802,1,0.285181236673774,10,0.973106359085431,8
AGAP007280,3,AGAP007280__SITE01;AGAP007280__SITE02;AGAP007280__SITE04,3,297,0.976545842217484,0.957262845849802,1,0.285181236673774,10,0.973106359085431,9
AGAP007280,3,AGAP007280__SITE01;AGAP007280__SITE03;AGAP007280__SITE04,3,297,0.890191897654584,0.861503928170595,0.2,0.285181236673774,10,0.812566317043929,10
AGAP007333,2,AGAP007333__SITE02;AGAP007333__SITE03,2,77,1,1,1,0.976545842217484,10,1,1
AGAP007333,2,AGAP007333__SITE01;AGAP007333__SITE02,2,169,1,1,1,0.866737739872068,10,1,2
AGAP007333,2,AGAP007333__SITE03;AGAP007333__SITE04,2,171,1,1,1,0.976012793176972,10,1,3
AGAP007333,2,AGAP007333__SITE03;AGAP007333__SITE05,2,173,1,1,1,0.976012793176972,10,1,4
AGAP007333,2,AGAP007333__SITE02;AGAP007333__SITE04,2,225,1,1,1,0.989872068230277,10,1,5
AGAP007333,2,AGAP007333__SITE02;AGAP007333__SITE05,2,227,1,1,1,0.989872068230277,10,1,6
AGAP007333,2,AGAP007333__SITE01;AGAP007333__SITE04,2,371,1,1,1,0.866204690831557,10,1,7
AGAP007333,2,AGAP007333__SITE01;AGAP007333__SITE05,2,373,1,1,1,0.866204690831557,10,1,8
AGAP007333,2,AGAP007333__SITE01;AGAP007333__SITE03,2,223,0.999466950959488,0.996557971014493,1,0.853411513859275,10,0.998647561880041,9
AGAP007333,2,AGAP007333__SITE04;AGAP007333__SITE05,2,25,0.994669509594883,0.986972222222222,1,0.994669509594883,10,0.992893372423596,10
AGAP007333,3,AGAP007333__SITE03;AGAP007333__SITE04;AGAP007333__SITE05,3,173,1,1,1,0.976012793176972,10,1,1
AGAP007333,3,AGAP007333__SITE01;AGAP007333__SITE02;AGAP007333__SITE03,3,223,1,1,1,0.84861407249467,10,1,2
AGAP007333,3,AGAP007333__SITE02;AGAP007333__SITE03;AGAP007333__SITE04,3,225,1,1,1,0.971215351812367,10,1,3
AGAP007333,3,AGAP007333__SITE02;AGAP007333__SITE03;AGAP007333__SITE05,3,227,1,1,1,0.971215351812367,10,1,4
AGAP007333,3,AGAP007333__SITE02;AGAP007333__SITE04;AGAP007333__SITE05,3,227,1,1,1,0.989872068230277,10,1,5
AGAP007333,3,AGAP007333__SITE01;AGAP007333__SITE02;AGAP007333__SITE04,3,371,1,1,1,0.861407249466951,10,1,6
AGAP007333,3,AGAP007333__SITE01;AGAP007333__SITE03;AGAP007333__SITE04,3,371,1,1,1,0.848081023454158,10,1,7
AGAP007333,3,AGAP007333__SITE01;AGAP007333__SITE02;AGAP007333__SITE05,3,373,1,1,1,0.861407249466951,10,1,8
AGAP007333,3,AGAP007333__SITE01;AGAP007333__SITE03;AGAP007333__SITE05,3,373,1,1,1,0.848081023454158,10,1,9
AGAP007333,3,AGAP007333__SITE01;AGAP007333__SITE04;AGAP007333__SITE05,3,373,1,1,1,0.866204690831557,10,1,10
AGAP007413,2,AGAP007413__SITE03;AGAP007413__SITE04,2,135,1,1,1,0.98134328358209,10,1,1
AGAP007413,2,AGAP007413__SITE02;AGAP007413__SITE04,2,144,1,1,1,0.946162046908315,10,1,2
AGAP007413,2,AGAP007413__SITE01;AGAP007413__SITE04,2,203,0.998933901918977,0.997172619047619,1,0.907782515991471,10,0.998512126865672,3
AGAP007413,2,AGAP007413__SITE01;AGAP007413__SITE03,2,91,0.998933901918977,0.995940687063875,1,0.909381663113006,10,0.998142547270549,4
AGAP007413,2,AGAP007413__SITE02;AGAP007413__SITE03,2,32,0.994136460554371,0.98478502415459,1,0.95362473347548,10,0.991917383578999,5
AGAP007413,2,AGAP007413__SITE03;AGAP007413__SITE05,2,145,0.993603411513859,0.98359595959596,1,0.556503198294243,10,0.991240834787103,6
AGAP007413,2,AGAP007413__SITE04;AGAP007413__SITE05,2,33,0.990938166311301,0.952759720717467,0.9,0.557569296375267,10,0.970390816002021,7
AGAP007413,2,AGAP007413__SITE02;AGAP007413__SITE05,2,154,0.980810234541578,0.952119658119658,0.9,0.534115138592751,10,0.964122038160844,8
AGAP007413,2,AGAP007413__SITE01;AGAP007413__SITE02,2,82,0.981876332622601,0.945515830022872,0.8,0.891257995735608,10,0.952780548580422,9
AGAP007413,2,AGAP007413__SITE01;AGAP007413__SITE05,2,213,0.934968017057569,0.801207729468599,0.7,0.540511727078891,10,0.871343129075121,10
AGAP007413,3,AGAP007413__SITE02;AGAP007413__SITE03;AGAP007413__SITE04,3,144,1,1,1,0.943496801705757,10,1,1
AGAP007413,3,AGAP007413__SITE03;AGAP007413__SITE04;AGAP007413__SITE05,3,145,1,1,1,0.55543710021322,10,1,2
AGAP007413,3,AGAP007413__SITE02;AGAP007413__SITE04;AGAP007413__SITE05,3,154,1,1,1,0.533049040511727,10,1,3
AGAP007413,3,AGAP007413__SITE01;AGAP007413__SITE02;AGAP007413__SITE04,3,203,1,1,1,0.882196162046908,10,1,4
AGAP007413,3,AGAP007413__SITE01;AGAP007413__SITE03;AGAP007413__SITE04,3,203,1,1,1,0.900319829424307,10,1,5
AGAP007413,3,AGAP007413__SITE01;AGAP007413__SITE03;AGAP007413__SITE05,3,213,0.999466950959488,0.996557971014493,1,0.538912579957356,10,0.998647561880041,6
AGAP007413,3,AGAP007413__SITE01;AGAP007413__SITE04;AGAP007413__SITE05,3,213,0.998933901918977,0.997172619047619,1,0.539445628997868,10,0.998512126865672,7
AGAP007413,3,AGAP007413__SITE01;AGAP007413__SITE02;AGAP007413__SITE03,3,91,0.998933901918977,0.995940687063875,1,0.888592750533049,10,0.998142547270549,8
AGAP007413,3,AGAP007413__SITE02;AGAP007413__SITE03;AGAP007413__SITE05,3,154,0.995735607675906,0.987570048309179,1,0.533582089552239,10,0.993712379098297,9
AGAP007413,3,AGAP007413__SITE01;AGAP007413__SITE02;AGAP007413__SITE05,3,213,0.988805970149254,0.96273022751896,1,0.522921108742004,10,0.98210265034524,10
AGAP007570,2,AGAP007570__SITE01;AGAP007570__SITE05,2,361,0.999466950959488,0.998933782267116,1,0.84861407249467,10,0.999360305255827,1
AGAP007570,2,AGAP007570__SITE01;AGAP007570__SITE03,2,149,0.98773987206823,0.958037698412698,0.9,0.751066098081023,10,0.970055232764748,2
AGAP007570,2,AGAP007570__SITE01;AGAP007570__SITE04,2,161,0.98773987206823,0.958037698412698,0.9,0.782515991471215,10,0.970055232764748,3
AGAP007570,2,AGAP007570__SITE04;AGAP007570__SITE05,2,223,0.983475479744136,0.905051643192488,0.9,0.873667377398721,10,0.951600780804228,4
AGAP007570,2,AGAP007570__SITE03;AGAP007570__SITE05,2,235,0.982942430703625,0.905051643192488,0.9,0.842750533049041,10,0.951280951379921,5
AGAP007570,2,AGAP007570__SITE02;AGAP007570__SITE05,2,356,0.976545842217484,0.902607198748044,0.9,0.682835820895522,10,0.946709664954903,6
AGAP007570,2,AGAP007570__SITE02;AGAP007570__SITE04,2,156,0.917910447761194,0.721802816901409,0.7,0.6636460554371,10,0.837287113727139,7
AGAP007570,2,AGAP007570__SITE02;AGAP007570__SITE03,2,144,0.896055437100213,0.698215962441315,0.4,0.654051172707889,10,0.787098050992522,8
AGAP007570,2,AGAP007570__SITE01;AGAP007570__SITE02,2,28,0.881663113006397,0.803846153846154,0.1,0.690831556503198,10,0.780151713957684,9
AGAP007570,2,AGAP007570__SITE03;AGAP007570__SITE04,2,35,0.890191897654584,0.661677621283255,0.4,0.857675906183369,10,0.772618424977727,10
AGAP007570,3,AGAP007570__SITE01;AGAP007570__SITE03;AGAP007570__SITE05,3,361,1,1,1,0.736140724946695,10,1,1
AGAP007570,3,AGAP007570__SITE01;AGAP007570__SITE04;AGAP007570__SITE05,3,361,1,1,1,0.767057569296375,10,1,2
AGAP007570,3,AGAP007570__SITE01;AGAP007570__SITE02;AGAP007570__SITE05,3,361,0.999466950959488,0.998933782267116,1,0.681769722814499,10,0.999360305255827,3
AGAP007570,3,AGAP007570__SITE01;AGAP007570__SITE02;AGAP007570__SITE03,3,149,0.98773987206823,0.958037698412698,0.9,0.652985074626866,10,0.970055232764748,4
AGAP007570,3,AGAP007570__SITE01;AGAP007570__SITE02;AGAP007570__SITE04,3,161,0.98773987206823,0.958037698412698,0.9,0.662579957356077,10,0.970055232764748,5
AGAP007570,3,AGAP007570__SITE01;AGAP007570__SITE03;AGAP007570__SITE04,3,161,0.98773987206823,0.958037698412698,0.9,0.750533049040512,10,0.970055232764748,6
AGAP007570,3,AGAP007570__SITE03;AGAP007570__SITE04;AGAP007570__SITE05,3,235,0.983475479744136,0.905051643192488,0.9,0.842217484008529,10,0.951600780804228,7
AGAP007570,3,AGAP007570__SITE02;AGAP007570__SITE04;AGAP007570__SITE05,3,356,0.983475479744136,0.905051643192488,0.9,0.654584221748401,10,0.951600780804228,8
AGAP007570,3,AGAP007570__SITE02;AGAP007570__SITE03;AGAP007570__SITE05,3,356,0.982942430703625,0.905051643192488,0.9,0.64498933901919,10,0.951280951379921,9
AGAP007570,3,AGAP007570__SITE02;AGAP007570__SITE03;AGAP007570__SITE04,3,156,0.917910447761194,0.721802816901409,0.7,0.653518123667377,10,0.837287113727139,10
AGAP007729,2,AGAP007729__SITE03;AGAP007729__SITE04,2,29,1,1,1,0.998933901918977,10,1,1
AGAP007729,2,AGAP007729__SITE04;AGAP007729__SITE05,2,89,1,1,1,0.997867803837953,10,1,2
AGAP007729,2,AGAP007729__SITE03;AGAP007729__SITE05,2,95,1,1,1,0.998933901918977,10,1,3
AGAP007729,2,AGAP007729__SITE02;AGAP007729__SITE03,2,613,1,1,1,0.997867803837953,10,1,4
AGAP007729,2,AGAP007729__SITE02;AGAP007729__SITE04,2,619,1,1,1,0.99680170575693,10,1,5
AGAP007729,2,AGAP007729__SITE01;AGAP007729__SITE02,2,636,1,1,1,0.973880597014925,10,1,6
AGAP007729,2,AGAP007729__SITE02;AGAP007729__SITE05,2,685,1,1,1,0.99680170575693,10,1,7
AGAP007729,2,AGAP007729__SITE01;AGAP007729__SITE03,2,1226,1,1,1,0.976012793176972,10,1,8
AGAP007729,2,AGAP007729__SITE01;AGAP007729__SITE04,2,1232,1,1,1,0.974946695095949,10,1,9
AGAP007729,2,AGAP007729__SITE01;AGAP007729__SITE05,2,1298,1,1,1,0.974946695095949,10,1,10
AGAP007729,3,AGAP007729__SITE03;AGAP007729__SITE04;AGAP007729__SITE05,3,95,1,1,1,0.997867803837953,10,1,1
AGAP007729,3,AGAP007729__SITE02;AGAP007729__SITE03;AGAP007729__SITE04,3,619,1,1,1,0.99680170575693,10,1,2
AGAP007729,3,AGAP007729__SITE02;AGAP007729__SITE03;AGAP007729__SITE05,3,685,1,1,1,0.99680170575693,10,1,3
AGAP007729,3,AGAP007729__SITE02;AGAP007729__SITE04;AGAP007729__SITE05,3,685,1,1,1,0.995735607675906,10,1,4
AGAP007729,3,AGAP007729__SITE01;AGAP007729__SITE02;AGAP007729__SITE03,3,1226,1,1,1,0.973880597014925,10,1,5
AGAP007729,3,AGAP007729__SITE01;AGAP007729__SITE02;AGAP007729__SITE04,3,1232,1,1,1,0.972814498933902,10,1,6
AGAP007729,3,AGAP007729__SITE01;AGAP007729__SITE03;AGAP007729__SITE04,3,1232,1,1,1,0.974946695095949,10,1,7
AGAP007729,3,AGAP007729__SITE01;AGAP007729__SITE02;AGAP007729__SITE05,3,1298,1,1,1,0.972814498933902,10,1,8
AGAP007729,3,AGAP007729__SITE01;AGAP007729__SITE03;AGAP007729__SITE05,3,1298,1,1,1,0.974946695095949,10,1,9
AGAP007729,3,AGAP007729__SITE01;AGAP007729__SITE04;AGAP007729__SITE05,3,1298,1,1,1,0.973880597014925,10,1,10
AGAP007775,2,AGAP007775__SITE04;AGAP007775__SITE05,2,92,0.998933901918977,0.996555335097002,1,0.834754797441365,10,0.998326941680486,1
AGAP007775,2,AGAP007775__SITE03;AGAP007775__SITE05,2,101,0.998933901918977,0.996555335097002,1,0.834754797441365,10,0.998326941680486,2
AGAP007775,2,AGAP007775__SITE02;AGAP007775__SITE05,2,140,0.960554371002132,0.91465811965812,0.6,0.0389125799573561,10,0.910730058498715,3
AGAP007775,2,AGAP007775__SITE01;AGAP007775__SITE05,2,205,0.960554371002132,0.91465811965812,0.6,0,10,0.910730058498715,4
AGAP007775,2,AGAP007775__SITE03;AGAP007775__SITE04,2,32,0.875266524520256,0.765942028985507,0.5,0.871002132196162,10,0.804942523407806,5
AGAP007775,2,AGAP007775__SITE02;AGAP007775__SITE03,2,62,0.873134328358209,0.759963768115942,0.5,0.0389125799573561,10,0.801869727449708,6
AGAP007775,2,AGAP007775__SITE01;AGAP007775__SITE03,2,127,0.873134328358209,0.759963768115942,0.5,0,10,0.801869727449708,7
AGAP007775,2,AGAP007775__SITE02;AGAP007775__SITE04,2,71,0.873134328358209,0.758025362318841,0.5,0.0389125799573561,10,0.801288205710577,8
AGAP007775,2,AGAP007775__SITE01;AGAP007775__SITE04,2,136,0.873134328358209,0.758025362318841,0.5,0,10,0.801288205710577,9
AGAP007775,2,AGAP007775__SITE01;AGAP007775__SITE02,2,88,0.0389125799573561,0,0,0,10,0.0233475479744136,10
AGAP007775,3,AGAP007775__SITE03;AGAP007775__SITE04;AGAP007775__SITE05,3,101,0.998933901918977,0.996555335097002,1,0.832622601279318,10,0.998326941680486,1
AGAP007775,3,AGAP007775__SITE02;AGAP007775__SITE03;AGAP007775__SITE05,3,140,0.998933901918977,0.996555335097002,1,0.0389125799573561,10,0.998326941680486,2
AGAP007775,3,AGAP007775__SITE02;AGAP007775__SITE04;AGAP007775__SITE05,3,140,0.998933901918977,0.996555335097002,1,0.0389125799573561,10,0.998326941680486,3
AGAP007775,3,AGAP007775__SITE01;AGAP007775__SITE03;AGAP007775__SITE05,3,205,0.998933901918977,0.996555335097002,1,0,10,0.998326941680486,4
AGAP007775,3,AGAP007775__SITE01;AGAP007775__SITE04;AGAP007775__SITE05,3,205,0.998933901918977,0.996555335097002,1,0,10,0.998326941680486,5
AGAP007775,3,AGAP007775__SITE01;AGAP007775__SITE02;AGAP007775__SITE05,3,205,0.960554371002132,0.91465811965812,0.6,0,10,0.910730058498715,6
AGAP007775,3,AGAP007775__SITE02;AGAP007775__SITE03;AGAP007775__SITE04,3,71,0.875266524520256,0.765942028985507,0.5,0.0389125799573561,10,0.804942523407806,7
AGAP007775,3,AGAP007775__SITE01;AGAP007775__SITE03;AGAP007775__SITE04,3,136,0.875266524520256,0.765942028985507,0.5,0,10,0.804942523407806,8
AGAP007775,3,AGAP007775__SITE01;AGAP007775__SITE02;AGAP007775__SITE03,3,127,0.873134328358209,0.759963768115942,0.5,0,10,0.801869727449708,9
AGAP007775,3,AGAP007775__SITE01;AGAP007775__SITE02;AGAP007775__SITE04,3,136,0.873134328358209,0.758025362318841,0.5,0,10,0.801288205710577,10
AGAP007855,2,AGAP007855__SITE01;AGAP007855__SITE02,2,61,1,1,1,0.976545842217484,10,1,1
AGAP007855,2,AGAP007855__SITE01;AGAP007855__SITE03,2,62,1,1,1,0.976545842217484,10,1,2
AGAP007855,2,AGAP007855__SITE01;AGAP007855__SITE04,2,105,1,1,1,0.969616204690831,10,1,3
AGAP007855,2,AGAP007855__SITE01;AGAP007855__SITE05,2,109,0.999466950959488,0.997172619047619,1,0.96908315565032,10,0.998831956289979,4
AGAP007855,2,AGAP007855__SITE03;AGAP007855__SITE04,2,66,0.998400852878465,0.994345238095238,1,0.988272921108742,10,0.99734408315565,5
AGAP007855,2,AGAP007855__SITE02;AGAP007855__SITE04,2,67,0.998400852878465,0.994345238095238,1,0.988272921108742,10,0.99734408315565,6
AGAP007855,2,AGAP007855__SITE03;AGAP007855__SITE05,2,70,0.998400852878465,0.994345238095238,1,0.987206823027719,10,0.99734408315565,7
AGAP007855,2,AGAP007855__SITE02;AGAP007855__SITE05,2,71,0.998400852878465,0.994345238095238,1,0.987206823027719,10,0.99734408315565,8
AGAP007855,2,AGAP007855__SITE02;AGAP007855__SITE03,2,24,0.99680170575693,0.988073192239859,1,0.99680170575693,10,0.994502981126115,9
AGAP007855,2,AGAP007855__SITE04;AGAP007855__SITE05,2,27,0.989872068230277,0.975982142857143,1,0.988805970149254,10,0.986717883795309,10
AGAP007855,3,AGAP007855__SITE01;AGAP007855__SITE02;AGAP007855__SITE03,3,62,1,1,1,0.976545842217484,10,1,1
AGAP007855,3,AGAP007855__SITE01;AGAP007855__SITE02;AGAP007855__SITE04,3,105,1,1,1,0.968017057569296,10,1,2
AGAP007855,3,AGAP007855__SITE01;AGAP007855__SITE03;AGAP007855__SITE04,3,105,1,1,1,0.968017057569296,10,1,3
AGAP007855,3,AGAP007855__SITE01;AGAP007855__SITE02;AGAP007855__SITE05,3,109,1,1,1,0.967484008528785,10,1,4
AGAP007855,3,AGAP007855__SITE01;AGAP007855__SITE03;AGAP007855__SITE05,3,109,1,1,1,0.967484008528785,10,1,5
AGAP007855,3,AGAP007855__SITE01;AGAP007855__SITE04;AGAP007855__SITE05,3,109,1,1,1,0.96908315565032,10,1,6
AGAP007855,3,AGAP007855__SITE02;AGAP007855__SITE03;AGAP007855__SITE04,3,67,0.998400852878465,0.994345238095238,1,0.988272921108742,10,0.99734408315565,7
AGAP007855,3,AGAP007855__SITE03;AGAP007855__SITE04;AGAP007855__SITE05,3,70,0.998400852878465,0.994345238095238,1,0.987206823027719,10,0.99734408315565,8
AGAP007855,3,AGAP007855__SITE02;AGAP007855__SITE03;AGAP007855__SITE05,3,71,0.998400852878465,0.994345238095238,1,0.987206823027719,10,0.99734408315565,9
AGAP007855,3,AGAP007855__SITE02;AGAP007855__SITE04;AGAP007855__SITE05,3,71,0.998400852878465,0.994345238095238,1,0.987206823027719,10,0.99734408315565,10
AGAP007896,2,AGAP007896__SITE04;AGAP007896__SITE05,2,54,0.988805970149254,0.965747929606625,1,0.863539445628998,10,0.98300796097154,1
AGAP007896,2,AGAP007896__SITE03;AGAP007896__SITE05,2,326,0.966950959488273,0.879712301587302,0.9,0.105543710021322,10,0.934084266169154,2
AGAP007896,2,AGAP007896__SITE02;AGAP007896__SITE05,2,327,0.966950959488273,0.879712301587302,0.9,0.105543710021322,10,0.934084266169154,3
AGAP007896,2,AGAP007896__SITE01;AGAP007896__SITE05,2,343,0.966950959488273,0.879712301587302,0.9,0.105543710021322,10,0.934084266169154,4
AGAP007896,2,AGAP007896__SITE03;AGAP007896__SITE04,2,295,0.916311300639659,0.872666494133885,0.3,0.0852878464818763,10,0.841586728623961,5
AGAP007896,2,AGAP007896__SITE02;AGAP007896__SITE04,2,296,0.916311300639659,0.872666494133885,0.3,0.0852878464818763,10,0.841586728623961,6
AGAP007896,2,AGAP007896__SITE01;AGAP007896__SITE04,2,312,0.916311300639659,0.872666494133885,0.3,0.0852878464818763,10,0.841586728623961,7
AGAP007896,2,AGAP007896__SITE02;AGAP007896__SITE03,2,24,0.110874200426439,0.0152777777777778,0,0.110874200426439,10,0.0711078535891969,8
AGAP007896,2,AGAP007896__SITE01;AGAP007896__SITE02,2,39,0.110874200426439,0.0152777777777778,0,0.110874200426439,10,0.0711078535891969,9
AGAP007896,2,AGAP007896__SITE01;AGAP007896__SITE03,2,40,0.110874200426439,0.0152777777777778,0,0.110874200426439,10,0.0711078535891969,10
AGAP007896,3,AGAP007896__SITE03;AGAP007896__SITE04;AGAP007896__SITE05,3,326,0.990938166311301,0.974230072463768,1,0.082089552238806,10,0.986831921525911,1
AGAP007896,3,AGAP007896__SITE02;AGAP007896__SITE04;AGAP007896__SITE05,3,327,0.990938166311301,0.974230072463768,1,0.082089552238806,10,0.986831921525911,2
AGAP007896,3,AGAP007896__SITE01;AGAP007896__SITE04;AGAP007896__SITE05,3,343,0.990938166311301,0.974230072463768,1,0.082089552238806,10,0.986831921525911,3
AGAP007896,3,AGAP007896__SITE02;AGAP007896__SITE03;AGAP007896__SITE05,3,327,0.966950959488273,0.879712301587302,0.9,0.105543710021322,10,0.934084266169154,4
AGAP007896,3,AGAP007896__SITE01;AGAP007896__SITE02;AGAP007896__SITE05,3,343,0.966950959488273,0.879712301587302,0.9,0.105543710021322,10,0.934084266169154,5
AGAP007896,3,AGAP007896__SITE01;AGAP007896__SITE03;AGAP007896__SITE05,3,343,0.966950959488273,0.879712301587302,0.9,0.105543710021322,10,0.934084266169154,6
AGAP007896,3,AGAP007896__SITE02;AGAP007896__SITE03;AGAP007896__SITE04,3,296,0.916311300639659,0.872666494133885,0.3,0.0852878464818763,10,0.841586728623961,7
AGAP007896,3,AGAP007896__SITE01;AGAP007896__SITE02;AGAP007896__SITE04,3,312,0.916311300639659,0.872666494133885,0.3,0.0852878464818763,10,0.841586728623961,8
AGAP007896,3,AGAP007896__SITE01;AGAP007896__SITE03;AGAP007896__SITE04,3,312,0.916311300639659,0.872666494133885,0.3,0.0852878464818763,10,0.841586728623961,9
AGAP007896,3,AGAP007896__SITE01;AGAP007896__SITE02;AGAP007896__SITE03,3,40,0.110874200426439,0.0152777777777778,0,0.110874200426439,10,0.0711078535891969,10
AGAP007938,2,AGAP007938__SITE01;AGAP007938__SITE04,2,45,1,1,1,0.98773987206823,10,1,1
AGAP007938,2,AGAP007938__SITE02;AGAP007938__SITE05,2,54,1,1,1,0.986673773987207,10,1,2
AGAP007938,2,AGAP007938__SITE01;AGAP007938__SITE05,2,60,1,1,1,0.987206823027719,10,1,3
AGAP007938,2,AGAP007938__SITE02;AGAP007938__SITE04,2,39,0.999466950959488,0.995777777777778,1,0.98773987206823,10,0.998413503909026,4
AGAP007938,2,AGAP007938__SITE03;AGAP007938__SITE05,2,42,0.996268656716418,0.991264090177134,1,0.989339019189765,10,0.995140421082991,5
AGAP007938,2,AGAP007938__SITE03;AGAP007938__SITE04,2,27,0.995202558635394,0.990646806226516,1,0.990938166311301,10,0.994315577049192,6
AGAP007938,2,AGAP007938__SITE01;AGAP007938__SITE03,2,41,0.997334754797441,0.980833333333333,1,0.989339019189765,10,0.992650852878465,7
AGAP007938,2,AGAP007938__SITE02;AGAP007938__SITE03,2,35,0.99680170575693,0.980833333333333,1,0.989339019189765,10,0.992331023454158,8
AGAP007938,2,AGAP007938__SITE04;AGAP007938__SITE05,2,38,0.994669509594883,0.984499341238472,1,0.992004264392324,10,0.992151508128471,9
AGAP007938,2,AGAP007938__SITE01;AGAP007938__SITE02,2,29,0.994136460554371,0.979228395061728,1,0.993603411513859,10,0.990250394851141,10
AGAP007938,3,AGAP007938__SITE01;AGAP007938__SITE02;AGAP007938__SITE04,3,45,1,1,1,0.98773987206823,10,1,1
AGAP007938,3,AGAP007938__SITE01;AGAP007938__SITE03;AGAP007938__SITE04,3,45,1,1,1,0.98773987206823,10,1,2
AGAP007938,3,AGAP007938__SITE02;AGAP007938__SITE03;AGAP007938__SITE05,3,54,1,1,1,0.986140724946695,10,1,3
AGAP007938,3,AGAP007938__SITE02;AGAP007938__SITE04;AGAP007938__SITE05,3,54,1,1,1,0.986140724946695,10,1,4
AGAP007938,3,AGAP007938__SITE01;AGAP007938__SITE02;AGAP007938__SITE05,3,60,1,1,1,0.986673773987207,10,1,5
AGAP007938,3,AGAP007938__SITE01;AGAP007938__SITE03;AGAP007938__SITE05,3,60,1,1,1,0.986140724946695,10,1,6
AGAP007938,3,AGAP007938__SITE01;AGAP007938__SITE04;AGAP007938__SITE05,3,60,1,1,1,0.986140724946695,10,1,7
AGAP007938,3,AGAP007938__SITE02;AGAP007938__SITE03;AGAP007938__SITE04,3,39,0.999466950959488,0.995777777777778,1,0.98773987206823,10,0.998413503909026,8
AGAP007938,3,AGAP007938__SITE03;AGAP007938__SITE04;AGAP007938__SITE05,3,42,0.996268656716418,0.991264090177134,1,0.989339019189765,10,0.995140421082991,9
AGAP007938,3,AGAP007938__SITE01;AGAP007938__SITE02;AGAP007938__SITE03,3,41,0.997334754797441,0.980833333333333,1,0.989339019189765,10,0.992650852878465,10
AGAP007965,2,AGAP007965__SITE02;AGAP007965__SITE04,2,367,1,1,1,0.95362473347548,10,1,1
AGAP007965,2,AGAP007965__SITE01;AGAP007965__SITE04,2,424,0.997334754797441,0.990671497584541,1,0.532515991471215,10,0.995602302153827,2
AGAP007965,2,AGAP007965__SITE04;AGAP007965__SITE05,2,113,0.993603411513859,0.987570048309179,1,0.361940298507463,10,0.992433061401069,3
AGAP007965,2,AGAP007965__SITE02;AGAP007965__SITE03,2,180,0.993603411513859,0.979845679012346,1,0.607675906183369,10,0.990115750612019,4
AGAP007965,2,AGAP007965__SITE02;AGAP007965__SITE05,2,457,0.988805970149254,0.967027777777778,1,0.363006396588486,10,0.983391915422886,5
AGAP007965,2,AGAP007965__SITE01;AGAP007965__SITE02,2,80,0.986140724946695,0.968225308641975,1,0.53997867803838,10,0.98215202756061,6
AGAP007965,2,AGAP007965__SITE03;AGAP007965__SITE04,2,210,0.986140724946695,0.956557120500783,1,0.618869936034115,10,0.978651571118252,7
AGAP007965,2,AGAP007965__SITE01;AGAP007965__SITE03,2,237,0.841684434968017,0.761678791887125,0.1,0.335820895522388,10,0.743514298546948,8
AGAP007965,2,AGAP007965__SITE03;AGAP007965__SITE05,2,300,0.781982942430704,0.646763285024155,0.1,0.221215351812367,10,0.673218750965669,9
AGAP007965,2,AGAP007965__SITE01;AGAP007965__SITE05,2,514,0.713752665245203,0.355288461538462,0,0.214285714285714,10,0.53483813760866,10
AGAP007965,3,AGAP007965__SITE02;AGAP007965__SITE03;AGAP007965__SITE04,3,367,1,1,1,0.600213219616205,10,1,1
AGAP007965,3,AGAP007965__SITE01;AGAP007965__SITE02;AGAP007965__SITE04,3,424,1,1,1,0.521321961620469,10,1,2
AGAP007965,3,AGAP007965__SITE02;AGAP007965__SITE04;AGAP007965__SITE05,3,457,1,1,1,0.348081023454158,10,1,3
AGAP007965,3,AGAP007965__SITE03;AGAP007965__SITE04;AGAP007965__SITE05,3,300,0.999466950959488,0.998933782267116,1,0.219616204690832,10,0.999360305255827,4
AGAP007965,3,AGAP007965__SITE01;AGAP007965__SITE03;AGAP007965__SITE04,3,424,0.998933901918977,0.995160493827161,1,0.329957356076759,10,0.997908489299534,5
AGAP007965,3,AGAP007965__SITE01;AGAP007965__SITE04;AGAP007965__SITE05,3,514,0.998933901918977,0.993115942028986,1,0.200959488272921,10,0.997295123760082,6
AGAP007965,3,AGAP007965__SITE01;AGAP007965__SITE02;AGAP007965__SITE03,3,237,0.997334754797441,0.993070770300817,1,0.328358208955224,10,0.99632208396871,7
AGAP007965,3,AGAP007965__SITE02;AGAP007965__SITE03;AGAP007965__SITE05,3,457,0.99680170575693,0.991660264618011,1,0.210554371002132,10,0.995579102839561,8
AGAP007965,3,AGAP007965__SITE01;AGAP007965__SITE02;AGAP007965__SITE05,3,514,0.994669509594883,0.983101851851852,1,0.208955223880597,10,0.991732261312485,9
AGAP007965,3,AGAP007965__SITE01;AGAP007965__SITE03;AGAP007965__SITE05,3,514,0.902985074626866,0.861992945326279,0.2,0.119936034115139,10,0.820388928374003,10
AGAP007999,2,AGAP007999__SITE01;AGAP007999__SITE02,2,155,1,1,1,0.949360341151386,10,1,1
AGAP007999,2,AGAP007999__SITE01;AGAP007999__SITE03,2,156,1,1,1,0.949893390191898,10,1,2
AGAP007999,2,AGAP007999__SITE03;AGAP007999__SITE05,2,164,1,1,1,0.98773987206823,10,1,3
AGAP007999,2,AGAP007999__SITE02;AGAP007999__SITE05,2,165,1,1,1,0.987206823027719,10,1,4
AGAP007999,2,AGAP007999__SITE01;AGAP007999__SITE05,2,297,1,1,1,0.949360341151386,10,1,5
AGAP007999,2,AGAP007999__SITE03;AGAP007999__SITE04,2,141,0.999466950959488,0.998933782267116,1,0.606076759061834,10,0.999360305255827,6
AGAP007999,2,AGAP007999__SITE02;AGAP007999__SITE04,2,142,0.999466950959488,0.998933782267116,1,0.605543710021322,10,0.999360305255827,7
AGAP007999,2,AGAP007999__SITE04;AGAP007999__SITE05,2,46,0.996268656716418,0.989782608695652,1,0.608742004264392,10,0.994695976638546,8
AGAP007999,2,AGAP007999__SITE02;AGAP007999__SITE03,2,24,0.994136460554371,0.989262666346,1,0.993603411513859,10,0.993260676236422,9
AGAP007999,2,AGAP007999__SITE01;AGAP007999__SITE04,2,274,0.989339019189765,0.973869047619048,1,0.577825159914712,10,0.985764125799573,10
AGAP007999,3,AGAP007999__SITE01;AGAP007999__SITE02;AGAP007999__SITE03,3,156,1,1,1,0.949360341151386,10,1,1
AGAP007999,3,AGAP007999__SITE03;AGAP007999__SITE04;AGAP007999__SITE05,3,164,1,1,1,0.603411513859275,10,1,2
AGAP007999,3,AGAP007999__SITE02;AGAP007999__SITE03;AGAP007999__SITE05,3,165,1,1,1,0.987206823027719,10,1,3
AGAP007999,3,AGAP007999__SITE02;AGAP007999__SITE04;AGAP007999__SITE05,3,165,1,1,1,0.602878464818763,10,1,4
AGAP007999,3,AGAP007999__SITE01;AGAP007999__SITE02;AGAP007999__SITE04,3,274,1,1,1,0.571961620469083,10,1,5
AGAP007999,3,AGAP007999__SITE01;AGAP007999__SITE03;AGAP007999__SITE04,3,274,1,1,1,0.572494669509595,10,1,6
AGAP007999,3,AGAP007999__SITE01;AGAP007999__SITE02;AGAP007999__SITE05,3,297,1,1,1,0.942963752665245,10,1,7
AGAP007999,3,AGAP007999__SITE01;AGAP007999__SITE03;AGAP007999__SITE05,3,297,1,1,1,0.943496801705757,10,1,8
AGAP007999,3,AGAP007999__SITE01;AGAP007999__SITE04;AGAP007999__SITE05,3,297,1,1,1,0.575159914712154,10,1,9
AGAP007999,3,AGAP007999__SITE02;AGAP007999__SITE03;AGAP007999__SITE04,3,142,0.999466950959488,0.998933782267116,1,0.605543710021322,10,0.999360305255827,10
AGAP008015,2,AGAP008015__SITE02;AGAP008015__SITE04,2,167,1,1,1,0.87046908315565,10,1,1
AGAP008015,2,AGAP008015__SITE04;AGAP008015__SITE05,2,225,1,1,1,0.860341151385928,10,1,2
AGAP008015,2,AGAP008015__SITE01;AGAP008015__SITE04,2,504,0.999466950959488,0.998933782267116,1,0.915245202558635,10,0.999360305255827,3
AGAP008015,2,AGAP008015__SITE01;AGAP008015__SITE03,2,498,0.998933901918977,0.995940687063875,1,0.90138592750533,10,0.998142547270549,4
AGAP008015,2,AGAP008015__SITE03;AGAP008015__SITE04,2,29,0.997334754797441,0.993785024154589,1,0.979744136460554,10,0.996536360124842,5
AGAP008015,2,AGAP008015__SITE01;AGAP008015__SITE05,2,706,0.994669509594883,0.978174117166769,1,0.788912579957356,10,0.99025394090696,6
AGAP008015,2,AGAP008015__SITE03;AGAP008015__SITE05,2,231,0.993603411513859,0.971032863849765,1,0.852345415778252,10,0.987471906063245,7
AGAP008015,2,AGAP008015__SITE02;AGAP008015__SITE03,2,161,0.994669509594883,0.967699530516432,1,0.861407249466951,10,0.987111564911859,8
AGAP008015,2,AGAP008015__SITE01;AGAP008015__SITE02,2,360,0.984008528784648,0.939695479641132,0.9,0.809701492537313,10,0.962313761163129,9
AGAP008015,2,AGAP008015__SITE02;AGAP008015__SITE05,2,369,0.968017057569296,0.856752136752137,0.9,0.771321961620469,10,0.927835875567219,10
AGAP008015,3,AGAP008015__SITE02;AGAP008015__SITE03;AGAP008015__SITE04,3,167,1,1,1,0.859808102345416,10,1,1
AGAP008015,3,AGAP008015__SITE03;AGAP008015__SITE04;AGAP008015__SITE05,3,231,1,1,1,0.850746268656716,10,1,2
AGAP008015,3,AGAP008015__SITE02;AGAP008015__SITE04;AGAP008015__SITE05,3,369,1,1,1,0.767057569296375,10,1,3
AGAP008015,3,AGAP008015__SITE01;AGAP008015__SITE02;AGAP008015__SITE03,3,498,1,1,1,0.797441364605544,10,1,4
AGAP008015,3,AGAP008015__SITE01;AGAP008015__SITE02;AGAP008015__SITE04,3,504,1,1,1,0.805970149253731,10,1,5
AGAP008015,3,AGAP008015__SITE01;AGAP008015__SITE04;AGAP008015__SITE05,3,706,1,1,1,0.785181236673774,10,1,6
AGAP008015,3,AGAP008015__SITE01;AGAP008015__SITE03;AGAP008015__SITE04,3,504,0.999466950959488,0.998933782267116,1,0.899786780383795,10,0.999360305255827,7
AGAP008015,3,AGAP008015__SITE01;AGAP008015__SITE02;AGAP008015__SITE05,3,706,0.999466950959488,0.998933782267116,1,0.711087420042644,10,0.999360305255827,8
AGAP008015,3,AGAP008015__SITE01;AGAP008015__SITE03;AGAP008015__SITE05,3,706,0.999466950959488,0.996557971014493,1,0.777185501066098,10,0.998647561880041,9
AGAP008015,3,AGAP008015__SITE02;AGAP008015__SITE03;AGAP008015__SITE05,3,369,0.996268656716418,0.971032863849765,1,0.760660980810235,10,0.98907105318478,10
AGAP008118,2,AGAP008118__SITE01;AGAP008118__SITE03,2,129,1,1,1,0.968017057569296,10,1,1
AGAP008118,2,AGAP008118__SITE03;AGAP008118__SITE04,2,336,1,1,1,0.989872068230277,10,1,2
AGAP008118,2,AGAP008118__SITE01;AGAP008118__SITE04,2,442,1,1,1,0.962153518123667,10,1,3
AGAP008118,2,AGAP008118__SITE03;AGAP008118__SITE05,2,526,1,1,1,0.916844349680171,10,1,4
AGAP008118,2,AGAP008118__SITE04;AGAP008118__SITE05,2,213,0.998933901918977,0.997867564534231,1,0.912046908315565,10,0.998720610511655,5
AGAP008118,2,AGAP008118__SITE02;AGAP008118__SITE03,2,49,0.997867803837953,0.99235248447205,1,0.412046908315565,10,0.996426427644387,6
AGAP008118,2,AGAP008118__SITE01;AGAP008118__SITE05,2,632,0.995202558635394,0.981648550724638,1,0.893923240938166,10,0.991616100398628,7
AGAP008118,2,AGAP008118__SITE02;AGAP008118__SITE04,2,362,0.993070362473348,0.979286384976526,1,0.410980810234542,10,0.989628132976966,8
AGAP008118,2,AGAP008118__SITE01;AGAP008118__SITE02,2,103,0.975479744136461,0.936557971014493,0.9,0.406716417910448,10,0.956255237786224,9
AGAP008118,2,AGAP008118__SITE02;AGAP008118__SITE05,2,552,0.936567164179104,0.872916666666667,0.3,0.394456289978678,10,0.853815298507463,10
AGAP008118,3,AGAP008118__SITE01;AGAP008118__SITE02;AGAP008118__SITE03,3,129,1,1,1,0.406716417910448,10,1,1
AGAP008118,3,AGAP008118__SITE02;AGAP008118__SITE03;AGAP008118__SITE04,3,362,1,1,1,0.410980810234542,10,1,2
AGAP008118,3,AGAP008118__SITE01;AGAP008118__SITE02;AGAP008118__SITE04,3,442,1,1,1,0.405650319829424,10,1,3
AGAP008118,3,AGAP008118__SITE01;AGAP008118__SITE03;AGAP008118__SITE04,3,442,1,1,1,0.96002132196162,10,1,4
AGAP008118,3,AGAP008118__SITE03;AGAP008118__SITE04;AGAP008118__SITE05,3,526,1,1,1,0.909914712153518,10,1,5
AGAP008118,3,AGAP008118__SITE02;AGAP008118__SITE03;AGAP008118__SITE05,3,552,1,1,1,0.394456289978678,10,1,6
AGAP008118,3,AGAP008118__SITE01;AGAP008118__SITE03;AGAP008118__SITE05,3,632,1,1,1,0.891791044776119,10,1,7
AGAP008118,3,AGAP008118__SITE01;AGAP008118__SITE04;AGAP008118__SITE05,3,632,1,1,1,0.886993603411514,10,1,8
AGAP008118,3,AGAP008118__SITE02;AGAP008118__SITE04;AGAP008118__SITE05,3,552,0.999466950959488,0.998933782267116,1,0.393923240938166,10,0.999360305255827,9
AGAP008118,3,AGAP008118__SITE01;AGAP008118__SITE02;AGAP008118__SITE05,3,632,0.995735607675906,0.982898550724638,1,0.389658848614073,10,0.992310929822935,10
AGAP008191,2,AGAP008191__SITE01;AGAP008191__SITE02,2,196,1,1,1,0.886460554371002,10,1,1
AGAP008191,2,AGAP008191__SITE02;AGAP008191__SITE03,2,72,0.988805970149254,0.981228455186788,1,0.00213219616204691,10,0.987652118645589,2
AGAP008191,2,AGAP008191__SITE02;AGAP008191__SITE04,2,74,0.988805970149254,0.981228455186788,1,0.00213219616204691,10,0.987652118645589,3
AGAP008191,2,AGAP008191__SITE02;AGAP008191__SITE05,2,75,0.988805970149254,0.981228455186788,1,0.00213219616204691,10,0.987652118645589,4
AGAP008191,2,AGAP008191__SITE01;AGAP008191__SITE03,2,245,0.897654584221748,0.859594979296066,0.4,0.00213219616204691,10,0.836471244321869,5
AGAP008191,2,AGAP008191__SITE01;AGAP008191__SITE04,2,247,0.897654584221748,0.859594979296066,0.4,0.00213219616204691,10,0.836471244321869,6
AGAP008191,2,AGAP008191__SITE01;AGAP008191__SITE05,2,248,0.897654584221748,0.859594979296066,0.4,0.00213219616204691,10,0.836471244321869,7
AGAP008191,2,AGAP008191__SITE04;AGAP008191__SITE05,2,24,0.00213219616204691,0,0,0.00213219616204691,10,0.00127931769722814,8
AGAP008191,2,AGAP008191__SITE03;AGAP008191__SITE04,2,25,0.00213219616204691,0,0,0.00213219616204691,10,0.00127931769722814,9
AGAP008191,2,AGAP008191__SITE03;AGAP008191__SITE05,2,26,0.00213219616204691,0,0,0.00213219616204691,10,0.00127931769722814,10
AGAP008191,3,AGAP008191__SITE01;AGAP008191__SITE02;AGAP008191__SITE03,3,245,1,1,1,0.00213219616204691,10,1,1
AGAP008191,3,AGAP008191__SITE01;AGAP008191__SITE02;AGAP008191__SITE04,3,247,1,1,1,0.00213219616204691,10,1,2
AGAP008191,3,AGAP008191__SITE01;AGAP008191__SITE02;AGAP008191__SITE05,3,248,1,1,1,0.00213219616204691,10,1,3
AGAP008191,3,AGAP008191__SITE02;AGAP008191__SITE03;AGAP008191__SITE04,3,74,0.988805970149254,0.981228455186788,1,0.00213219616204691,10,0.987652118645589,4
AGAP008191,3,AGAP008191__SITE02;AGAP008191__SITE03;AGAP008191__SITE05,3,75,0.988805970149254,0.981228455186788,1,0.00213219616204691,10,0.987652118645589,5
AGAP008191,3,AGAP008191__SITE02;AGAP008191__SITE04;AGAP008191__SITE05,3,75,0.988805970149254,0.981228455186788,1,0.00213219616204691,10,0.987652118645589,6
AGAP008191,3,AGAP008191__SITE01;AGAP008191__SITE03;AGAP008191__SITE04,3,247,0.897654584221748,0.859594979296066,0.4,0.00213219616204691,10,0.836471244321869,7
AGAP008191,3,AGAP008191__SITE01;AGAP008191__SITE03;AGAP008191__SITE05,3,248,0.897654584221748,0.859594979296066,0.4,0.00213219616204691,10,0.836471244321869,8
AGAP008191,3,AGAP008191__SITE01;AGAP008191__SITE04;AGAP008191__SITE05,3,248,0.897654584221748,0.859594979296066,0.4,0.00213219616204691,10,0.836471244321869,9
AGAP008191,3,AGAP008191__SITE03;AGAP008191__SITE04;AGAP008191__SITE05,3,26,0.00213219616204691,0,0,0.00213219616204691,10,0.00127931769722814,10
AGAP008381,2,AGAP008381__SITE03;AGAP008381__SITE05,2,135,0.986140724946695,0.97501102292769,1,0.526652452025586,10,0.984187741846324,1
AGAP008381,2,AGAP008381__SITE02;AGAP008381__SITE05,2,138,0.986140724946695,0.97501102292769,1,0.526119402985075,10,0.984187741846324,2
AGAP008381,2,AGAP008381__SITE01;AGAP008381__SITE05,2,139,0.986140724946695,0.97501102292769,1,0.52771855010661,10,0.984187741846324,3
AGAP008381,2,AGAP008381__SITE04;AGAP008381__SITE05,2,122,0.96908315565032,0.923162393162393,0.8,0.767057569296375,10,0.93839861133891,4
AGAP008381,2,AGAP008381__SITE01;AGAP008381__SITE04,2,40,0.90138592750533,0.841428571428572,0.2,0.62046908315565,10,0.81326012793177,5
AGAP008381,2,AGAP008381__SITE03;AGAP008381__SITE04,2,36,0.899786780383795,0.835803571428571,0.2,0.621002132196162,10,0.810613139658849,6
AGAP008381,2,AGAP008381__SITE02;AGAP008381__SITE04,2,39,0.899786780383795,0.835803571428571,0.2,0.62046908315565,10,0.810613139658849,7
AGAP008381,2,AGAP008381__SITE01;AGAP008381__SITE03,2,27,0.650319829424307,0.55375,0,0.64818763326226,10,0.556316897654584,8
AGAP008381,2,AGAP008381__SITE01;AGAP008381__SITE02,2,24,0.649786780383795,0.55375,0,0.64818763326226,10,0.555997068230277,9
AGAP008381,2,AGAP008381__SITE02;AGAP008381__SITE03,2,26,0.648720682302772,0.55375,0,0.64818763326226,10,0.555357409381663,10
AGAP008381,3,AGAP008381__SITE03;AGAP008381__SITE04;AGAP008381__SITE05,3,135,0.992537313432836,0.978097442680776,1,0.522388059701493,10,0.988951620863934,1
AGAP008381,3,AGAP008381__SITE02;AGAP008381__SITE04;AGAP008381__SITE05,3,138,0.992537313432836,0.978097442680776,1,0.521855010660981,10,0.988951620863934,2
AGAP008381,3,AGAP008381__SITE01;AGAP008381__SITE04;AGAP008381__SITE05,3,139,0.992537313432836,0.978097442680776,1,0.521855010660981,10,0.988951620863934,3
AGAP008381,3,AGAP008381__SITE02;AGAP008381__SITE03;AGAP008381__SITE05,3,138,0.986140724946695,0.97501102292769,1,0.526119402985075,10,0.984187741846324,4
AGAP008381,3,AGAP008381__SITE01;AGAP008381__SITE02;AGAP008381__SITE05,3,139,0.986140724946695,0.97501102292769,1,0.526119402985075,10,0.984187741846324,5
AGAP008381,3,AGAP008381__SITE01;AGAP008381__SITE03;AGAP008381__SITE05,3,139,0.986140724946695,0.97501102292769,1,0.526119402985075,10,0.984187741846324,6
AGAP008381,3,AGAP008381__SITE01;AGAP008381__SITE02;AGAP008381__SITE04,3,40,0.90138592750533,0.841428571428572,0.2,0.62046908315565,10,0.81326012793177,7
AGAP008381,3,AGAP008381__SITE01;AGAP008381__SITE03;AGAP008381__SITE04,3,40,0.90138592750533,0.841428571428572,0.2,0.62046908315565,10,0.81326012793177,8
AGAP008381,3,AGAP008381__SITE02;AGAP008381__SITE03;AGAP008381__SITE04,3,39,0.899786780383795,0.835803571428571,0.2,0.62046908315565,10,0.810613139658849,9
AGAP008381,3,AGAP008381__SITE01;AGAP008381__SITE02;AGAP008381__SITE03,3,27,0.650319829424307,0.55375,0,0.64818763326226,10,0.556316897654584,10
AGAP008578,2,AGAP008578__SITE04;AGAP008578__SITE05,2,45,1,1,1,0.992004264392324,10,1,1
AGAP008578,2,AGAP008578__SITE03;AGAP008578__SITE05,2,53,1,1,1,0.976012793176972,10,1,2
AGAP008578,2,AGAP008578__SITE02;AGAP008578__SITE03,2,190,1,1,1,0.964818763326226,10,1,3
AGAP008578,2,AGAP008578__SITE01;AGAP008578__SITE03,2,193,1,1,1,0.963752665245203,10,1,4
AGAP008578,2,AGAP008578__SITE02;AGAP008578__SITE04,2,198,1,1,1,0.980810234541578,10,1,5
AGAP008578,2,AGAP008578__SITE01;AGAP008578__SITE04,2,201,1,1,1,0.979744136460554,10,1,6
AGAP008578,2,AGAP008578__SITE02;AGAP008578__SITE05,2,220,1,1,1,0.98134328358209,10,1,7
AGAP008578,2,AGAP008578__SITE01;AGAP008578__SITE05,2,223,1,1,1,0.980277185501066,10,1,8
AGAP008578,2,AGAP008578__SITE03;AGAP008578__SITE04,2,31,0.998400852878465,0.996801346801347,1,0.977078891257996,10,0.998080915767483,9
AGAP008578,2,AGAP008578__SITE01;AGAP008578__SITE02,2,26,0.985074626865672,0.938251678876679,0.9,0.984008528784648,10,0.962520279782407,10
AGAP008578,3,AGAP008578__SITE03;AGAP008578__SITE04;AGAP008578__SITE05,3,53,1,1,1,0.973347547974414,10,1,1
AGAP008578,3,AGAP008578__SITE01;AGAP008578__SITE02;AGAP008578__SITE03,3,193,1,1,1,0.963752665245203,10,1,2
AGAP008578,3,AGAP008578__SITE02;AGAP008578__SITE03;AGAP008578__SITE04,3,198,1,1,1,0.962153518123667,10,1,3
AGAP008578,3,AGAP008578__SITE01;AGAP008578__SITE02;AGAP008578__SITE04,3,201,1,1,1,0.979744136460554,10,1,4
AGAP008578,3,AGAP008578__SITE01;AGAP008578__SITE03;AGAP008578__SITE04,3,201,1,1,1,0.961087420042644,10,1,5
AGAP008578,3,AGAP008578__SITE02;AGAP008578__SITE03;AGAP008578__SITE05,3,220,1,1,1,0.961087420042644,10,1,6
AGAP008578,3,AGAP008578__SITE02;AGAP008578__SITE04;AGAP008578__SITE05,3,220,1,1,1,0.977078891257996,10,1,7
AGAP008578,3,AGAP008578__SITE01;AGAP008578__SITE02;AGAP008578__SITE05,3,223,1,1,1,0.980277185501066,10,1,8
AGAP008578,3,AGAP008578__SITE01;AGAP008578__SITE03;AGAP008578__SITE05,3,223,1,1,1,0.96002132196162,10,1,9
AGAP008578,3,AGAP008578__SITE01;AGAP008578__SITE04;AGAP008578__SITE05,3,223,1,1,1,0.976012793176972,10,1,10
AGAP009048,2,AGAP009048__SITE04;AGAP009048__SITE05,2,49,1,1,1,0.932302771855011,10,1,1
AGAP009048,2,AGAP009048__SITE03;AGAP009048__SITE05,2,55,1,1,1,0.931236673773987,10,1,2
AGAP009048,2,AGAP009048__SITE02;AGAP009048__SITE05,2,114,1,1,1,0.92590618336887,10,1,3
AGAP009048,2,AGAP009048__SITE01;AGAP009048__SITE05,2,126,1,1,1,0.915245202558635,10,1,4
AGAP009048,2,AGAP009048__SITE02;AGAP009048__SITE03,2,82,0.993070362473348,0.981648550724638,1,0.98134328358209,10,0.9903367827014,5
AGAP009048,2,AGAP009048__SITE02;AGAP009048__SITE04,2,88,0.993070362473348,0.981648550724638,1,0.982409381663113,10,0.9903367827014,6
AGAP009048,2,AGAP009048__SITE01;AGAP009048__SITE03,2,94,0.993070362473348,0.981648550724638,1,0.970682302771855,10,0.9903367827014,7
AGAP009048,2,AGAP009048__SITE01;AGAP009048__SITE04,2,100,0.993070362473348,0.981648550724638,1,0.971748400852879,10,0.9903367827014,8
AGAP009048,2,AGAP009048__SITE03;AGAP009048__SITE04,2,29,0.990938166311301,0.975140096618358,1,0.989872068230277,10,0.987104928772288,9
AGAP009048,2,AGAP009048__SITE01;AGAP009048__SITE02,2,35,0.988272921108742,0.976195652173913,1,0.970149253731343,10,0.985822448317419,10
AGAP009048,3,AGAP009048__SITE03;AGAP009048__SITE04;AGAP009048__SITE05,3,55,1,1,1,0.931236673773987,10,1,1
AGAP009048,3,AGAP009048__SITE02;AGAP009048__SITE03;AGAP009048__SITE05,3,114,1,1,1,0.9227078891258,10,1,2
AGAP009048,3,AGAP009048__SITE02;AGAP009048__SITE04;AGAP009048__SITE05,3,114,1,1,1,0.923773987206823,10,1,3
AGAP009048,3,AGAP009048__SITE01;AGAP009048__SITE02;AGAP009048__SITE05,3,126,1,1,1,0.911513859275053,10,1,4
AGAP009048,3,AGAP009048__SITE01;AGAP009048__SITE03;AGAP009048__SITE05,3,126,1,1,1,0.912046908315565,10,1,5
AGAP009048,3,AGAP009048__SITE01;AGAP009048__SITE04;AGAP009048__SITE05,3,126,1,1,1,0.913113006396588,10,1,6
AGAP009048,3,AGAP009048__SITE02;AGAP009048__SITE03;AGAP009048__SITE04,3,88,0.993070362473348,0.981648550724638,1,0.98134328358209,10,0.9903367827014,7
AGAP009048,3,AGAP009048__SITE01;AGAP009048__SITE02;AGAP009048__SITE03,3,94,0.993070362473348,0.981648550724638,1,0.966950959488273,10,0.9903367827014,8
AGAP009048,3,AGAP009048__SITE01;AGAP009048__SITE02;AGAP009048__SITE04,3,100,0.993070362473348,0.981648550724638,1,0.968017057569296,10,0.9903367827014,9
AGAP009048,3,AGAP009048__SITE01;AGAP009048__SITE03;AGAP009048__SITE04,3,100,0.993070362473348,0.981648550724638,1,0.970682302771855,10,0.9903367827014,10
AGAP009091,2,AGAP009091__SITE01;AGAP009091__SITE02,2,84,1,1,1,0.975479744136461,10,1,1
AGAP009091,2,AGAP009091__SITE03;AGAP009091__SITE05,2,207,1,1,1,0.977611940298507,10,1,2
AGAP009091,2,AGAP009091__SITE01;AGAP009091__SITE03,2,209,1,1,1,0.971748400852879,10,1,3
AGAP009091,2,AGAP009091__SITE02;AGAP009091__SITE05,2,332,1,1,1,0.98134328358209,10,1,4
AGAP009091,2,AGAP009091__SITE01;AGAP009091__SITE05,2,393,1,1,1,0.971748400852879,10,1,5
AGAP009091,2,AGAP009091__SITE04;AGAP009091__SITE05,2,139,0.997867803837953,0.995164442039442,1,0.762793176972282,10,0.997270014914604,6
AGAP009091,2,AGAP009091__SITE02;AGAP009091__SITE03,2,148,0.998400852878465,0.99300785634119,1,0.982942430703625,10,0.996942868629436,7
AGAP009091,2,AGAP009091__SITE02;AGAP009091__SITE04,2,216,0.997334754797441,0.993095461658842,1,0.767057569296375,10,0.996329491376117,8
AGAP009091,2,AGAP009091__SITE03;AGAP009091__SITE04,2,91,0.995735607675906,0.97917735042735,1,0.764925373134328,10,0.991194569733749,9
AGAP009091,2,AGAP009091__SITE01;AGAP009091__SITE04,2,277,0.992004264392324,0.974230072463768,1,0.762793176972282,10,0.987471580374525,10
AGAP009091,3,AGAP009091__SITE03;AGAP009091__SITE04;AGAP009091__SITE05,3,207,1,1,1,0.755863539445629,10,1,1
AGAP009091,3,AGAP009091__SITE01;AGAP009091__SITE02;AGAP009091__SITE03,3,209,1,1,1,0.965884861407249,10,1,2
AGAP009091,3,AGAP009091__SITE02;AGAP009091__SITE03;AGAP009091__SITE04,3,216,1,1,1,0.761727078891258,10,1,3
AGAP009091,3,AGAP009091__SITE01;AGAP009091__SITE02;AGAP009091__SITE04,3,277,1,1,1,0.757995735607676,10,1,4
AGAP009091,3,AGAP009091__SITE01;AGAP009091__SITE03;AGAP009091__SITE04,3,277,1,1,1,0.755863539445629,10,1,5
AGAP009091,3,AGAP009091__SITE02;AGAP009091__SITE03;AGAP009091__SITE05,3,332,1,1,1,0.971748400852879,10,1,6
AGAP009091,3,AGAP009091__SITE02;AGAP009091__SITE04;AGAP009091__SITE05,3,332,1,1,1,0.757995735607676,10,1,7
AGAP009091,3,AGAP009091__SITE01;AGAP009091__SITE02;AGAP009091__SITE05,3,393,1,1,1,0.964285714285714,10,1,8
AGAP009091,3,AGAP009091__SITE01;AGAP009091__SITE03;AGAP009091__SITE05,3,393,1,1,1,0.960554371002132,10,1,9
AGAP009091,3,AGAP009091__SITE01;AGAP009091__SITE04;AGAP009091__SITE05,3,393,1,1,1,0.753731343283582,10,1,10
AGAP009232,2,AGAP009232__SITE01;AGAP009232__SITE04,2,228,1,1,1,0.932835820895522,10,1,1
AGAP009232,2,AGAP009232__SITE01;AGAP009232__SITE05,2,233,1,1,1,0.969616204690831,10,1,2
AGAP009232,2,AGAP009232__SITE01;AGAP009232__SITE02,2,83,0.995202558635394,0.97479014041514,1,0.608742004264392,10,0.989558577305779,3
AGAP009232,2,AGAP009232__SITE01;AGAP009232__SITE03,2,84,0.995202558635394,0.97479014041514,1,0.608742004264392,10,0.989558577305779,4
AGAP009232,2,AGAP009232__SITE03;AGAP009232__SITE05,2,172,0.986673773987207,0.942481884057971,0.9,0.60501066098081,10,0.964748829609715,5
AGAP009232,2,AGAP009232__SITE02;AGAP009232__SITE05,2,173,0.986673773987207,0.942481884057971,0.9,0.60501066098081,10,0.964748829609715,6
AGAP009232,2,AGAP009232__SITE04;AGAP009232__SITE05,2,28,0.979211087420043,0.942341549295775,0.9,0.94136460554371,10,0.960229117240758,7
AGAP009232,2,AGAP009232__SITE03;AGAP009232__SITE04,2,167,0.950959488272921,0.892880434782609,0.7,0.603944562899787,10,0.908439823398535,8
AGAP009232,2,AGAP009232__SITE02;AGAP009232__SITE04,2,168,0.950959488272921,0.892880434782609,0.7,0.603944562899787,10,0.908439823398535,9
AGAP009232,2,AGAP009232__SITE02;AGAP009232__SITE03,2,24,0.613006396588486,0.48552731990232,0,0.613006396588486,10,0.513462033923788,10
AGAP009232,3,AGAP009232__SITE01;AGAP009232__SITE02;AGAP009232__SITE04,3,228,1,1,1,0.599680170575693,10,1,1
AGAP009232,3,AGAP009232__SITE01;AGAP009232__SITE03;AGAP009232__SITE04,3,228,1,1,1,0.599680170575693,10,1,2
AGAP009232,3,AGAP009232__SITE01;AGAP009232__SITE02;AGAP009232__SITE05,3,233,1,1,1,0.600746268656716,10,1,3
AGAP009232,3,AGAP009232__SITE01;AGAP009232__SITE03;AGAP009232__SITE05,3,233,1,1,1,0.600746268656716,10,1,4
AGAP009232,3,AGAP009232__SITE01;AGAP009232__SITE04;AGAP009232__SITE05,3,233,1,1,1,0.932302771855011,10,1,5
AGAP009232,3,AGAP009232__SITE01;AGAP009232__SITE02;AGAP009232__SITE03,3,84,0.995202558635394,0.97479014041514,1,0.608742004264392,10,0.989558577305779,6
AGAP009232,3,AGAP009232__SITE03;AGAP009232__SITE04;AGAP009232__SITE05,3,172,0.987206823027719,0.942481884057971,0.9,0.603944562899787,10,0.965068659034022,7
AGAP009232,3,AGAP009232__SITE02;AGAP009232__SITE04;AGAP009232__SITE05,3,173,0.987206823027719,0.942481884057971,0.9,0.603944562899787,10,0.965068659034022,8
AGAP009232,3,AGAP009232__SITE02;AGAP009232__SITE03;AGAP009232__SITE05,3,173,0.986673773987207,0.942481884057971,0.9,0.60501066098081,10,0.964748829609715,9
AGAP009232,3,AGAP009232__SITE02;AGAP009232__SITE03;AGAP009232__SITE04,3,168,0.950959488272921,0.892880434782609,0.7,0.603944562899787,10,0.908439823398535,10
AGAP009338,2,AGAP009338__SITE03;AGAP009338__SITE05,2,167,1,1,1,0.775586353944563,10,1,1
AGAP009338,2,AGAP009338__SITE02;AGAP009338__SITE05,2,175,1,1,1,0.806503198294243,10,1,2
AGAP009338,2,AGAP009338__SITE01;AGAP009338__SITE05,2,337,0.998933901918977,0.995940687063875,1,0.784115138592751,10,0.998142547270549,3
AGAP009338,2,AGAP009338__SITE01;AGAP009338__SITE02,2,185,0.978144989339019,0.950452898550725,0.9,0.771321961620469,10,0.962022863168629,4
AGAP009338,2,AGAP009338__SITE01;AGAP009338__SITE03,2,193,0.952558635394456,0.899064009661836,0.6,0.765991471215352,10,0.901254384135225,5
AGAP009338,2,AGAP009338__SITE04;AGAP009338__SITE05,2,127,0.920042643923241,0.700761798587886,0.5,0.00692963752665245,10,0.81225412593031,6
AGAP009338,2,AGAP009338__SITE02;AGAP009338__SITE03,2,31,0.892324093816631,0.816509661835749,0.2,0.849680170575693,10,0.800347354840703,7
AGAP009338,2,AGAP009338__SITE02;AGAP009338__SITE04,2,71,0.888059701492537,0.816509661835749,0.2,0.00533049040511727,10,0.797788719446247,8
AGAP009338,2,AGAP009338__SITE01;AGAP009338__SITE04,2,233,0.866737739872068,0.798403755868545,0.2,0.00319829424307036,10,0.779563770683804,9
AGAP009338,2,AGAP009338__SITE03;AGAP009338__SITE04,2,63,0.857142857142857,0.738490338164251,0.2,0.00533049040511727,10,0.75583281573499,10
AGAP009338,3,AGAP009338__SITE03;AGAP009338__SITE04;AGAP009338__SITE05,3,167,1,1,1,0.00533049040511727,10,1,1
AGAP009338,3,AGAP009338__SITE02;AGAP009338__SITE03;AGAP009338__SITE05,3,175,1,1,1,0.769722814498934,10,1,2
AGAP009338,3,AGAP009338__SITE02;AGAP009338__SITE04;AGAP009338__SITE05,3,175,1,1,1,0.00533049040511727,10,1,3
AGAP009338,3,AGAP009338__SITE01;AGAP009338__SITE02;AGAP009338__SITE05,3,337,1,1,1,0.692430703624734,10,1,4
AGAP009338,3,AGAP009338__SITE01;AGAP009338__SITE03;AGAP009338__SITE05,3,337,1,1,1,0.687100213219616,10,1,5
AGAP009338,3,AGAP009338__SITE01;AGAP009338__SITE04;AGAP009338__SITE05,3,337,0.998933901918977,0.995940687063875,1,0.00319829424307036,10,0.998142547270549,6
AGAP009338,3,AGAP009338__SITE01;AGAP009338__SITE02;AGAP009338__SITE03,3,193,0.978678038379531,0.950452898550725,0.9,0.760660980810235,10,0.962342692592936,7
AGAP009338,3,AGAP009338__SITE01;AGAP009338__SITE02;AGAP009338__SITE04,3,233,0.978678038379531,0.950452898550725,0.9,0.00213219616204691,10,0.962342692592936,8
AGAP009338,3,AGAP009338__SITE01;AGAP009338__SITE03;AGAP009338__SITE04,3,233,0.953091684434968,0.899064009661836,0.6,0.00213219616204691,10,0.901574213559531,9
AGAP009338,3,AGAP009338__SITE02;AGAP009338__SITE03;AGAP009338__SITE04,3,71,0.893923240938166,0.816509661835749,0.2,0.00533049040511727,10,0.801306843113624,10
AGAP009488,2,AGAP009488__SITE04;AGAP009488__SITE05,2,120,1,1,1,0.981876332622601,10,1,1
AGAP009488,2,AGAP009488__SITE03;AGAP009488__SITE05,2,121,1,1,1,0.981876332622601,10,1,2
AGAP009488,2,AGAP009488__SITE02;AGAP009488__SITE03,2,209,1,1,1,0.992004264392324,10,1,3
AGAP009488,2,AGAP009488__SITE02;AGAP009488__SITE04,2,210,1,1,1,0.992004264392324,10,1,4
AGAP009488,2,AGAP009488__SITE01;AGAP009488__SITE02,2,240,1,1,1,0.940831556503198,10,1,5
AGAP009488,2,AGAP009488__SITE02;AGAP009488__SITE05,2,307,1,1,1,0.98773987206823,10,1,6
AGAP009488,2,AGAP009488__SITE01;AGAP009488__SITE05,2,524,0.999466950959488,0.997172619047619,1,0.931236673773987,10,0.998831956289979,7
AGAP009488,2,AGAP009488__SITE01;AGAP009488__SITE03,2,426,0.999466950959488,0.994242424242424,1,0.935501066098081,10,0.99795289784842,8
AGAP009488,2,AGAP009488__SITE01;AGAP009488__SITE04,2,427,0.999466950959488,0.994242424242424,1,0.935501066098081,10,0.99795289784842,9
AGAP009488,2,AGAP009488__SITE03;AGAP009488__SITE04,2,24,0.993070362473348,0.968560250391236,1,0.993070362473348,10,0.986410292601379,10
AGAP009488,3,AGAP009488__SITE03;AGAP009488__SITE04;AGAP009488__SITE05,3,121,1,1,1,0.981876332622601,10,1,1
AGAP009488,3,AGAP009488__SITE02;AGAP009488__SITE03;AGAP009488__SITE04,3,210,1,1,1,0.992004264392324,10,1,2
AGAP009488,3,AGAP009488__SITE02;AGAP009488__SITE03;AGAP009488__SITE05,3,307,1,1,1,0.980810234541578,10,1,3
AGAP009488,3,AGAP009488__SITE02;AGAP009488__SITE04;AGAP009488__SITE05,3,307,1,1,1,0.980810234541578,10,1,4
AGAP009488,3,AGAP009488__SITE01;AGAP009488__SITE02;AGAP009488__SITE03,3,426,1,1,1,0.934434968017058,10,1,5
AGAP009488,3,AGAP009488__SITE01;AGAP009488__SITE02;AGAP009488__SITE04,3,427,1,1,1,0.934434968017058,10,1,6
AGAP009488,3,AGAP009488__SITE01;AGAP009488__SITE02;AGAP009488__SITE05,3,524,1,1,1,0.930170575692964,10,1,7
AGAP009488,3,AGAP009488__SITE01;AGAP009488__SITE03;AGAP009488__SITE05,3,524,1,1,1,0.924840085287846,10,1,8
AGAP009488,3,AGAP009488__SITE01;AGAP009488__SITE04;AGAP009488__SITE05,3,524,1,1,1,0.924840085287846,10,1,9
AGAP009488,3,AGAP009488__SITE01;AGAP009488__SITE03;AGAP009488__SITE04,3,427,0.999466950959488,0.994242424242424,1,0.935501066098081,10,0.99795289784842,10
AGAP009515,2,AGAP009515__SITE04;AGAP009515__SITE05,2,66,1,1,1,0.997867803837953,10,1,1
AGAP009515,2,AGAP009515__SITE03;AGAP009515__SITE04,2,101,1,1,1,0.953091684434968,10,1,2
AGAP009515,2,AGAP009515__SITE02;AGAP009515__SITE04,2,108,1,1,1,0.992537313432836,10,1,3
AGAP009515,2,AGAP009515__SITE03;AGAP009515__SITE05,2,144,1,1,1,0.950959488272921,10,1,4
AGAP009515,2,AGAP009515__SITE02;AGAP009515__SITE05,2,151,1,1,1,0.990405117270789,10,1,5
AGAP009515,2,AGAP009515__SITE02;AGAP009515__SITE03,2,30,0.997334754797441,0.988635367762128,1,0.948294243070363,10,0.994991463207103,6
AGAP009515,3,AGAP009515__SITE02;AGAP009515__SITE03;AGAP009515__SITE04,3,108,1,1,1,0.948294243070363,10,1,1
AGAP009515,3,AGAP009515__SITE03;AGAP009515__SITE04;AGAP009515__SITE05,3,144,1,1,1,0.950959488272921,10,1,2
AGAP009515,3,AGAP009515__SITE02;AGAP009515__SITE03;AGAP009515__SITE05,3,151,1,1,1,0.946162046908315,10,1,3
AGAP009515,3,AGAP009515__SITE02;AGAP009515__SITE04;AGAP009515__SITE05,3,151,1,1,1,0.990405117270789,10,1,4
AGAP009600,2,AGAP009600__SITE03;AGAP009600__SITE05,2,34,1,1,1,0.908848614072495,10,1,1
AGAP009600,2,AGAP009600__SITE02;AGAP009600__SITE03,2,75,1,1,1,0.918443496801706,10,1,2
AGAP009600,2,AGAP009600__SITE02;AGAP009600__SITE04,2,77,1,1,1,0.906183368869936,10,1,3
AGAP009600,2,AGAP009600__SITE02;AGAP009600__SITE05,2,86,1,1,1,0.985074626865672,10,1,4
AGAP009600,2,AGAP009600__SITE01;AGAP009600__SITE02,2,155,1,1,1,0.946162046908315,10,1,5
AGAP009600,2,AGAP009600__SITE01;AGAP009600__SITE05,2,218,1,1,1,0.936567164179104,10,1,6
AGAP009600,2,AGAP009600__SITE01;AGAP009600__SITE03,2,207,0.998400852878465,0.995323403113258,1,0.871535181236674,10,0.997637532661056,7
AGAP009600,2,AGAP009600__SITE01;AGAP009600__SITE04,2,209,0.998400852878465,0.995323403113258,1,0.859275053304904,10,0.997637532661056,8
AGAP009600,2,AGAP009600__SITE04;AGAP009600__SITE05,2,32,0.98773987206823,0.97018115942029,1,0.908848614072495,10,0.983698271067025,9
AGAP009600,2,AGAP009600__SITE03;AGAP009600__SITE04,2,25,0.921108742004264,0.866123188405797,0.5,0.908848614072495,10,0.862502201724298,10
AGAP009600,3,AGAP009600__SITE03;AGAP009600__SITE04;AGAP009600__SITE05,3,34,1,1,1,0.908848614072495,10,1,1
AGAP009600,3,AGAP009600__SITE02;AGAP009600__SITE03;AGAP009600__SITE04,3,77,1,1,1,0.906183368869936,10,1,2
AGAP009600,3,AGAP009600__SITE02;AGAP009600__SITE03;AGAP009600__SITE05,3,86,1,1,1,0.906183368869936,10,1,3
AGAP009600,3,AGAP009600__SITE02;AGAP009600__SITE04;AGAP009600__SITE05,3,86,1,1,1,0.906183368869936,10,1,4
AGAP009600,3,AGAP009600__SITE01;AGAP009600__SITE02;AGAP009600__SITE03,3,207,1,1,1,0.868869936034115,10,1,5
AGAP009600,3,AGAP009600__SITE01;AGAP009600__SITE02;AGAP009600__SITE04,3,209,1,1,1,0.856609808102346,10,1,6
AGAP009600,3,AGAP009600__SITE01;AGAP009600__SITE02;AGAP009600__SITE05,3,218,1,1,1,0.933901918976546,10,1,7
AGAP009600,3,AGAP009600__SITE01;AGAP009600__SITE03;AGAP009600__SITE05,3,218,1,1,1,0.859275053304904,10,1,8
AGAP009600,3,AGAP009600__SITE01;AGAP009600__SITE04;AGAP009600__SITE05,3,218,1,1,1,0.859275053304904,10,1,9
AGAP009600,3,AGAP009600__SITE01;AGAP009600__SITE03;AGAP009600__SITE04,3,209,0.998400852878465,0.995323403113258,1,0.859275053304904,10,0.997637532661056,10
AGAP009782,2,AGAP009782__SITE03;AGAP009782__SITE04,2,89,1,1,1,0.972814498933902,10,1,1
AGAP009782,2,AGAP009782__SITE03;AGAP009782__SITE05,2,138,1,1,1,0.76865671641791,10,1,2
AGAP009782,2,AGAP009782__SITE02;AGAP009782__SITE03,2,88,0.996268656716418,0.988239096414234,1,0.00106609808102345,10,0.994232922954121,3
AGAP009782,2,AGAP009782__SITE01;AGAP009782__SITE03,2,91,0.996268656716418,0.988239096414234,1,0.00106609808102345,10,0.994232922954121,4
AGAP009782,2,AGAP009782__SITE04;AGAP009782__SITE05,2,72,0.978678038379531,0.853920475659606,0.9,0.770255863539446,10,0.9333829657256,5
AGAP009782,2,AGAP009782__SITE02;AGAP009782__SITE04,2,154,0.976545842217484,0.851927722036418,0.9,0.00106609808102345,10,0.931505821941416,6
AGAP009782,2,AGAP009782__SITE01;AGAP009782__SITE04,2,157,0.976545842217484,0.851927722036418,0.9,0.00106609808102345,10,0.931505821941416,7
AGAP009782,2,AGAP009782__SITE02;AGAP009782__SITE05,2,203,0.772388059701493,0.676444444444444,0,0.00106609808102345,10,0.666366169154229,8
AGAP009782,2,AGAP009782__SITE01;AGAP009782__SITE05,2,206,0.772388059701493,0.676444444444444,0,0.00106609808102345,10,0.666366169154229,9
AGAP009782,2,AGAP009782__SITE01;AGAP009782__SITE02,2,26,0.00106609808102345,0,0,0.00106609808102345,10,0.000639658848614073,10
AGAP009782,3,AGAP009782__SITE03;AGAP009782__SITE04;AGAP009782__SITE05,3,138,1,1,1,0.766524520255864,10,1,1
AGAP009782,3,AGAP009782__SITE02;AGAP009782__SITE03;AGAP009782__SITE04,3,154,1,1,1,0.00106609808102345,10,1,2
AGAP009782,3,AGAP009782__SITE01;AGAP009782__SITE03;AGAP009782__SITE04,3,157,1,1,1,0.00106609808102345,10,1,3
AGAP009782,3,AGAP009782__SITE02;AGAP009782__SITE03;AGAP009782__SITE05,3,203,1,1,1,0.00106609808102345,10,1,4
AGAP009782,3,AGAP009782__SITE01;AGAP009782__SITE03;AGAP009782__SITE05,3,206,1,1,1,0.00106609808102345,10,1,5
AGAP009782,3,AGAP009782__SITE01;AGAP009782__SITE02;AGAP009782__SITE03,3,91,0.996268656716418,0.988239096414234,1,0.00106609808102345,10,0.994232922954121,6
AGAP009782,3,AGAP009782__SITE02;AGAP009782__SITE04;AGAP009782__SITE05,3,203,0.978678038379531,0.853920475659606,0.9,0.00106609808102345,10,0.9333829657256,7
AGAP009782,3,AGAP009782__SITE01;AGAP009782__SITE04;AGAP009782__SITE05,3,206,0.978678038379531,0.853920475659606,0.9,0.00106609808102345,10,0.9333829657256,8
AGAP009782,3,AGAP009782__SITE01;AGAP009782__SITE02;AGAP009782__SITE04,3,157,0.976545842217484,0.851927722036418,0.9,0.00106609808102345,10,0.931505821941416,9
AGAP009782,3,AGAP009782__SITE01;AGAP009782__SITE02;AGAP009782__SITE05,3,206,0.772388059701493,0.676444444444444,0,0.00106609808102345,10,0.666366169154229,10
AGAP009792,2,AGAP009792__SITE02;AGAP009792__SITE05,2,194,1,1,1,0.923773987206823,10,1,1
AGAP009792,2,AGAP009792__SITE01;AGAP009792__SITE05,2,204,1,1,1,0.889125799573561,10,1,2
AGAP009792,2,AGAP009792__SITE01;AGAP009792__SITE04,2,203,0.998933901918977,0.997867564534231,1,0.641791044776119,10,0.998720610511655,3
AGAP009792,2,AGAP009792__SITE02;AGAP009792__SITE04,2,193,0.998400852878465,0.994305338202052,1,0.676972281449893,10,0.997332113187694,4
AGAP009792,2,AGAP009792__SITE01;AGAP009792__SITE02,2,33,0.992004264392324,0.981293612453033,1,0.956289978678038,10,0.989590642371304,5
AGAP009792,2,AGAP009792__SITE02;AGAP009792__SITE03,2,108,0.992004264392324,0.981293612453033,1,0.284648187633262,10,0.989590642371304,6
AGAP009792,2,AGAP009792__SITE01;AGAP009792__SITE03,2,118,0.968017057569296,0.943282828282828,0.9,0.273987206823028,10,0.953795083026426,7
AGAP009792,2,AGAP009792__SITE04;AGAP009792__SITE05,2,24,0.932302771855011,0.825863095238095,0.5,0.683901918976546,10,0.857140591684435,8
AGAP009792,2,AGAP009792__SITE03;AGAP009792__SITE05,2,109,0.932302771855011,0.825863095238095,0.5,0.285181236673774,10,0.857140591684435,9
AGAP009792,2,AGAP009792__SITE03;AGAP009792__SITE04,2,108,0.701492537313433,0.619044913419914,0,0.267590618336887,10,0.606608996414034,10
AGAP009792,3,AGAP009792__SITE02;AGAP009792__SITE03;AGAP009792__SITE05,3,194,1,1,1,0.284648187633262,10,1,1
AGAP009792,3,AGAP009792__SITE02;AGAP009792__SITE04;AGAP009792__SITE05,3,194,1,1,1,0.676972281449893,10,1,2
AGAP009792,3,AGAP009792__SITE01;AGAP009792__SITE02;AGAP009792__SITE05,3,204,1,1,1,0.888592750533049,10,1,3
AGAP009792,3,AGAP009792__SITE01;AGAP009792__SITE03;AGAP009792__SITE05,3,204,1,1,1,0.273987206823028,10,1,4
AGAP009792,3,AGAP009792__SITE01;AGAP009792__SITE04;AGAP009792__SITE05,3,204,1,1,1,0.641791044776119,10,1,5
AGAP009792,3,AGAP009792__SITE01;AGAP009792__SITE02;AGAP009792__SITE04,3,203,0.998933901918977,0.997867564534231,1,0.641791044776119,10,0.998720610511655,6
AGAP009792,3,AGAP009792__SITE01;AGAP009792__SITE03;AGAP009792__SITE04,3,203,0.998933901918977,0.997867564534231,1,0.256396588486141,10,0.998720610511655,7
AGAP009792,3,AGAP009792__SITE02;AGAP009792__SITE03;AGAP009792__SITE04,3,193,0.998400852878465,0.994305338202052,1,0.267057569296375,10,0.997332113187694,8
AGAP009792,3,AGAP009792__SITE01;AGAP009792__SITE02;AGAP009792__SITE03,3,118,0.992537313432836,0.981293612453033,1,0.273987206823028,10,0.989910471795611,9
AGAP009792,3,AGAP009792__SITE03;AGAP009792__SITE04;AGAP009792__SITE05,3,109,0.932302771855011,0.825863095238095,0.5,0.267590618336887,10,0.857140591684435,10
AGAP009921,2,AGAP009921__SITE03;AGAP009921__SITE04,2,55,1,1,1,0.963219616204691,10,1,1
AGAP009921,2,AGAP009921__SITE01;AGAP009921__SITE02,2,56,1,1,1,0.993603411513859,10,1,2
AGAP009921,2,AGAP009921__SITE04;AGAP009921__SITE05,2,65,1,1,1,0.952025586353944,10,1,3
AGAP009921,2,AGAP009921__SITE03;AGAP009921__SITE05,2,97,1,1,1,0.985607675906183,10,1,4
AGAP009921,2,AGAP009921__SITE02;AGAP009921__SITE03,2,1471,1,1,1,0.997334754797441,10,1,5
AGAP009921,2,AGAP009921__SITE02;AGAP009921__SITE04,2,1503,1,1,1,0.963752665245203,10,1,6
AGAP009921,2,AGAP009921__SITE01;AGAP009921__SITE04,2,1536,1,1,1,0.959488272921109,10,1,7
AGAP009921,2,AGAP009921__SITE01;AGAP009921__SITE05,2,1578,1,1,1,0.981876332622601,10,1,8
AGAP009921,2,AGAP009921__SITE01;AGAP009921__SITE03,2,1504,0.999466950959488,0.995777777777778,1,0.993603411513859,10,0.998413503909026,9
AGAP009921,2,AGAP009921__SITE02;AGAP009921__SITE05,2,1545,0.999466950959488,0.995539906103286,1,0.986673773987207,10,0.998342142406679,10
AGAP009921,3,AGAP009921__SITE03;AGAP009921__SITE04;AGAP009921__SITE05,3,97,1,1,1,0.950426439232409,10,1,1
AGAP009921,3,AGAP009921__SITE02;AGAP009921__SITE03;AGAP009921__SITE04,3,1503,1,1,1,0.962153518123667,10,1,2
AGAP009921,3,AGAP009921__SITE01;AGAP009921__SITE02;AGAP009921__SITE03,3,1504,1,1,1,0.992537313432836,10,1,3
AGAP009921,3,AGAP009921__SITE01;AGAP009921__SITE02;AGAP009921__SITE04,3,1536,1,1,1,0.958422174840085,10,1,4
AGAP009921,3,AGAP009921__SITE01;AGAP009921__SITE03;AGAP009921__SITE04,3,1536,1,1,1,0.958422174840085,10,1,5
AGAP009921,3,AGAP009921__SITE02;AGAP009921__SITE03;AGAP009921__SITE05,3,1545,1,1,1,0.985074626865672,10,1,6
AGAP009921,3,AGAP009921__SITE02;AGAP009921__SITE04;AGAP009921__SITE05,3,1545,1,1,1,0.951492537313433,10,1,7
AGAP009921,3,AGAP009921__SITE01;AGAP009921__SITE02;AGAP009921__SITE05,3,1578,1,1,1,0.98134328358209,10,1,8
AGAP009921,3,AGAP009921__SITE01;AGAP009921__SITE03;AGAP009921__SITE05,3,1578,1,1,1,0.980810234541578,10,1,9
AGAP009921,3,AGAP009921__SITE01;AGAP009921__SITE04;AGAP009921__SITE05,3,1578,1,1,1,0.946695095948827,10,1,10
AGAP009936,2,AGAP009936__SITE03;AGAP009936__SITE04,2,34,1,1,1,0.988272921108742,10,1,1
AGAP009936,2,AGAP009936__SITE02;AGAP009936__SITE04,2,35,1,1,1,0.988272921108742,10,1,2
AGAP009936,2,AGAP009936__SITE03;AGAP009936__SITE05,2,37,1,1,1,0.98773987206823,10,1,3
AGAP009936,2,AGAP009936__SITE02;AGAP009936__SITE05,2,38,1,1,1,0.98773987206823,10,1,4
AGAP009936,2,AGAP009936__SITE01;AGAP009936__SITE02,2,79,1,1,1,0.766524520255864,10,1,5
AGAP009936,2,AGAP009936__SITE01;AGAP009936__SITE03,2,80,1,1,1,0.766524520255864,10,1,6
AGAP009936,2,AGAP009936__SITE01;AGAP009936__SITE04,2,91,1,1,1,0.760127931769723,10,1,7
AGAP009936,2,AGAP009936__SITE01;AGAP009936__SITE05,2,94,1,1,1,0.759594882729211,10,1,8
AGAP009936,2,AGAP009936__SITE02;AGAP009936__SITE03,2,24,0.997334754797441,0.988935697518444,1,0.997334754797441,10,0.995081562133998,9
AGAP009936,2,AGAP009936__SITE04;AGAP009936__SITE05,2,26,0.990938166311301,0.93857905982906,0.9,0.990405117270789,10,0.966136617735498,10
AGAP009936,3,AGAP009936__SITE02;AGAP009936__SITE03;AGAP009936__SITE04,3,35,1,1,1,0.988272921108742,10,1,1
AGAP009936,3,AGAP009936__SITE03;AGAP009936__SITE04;AGAP009936__SITE05,3,37,1,1,1,0.98773987206823,10,1,2
AGAP009936,3,AGAP009936__SITE02;AGAP009936__SITE03;AGAP009936__SITE05,3,38,1,1,1,0.98773987206823,10,1,3
AGAP009936,3,AGAP009936__SITE02;AGAP009936__SITE04;AGAP009936__SITE05,3,38,1,1,1,0.98773987206823,10,1,4
AGAP009936,3,AGAP009936__SITE01;AGAP009936__SITE02;AGAP009936__SITE03,3,80,1,1,1,0.766524520255864,10,1,5
AGAP009936,3,AGAP009936__SITE01;AGAP009936__SITE02;AGAP009936__SITE04,3,91,1,1,1,0.757462686567164,10,1,6
AGAP009936,3,AGAP009936__SITE01;AGAP009936__SITE03;AGAP009936__SITE04,3,91,1,1,1,0.757462686567164,10,1,7
AGAP009936,3,AGAP009936__SITE01;AGAP009936__SITE02;AGAP009936__SITE05,3,94,1,1,1,0.756929637526652,10,1,8
AGAP009936,3,AGAP009936__SITE01;AGAP009936__SITE03;AGAP009936__SITE05,3,94,1,1,1,0.756929637526652,10,1,9
AGAP009936,3,AGAP009936__SITE01;AGAP009936__SITE04;AGAP009936__SITE05,3,94,1,1,1,0.759594882729211,10,1,10
AGAP010175,2,AGAP010175__SITE03;AGAP010175__SITE04,2,96,1,1,1,0.990405117270789,10,1,1
AGAP010175,2,AGAP010175__SITE02;AGAP010175__SITE04,2,102,1,1,1,0.990405117270789,10,1,2
AGAP010175,2,AGAP010175__SITE01;AGAP010175__SITE02,2,125,1,1,1,0.937100213219616,10,1,3
AGAP010175,2,AGAP010175__SITE01;AGAP010175__SITE03,2,131,1,1,1,0.937100213219616,10,1,4
AGAP010175,2,AGAP010175__SITE04;AGAP010175__SITE05,2,201,1,1,1,0.972814498933902,10,1,5
AGAP010175,2,AGAP010175__SITE01;AGAP010175__SITE04,2,204,1,1,1,0.942430703624733,10,1,6
AGAP010175,2,AGAP010175__SITE03;AGAP010175__SITE05,2,274,1,1,1,0.967484008528785,10,1,7
AGAP010175,2,AGAP010175__SITE02;AGAP010175__SITE05,2,280,1,1,1,0.967484008528785,10,1,8
AGAP010175,2,AGAP010175__SITE01;AGAP010175__SITE05,2,382,0.995202558635394,0.957114810072557,0.9,0.924307036247335,10,0.974255978203004,9
AGAP010175,2,AGAP010175__SITE02;AGAP010175__SITE03,2,29,0.992537313432836,0.946525821596244,0.9,0.992537313432836,10,0.969480134538575,10
AGAP010175,3,AGAP010175__SITE02;AGAP010175__SITE03;AGAP010175__SITE04,3,102,1,1,1,0.990405117270789,10,1,1
AGAP010175,3,AGAP010175__SITE01;AGAP010175__SITE02;AGAP010175__SITE03,3,131,1,1,1,0.937100213219616,10,1,2
AGAP010175,3,AGAP010175__SITE01;AGAP010175__SITE02;AGAP010175__SITE04,3,204,1,1,1,0.934968017057569,10,1,3
AGAP010175,3,AGAP010175__SITE01;AGAP010175__SITE03;AGAP010175__SITE04,3,204,1,1,1,0.934968017057569,10,1,4
AGAP010175,3,AGAP010175__SITE03;AGAP010175__SITE04;AGAP010175__SITE05,3,274,1,1,1,0.965351812366738,10,1,5
AGAP010175,3,AGAP010175__SITE02;AGAP010175__SITE03;AGAP010175__SITE05,3,280,1,1,1,0.967484008528785,10,1,6
AGAP010175,3,AGAP010175__SITE02;AGAP010175__SITE04;AGAP010175__SITE05,3,280,1,1,1,0.965351812366738,10,1,7
AGAP010175,3,AGAP010175__SITE01;AGAP010175__SITE02;AGAP010175__SITE05,3,382,1,1,1,0.916844349680171,10,1,8
AGAP010175,3,AGAP010175__SITE01;AGAP010175__SITE03;AGAP010175__SITE05,3,382,1,1,1,0.916844349680171,10,1,9
AGAP010175,3,AGAP010175__SITE01;AGAP010175__SITE04;AGAP010175__SITE05,3,382,1,1,1,0.922174840085288,10,1,10
AGAP010197,2,AGAP010197__SITE01;AGAP010197__SITE02,2,40,1,1,1,0.997867803837953,10,1,1
AGAP010197,2,AGAP010197__SITE02;AGAP010197__SITE03,2,81,1,1,1,0.914712153518124,10,1,2
AGAP010197,2,AGAP010197__SITE01;AGAP010197__SITE03,2,98,1,1,1,0.914712153518124,10,1,3
AGAP010197,2,AGAP010197__SITE02;AGAP010197__SITE04,2,98,0.998933901918977,0.997867564534231,1,0.142324093816631,10,0.998720610511655,4
AGAP010197,2,AGAP010197__SITE02;AGAP010197__SITE05,2,99,0.998933901918977,0.997867564534231,1,0.142324093816631,10,0.998720610511655,5
AGAP010197,2,AGAP010197__SITE01;AGAP010197__SITE04,2,115,0.998933901918977,0.990821256038647,1,0.142324093816631,10,0.99660671796298,6
AGAP010197,2,AGAP010197__SITE01;AGAP010197__SITE05,2,116,0.998933901918977,0.990821256038647,1,0.142324093816631,10,0.99660671796298,7
AGAP010197,2,AGAP010197__SITE03;AGAP010197__SITE04,2,40,0.915778251599147,0.858531746031746,0.3,0.142324093816631,10,0.837026474769012,8
AGAP010197,2,AGAP010197__SITE03;AGAP010197__SITE05,2,41,0.915778251599147,0.858531746031746,0.3,0.142324093816631,10,0.837026474769012,9
AGAP010197,2,AGAP010197__SITE04;AGAP010197__SITE05,2,24,0.142324093816631,0.054137323943662,0,0.142324093816631,10,0.101635653473077,10
AGAP010197,3,AGAP010197__SITE01;AGAP010197__SITE02;AGAP010197__SITE03,3,98,1,1,1,0.9136460554371,10,1,1
AGAP010197,3,AGAP010197__SITE02;AGAP010197__SITE03;AGAP010197__SITE04,3,98,1,1,1,0.142324093816631,10,1,2
AGAP010197,3,AGAP010197__SITE02;AGAP010197__SITE03;AGAP010197__SITE05,3,99,1,1,1,0.142324093816631,10,1,3
AGAP010197,3,AGAP010197__SITE01;AGAP010197__SITE02;AGAP010197__SITE04,3,115,1,1,1,0.142324093816631,10,1,4
AGAP010197,3,AGAP010197__SITE01;AGAP010197__SITE03;AGAP010197__SITE04,3,115,1,1,1,0.142324093816631,10,1,5
AGAP010197,3,AGAP010197__SITE01;AGAP010197__SITE02;AGAP010197__SITE05,3,116,1,1,1,0.142324093816631,10,1,6
AGAP010197,3,AGAP010197__SITE01;AGAP010197__SITE03;AGAP010197__SITE05,3,116,1,1,1,0.142324093816631,10,1,7
AGAP010197,3,AGAP010197__SITE02;AGAP010197__SITE04;AGAP010197__SITE05,3,99,0.998933901918977,0.997867564534231,1,0.142324093816631,10,0.998720610511655,8
AGAP010197,3,AGAP010197__SITE01;AGAP010197__SITE04;AGAP010197__SITE05,3,116,0.998933901918977,0.990821256038647,1,0.142324093816631,10,0.99660671796298,9
AGAP010197,3,AGAP010197__SITE03;AGAP010197__SITE04;AGAP010197__SITE05,3,41,0.915778251599147,0.858531746031746,0.3,0.142324093816631,10,0.837026474769012,10
AGAP010219,2,AGAP010219__SITE04;AGAP010219__SITE05,2,47,1,1,1,0.968017057569296,10,1,1
AGAP010219,2,AGAP010219__SITE01;AGAP010219__SITE02,2,98,1,1,1,0.951492537313433,10,1,2
AGAP010219,2,AGAP010219__SITE02;AGAP010219__SITE03,2,113,1,1,1,0.971215351812367,10,1,3
AGAP010219,2,AGAP010219__SITE01;AGAP010219__SITE03,2,188,1,1,1,0.970682302771855,10,1,4
AGAP010219,2,AGAP010219__SITE03;AGAP010219__SITE04,2,219,1,1,1,0.963752665245203,10,1,5
AGAP010219,2,AGAP010219__SITE03;AGAP010219__SITE05,2,243,1,1,1,0.994669509594883,10,1,6
AGAP010219,2,AGAP010219__SITE02;AGAP010219__SITE04,2,309,1,1,1,0.94456289978678,10,1,7
AGAP010219,2,AGAP010219__SITE02;AGAP010219__SITE05,2,333,1,1,1,0.975479744136461,10,1,8
AGAP010219,2,AGAP010219__SITE01;AGAP010219__SITE04,2,384,1,1,1,0.944029850746269,10,1,9
AGAP010219,2,AGAP010219__SITE01;AGAP010219__SITE05,2,408,1,1,1,0.974946695095949,10,1,10
AGAP010219,3,AGAP010219__SITE01;AGAP010219__SITE02;AGAP010219__SITE03,3,188,1,1,1,0.946695095948827,10,1,1
AGAP010219,3,AGAP010219__SITE03;AGAP010219__SITE04;AGAP010219__SITE05,3,243,1,1,1,0.963219616204691,10,1,2
AGAP010219,3,AGAP010219__SITE02;AGAP010219__SITE03;AGAP010219__SITE04,3,309,1,1,1,0.939765458422175,10,1,3
AGAP010219,3,AGAP010219__SITE02;AGAP010219__SITE03;AGAP010219__SITE05,3,333,1,1,1,0.970682302771855,10,1,4
AGAP010219,3,AGAP010219__SITE02;AGAP010219__SITE04;AGAP010219__SITE05,3,333,1,1,1,0.944029850746269,10,1,5
AGAP010219,3,AGAP010219__SITE01;AGAP010219__SITE02;AGAP010219__SITE04,3,384,1,1,1,0.920042643923241,10,1,6
AGAP010219,3,AGAP010219__SITE01;AGAP010219__SITE03;AGAP010219__SITE04,3,384,1,1,1,0.939232409381663,10,1,7
AGAP010219,3,AGAP010219__SITE01;AGAP010219__SITE02;AGAP010219__SITE05,3,408,1,1,1,0.950959488272921,10,1,8
AGAP010219,3,AGAP010219__SITE01;AGAP010219__SITE03;AGAP010219__SITE05,3,408,1,1,1,0.970149253731343,10,1,9
AGAP010219,3,AGAP010219__SITE01;AGAP010219__SITE04;AGAP010219__SITE05,3,408,1,1,1,0.943496801705757,10,1,10
AGAP010220,2,AGAP010220__SITE01;AGAP010220__SITE02,2,46,1,1,1,0.950959488272921,10,1,1
AGAP010220,2,AGAP010220__SITE01;AGAP010220__SITE03,2,47,1,1,1,0.950959488272921,10,1,2
AGAP010220,2,AGAP010220__SITE03;AGAP010220__SITE04,2,65,1,1,1,0.791577825159915,10,1,3
AGAP010220,2,AGAP010220__SITE02;AGAP010220__SITE04,2,66,1,1,1,0.791577825159915,10,1,4
AGAP010220,2,AGAP010220__SITE03;AGAP010220__SITE05,2,76,1,1,1,0.791577825159915,10,1,5
AGAP010220,2,AGAP010220__SITE02;AGAP010220__SITE05,2,77,1,1,1,0.791577825159915,10,1,6
AGAP010220,2,AGAP010220__SITE01;AGAP010220__SITE04,2,89,1,1,1,0.835287846481876,10,1,7
AGAP010220,2,AGAP010220__SITE01;AGAP010220__SITE05,2,100,1,1,1,0.835287846481876,10,1,8
AGAP010220,2,AGAP010220__SITE02;AGAP010220__SITE03,2,24,0.95362473347548,0.784353393085788,0.6,0.95362473347548,10,0.867480858011024,9
AGAP010220,2,AGAP010220__SITE04;AGAP010220__SITE05,2,34,0.837953091684435,0.679702380952381,0.5,0.837953091684435,10,0.756682569296375,10
AGAP010220,3,AGAP010220__SITE01;AGAP010220__SITE02;AGAP010220__SITE03,3,47,1,1,1,0.950959488272921,10,1,1
AGAP010220,3,AGAP010220__SITE02;AGAP010220__SITE03;AGAP010220__SITE04,3,66,1,1,1,0.791577825159915,10,1,2
AGAP010220,3,AGAP010220__SITE03;AGAP010220__SITE04;AGAP010220__SITE05,3,76,1,1,1,0.791577825159915,10,1,3
AGAP010220,3,AGAP010220__SITE02;AGAP010220__SITE03;AGAP010220__SITE05,3,77,1,1,1,0.791577825159915,10,1,4
AGAP010220,3,AGAP010220__SITE02;AGAP010220__SITE04;AGAP010220__SITE05,3,77,1,1,1,0.791577825159915,10,1,5
AGAP010220,3,AGAP010220__SITE01;AGAP010220__SITE02;AGAP010220__SITE04,3,89,1,1,1,0.788912579957356,10,1,6
AGAP010220,3,AGAP010220__SITE01;AGAP010220__SITE03;AGAP010220__SITE04,3,89,1,1,1,0.788912579957356,10,1,7
AGAP010220,3,AGAP010220__SITE01;AGAP010220__SITE02;AGAP010220__SITE05,3,100,1,1,1,0.788912579957356,10,1,8
AGAP010220,3,AGAP010220__SITE01;AGAP010220__SITE03;AGAP010220__SITE05,3,100,1,1,1,0.788912579957356,10,1,9
AGAP010220,3,AGAP010220__SITE01;AGAP010220__SITE04;AGAP010220__SITE05,3,100,1,1,1,0.835287846481876,10,1,10
AGAP010313,2,AGAP010313__SITE04;AGAP010313__SITE05,2,42,1,1,1,0.998400852878465,10,1,1
AGAP010313,2,AGAP010313__SITE03;AGAP010313__SITE04,2,119,1,1,1,0.998400852878465,10,1,2
AGAP010313,2,AGAP010313__SITE02;AGAP010313__SITE04,2,127,1,1,1,0.998400852878465,10,1,3
AGAP010313,2,AGAP010313__SITE03;AGAP010313__SITE05,2,138,1,1,1,0.998933901918977,10,1,4
AGAP010313,2,AGAP010313__SITE02;AGAP010313__SITE05,2,146,1,1,1,0.998933901918977,10,1,5
AGAP010313,2,AGAP010313__SITE01;AGAP010313__SITE02,2,208,1,1,1,0.998933901918977,10,1,6
AGAP010313,2,AGAP010313__SITE01;AGAP010313__SITE03,2,216,1,1,1,0.998933901918977,10,1,7
AGAP010313,2,AGAP010313__SITE01;AGAP010313__SITE04,2,312,1,1,1,0.998400852878465,10,1,8
AGAP010313,2,AGAP010313__SITE01;AGAP010313__SITE05,2,331,1,1,1,0.998933901918977,10,1,9
AGAP010313,2,AGAP010313__SITE02;AGAP010313__SITE03,2,31,0.999466950959488,0.997172619047619,1,0.999466950959488,10,0.998831956289979,10
AGAP010313,3,AGAP010313__SITE02;AGAP010313__SITE03;AGAP010313__SITE04,3,127,1,1,1,0.998400852878465,10,1,1
AGAP010313,3,AGAP010313__SITE03;AGAP010313__SITE04;AGAP010313__SITE05,3,138,1,1,1,0.997867803837953,10,1,2
AGAP010313,3,AGAP010313__SITE02;AGAP010313__SITE03;AGAP010313__SITE05,3,146,1,1,1,0.998933901918977,10,1,3
AGAP010313,3,AGAP010313__SITE02;AGAP010313__SITE04;AGAP010313__SITE05,3,146,1,1,1,0.997867803837953,10,1,4
AGAP010313,3,AGAP010313__SITE01;AGAP010313__SITE02;AGAP010313__SITE03,3,216,1,1,1,0.998933901918977,10,1,5
AGAP010313,3,AGAP010313__SITE01;AGAP010313__SITE02;AGAP010313__SITE04,3,312,1,1,1,0.997867803837953,10,1,6
AGAP010313,3,AGAP010313__SITE01;AGAP010313__SITE03;AGAP010313__SITE04,3,312,1,1,1,0.997867803837953,10,1,7
AGAP010313,3,AGAP010313__SITE01;AGAP010313__SITE02;AGAP010313__SITE05,3,331,1,1,1,0.998400852878465,10,1,8
AGAP010313,3,AGAP010313__SITE01;AGAP010313__SITE03;AGAP010313__SITE05,3,331,1,1,1,0.998400852878465,10,1,9
AGAP010313,3,AGAP010313__SITE01;AGAP010313__SITE04;AGAP010313__SITE05,3,331,1,1,1,0.997867803837953,10,1,10
AGAP010380,2,AGAP010380__SITE01;AGAP010380__SITE02,2,54,1,1,1,1,10,1,1
AGAP010380,2,AGAP010380__SITE02;AGAP010380__SITE03,2,75,1,1,1,0.969616204690831,10,1,2
AGAP010380,2,AGAP010380__SITE01;AGAP010380__SITE03,2,106,1,1,1,0.969616204690831,10,1,3
AGAP010380,2,AGAP010380__SITE03;AGAP010380__SITE04,2,710,1,1,1,0.960554371002132,10,1,4
AGAP010380,2,AGAP010380__SITE02;AGAP010380__SITE04,2,762,1,1,1,0.990938166311301,10,1,5
AGAP010380,2,AGAP010380__SITE01;AGAP010380__SITE04,2,793,1,1,1,0.990938166311301,10,1,6
AGAP010380,2,AGAP010380__SITE02;AGAP010380__SITE05,2,819,1,1,1,0.311300639658849,10,1,7
AGAP010380,2,AGAP010380__SITE01;AGAP010380__SITE05,2,850,1,1,1,0.311300639658849,10,1,8
AGAP010380,2,AGAP010380__SITE04;AGAP010380__SITE05,2,80,0.992004264392324,0.940717948717949,0.9,0.310234541577825,10,0.967417943250779,9
AGAP010380,2,AGAP010380__SITE03;AGAP010380__SITE05,2,767,0.969616204690831,0.82123778998779,0.9,0.311300639658849,10,0.918141059810836,10
AGAP010380,3,AGAP010380__SITE01;AGAP010380__SITE02;AGAP010380__SITE03,3,106,1,1,1,0.969616204690831,10,1,1
AGAP010380,3,AGAP010380__SITE02;AGAP010380__SITE03;AGAP010380__SITE04,3,762,1,1,1,0.960554371002132,10,1,2
AGAP010380,3,AGAP010380__SITE03;AGAP010380__SITE04;AGAP010380__SITE05,3,767,1,1,1,0.310234541577825,10,1,3
AGAP010380,3,AGAP010380__SITE01;AGAP010380__SITE02;AGAP010380__SITE04,3,793,1,1,1,0.990938166311301,10,1,4
AGAP010380,3,AGAP010380__SITE01;AGAP010380__SITE03;AGAP010380__SITE04,3,793,1,1,1,0.960554371002132,10,1,5
AGAP010380,3,AGAP010380__SITE02;AGAP010380__SITE03;AGAP010380__SITE05,3,819,1,1,1,0.311300639658849,10,1,6
AGAP010380,3,AGAP010380__SITE02;AGAP010380__SITE04;AGAP010380__SITE05,3,819,1,1,1,0.310234541577825,10,1,7
AGAP010380,3,AGAP010380__SITE01;AGAP010380__SITE02;AGAP010380__SITE05,3,850,1,1,1,0.311300639658849,10,1,8
AGAP010380,3,AGAP010380__SITE01;AGAP010380__SITE03;AGAP010380__SITE05,3,850,1,1,1,0.311300639658849,10,1,9
AGAP010380,3,AGAP010380__SITE01;AGAP010380__SITE04;AGAP010380__SITE05,3,850,1,1,1,0.310234541577825,10,1,10
AGAP010453,2,AGAP010453__SITE02;AGAP010453__SITE03,2,48,1,1,1,0.950959488272921,10,1,1
AGAP010453,2,AGAP010453__SITE02;AGAP010453__SITE04,2,64,1,1,1,0.950959488272921,10,1,2
AGAP010453,2,AGAP010453__SITE02;AGAP010453__SITE05,2,176,1,1,1,0.965884861407249,10,1,3
AGAP010453,2,AGAP010453__SITE01;AGAP010453__SITE02,2,211,1,1,1,0.953091684434968,10,1,4
AGAP010453,2,AGAP010453__SITE01;AGAP010453__SITE03,2,236,1,1,1,0.968017057569296,10,1,5
AGAP010453,2,AGAP010453__SITE01;AGAP010453__SITE04,2,252,1,1,1,0.968017057569296,10,1,6
AGAP010453,2,AGAP010453__SITE01;AGAP010453__SITE05,2,364,1,1,1,0.982942430703625,10,1,7
AGAP010453,2,AGAP010453__SITE04;AGAP010453__SITE05,2,135,0.997867803837953,0.987746478873239,1,0.982942430703625,10,0.995044625964744,8
AGAP010453,2,AGAP010453__SITE03;AGAP010453__SITE05,2,151,0.997867803837953,0.987746478873239,1,0.982942430703625,10,0.995044625964744,9
AGAP010453,2,AGAP010453__SITE03;AGAP010453__SITE04,2,39,0.982942430703625,0.876438492063492,0.9,0.982942430703625,10,0.942697006041223,10
AGAP010453,3,AGAP010453__SITE02;AGAP010453__SITE03;AGAP010453__SITE04,3,64,1,1,1,0.950959488272921,10,1,1
AGAP010453,3,AGAP010453__SITE02;AGAP010453__SITE03;AGAP010453__SITE05,3,176,1,1,1,0.950959488272921,10,1,2
AGAP010453,3,AGAP010453__SITE02;AGAP010453__SITE04;AGAP010453__SITE05,3,176,1,1,1,0.950959488272921,10,1,3
AGAP010453,3,AGAP010453__SITE01;AGAP010453__SITE02;AGAP010453__SITE03,3,236,1,1,1,0.936034115138593,10,1,4
AGAP010453,3,AGAP010453__SITE01;AGAP010453__SITE02;AGAP010453__SITE04,3,252,1,1,1,0.936034115138593,10,1,5
AGAP010453,3,AGAP010453__SITE01;AGAP010453__SITE03;AGAP010453__SITE04,3,252,1,1,1,0.968017057569296,10,1,6
AGAP010453,3,AGAP010453__SITE01;AGAP010453__SITE02;AGAP010453__SITE05,3,364,1,1,1,0.950959488272921,10,1,7
AGAP010453,3,AGAP010453__SITE01;AGAP010453__SITE03;AGAP010453__SITE05,3,364,1,1,1,0.968017057569296,10,1,8
AGAP010453,3,AGAP010453__SITE01;AGAP010453__SITE04;AGAP010453__SITE05,3,364,1,1,1,0.968017057569296,10,1,9
AGAP010453,3,AGAP010453__SITE03;AGAP010453__SITE04;AGAP010453__SITE05,3,151,0.997867803837953,0.987746478873239,1,0.982942430703625,10,0.995044625964744,10
AGAP010711,2,AGAP010711__SITE03;AGAP010711__SITE04,2,212,1,1,1,0.979744136460554,10,1,1
AGAP010711,2,AGAP010711__SITE03;AGAP010711__SITE05,2,212,1,1,1,0.979744136460554,10,1,2
AGAP010711,2,AGAP010711__SITE02;AGAP010711__SITE03,2,237,1,1,1,0.988805970149254,10,1,3
AGAP010711,2,AGAP010711__SITE01;AGAP010711__SITE03,2,238,1,1,1,0.988805970149254,10,1,4
AGAP010711,2,AGAP010711__SITE02;AGAP010711__SITE04,2,426,1,1,1,0.985607675906183,10,1,5
AGAP010711,2,AGAP010711__SITE02;AGAP010711__SITE05,2,426,1,1,1,0.985607675906183,10,1,6
AGAP010711,2,AGAP010711__SITE01;AGAP010711__SITE04,2,427,1,1,1,0.985607675906183,10,1,7
AGAP010711,2,AGAP010711__SITE01;AGAP010711__SITE05,2,427,1,1,1,0.985607675906183,10,1,8
AGAP010711,2,AGAP010711__SITE01;AGAP010711__SITE02,2,24,0.997334754797441,0.979700854700855,1,0.997334754797441,10,0.992311109288721,9
AGAP010711,2,AGAP010711__SITE04;AGAP010711__SITE05,2,23,0.988272921108742,0.943192488262911,0.9,0.988272921108742,10,0.965921499144118,10
AGAP010711,3,AGAP010711__SITE03;AGAP010711__SITE04;AGAP010711__SITE05,3,212,1,1,1,0.979744136460554,10,1,1
AGAP010711,3,AGAP010711__SITE01;AGAP010711__SITE02;AGAP010711__SITE03,3,238,1,1,1,0.988805970149254,10,1,2
AGAP010711,3,AGAP010711__SITE02;AGAP010711__SITE03;AGAP010711__SITE04,3,426,1,1,1,0.977078891257996,10,1,3
AGAP010711,3,AGAP010711__SITE02;AGAP010711__SITE03;AGAP010711__SITE05,3,426,1,1,1,0.977078891257996,10,1,4
AGAP010711,3,AGAP010711__SITE02;AGAP010711__SITE04;AGAP010711__SITE05,3,426,1,1,1,0.985607675906183,10,1,5
AGAP010711,3,AGAP010711__SITE01;AGAP010711__SITE02;AGAP010711__SITE04,3,427,1,1,1,0.985607675906183,10,1,6
AGAP010711,3,AGAP010711__SITE01;AGAP010711__SITE02;AGAP010711__SITE05,3,427,1,1,1,0.985607675906183,10,1,7
AGAP010711,3,AGAP010711__SITE01;AGAP010711__SITE03;AGAP010711__SITE04,3,427,1,1,1,0.977078891257996,10,1,8
AGAP010711,3,AGAP010711__SITE01;AGAP010711__SITE03;AGAP010711__SITE05,3,427,1,1,1,0.977078891257996,10,1,9
AGAP010711,3,AGAP010711__SITE01;AGAP010711__SITE04;AGAP010711__SITE05,3,427,1,1,1,0.985607675906183,10,1,10
AGAP010722,2,AGAP010722__SITE01;AGAP010722__SITE02,2,52,1,1,1,0.495735607675906,10,1,1
AGAP010722,2,AGAP010722__SITE02;AGAP010722__SITE03,2,86,1,1,1,0.967484008528785,10,1,2
AGAP010722,2,AGAP010722__SITE02;AGAP010722__SITE04,2,92,1,1,1,0.942430703624733,10,1,3
AGAP010722,2,AGAP010722__SITE04;AGAP010722__SITE05,2,48,0.998933901918977,0.996555335097002,1,0.613539445628998,10,0.998326941680486,4
AGAP010722,2,AGAP010722__SITE01;AGAP010722__SITE04,2,121,0.998933901918977,0.994140873015873,1,0.497867803837953,10,0.997602603056148,5
AGAP010722,2,AGAP010722__SITE03;AGAP010722__SITE04,2,29,0.997867803837953,0.993785024154589,1,0.970682302771855,10,0.996856189549149,6
AGAP010722,2,AGAP010722__SITE01;AGAP010722__SITE03,2,115,0.998400852878465,0.989918650793651,1,0.523454157782516,10,0.996016106965174,7
AGAP010722,2,AGAP010722__SITE03;AGAP010722__SITE05,2,54,0.997867803837953,0.989918650793651,1,0.639658848614073,10,0.995696277540867,8
AGAP010722,2,AGAP010722__SITE02;AGAP010722__SITE05,2,117,0.993070362473348,0.955446009389671,1,0.618336886993603,10,0.98247602030091,9
AGAP010722,2,AGAP010722__SITE01;AGAP010722__SITE05,2,146,0.707889125799574,0.41125,0,0.457889125799574,10,0.548108475479744,10
AGAP010722,3,AGAP010722__SITE02;AGAP010722__SITE03;AGAP010722__SITE04,3,92,1,1,1,0.94136460554371,10,1,1
AGAP010722,3,AGAP010722__SITE01;AGAP010722__SITE02;AGAP010722__SITE03,3,115,1,1,1,0.494136460554371,10,1,2
AGAP010722,3,AGAP010722__SITE02;AGAP010722__SITE03;AGAP010722__SITE05,3,117,1,1,1,0.61727078891258,10,1,3
AGAP010722,3,AGAP010722__SITE02;AGAP010722__SITE04;AGAP010722__SITE05,3,117,1,1,1,0.591151385927505,10,1,4
AGAP010722,3,AGAP010722__SITE01;AGAP010722__SITE02;AGAP010722__SITE04,3,121,1,1,1,0.468550106609808,10,1,5
AGAP010722,3,AGAP010722__SITE01;AGAP010722__SITE02;AGAP010722__SITE05,3,146,1,1,1,0.435501066098081,10,1,6
AGAP010722,3,AGAP010722__SITE01;AGAP010722__SITE03;AGAP010722__SITE04,3,121,0.999466950959488,0.997172619047619,1,0.497867803837953,10,0.998831956289979,7
AGAP010722,3,AGAP010722__SITE01;AGAP010722__SITE04;AGAP010722__SITE05,3,146,0.999466950959488,0.997172619047619,1,0.431236673773987,10,0.998831956289979,8
AGAP010722,3,AGAP010722__SITE03;AGAP010722__SITE04;AGAP010722__SITE05,3,54,0.998933901918977,0.996555335097002,1,0.613539445628998,10,0.998326941680486,9
AGAP010722,3,AGAP010722__SITE01;AGAP010722__SITE03;AGAP010722__SITE05,3,146,0.998400852878465,0.989918650793651,1,0.45682302771855,10,0.996016106965174,10
AGAP011204,2,AGAP011204__SITE02;AGAP011204__SITE04,2,47,0.987206823027719,0.962642339544513,1,0.696162046908316,10,0.981116795679985,1
AGAP011204,2,AGAP011204__SITE01;AGAP011204__SITE04,2,53,0.986673773987207,0.961005434782609,1,0.702558635394456,10,0.980305894827107,2
AGAP011204,2,AGAP011204__SITE04;AGAP011204__SITE05,2,58,0.982409381663113,0.950452898550725,0.9,0.700959488272921,10,0.964581498563085,3
AGAP011204,2,AGAP011204__SITE02;AGAP011204__SITE05,2,82,0.971748400852879,0.899486714975845,0.7,0.865138592750533,10,0.922895055004481,4
AGAP011204,2,AGAP011204__SITE01;AGAP011204__SITE05,2,88,0.971748400852879,0.899486714975845,0.7,0.871002132196162,10,0.922895055004481,5
AGAP011204,2,AGAP011204__SITE03;AGAP011204__SITE05,2,70,0.962686567164179,0.899486714975845,0.7,0.663113006396588,10,0.917457954791261,6
AGAP011204,2,AGAP011204__SITE01;AGAP011204__SITE03,2,41,0.932302771855011,0.827301155969634,0.4,0.699360341151386,10,0.847572009903897,7
AGAP011204,2,AGAP011204__SITE01;AGAP011204__SITE02,2,29,0.92590618336887,0.828938060731539,0.3,0.916844349680171,10,0.834225128240784,8
AGAP011204,2,AGAP011204__SITE02;AGAP011204__SITE03,2,35,0.925373134328358,0.828938060731539,0.2,0.700426439232409,10,0.823905298816477,9
AGAP011204,2,AGAP011204__SITE03;AGAP011204__SITE04,2,35,0.769722814498934,0.632995169082126,0.2,0.702558635394456,10,0.671732239423998,10
AGAP011204,3,AGAP011204__SITE02;AGAP011204__SITE04;AGAP011204__SITE05,3,82,0.995202558635394,0.976527777777778,1,0.655650319829424,10,0.99007986851457,1
AGAP011204,3,AGAP011204__SITE01;AGAP011204__SITE04;AGAP011204__SITE05,3,88,0.995202558635394,0.976527777777778,1,0.662046908315565,10,0.99007986851457,2
AGAP011204,3,AGAP011204__SITE02;AGAP011204__SITE03;AGAP011204__SITE04,3,47,0.987206823027719,0.962642339544513,1,0.695628997867804,10,0.981116795679985,3
AGAP011204,3,AGAP011204__SITE01;AGAP011204__SITE02;AGAP011204__SITE04,3,53,0.987206823027719,0.962642339544513,1,0.695095948827292,10,0.981116795679985,4
AGAP011204,3,AGAP011204__SITE01;AGAP011204__SITE03;AGAP011204__SITE04,3,53,0.986673773987207,0.961005434782609,1,0.694562899786781,10,0.980305894827107,5
AGAP011204,3,AGAP011204__SITE03;AGAP011204__SITE04;AGAP011204__SITE05,3,70,0.986140724946695,0.960148809523809,1,0.662046908315565,10,0.97972907782516,6
AGAP011204,3,AGAP011204__SITE02;AGAP011204__SITE03;AGAP011204__SITE05,3,82,0.971748400852879,0.899486714975845,0.7,0.656183368869936,10,0.922895055004481,7
AGAP011204,3,AGAP011204__SITE01;AGAP011204__SITE02;AGAP011204__SITE05,3,88,0.971748400852879,0.899486714975845,0.7,0.863539445628998,10,0.922895055004481,8
AGAP011204,3,AGAP011204__SITE01;AGAP011204__SITE03;AGAP011204__SITE05,3,88,0.971748400852879,0.899486714975845,0.7,0.655117270788913,10,0.922895055004481,9
AGAP011204,3,AGAP011204__SITE01;AGAP011204__SITE02;AGAP011204__SITE03,3,41,0.932835820895522,0.828938060731539,0.4,0.699360341151386,10,0.848382910756775,10
AGAP011377,2,AGAP011377__SITE04;AGAP011377__SITE05,2,53,0.999466950959488,0.997172619047619,1,0.8363539445629,10,0.998831956289979,1
AGAP011377,2,AGAP011377__SITE03;AGAP011377__SITE05,2,78,0.965884861407249,0.908154761904762,0.9,0.399786780383795,10,0.941977345415778,2
AGAP011377,2,AGAP011377__SITE02;AGAP011377__SITE05,2,135,0.965351812366738,0.908154761904762,0.9,0.180703624733475,10,0.941657515991471,3
AGAP011377,2,AGAP011377__SITE01;AGAP011377__SITE05,2,404,0.962153518123667,0.899672619047619,0.9,0.0698294243070362,10,0.937193896588486,4
AGAP011377,2,AGAP011377__SITE03;AGAP011377__SITE04,2,48,0.953091684434968,0.927191358024691,0.6,0.32409381663113,10,0.910012418068388,5
AGAP011377,2,AGAP011377__SITE02;AGAP011377__SITE04,2,105,0.884328358208955,0.81487922705314,0.4,0.173240938166311,10,0.815060783041315,6
AGAP011377,2,AGAP011377__SITE01;AGAP011377__SITE04,2,374,0.873667377398721,0.785815217391304,0.3,0.0698294243070362,10,0.789944991656624,7
AGAP011377,2,AGAP011377__SITE01;AGAP011377__SITE03,2,349,0.43816631130064,0.289665342482244,0,0.035181236673774,10,0.349799389525057,8
AGAP011377,2,AGAP011377__SITE02;AGAP011377__SITE03,2,80,0.412046908315565,0.189662332972192,0,0.175373134328358,10,0.304126844880997,9
AGAP011377,2,AGAP011377__SITE01;AGAP011377__SITE02,2,292,0.221215351812367,0.0671130952380952,0,0.0325159914712154,10,0.152863139658849,10
AGAP011377,3,AGAP011377__SITE03;AGAP011377__SITE04;AGAP011377__SITE05,3,78,0.999466950959488,0.997172619047619,1,0.320362473347548,10,0.998831956289979,1
AGAP011377,3,AGAP011377__SITE02;AGAP011377__SITE04;AGAP011377__SITE05,3,135,0.999466950959488,0.997172619047619,1,0.170042643923241,10,0.998831956289979,2
AGAP011377,3,AGAP011377__SITE01;AGAP011377__SITE04;AGAP011377__SITE05,3,404,0.999466950959488,0.997172619047619,1,0.0698294243070362,10,0.998831956289979,3
AGAP011377,3,AGAP011377__SITE02;AGAP011377__SITE03;AGAP011377__SITE05,3,135,0.965884861407249,0.908154761904762,0.9,0.172174840085288,10,0.941977345415778,4
AGAP011377,3,AGAP011377__SITE01;AGAP011377__SITE03;AGAP011377__SITE05,3,404,0.965884861407249,0.908154761904762,0.9,0.035181236673774,10,0.941977345415778,5
AGAP011377,3,AGAP011377__SITE01;AGAP011377__SITE02;AGAP011377__SITE05,3,404,0.965351812366738,0.908154761904762,0.9,0.0325159914712154,10,0.941657515991471,6
AGAP011377,3,AGAP011377__SITE02;AGAP011377__SITE03;AGAP011377__SITE04,3,105,0.954690831556503,0.935029034304397,0.7,0.166311300639659,10,0.923323209225221,7
AGAP011377,3,AGAP011377__SITE01;AGAP011377__SITE03;AGAP011377__SITE04,3,374,0.953091684434968,0.927191358024691,0.6,0.035181236673774,10,0.910012418068388,8
AGAP011377,3,AGAP011377__SITE01;AGAP011377__SITE02;AGAP011377__SITE04,3,374,0.884328358208955,0.81487922705314,0.4,0.0325159914712154,10,0.815060783041315,9
AGAP011377,3,AGAP011377__SITE01;AGAP011377__SITE02;AGAP011377__SITE03,3,349,0.446162046908316,0.289665342482244,0,0.0319829424307036,10,0.354596830889663,10
AGAP011849,2,AGAP011849__SITE04;AGAP011849__SITE05,2,250,1,1,1,0.893390191897655,10,1,1
AGAP011849,2,AGAP011849__SITE03;AGAP011849__SITE05,2,253,1,1,1,0.893923240938166,10,1,2
AGAP011849,2,AGAP011849__SITE01;AGAP011849__SITE05,2,328,1,1,1,0.991471215351812,10,1,3
AGAP011849,2,AGAP011849__SITE01;AGAP011849__SITE03,2,98,0.999466950959488,0.997172619047619,1,0.892324093816631,10,0.998831956289979,4
AGAP011849,2,AGAP011849__SITE01;AGAP011849__SITE04,2,101,0.999466950959488,0.997172619047619,1,0.891791044776119,10,0.998831956289979,5
AGAP011849,2,AGAP011849__SITE02;AGAP011849__SITE05,2,318,0.99680170575693,0.984487179487179,1,0.0687633262260128,10,0.993427177300311,6
AGAP011849,2,AGAP011849__SITE01;AGAP011849__SITE02,2,33,0.994669509594883,0.983801587301587,1,0.0687633262260128,10,0.991942181947406,7
AGAP011849,2,AGAP011849__SITE02;AGAP011849__SITE03,2,88,0.898720682302772,0.804117063492064,0.1,0.0671641791044776,10,0.790467528429282,8
AGAP011849,2,AGAP011849__SITE02;AGAP011849__SITE04,2,91,0.89818763326226,0.804117063492064,0.1,0.0671641791044776,10,0.790147699004975,9
AGAP011849,2,AGAP011849__SITE03;AGAP011849__SITE04,2,26,0.897654584221748,0.804117063492064,0.1,0.896055437100213,10,0.789827869580668,10
AGAP011849,3,AGAP011849__SITE03;AGAP011849__SITE04;AGAP011849__SITE05,3,253,1,1,1,0.892857142857143,10,1,1
AGAP011849,3,AGAP011849__SITE02;AGAP011849__SITE03;AGAP011849__SITE05,3,318,1,1,1,0.0671641791044776,10,1,2
AGAP011849,3,AGAP011849__SITE02;AGAP011849__SITE04;AGAP011849__SITE05,3,318,1,1,1,0.0671641791044776,10,1,3
AGAP011849,3,AGAP011849__SITE01;AGAP011849__SITE02;AGAP011849__SITE05,3,328,1,1,1,0.0687633262260128,10,1,4
AGAP011849,3,AGAP011849__SITE01;AGAP011849__SITE03;AGAP011849__SITE05,3,328,1,1,1,0.889125799573561,10,1,5
AGAP011849,3,AGAP011849__SITE01;AGAP011849__SITE04;AGAP011849__SITE05,3,328,1,1,1,0.888592750533049,10,1,6
AGAP011849,3,AGAP011849__SITE01;AGAP011849__SITE02;AGAP011849__SITE03,3,98,0.999466950959488,0.997172619047619,1,0.0671641791044776,10,0.998831956289979,7
AGAP011849,3,AGAP011849__SITE01;AGAP011849__SITE02;AGAP011849__SITE04,3,101,0.999466950959488,0.997172619047619,1,0.0671641791044776,10,0.998831956289979,8
AGAP011849,3,AGAP011849__SITE01;AGAP011849__SITE03;AGAP011849__SITE04,3,101,0.999466950959488,0.997172619047619,1,0.891257995735608,10,0.998831956289979,9
AGAP011849,3,AGAP011849__SITE02;AGAP011849__SITE03;AGAP011849__SITE04,3,91,0.899253731343284,0.804117063492064,0.1,0.0671641791044776,10,0.790787357853589,10
AGAP011938,2,AGAP011938__SITE02;AGAP011938__SITE03,2,320,1,1,1,0.893390191897655,10,1,1
AGAP011938,2,AGAP011938__SITE01;AGAP011938__SITE03,2,321,1,1,1,0.893390191897655,10,1,2
AGAP011938,2,AGAP011938__SITE03;AGAP011938__SITE05,2,567,1,1,1,0.950959488272921,10,1,3
AGAP011938,2,AGAP011938__SITE02;AGAP011938__SITE05,2,864,1,1,1,0.934968017057569,10,1,4
AGAP011938,2,AGAP011938__SITE01;AGAP011938__SITE05,2,865,1,1,1,0.934968017057569,10,1,5
AGAP011938,2,AGAP011938__SITE04;AGAP011938__SITE05,2,96,0.998400852878465,0.995938051146384,1,0.681236673773987,10,0.997821927070994,6
AGAP011938,2,AGAP011938__SITE02;AGAP011938__SITE04,2,791,0.987206823027719,0.973776455026455,1,0.634861407249467,10,0.984457030324567,7
AGAP011938,2,AGAP011938__SITE01;AGAP011938__SITE04,2,792,0.987206823027719,0.973776455026455,1,0.634861407249467,10,0.984457030324567,8
AGAP011938,2,AGAP011938__SITE01;AGAP011938__SITE02,2,24,0.938699360341151,0.810943887030844,0.6,0.938699360341151,10,0.866502782313944,9
AGAP011938,2,AGAP011938__SITE03;AGAP011938__SITE04,2,494,0.977078891257996,0.593538647342995,0.9,0.660980810234542,10,0.854308928957696,10
AGAP011938,3,AGAP011938__SITE01;AGAP011938__SITE02;AGAP011938__SITE03,3,321,1,1,1,0.893390191897655,10,1,1
AGAP011938,3,AGAP011938__SITE03;AGAP011938__SITE04;AGAP011938__SITE05,3,567,1,1,1,0.658848614072495,10,1,2
AGAP011938,3,AGAP011938__SITE02;AGAP011938__SITE03;AGAP011938__SITE04,3,791,1,1,1,0.612473347547974,10,1,3
AGAP011938,3,AGAP011938__SITE01;AGAP011938__SITE03;AGAP011938__SITE04,3,792,1,1,1,0.612473347547974,10,1,4
AGAP011938,3,AGAP011938__SITE02;AGAP011938__SITE03;AGAP011938__SITE05,3,864,1,1,1,0.889658848614073,10,1,5
AGAP011938,3,AGAP011938__SITE02;AGAP011938__SITE04;AGAP011938__SITE05,3,864,1,1,1,0.63272921108742,10,1,6
AGAP011938,3,AGAP011938__SITE01;AGAP011938__SITE02;AGAP011938__SITE05,3,865,1,1,1,0.934968017057569,10,1,7
AGAP011938,3,AGAP011938__SITE01;AGAP011938__SITE03;AGAP011938__SITE05,3,865,1,1,1,0.889658848614073,10,1,8
AGAP011938,3,AGAP011938__SITE01;AGAP011938__SITE04;AGAP011938__SITE05,3,865,1,1,1,0.63272921108742,10,1,9
AGAP011938,3,AGAP011938__SITE01;AGAP011938__SITE02;AGAP011938__SITE04,3,792,0.987206823027719,0.973776455026455,1,0.634861407249467,10,0.984457030324567,10
AGAP011966,2,AGAP011966__SITE01;AGAP011966__SITE04,2,121,1,1,1,0.980810234541578,10,1,1
AGAP011966,2,AGAP011966__SITE03;AGAP011966__SITE04,2,108,0.995735607675906,0.988281746031746,1,0.437633262260128,10,0.993925888415068,2
AGAP011966,2,AGAP011966__SITE02;AGAP011966__SITE04,2,112,0.995735607675906,0.988281746031746,1,0.434434968017058,10,0.993925888415068,3
AGAP011966,2,AGAP011966__SITE04;AGAP011966__SITE05,2,89,0.993070362473348,0.986628968253968,1,0.0490405117270789,10,0.991830907960199,4
AGAP011966,2,AGAP011966__SITE01;AGAP011966__SITE03,2,36,0.992004264392324,0.98473564143854,1,0.436034115138593,10,0.990623251066956,5
AGAP011966,2,AGAP011966__SITE01;AGAP011966__SITE02,2,32,0.988805970149254,0.970350241545894,1,0.436034115138593,10,0.98438865455332,6
AGAP011966,2,AGAP011966__SITE01;AGAP011966__SITE05,2,187,0.98773987206823,0.963297101449275,1,0.0490405117270789,10,0.981633053675721,7
AGAP011966,2,AGAP011966__SITE03;AGAP011966__SITE05,2,174,0.446162046908316,0.300439607341016,0,0.0431769722814499,10,0.357829110347294,8
AGAP011966,2,AGAP011966__SITE02;AGAP011966__SITE05,2,178,0.442963752665245,0.300439607341016,0,0.0431769722814499,10,0.355910133801452,9
AGAP011966,2,AGAP011966__SITE02;AGAP011966__SITE03,2,27,0.440298507462687,0.297857447716603,0,0.437100213219616,10,0.353536338792593,10
AGAP011966,3,AGAP011966__SITE01;AGAP011966__SITE02;AGAP011966__SITE04,3,121,1,1,1,0.433368869936034,10,1,1
AGAP011966,3,AGAP011966__SITE01;AGAP011966__SITE03;AGAP011966__SITE04,3,121,1,1,1,0.433368869936034,10,1,2
AGAP011966,3,AGAP011966__SITE01;AGAP011966__SITE04;AGAP011966__SITE05,3,187,1,1,1,0.0490405117270789,10,1,3
AGAP011966,3,AGAP011966__SITE02;AGAP011966__SITE03;AGAP011966__SITE04,3,112,0.995735607675906,0.988281746031746,1,0.434434968017058,10,0.993925888415068,4
AGAP011966,3,AGAP011966__SITE03;AGAP011966__SITE04;AGAP011966__SITE05,3,174,0.995735607675906,0.988281746031746,1,0.0431769722814499,10,0.993925888415068,5
AGAP011966,3,AGAP011966__SITE02;AGAP011966__SITE04;AGAP011966__SITE05,3,178,0.995735607675906,0.988281746031746,1,0.0431769722814499,10,0.993925888415068,6
AGAP011966,3,AGAP011966__SITE01;AGAP011966__SITE02;AGAP011966__SITE03,3,36,0.992004264392324,0.98473564143854,1,0.436034115138593,10,0.990623251066956,7
AGAP011966,3,AGAP011966__SITE01;AGAP011966__SITE03;AGAP011966__SITE05,3,187,0.992004264392324,0.98473564143854,1,0.0431769722814499,10,0.990623251066956,8
AGAP011966,3,AGAP011966__SITE01;AGAP011966__SITE02;AGAP011966__SITE05,3,187,0.988805970149254,0.970350241545894,1,0.0431769722814499,10,0.98438865455332,9
AGAP011966,3,AGAP011966__SITE02;AGAP011966__SITE03;AGAP011966__SITE05,3,178,0.446162046908316,0.300439607341016,0,0.0431769722814499,10,0.357829110347294,10
AGAP012142,2,AGAP012142__SITE03;AGAP012142__SITE04,2,136,1,1,1,0.858208955223881,10,1,1
AGAP012142,2,AGAP012142__SITE01;AGAP012142__SITE03,2,206,1,1,1,0.985074626865672,10,1,2
AGAP012142,2,AGAP012142__SITE03;AGAP012142__SITE05,2,331,1,1,1,0.972814498933902,10,1,3
AGAP012142,2,AGAP012142__SITE01;AGAP012142__SITE05,2,514,1,1,1,0.958955223880597,10,1,4
AGAP012142,2,AGAP012142__SITE02;AGAP012142__SITE03,2,141,0.999466950959488,0.998933782267116,1,0.122601279317697,10,0.999360305255827,5
AGAP012142,2,AGAP012142__SITE01;AGAP012142__SITE04,2,319,0.999466950959488,0.998933782267116,1,0.844882729211087,10,0.999360305255827,6
AGAP012142,2,AGAP012142__SITE04;AGAP012142__SITE05,2,218,0.995202558635394,0.98359595959596,1,0.836886993603412,10,0.992200323060025,7
AGAP012142,2,AGAP012142__SITE02;AGAP012142__SITE05,2,449,0.982942430703625,0.967608024691358,1,0.113006396588486,10,0.980047865829582,8
AGAP012142,2,AGAP012142__SITE01;AGAP012142__SITE02,2,88,0.985607675906183,0.94838768115942,0.9,0.122601279317697,10,0.965880909891536,9
AGAP012142,2,AGAP012142__SITE02;AGAP012142__SITE04,2,254,0.882196162046908,0.822916666666667,0.1,0.0991471215351812,10,0.786192697228145,10
AGAP012142,3,AGAP012142__SITE01;AGAP012142__SITE02;AGAP012142__SITE03,3,206,1,1,1,0.122601279317697,10,1,1
AGAP012142,3,AGAP012142__SITE02;AGAP012142__SITE03;AGAP012142__SITE04,3,254,1,1,1,0.0991471215351812,10,1,2
AGAP012142,3,AGAP012142__SITE01;AGAP012142__SITE03;AGAP012142__SITE04,3,319,1,1,1,0.844349680170576,10,1,3
AGAP012142,3,AGAP012142__SITE03;AGAP012142__SITE04;AGAP012142__SITE05,3,331,1,1,1,0.8363539445629,10,1,4
AGAP012142,3,AGAP012142__SITE02;AGAP012142__SITE03;AGAP012142__SITE05,3,449,1,1,1,0.113006396588486,10,1,5
AGAP012142,3,AGAP012142__SITE01;AGAP012142__SITE02;AGAP012142__SITE05,3,514,1,1,1,0.113006396588486,10,1,6
AGAP012142,3,AGAP012142__SITE01;AGAP012142__SITE03;AGAP012142__SITE05,3,514,1,1,1,0.958422174840085,10,1,7
AGAP012142,3,AGAP012142__SITE01;AGAP012142__SITE04;AGAP012142__SITE05,3,514,1,1,1,0.823027718550107,10,1,8
AGAP012142,3,AGAP012142__SITE01;AGAP012142__SITE02;AGAP012142__SITE04,3,319,0.999466950959488,0.998933782267116,1,0.0991471215351812,10,0.999360305255827,9
AGAP012142,3,AGAP012142__SITE02;AGAP012142__SITE04;AGAP012142__SITE05,3,449,0.996268656716418,0.990968614718615,1,0.0906183368869936,10,0.995051778445435,10
AGAP012424,2,AGAP012424__SITE04;AGAP012424__SITE05,2,30,1,1,1,1,10,1,1
AGAP012424,2,AGAP012424__SITE02;AGAP012424__SITE03,2,52,1,1,1,0.989339019189765,10,1,2
AGAP012424,2,AGAP012424__SITE01;AGAP012424__SITE02,2,525,1,1,1,0.985607675906183,10,1,3
AGAP012424,2,AGAP012424__SITE01;AGAP012424__SITE03,2,554,1,1,1,0.992004264392324,10,1,4
AGAP012424,2,AGAP012424__SITE03;AGAP012424__SITE04,2,11429,1,1,1,0.997867803837953,10,1,5
AGAP012424,2,AGAP012424__SITE03;AGAP012424__SITE05,2,11436,1,1,1,0.997867803837953,10,1,6
AGAP012424,2,AGAP012424__SITE02;AGAP012424__SITE04,2,11458,1,1,1,0.991471215351812,10,1,7
AGAP012424,2,AGAP012424__SITE02;AGAP012424__SITE05,2,11465,1,1,1,0.991471215351812,10,1,8
AGAP012424,2,AGAP012424__SITE01;AGAP012424__SITE04,2,11960,1,1,1,0.994136460554371,10,1,9
AGAP012424,2,AGAP012424__SITE01;AGAP012424__SITE05,2,11967,1,1,1,0.994136460554371,10,1,10
AGAP012424,3,AGAP012424__SITE01;AGAP012424__SITE02;AGAP012424__SITE03,3,554,1,1,1,0.983475479744136,10,1,1
AGAP012424,3,AGAP012424__SITE03;AGAP012424__SITE04;AGAP012424__SITE05,3,11436,1,1,1,0.997867803837953,10,1,2
AGAP012424,3,AGAP012424__SITE02;AGAP012424__SITE03;AGAP012424__SITE04,3,11458,1,1,1,0.989339019189765,10,1,3
AGAP012424,3,AGAP012424__SITE02;AGAP012424__SITE03;AGAP012424__SITE05,3,11465,1,1,1,0.989339019189765,10,1,4
AGAP012424,3,AGAP012424__SITE02;AGAP012424__SITE04;AGAP012424__SITE05,3,11465,1,1,1,0.991471215351812,10,1,5
AGAP012424,3,AGAP012424__SITE01;AGAP012424__SITE02;AGAP012424__SITE04,3,11960,1,1,1,0.985607675906183,10,1,6
AGAP012424,3,AGAP012424__SITE01;AGAP012424__SITE03;AGAP012424__SITE04,3,11960,1,1,1,0.992004264392324,10,1,7
AGAP012424,3,AGAP012424__SITE01;AGAP012424__SITE02;AGAP012424__SITE05,3,11967,1,1,1,0.985607675906183,10,1,8
AGAP012424,3,AGAP012424__SITE01;AGAP012424__SITE03;AGAP012424__SITE05,3,11967,1,1,1,0.992004264392324,10,1,9
AGAP012424,3,AGAP012424__SITE01;AGAP012424__SITE04;AGAP012424__SITE05,3,11967,1,1,1,0.994136460554371,10,1,10
AGAP012991,2,AGAP012991__SITE03;AGAP012991__SITE04,2,33,1,1,1,0.9596018735363,9,1,1
AGAP012991,2,AGAP012991__SITE02;AGAP012991__SITE04,2,43,1,1,1,0.959016393442623,9,1,2
AGAP012991,2,AGAP012991__SITE04;AGAP012991__SITE05,2,63,1,1,1,0.911592505854801,9,1,3
AGAP012991,2,AGAP012991__SITE01;AGAP012991__SITE02,2,73,1,1,1,0.989461358313817,9,1,4
AGAP012991,2,AGAP012991__SITE03;AGAP012991__SITE05,2,73,1,1,1,0.949648711943794,9,1,5
AGAP012991,2,AGAP012991__SITE01;AGAP012991__SITE03,2,83,1,1,1,0.990046838407494,9,1,6
AGAP012991,2,AGAP012991__SITE02;AGAP012991__SITE05,2,83,1,1,1,0.949063231850117,9,1,7
AGAP012991,2,AGAP012991__SITE01;AGAP012991__SITE04,2,93,1,1,1,0.951990632318501,9,1,8
AGAP012991,2,AGAP012991__SITE01;AGAP012991__SITE05,2,133,1,1,1,0.942037470725995,9,1,9
AGAP012991,2,AGAP012991__SITE02;AGAP012991__SITE03,2,33,0.998829039812646,0.989814814814815,1,0.99824355971897,9,0.996241868332032,10
AGAP012991,3,AGAP012991__SITE02;AGAP012991__SITE03;AGAP012991__SITE04,3,43,1,1,1,0.959016393442623,9,1,1
AGAP012991,3,AGAP012991__SITE03;AGAP012991__SITE04;AGAP012991__SITE05,3,73,1,1,1,0.910421545667447,9,1,2
AGAP012991,3,AGAP012991__SITE01;AGAP012991__SITE02;AGAP012991__SITE03,3,83,1,1,1,0.989461358313817,9,1,3
AGAP012991,3,AGAP012991__SITE02;AGAP012991__SITE03;AGAP012991__SITE05,3,83,1,1,1,0.949063231850117,9,1,4
AGAP012991,3,AGAP012991__SITE02;AGAP012991__SITE04;AGAP012991__SITE05,3,83,1,1,1,0.909836065573771,9,1,5
AGAP012991,3,AGAP012991__SITE01;AGAP012991__SITE02;AGAP012991__SITE04,3,93,1,1,1,0.950234192037471,9,1,6
AGAP012991,3,AGAP012991__SITE01;AGAP012991__SITE03;AGAP012991__SITE04,3,93,1,1,1,0.950819672131147,9,1,7
AGAP012991,3,AGAP012991__SITE01;AGAP012991__SITE02;AGAP012991__SITE05,3,133,1,1,1,0.940281030444965,9,1,8
AGAP012991,3,AGAP012991__SITE01;AGAP012991__SITE03;AGAP012991__SITE05,3,133,1,1,1,0.940866510538642,9,1,9
AGAP012991,3,AGAP012991__SITE01;AGAP012991__SITE04;AGAP012991__SITE05,3,133,1,1,1,0.902810304449649,9,1,10
AGAP028779,2,AGAP028779__SITE04;AGAP028779__SITE05,2,24,0.999466950959488,0.998933782267116,1,0.999466950959488,10,0.999360305255827,1
AGAP028779,2,AGAP028779__SITE01;AGAP028779__SITE04,2,40,0.999466950959488,0.998933782267116,1,0.949360341151386,10,0.999360305255827,2
AGAP028779,2,AGAP028779__SITE03;AGAP028779__SITE04,2,40,0.999466950959488,0.998933782267116,1,0.949360341151386,10,0.999360305255827,3
AGAP028779,2,AGAP028779__SITE01;AGAP028779__SITE05,2,41,0.999466950959488,0.998933782267116,1,0.949360341151386,10,0.999360305255827,4
AGAP028779,2,AGAP028779__SITE02;AGAP028779__SITE04,2,41,0.999466950959488,0.998933782267116,1,0.949360341151386,10,0.999360305255827,5
AGAP028779,2,AGAP028779__SITE03;AGAP028779__SITE05,2,41,0.999466950959488,0.998933782267116,1,0.949360341151386,10,0.999360305255827,6
AGAP028779,2,AGAP028779__SITE02;AGAP028779__SITE05,2,42,0.999466950959488,0.998933782267116,1,0.949360341151386,10,0.999360305255827,7
AGAP028779,2,AGAP028779__SITE01;AGAP028779__SITE03,2,23,0.949360341151386,0.783796296296296,0.7,0.949360341151386,10,0.87475509357972,8
AGAP028779,2,AGAP028779__SITE01;AGAP028779__SITE02,2,24,0.949360341151386,0.783796296296296,0.7,0.949360341151386,10,0.87475509357972,9
AGAP028779,2,AGAP028779__SITE02;AGAP028779__SITE03,2,24,0.949360341151386,0.783796296296296,0.7,0.949360341151386,10,0.87475509357972,10
AGAP028779,3,AGAP028779__SITE01;AGAP028779__SITE03;AGAP028779__SITE04,3,40,0.999466950959488,0.998933782267116,1,0.949360341151386,10,0.999360305255827,1
AGAP028779,3,AGAP028779__SITE01;AGAP028779__SITE02;AGAP028779__SITE04,3,41,0.999466950959488,0.998933782267116,1,0.949360341151386,10,0.999360305255827,2
AGAP028779,3,AGAP028779__SITE01;AGAP028779__SITE03;AGAP028779__SITE05,3,41,0.999466950959488,0.998933782267116,1,0.949360341151386,10,0.999360305255827,3
AGAP028779,3,AGAP028779__SITE01;AGAP028779__SITE04;AGAP028779__SITE05,3,41,0.999466950959488,0.998933782267116,1,0.949360341151386,10,0.999360305255827,4
AGAP028779,3,AGAP028779__SITE02;AGAP028779__SITE03;AGAP028779__SITE04,3,41,0.999466950959488,0.998933782267116,1,0.949360341151386,10,0.999360305255827,5
AGAP028779,3,AGAP028779__SITE03;AGAP028779__SITE04;AGAP028779__SITE05,3,41,0.999466950959488,0.998933782267116,1,0.949360341151386,10,0.999360305255827,6
AGAP028779,3,AGAP028779__SITE01;AGAP028779__SITE02;AGAP028779__SITE05,3,42,0.999466950959488,0.998933782267116,1,0.949360341151386,10,0.999360305255827,7
AGAP028779,3,AGAP028779__SITE02;AGAP028779__SITE03;AGAP028779__SITE05,3,42,0.999466950959488,0.998933782267116,1,0.949360341151386,10,0.999360305255827,8
AGAP028779,3,AGAP028779__SITE02;AGAP028779__SITE04;AGAP028779__SITE05,3,42,0.999466950959488,0.998933782267116,1,0.949360341151386,10,0.999360305255827,9
AGAP028779,3,AGAP028779__SITE01;AGAP028779__SITE02;AGAP028779__SITE03,3,24,0.949360341151386,0.783796296296296,0.7,0.949360341151386,10,0.87475509357972,10
AGAP029982,2,AGAP029982__SITE02;AGAP029982__SITE03,2,76,1,1,1,0.965351812366738,10,1,1
AGAP029982,2,AGAP029982__SITE01;AGAP029982__SITE02,2,309,1,1,1,0.980810234541578,10,1,2
AGAP029982,2,AGAP029982__SITE01;AGAP029982__SITE03,2,362,1,1,1,0.976012793176972,10,1,3
AGAP029982,3,AGAP029982__SITE01;AGAP029982__SITE02;AGAP029982__SITE03,3,362,1,1,1,0.961087420042644,10,1,1
