gene_id,chromosome,gene_start,gene_end,benchmark_name,benchmark_class,benchmark_reference,is_external_landmark_validation,preliminary_rank,rank_primary,rank_expression_dominant,rank_functional_dominant,rank_consensus_median,rank_sensitivity_range,fris,functional_evidence_score,score_primary,evidence_domain_coverage,gene_has_cds,n_transcripts_scanned,n_unique_exon_contiguous_ngg_sites,n_unique_exon_contiguous_reference_quality_sites,n_unique_functional_region_reference_quality_sites,n_unique_CDS_reference_quality_sites,n_unique_UTR_reference_quality_sites,n_unique_noncoding_exon_reference_quality_sites,n_unique_functional_reference_guide_sequences,fraction_raw_guide_instances_exon_contiguous,fraction_raw_guide_instances_junction_or_unmapped,fraction_transcripts_with_functional_region_reference_quality_guide,best_functional_guide_gc_percent,median_functional_guide_gc_percent,crispr_exon_aware_reference_editability_score,crispr_exon_aware_reference_editability_rank,step05_status,population_conservation_status,population_genomics_assessed,genomewide_offtarget_status,pu_label,pu_label_semantics,analysis_role,pu_consensus_percentile,pu_models_available,pu_repeat_mean_percentile,pu_repeat_sd_percentile,pu_repeat_min_percentile,pu_repeat_max_percentile,n_pu_repeats,biological_discovery_percentile,crispr_tractability_percentile,final_integrated_raw,final_evidence_domain_coverage,final_integrated_score,final_integrated_rank,score_biology_led,rank_biology_led,score_validation_led,rank_validation_led,final_consensus_rank_median,final_rank_sensitivity_range,final_prepopulation_rank,is_external_benchmark,novel_candidate_rank,top50_novel_prepopulation,top100_novel_prepopulation,bootstrap_rank_mean,bootstrap_rank_median,bootstrap_rank_sd,bootstrap_rank_q025,bootstrap_rank_q975,bootstrap_rank_interval_width,bootstrap_score_mean,bootstrap_score_median,bootstrap_score_q025,bootstrap_score_q975,probability_top10,probability_top20,probability_top50,probability_top100,bootstrap_median_rank_shift_from_step09,scenario_rank_min,scenario_rank_max,robust_rank_envelope_min,robust_rank_envelope_max,robust_rank_envelope_width,bootstrap_stability_class,population_validation_role,population_validation_priority,best_single_site_id,population_site_rank_within_gene,best_single_site_score,best_single_site_class,best_single_global_exact,best_single_population_q10_exact,best_single_pam_intact,best_single_max_alt_af,best_pair_sites,best_pair_score,best_pair_global_atleast1,best_pair_q10_atleast1,best_pair_breadth_ge95,best_pair_span_bp,best_triple_sites,best_triple_score,best_triple_global_atleast1,best_triple_q10_atleast1,best_triple_breadth_ge95,best_triple_span_bp,gene_population_robustness_score,population_deployment_class,deployment_class_priority,population_deployment_rank,population_filtered_prepopulation_rank,population_filtered_rank_shift,population_filtered_rank_direction
AGAP007999,3R,3980594,3986024,,,,FALSE,87,1,168,85,90,83,0.827811943294215,0.99190194470478,0.99053544813609,1,TRUE,1,613,515,485,485,30,0,485,0.988709677419355,0.0112903225806452,1,50,60,0.994852941176471,4,functional_region_reference_editable_multiplex_4plus,PENDING_TARGETED_AG1000G,FALSE,NOT_EVALUATED_IN_STEP05,1,observed_positive,TARGETED_CRISPR_VALIDATION_AND_RERANKING,0.991834080069374,3,0.991954521366286,0.00103299039564449,0.990822373175314,0.992845786963434,3,0.991852801171732,0.985294117647059,0.99053544813609,1,0.99053544813609,1,0.990864318367441,1,0.990206577904738,1,1,0,1,FALSE,1,TRUE,TRUE,1,1,0,1,1,0,0.990851523435989,0.990643845303311,0.98890949062778,0.992985224115278,1,1,1,1,0,1,1,1,1,0,very_high,ROBUST_CORE_NOVEL,1,AGAP007999__SITE03,3,0.994370570637673,ROBUST,0.994136460554371,0.989262666346,1,0.00892857142857143,AGAP007999__SITE01;AGAP007999__SITE02,1,1,1,1,155,AGAP007999__SITE01;AGAP007999__SITE02;AGAP007999__SITE03,1,1,1,1,156,0.99690381385072,HIGHLY_ROBUST,1,46,1,0,UNCHANGED
AGAP005917,2L,23651920,23657751,,,,FALSE,104,2,185,103,106,82,0.823598790699556,0.975940135895033,0.984019524579436,1,TRUE,1,668,538,531,531,7,0,531,0.969521044992743,0.0304789550072569,1,50,60,0.99656862745098,3,functional_region_reference_editable_multiplex_4plus,PENDING_TARGETED_AG1000G,FALSE,NOT_EVALUATED_IN_STEP05,1,observed_positive,TARGETED_CRISPR_VALIDATION_AND_RERANKING,0.969287469287469,3,0.972394854747796,0.0213610577098914,0.947824830177771,0.986558751264634,3,0.990388136213841,0.990196078431373,0.984019524579436,1,0.984019524579436,2,0.985084160814878,4,0.982954888343994,2,2,2,2,FALSE,2,TRUE,TRUE,2.79,2,2.54108806700636,2,15,13,0.985979713913155,0.98807357863349,0.966112312554577,0.991130378749114,0.966,1,1,1,0,2,4,2,15,13,high,ROBUST_CORE_NOVEL,1,AGAP005917__SITE02,2,0.998757056468499,ROBUST,0.998933901918977,0.997867564534231,1,0.00336700336700337,AGAP005917__SITE02;AGAP005917__SITE05,1,1,1,1,93,AGAP005917__SITE02;AGAP005917__SITE03;AGAP005917__SITE05,1,1,1,1,93,0.999316381057674,HIGHLY_ROBUST,1,19,2,0,UNCHANGED
AGAP011966,3L,35673956,35685896,,,,FALSE,88,3,169,83,91,86,0.825257828434759,0.994977155576382,0.983506490961205,1,TRUE,1,497,396,366,366,30,0,366,0.982213438735178,0.0177865612648221,1,50,60,0.986274509803921,9,functional_region_reference_editable_multiplex_4plus,PENDING_TARGETED_AG1000G,FALSE,NOT_EVALUATED_IN_STEP05,1,observed_positive,TARGETED_CRISPR_VALIDATION_AND_RERANKING,0.98489666136725,3,0.979284096931156,0.0103700166468964,0.972178060413355,0.99118369706605,3,0.991761259611864,0.96078431372549,0.983506490961205,1,0.983506490961205,3,0.985398568167754,3,0.981614413754656,3,3,0,3,FALSE,3,TRUE,TRUE,3.6535,3,0.769892276268914,3,5,2,0.9819826327447,0.981295188749903,0.977284493562737,0.986086343541057,1,1,1,1,0,3,3,3,5,2,very_high,ROBUST_CORE_NOVEL,1,AGAP011966__SITE04,4,0.992845230691779,ROBUST,0.993070362473348,0.986628968253968,0.999466950959488,0.0133333333333333,AGAP011966__SITE01;AGAP011966__SITE04,1,1,1,1,121,AGAP011966__SITE01;AGAP011966__SITE02;AGAP011966__SITE04,1,1,1,1,121,0.996064876880478,HIGHLY_ROBUST,1,55,3,0,UNCHANGED
AGAP004825,2L,3992274,3996433,,,,FALSE,60,5,97,61,62,36,0.875585305143797,0.983130271790066,0.980442553893886,1,TRUE,1,420,328,311,311,17,0,311,0.99290780141844,0.00709219858156028,1,50,50,0.974264705882353,16,functional_region_reference_editable_multiplex_4plus,PENDING_TARGETED_AG1000G,FALSE,NOT_EVALUATED_IN_STEP05,1,observed_positive,TARGETED_CRISPR_VALIDATION_AND_RERANKING,0.993134846076023,3,0.994435612082671,0.00520456932505589,0.988437635496459,0.997759791877439,3,0.994415964848041,0.926470588235294,0.980442553893886,1,0.980442553893886,5,0.983903878663124,5,0.976981229124648,4,5,1,5,FALSE,5,TRUE,TRUE,4.5995,5,1.55637749452141,2,8,6,0.979615364271108,0.979163467320682,0.975933231737505,0.982068511402197,1,1,1,1,0,4,5,2,8,6,very_high,ROBUST_CORE_NOVEL,1,AGAP004825__SITE05,5,0.989063731666344,ROBUST,0.995735607675906,0.973560606060606,0.998933901918977,0.0272727272727273,AGAP004825__SITE02;AGAP004825__SITE03,1,1,1,1,77,AGAP004825__SITE02;AGAP004825__SITE03;AGAP004825__SITE04,1,1,1,1,93,0.993985052416489,HIGHLY_ROBUST,1,72,4,1,UP
AGAP003595,2R,40378222,40382994,,,,FALSE,143,6,212,132,143,80,0.816443393613622,0.95649308809747,0.978132239763403,1,TRUE,1,539,448,443,443,5,0,443,0.988990825688073,0.0110091743119266,1,50,55,0.993137254901961,5,functional_region_reference_editable_multiplex_4plus,PENDING_TARGETED_AG1000G,FALSE,NOT_EVALUATED_IN_STEP05,1,observed_positive,TARGETED_CRISPR_VALIDATION_AND_RERANKING,0.961844197138315,3,0.952016187310305,0.0166529159946051,0.933805463217228,0.966469142939731,3,0.987001098498718,0.980392156862745,0.978132239763403,1,0.978132239763403,6,0.979720531913222,6,0.976543947613584,6,6,0,6,FALSE,6,TRUE,TRUE,9.73,9,4.5634978641803,4,23,19,0.972457019355829,0.970934667859948,0.955498911247721,0.983465380390661,0.5715,0.959,1,1,3,6,6,4,23,19,high,ROBUST_CORE_NOVEL,1,AGAP003595__SITE04,4,0.990591507395733,ROBUST,0.993070362473348,0.98082729468599,0.998933901918977,0.0208333333333333,AGAP003595__SITE03;AGAP003595__SITE04,1,1,1,1,78,AGAP003595__SITE02;AGAP003595__SITE03;AGAP003595__SITE04,1,1,1,1,226,0.994825329067653,HIGHLY_ROBUST,1,65,5,1,UP
AGAP007413,2L,46355820,46360435,,,,FALSE,136,7,236,105,136,131,0.793653792230762,0.99548969072165,0.976474989127648,1,TRUE,1,524,413,327,327,86,0,327,0.998095238095238,0.0019047619047619,1,50,55,0.975980392156863,15,functional_region_reference_editable_multiplex_4plus,PENDING_TARGETED_AG1000G,FALSE,NOT_EVALUATED_IN_STEP05,1,observed_positive,TARGETED_CRISPR_VALIDATION_AND_RERANKING,0.987931782049429,3,0.985089367442309,0.0112939776344163,0.972178060413355,0.993134846076023,3,0.987641889417796,0.931372549019608,0.976474989127648,1,0.976474989127648,7,0.979273961515976,7,0.97367601673932,7,7,0,7,FALSE,7,TRUE,TRUE,7.1515,7,2.38104650127221,4,18,14,0.975935973373927,0.977082013264084,0.959716787075329,0.979965377912155,0.9235,1,1,1,0,7,7,4,18,14,high,ROBUST_CORE_NOVEL,1,AGAP007413__SITE03,3,0.990610170842569,ROBUST,0.991471215351812,0.982506587615283,0.997867803837953,0.0181818181818182,AGAP007413__SITE03;AGAP007413__SITE04,1,1,1,1,135,AGAP007413__SITE02;AGAP007413__SITE03;AGAP007413__SITE04,1,1,1,1,144,0.994835593963413,HIGHLY_ROBUST,1,64,6,1,UP
AGAP009600,3R,36940163,36943636,,,,FALSE,76,8,99,78,78,27,0.880898427526225,0.965923734770384,0.972918555204725,1,TRUE,1,428,355,339,339,16,0,339,0.995348837209302,0.00465116279069768,1,50,60,0.978553921568628,14,functional_region_reference_editable_multiplex_4plus,PENDING_TARGETED_AG1000G,FALSE,NOT_EVALUATED_IN_STEP05,1,observed_positive,TARGETED_CRISPR_VALIDATION_AND_RERANKING,0.961410608469432,3,0.971286794816207,0.00860446651782162,0.961555138025726,0.977886977886978,3,0.993500549249359,0.938725490196078,0.972918555204725,1,0.972918555204725,8,0.977261805196385,8,0.968575305213065,9,8,1,8,FALSE,8,TRUE,TRUE,8.7135,7,5.68133404477013,3,26,23,0.974021008593943,0.976278867388566,0.953710577173217,0.980289562575732,0.88,0.88,1,1,-1,8,9,3,26,23,moderate,ROBUST_CORE_NOVEL,1,AGAP009600__SITE02,2,0.994244096546254,ROBUST,0.997334754797441,0.987229468599034,1,0.016304347826087,AGAP009600__SITE03;AGAP009600__SITE05,1,1,1,1,34,AGAP009600__SITE03;AGAP009600__SITE04;AGAP009600__SITE05,1,1,1,1,34,0.99683425310044,HIGHLY_ROBUST,1,48,7,1,UP
AGAP005763,2L,20308889,20355566,,,,FALSE,166,9,272,114,166,158,0.771567948252004,1,0.972666542706067,1,TRUE,1,598,465,348,348,117,0,348,0.944707740916272,0.0552922590837283,1,50,60,0.981127450980392,12,functional_region_reference_editable_multiplex_4plus,PENDING_TARGETED_AG1000G,FALSE,NOT_EVALUATED_IN_STEP05,1,observed_positive,TARGETED_CRISPR_VALIDATION_AND_RERANKING,0.970010117068941,3,0.963458110516934,0.0134288751433777,0.951871657754011,0.978176036999566,3,0.98489564262175,0.946078431372549,0.972666542706067,1,0.972666542706067,9,0.975351679546168,11,0.969981405865967,8,9,3,9,FALSE,9,TRUE,TRUE,11.71,12,3.73803242939673,5,18,13,0.970303245986888,0.969761498624552,0.964276601963185,0.977696171265107,0.4095,1,1,1,3,8,11,5,18,13,high,ROBUST_CORE_NOVEL,1,AGAP005763__SITE01,1,0.992134306147832,ROBUST,0.994136460554371,0.982529761904762,0.998933901918977,0.0133928571428571,AGAP005763__SITE01;AGAP005763__SITE04,0.995485839650951,0.997334754797441,0.990283289241623,1,271,AGAP005763__SITE01;AGAP005763__SITE02;AGAP005763__SITE04,0.995485839650951,0.997334754797441,0.990283289241623,1,271,0.993642496224236,HIGHLY_ROBUST,1,74,8,1,UP
AGAP009921,3R,45319129,45325330,,,,FALSE,77,11,129,65,79,64,0.845817689375799,0.998594189315839,0.969990605667044,1,TRUE,2,386,317,267,267,55,0,267,0.975979772439949,0.0240202275600506,1,50,55,0.957107843137255,26,functional_region_reference_editable_multiplex_4plus,PENDING_TARGETED_AG1000G,FALSE,NOT_EVALUATED_IN_STEP05,1,observed_positive,TARGETED_CRISPR_VALIDATION_AND_RERANKING,0.993568434744905,3,0.99219540396011,0.00257834409234156,0.990461049284579,0.995158259864142,3,0.992859758330282,0.877450980392157,0.969990605667044,1,0.969990605667044,11,0.975725610743219,9,0.964255600590869,14,11,5,11,FALSE,11,TRUE,TRUE,11.8915,12,1.76189667402631,9,15,6,0.969595920741477,0.969210146063055,0.96693380555142,0.970684347537256,0.2335,1,1,1,1,9,14,9,15,6,very_high,ROBUST_CORE_NOVEL,1,AGAP009921__SITE03,3,0.997219887879443,ROBUST,0.998400852878465,0.993785024154589,1,0.00666666666666667,AGAP009921__SITE03;AGAP009921__SITE04,1,1,1,1,55,AGAP009921__SITE03;AGAP009921__SITE04;AGAP009921__SITE05,1,1,1,1,97,0.998470938333694,HIGHLY_ROBUST,1,27,9,2,UP
AGAP002300,2R,19027548,19040586,,,,FALSE,85,12,142,88,88,56,0.846793415125774,0.971839854732896,0.969968904623847,1,TRUE,2,389,313,304,304,9,0,304,0.971241830065359,0.0287581699346405,1,50,60,0.970833333333333,18,functional_region_reference_editable_multiplex_4plus,PENDING_TARGETED_AG1000G,FALSE,NOT_EVALUATED_IN_STEP05,1,observed_positive,TARGETED_CRISPR_VALIDATION_AND_RERANKING,0.968420291949704,3,0.965939201233319,0.015724910926288,0.947897094955918,0.976730741436624,3,0.992218967411205,0.916666666666667,0.969968904623847,1,0.969968904623847,12,0.974936453434149,12,0.965001355813545,12,12,0,12,FALSE,12,TRUE,TRUE,10.795,10,3.08167541471857,7,19,12,0.970355557319323,0.97139974723116,0.959432699969995,0.97658113182431,0.657,1,1,1,-2,12,12,7,19,12,high,ROBUST_CORE_NOVEL,1,AGAP002300__SITE05,5,0.995383652934959,ROBUST,0.997867803837953,0.989732905982906,0.999466950959488,0.0125,AGAP002300__SITE04;AGAP002300__SITE05,1,1,1,1,71,AGAP002300__SITE03;AGAP002300__SITE04;AGAP002300__SITE05,1,1,1,1,72,0.997461009114227,HIGHLY_ROBUST,1,37,10,2,UP
AGAP004038,2R,48266124,48268778,,,,FALSE,64,13,110,59,66,51,0.868448587230412,0.988372774133083,0.969366759881439,1,TRUE,1,372,268,262,262,6,0,262,0.98936170212766,0.0106382978723404,1,50,65,0.955392156862745,27,functional_region_reference_editable_multiplex_4plus,PENDING_TARGETED_AG1000G,FALSE,NOT_EVALUATED_IN_STEP05,1,observed_positive,TARGETED_CRISPR_VALIDATION_AND_RERANKING,0.992773522185287,3,0.987979958568194,0.0138432483339743,0.972105795635207,0.997542997542998,3,0.994049798608568,0.872549019607843,0.969366759881439,1,0.969366759881439,13,0.975505612652639,10,0.963227907110238,15,13,5,13,FALSE,13,TRUE,TRUE,14.0755,13,4.47636221270461,9,30,21,0.967462015698753,0.968456223676785,0.952630237262563,0.971166152857302,0.2105,0.9225,1,1,0,10,15,9,30,21,moderate,ROBUST_CORE_NOVEL,1,AGAP004038__SITE01,1,0.990059402209917,ROBUST,0.994669509594883,0.978596364511857,0.998400852878465,0.0256410256410256,AGAP004038__SITE01;AGAP004038__SITE02,1,1,1,1,69,AGAP004038__SITE01;AGAP004038__SITE02;AGAP004038__SITE03,1,1,1,1,229,0.994532671215454,HIGHLY_ROBUST,1,69,11,2,UP
AGAP002004,2R,13406040,13409177,,,,FALSE,141,15,231,111,141,120,0.799352965584548,0.983130271790066,0.967926050437305,1,TRUE,1,343,287,281,281,6,0,281,0.98,0.02,1,50,60,0.962254901960784,23,functional_region_reference_editable_multiplex_4plus,PENDING_TARGETED_AG1000G,FALSE,NOT_EVALUATED_IN_STEP05,1,observed_positive,TARGETED_CRISPR_VALIDATION_AND_RERANKING,0.986341956930192,3,0.984463072698367,0.00151756034108974,0.982945512357277,0.985980633039457,3,0.987184181618455,0.892156862745098,0.967926050437305,1,0.967926050437305,15,0.972719527615386,14,0.963132573259224,16,15,2,15,FALSE,15,TRUE,TRUE,14.103,14,1.88099975545985,11,19,8,0.967502737819875,0.967362385167757,0.964674135420684,0.969833840580389,0.0075,1,1,1,-1,14,16,11,19,8,very_high,ROBUST_CORE_NOVEL,1,AGAP002004__SITE02,2,0.994749524519662,ROBUST,0.995735607675906,0.98753234989648,1,0.00641025641025641,AGAP002004__SITE02;AGAP002004__SITE03,1,1,1,1,92,AGAP002004__SITE02;AGAP002004__SITE03;AGAP002004__SITE04,1,1,1,1,285,0.997112238485814,HIGHLY_ROBUST,1,42,12,3,UP
AGAP009488,3R,34704741,34708287,,,,FALSE,155,16,254,113,155,141,0.780830218664409,0.994347469540769,0.966728820726495,1,TRUE,1,420,310,307,307,3,0,305,0.979020979020979,0.020979020979021,1,50,60,0.972549019607843,17,functional_region_reference_editable_multiplex_4plus,PENDING_TARGETED_AG1000G,FALSE,NOT_EVALUATED_IN_STEP05,1,observed_positive,TARGETED_CRISPR_VALIDATION_AND_RERANKING,0.964879317820494,3,0.963795346148287,0.0292554562969727,0.931203931203931,0.987787252493135,3,0.9859025997803,0.92156862745098,0.966728820726495,1,0.966728820726495,16,0.970996683440951,17,0.962460958012038,17,17,1,16,FALSE,16,TRUE,TRUE,14.902,13,6.12643147201457,6,25,19,0.966472136234516,0.96759599806426,0.951661614482818,0.975747465039256,0.3015,0.6995,1,1,-3,16,17,6,25,19,high,ROBUST_CORE_NOVEL,1,AGAP009488__SITE02,2,0.997600564007659,ROBUST,0.998933901918977,0.994793344068706,1,0.0072463768115942,AGAP009488__SITE04;AGAP009488__SITE05,1,1,1,1,120,AGAP009488__SITE03;AGAP009488__SITE04;AGAP009488__SITE05,1,1,1,1,121,0.998680310204212,HIGHLY_ROBUST,1,26,13,3,UP
AGAP005127,2L,10331961,10336460,,,,FALSE,47,17,57,49,49,8,0.904723616510013,0.975940135895033,0.965498237905458,1,TRUE,1,472,337,277,277,60,0,277,0.993684210526316,0.00631578947368421,1,50,60,0.960539215686275,24,functional_region_reference_editable_multiplex_4plus,PENDING_TARGETED_AG1000G,FALSE,NOT_EVALUATED_IN_STEP05,1,observed_positive,TARGETED_CRISPR_VALIDATION_AND_RERANKING,0.967480849833791,3,0.959917136387725,0.0117843300285096,0.946451799392976,0.968348027171557,3,0.995606005126327,0.887254901960784,0.965498237905458,1,0.965498237905458,17,0.972322050828362,15,0.958674424982554,18,17,3,17,FALSE,17,TRUE,TRUE,17.3815,17,2.83918795505371,12,25,13,0.963762007958934,0.963807242096815,0.955785851722483,0.970462828164166,0,0.864,1,1,0,15,18,12,25,13,high,ROBUST_CORE_NOVEL,1,AGAP005127__SITE05,5,0.994204258719815,ROBUST,0.995735607675906,0.988973395931142,0.997867803837953,0.0133333333333333,AGAP005127__SITE02;AGAP005127__SITE03,1,1,1,1,65,AGAP005127__SITE01;AGAP005127__SITE02;AGAP005127__SITE03,1,1,1,1,138,0.996812342295898,HIGHLY_ROBUST,1,49,14,3,UP
AGAP010711,3L,8901319,8905208,,,,FALSE,139,18,213,126,139,87,0.812369375311814,0.965923734770384,0.963713020045542,1,TRUE,1,388,320,287,287,33,0,287,0.962779156327543,0.0372208436724566,1,50,60,0.965686274509804,21,functional_region_reference_editable_multiplex_4plus,PENDING_TARGETED_AG1000G,FALSE,NOT_EVALUATED_IN_STEP05,1,observed_positive,TARGETED_CRISPR_VALIDATION_AND_RERANKING,0.965457436045671,3,0.961988726694609,0.0168170557348301,0.949992773522185,0.981211157681746,3,0.987367264738191,0.901960784313725,0.963713020045542,1,0.963713020045542,18,0.969078835501391,21,0.958347204589693,19,19,3,18,FALSE,18,TRUE,TRUE,18.229,19,2.98429422242563,12,22,10,0.962602035799264,0.960504463895809,0.955604911937434,0.96956646707546,0,0.7305,1,1,1,18,21,12,22,10,high,ROBUST_CORE_NOVEL,1,AGAP010711__SITE01,1,0.99078724964919,ROBUST,0.997334754797441,0.979700854700855,1,0.0320512820512821,AGAP010711__SITE03;AGAP010711__SITE04,1,1,1,1,212,AGAP010711__SITE03;AGAP010711__SITE04;AGAP010711__SITE05,1,1,1,1,212,0.994932987307054,HIGHLY_ROBUST,1,62,15,3,UP
AGAP005321,2L,14035299,14038119,,,,FALSE,78,19,131,81,81,50,0.850299583715514,0.983130271790066,0.963079677876025,1,TRUE,1,351,267,241,241,26,0,241,0.994334277620397,0.0056657223796034,1,50,60,0.945098039215686,33,functional_region_reference_editable_multiplex_4plus,PENDING_TARGETED_AG1000G,FALSE,NOT_EVALUATED_IN_STEP05,1,observed_positive,TARGETED_CRISPR_VALIDATION_AND_RERANKING,0.9937129643012,3,0.994507876860818,0.00118302540423075,0.993496169966758,0.995808642867466,3,0.992676675210546,0.843137254901961,0.963079677876025,1,0.963079677876025,19,0.970504834436921,19,0.955654521315128,21,19,2,19,FALSE,19,TRUE,TRUE,17.9755,18,1.93824099096824,15,22,7,0.963048221018098,0.963079677876025,0.961020131698832,0.96420700841512,0,0.8895,1,1,-1,19,21,15,22,7,high,ROBUST_CORE_NOVEL,1,AGAP005321__SITE01,1,0.987557759492277,ROBUST,0.992537313432836,0.972159624413146,0.999466950959488,0.028169014084507,AGAP005321__SITE01;AGAP005321__SITE04,1,1,1,1,127,AGAP005321__SITE01;AGAP005321__SITE02;AGAP005321__SITE04,1,1,1,1,127,0.993156767720752,HIGHLY_ROBUST,1,76,16,3,UP
AGAP001099,2R,21882,31394,,,,FALSE,66,20,102,71,71,31,0.878030483840803,0.971839854732896,0.962703931900736,1,TRUE,2,330,237,227,227,10,0,227,0.898211829436039,0.101788170563961,1,50,40,0.941666666666667,35,functional_region_reference_editable_multiplex_4plus,PENDING_TARGETED_AG1000G,FALSE,NOT_EVALUATED_IN_STEP05,1,observed_positive,TARGETED_CRISPR_VALIDATION_AND_RERANKING,0.99747073276485,3,0.994700582935877,0.00468180589227977,0.989304812834225,0.997687527099292,3,0.993592090809227,0.833333333333333,0.962703931900736,1,0.962703931900736,20,0.970522937676749,18,0.954884926124722,22,20,4,20,FALSE,20,TRUE,TRUE,19.679,20,1.1944338977809,17,22,5,0.96127607021552,0.961684998528861,0.956828805437373,0.963224238303395,0,0.8065,1,1,0,18,22,17,22,5,high,ROBUST_CORE_NOVEL,1,AGAP001099__SITE04,4,1,ROBUST,1,1,1,0,AGAP001099__SITE03;AGAP001099__SITE04,1,1,1,1,155,AGAP001099__SITE02;AGAP001099__SITE03;AGAP001099__SITE04,1,1,1,1,161,1,HIGHLY_ROBUST,1,1,17,3,UP
AGAP004957,2L,7187117,7189946,,,,FALSE,48,22,50,50,50,4,0.910840256816553,0.971839854732896,0.960828738085507,1,TRUE,1,280,213,213,213,0,0,213,0.989399293286219,0.0106007067137809,1,50,55,0.935661764705882,38,functional_region_reference_editable_multiplex_4plus,PENDING_TARGETED_AG1000G,FALSE,NOT_EVALUATED_IN_STEP05,1,observed_positive,TARGETED_CRISPR_VALIDATION_AND_RERANKING,0.998843763549646,3,0.996964879317821,0.00388284510247427,0.992484463072698,0.999349616996676,3,0.995880629805932,0.816176470588235,0.960828738085507,1,0.960828738085507,22,0.969665789359206,20,0.951991686811808,23,22,3,22,FALSE,22,TRUE,TRUE,20.99,22,2.90897422909395,16,29,13,0.959961820900942,0.960351790549736,0.953522769014832,0.96111057072028,0,0.382,1,1,0,20,23,16,29,13,high,ROBUST_CORE_NOVEL,1,AGAP004957__SITE05,5,0.994103752072968,ROBUST,0.996268656716418,0.986972222222222,1,0.0133333333333333,AGAP004957__SITE03;AGAP004957__SITE04,1,1,1,1,50,AGAP004957__SITE02;AGAP004957__SITE03;AGAP004957__SITE04,1,1,1,1,51,0.996757063640132,HIGHLY_ROBUST,1,51,18,4,UP
AGAP010175,3R,49913799,49928922,,,,FALSE,102,23,176,92,103,84,0.823379630159635,0.9845946579194,0.958469117113871,1,TRUE,4,378,294,268,268,65,0,268,0.94467382328654,0.05532617671346,1,50,55,0.958823529411765,25,functional_region_reference_editable_multiplex_4plus,PENDING_TARGETED_AG1000G,FALSE,NOT_EVALUATED_IN_STEP05,1,observed_positive,TARGETED_CRISPR_VALIDATION_AND_RERANKING,0.955557161439515,3,0.95348557113263,0.00792027682840045,0.944356120826709,0.958520017343547,3,0.990662760893446,0.882352941176471,0.958469117113871,1,0.958469117113871,23,0.965639888072416,24,0.951298346155326,24,24,1,23,FALSE,23,TRUE,TRUE,29.438,25,12.6002991936654,14,61,47,0.95016333593162,0.957298427707888,0.90786931945525,0.969243795535609,0,0.0595,0.868,1,2,23,24,14,61,47,moderate,ROBUST_CORE_NOVEL,1,AGAP010175__SITE04,4,0.995520698139736,ROBUST,0.997867803837953,0.989842132505176,0.998933901918977,0.0108695652173913,AGAP010175__SITE03;AGAP010175__SITE04,1,1,1,1,96,AGAP010175__SITE02;AGAP010175__SITE03;AGAP010175__SITE04,1,1,1,1,102,0.997536383976855,HIGHLY_ROBUST,1,35,19,4,UP
AGAP007280,2L,44989066,44998118,Hammond female-fertility target 3,population-suppression female-fertility,Hammond et al. Nature Biotechnology 2016,TRUE,850,24,524,1196,871,672,0.953174342444559,0.248696696344892,0.957248021279668,1,TRUE,1,824,707,690,690,17,0,690,0.964871194379391,0.0351288056206089,1,50,55,0.99828431372549,2,functional_region_reference_editable_multiplex_4plus,PENDING_TARGETED_AG1000G,FALSE,NOT_EVALUATED_IN_STEP05,0,unlabeled_not_negative,TARGETED_CRISPR_VALIDATION_AND_RERANKING,0.993496639930631,3,,,,,,0.920358842914683,0.995098039215686,0.957248021279668,1,0.957248021279668,24,0.949854171613821,43,0.964641870945516,13,24,30,24,TRUE,,FALSE,FALSE,23.638,24,1.91331816308647,18,28,10,0.957488233722764,0.957248021279668,0.956771108207914,0.958635404761133,0,0.046,1,1,0,13,43,13,43,30,high,EXTERNAL_BENCHMARK,3,AGAP007280__SITE05,5,0.994483769020664,ROBUST,0.995202558635394,0.987894834633965,0.998933901918977,0.00704225352112676,AGAP007280__SITE02;AGAP007280__SITE05,1,1,1,1,315,AGAP007280__SITE02;AGAP007280__SITE03;AGAP007280__SITE05,1,1,1,1,315,0.996966072961365,HIGHLY_ROBUST,1,44,20,4,UP
AGAP001135,2R,562756,565559,,,,FALSE,35,25,31,48,35,17,0.935552666250533,0.95649308809747,0.956903590177332,1,TRUE,1,262,212,205,205,7,0,205,0.973977695167286,0.0260223048327138,1,50,55,0.929656862745098,42,functional_region_reference_editable_multiplex_4plus,PENDING_TARGETED_AG1000G,FALSE,NOT_EVALUATED_IN_STEP05,1,observed_positive,TARGETED_CRISPR_VALIDATION_AND_RERANKING,0.995519583754878,3,0.992147227441345,0.00613924627769241,0.985547044370574,0.997687527099292,3,0.996887586964482,0.799019607843137,0.956903590177332,1,0.956903590177332,25,0.966865389293879,22,0.946941791060784,26,25,4,25,FALSE,24,TRUE,TRUE,24.711,25,2.53627588161734,19,30,11,0.95609139188278,0.956209848307119,0.952047397085845,0.9575756526141,0,0.041,1,1,0,22,26,19,30,11,high,ROBUST_CORE_NOVEL,1,AGAP001135__SITE01,1,0.995394831404608,ROBUST,0.99680170575693,0.989087058583385,0.999466950959488,0.00704225352112676,AGAP001135__SITE01;AGAP001135__SITE03,1,1,1,1,164,AGAP001135__SITE03;AGAP001135__SITE04;AGAP001135__SITE05,1,1,1,1,99,0.997467157272535,HIGHLY_ROBUST,1,36,21,4,UP
AGAP009048,3R,24682665,24684782,,,,FALSE,55,26,76,53,56,23,0.887124974113017,0.9845946579194,0.953781686932117,1,TRUE,1,278,236,225,225,11,0,225,1,0,1,50,55,0.939950980392157,36,functional_region_reference_editable_multiplex_4plus,PENDING_TARGETED_AG1000G,FALSE,NOT_EVALUATED_IN_STEP05,1,observed_positive,TARGETED_CRISPR_VALIDATION_AND_RERANKING,0.968709351062292,3,0.969456087103146,0.00460589944107521,0.965818759936407,0.974635062870357,3,0.99496521420725,0.82843137254902,0.953781686932117,1,0.953781686932117,26,0.963421172172276,25,0.944142201691957,28,26,3,26,FALSE,25,TRUE,TRUE,27.7315,27,4.21453305770013,21,37,16,0.952468541968972,0.953543213164231,0.941467768735846,0.961933153907113,0,0,1,1,1,25,28,21,37,16,high,ROBUST_CORE_NOVEL,1,AGAP009048__SITE04,4,0.988439469320066,ROBUST,0.990938166311301,0.975140096618358,1,0.0217391304347826,AGAP009048__SITE04;AGAP009048__SITE05,1,1,1,1,49,AGAP009048__SITE03;AGAP009048__SITE04;AGAP009048__SITE05,1,1,1,1,55,0.993641708126036,HIGHLY_ROBUST,1,75,22,4,UP
AGAP010313,3L,293892,306244,,,,FALSE,110,27,205,90,110,115,0.804758451084424,0.99964854732896,0.953755023142987,1,TRUE,1,519,366,360,360,6,0,360,0.99616122840691,0.00383877159309021,1,50,40,0.984558823529412,10,functional_region_reference_editable_multiplex_4plus,PENDING_TARGETED_AG1000G,FALSE,NOT_EVALUATED_IN_STEP05,1,observed_positive,TARGETED_CRISPR_VALIDATION_AND_RERANKING,0.891891891891892,3,0.880474056944645,0.0622674609324332,0.817531435178494,0.942043647926001,3,0.990021969974368,0.955882352941176,0.953755023142987,1,0.953755023142987,27,0.96036850789877,27,0.947141538387204,25,27,2,27,FALSE,26,TRUE,TRUE,37.443,30,23.4177485355283,5,95,90,0.939050795653465,0.950741581894251,0.860186588398081,0.979206678006406,0.0905,0.2505,0.873,1,3,25,27,5,95,90,moderate,ROBUST_CORE_NOVEL,1,AGAP010313__SITE04,4,0.99892540663685,ROBUST,0.998933901918977,0.997867564534231,1,0.00168350168350168,AGAP010313__SITE04;AGAP010313__SITE05,1,1,1,1,42,AGAP010313__SITE02;AGAP010313__SITE03;AGAP010313__SITE04,1,1,1,1,127,0.999408973650267,HIGHLY_ROBUST,1,17,23,4,UP
AGAP001015,X,19493025,19568646,,,,FALSE,198,29,320,142,203,178,,0.998916354264292,0.951231489328125,0.5,TRUE,1,1558,1107,912,912,195,0,912,0.982965299684543,0.0170347003154574,1,50,60,1,1,functional_region_reference_editable_multiplex_4plus,PENDING_TARGETED_AG1000G,FALSE,NOT_EVALUATED_IN_STEP05,1,observed_positive,TARGETED_CRISPR_VALIDATION_AND_RERANKING,0.868333574215927,3,0.854555089849207,0.0375488603174172,0.82266223442694,0.895938719468131,3,0.981462834126694,1,0.951231489328125,1,0.951231489328125,29,0.955961094029998,36,0.946501884626252,27,29,9,29,FALSE,28,TRUE,TRUE,39.117,38,17.5460891261218,17,77,60,0.938378875149776,0.944250711759112,0.884567231487397,0.965865106902919,0,0.125,0.7415,1,9,27,36,17,77,60,variable,EXTENDED_TOP100_NOVEL,2,AGAP001015__SITE05,5,0.998530201014832,ROBUST,0.999414519906323,0.996726190476191,1,0.00446428571428571,AGAP001015__SITE03;AGAP001015__SITE04,1,1,1,1,343,AGAP001015__SITE01;AGAP001015__SITE02;AGAP001015__SITE03,1,1,1,1,646,0.999191610558158,HIGHLY_ROBUST,1,22,24,5,UP
AGAP010219,3R,50911789,50914690,,,,FALSE,3,30,3,4,3,1,0.978891953057265,0.991330834114339,0.949648305238802,1,TRUE,1,233,188,184,184,4,0,184,0.97489539748954,0.0251046025104603,1,50,50,0.9125,52,functional_region_reference_editable_multiplex_4plus,PENDING_TARGETED_AG1000G,FALSE,NOT_EVALUATED_IN_STEP05,1,observed_positive,TARGETED_CRISPR_VALIDATION_AND_RERANKING,0.999132822662235,3,0.998169292286939,0.00213191302179273,0.995736378089319,0.999710940887412,3,0.999816916880264,0.75,0.949648305238802,1,0.949648305238802,30,0.962173355793717,26,0.937123254683888,33,30,7,30,FALSE,29,TRUE,TRUE,30.877,31,2.13381057589161,27,35,8,0.949397289918669,0.949626625805358,0.947653797361941,0.949908458440132,0,0,1,1,1,26,33,26,35,9,high,ROBUST_CORE_NOVEL,1,AGAP010219__SITE05,5,0.99937852823425,ROBUST,0.999466950959488,0.998933782267116,1,0.00168350168350168,AGAP010219__SITE04;AGAP010219__SITE05,1,1,1,1,47,AGAP010219__SITE01;AGAP010219__SITE02;AGAP010219__SITE03,1,1,1,1,188,0.999658190528837,HIGHLY_ROBUST,1,14,25,5,UP
AGAP008191,3R,6539230,6554555,,,,FALSE,72,31,119,66,75,53,0.858438722502094,0.989910379568885,0.949527641670145,1,TRUE,1,536,431,206,206,225,0,206,0.97632058287796,0.0236794171220401,1,50,55,0.931372549019608,41,functional_region_reference_editable_multiplex_4plus,PENDING_TARGETED_AG1000G,FALSE,NOT_EVALUATED_IN_STEP05,1,observed_positive,TARGETED_CRISPR_VALIDATION_AND_RERANKING,0.973767885532591,3,0.977043888808595,0.0134440328426019,0.96422893481717,0.991039167509756,3,0.993225924569755,0.803921568627451,0.949527641670145,1,0.949527641670145,31,0.959965761419118,28,0.939089521921172,32,31,4,31,FALSE,30,TRUE,TRUE,30.448,30,4.5544118537597,26,42,16,0.949406984783312,0.950156345240025,0.935544407098675,0.956443380938826,0,0,1,1,-1,28,32,26,42,16,high,ROBUST_CORE_NOVEL,1,AGAP008191__SITE02,2,0.990344736243469,ROBUST,0.988805970149254,0.981228455186788,0.99680170575693,0.0072463768115942,AGAP008191__SITE01;AGAP008191__SITE02,1,1,1,1,196,AGAP008191__SITE01;AGAP008191__SITE02;AGAP008191__SITE03,1,1,1,1,245,0.994689604933908,HIGHLY_ROBUST,1,66,26,5,UP
AGAP005871,2L,22708572,22712410,,,,FALSE,97,32,139,100,100,52,0.855261308774286,0.95649308809747,0.947706532215546,1,TRUE,1,479,375,370,370,5,0,370,0.975560081466395,0.0244399185336049,1,50,60,0.987990196078431,8,functional_region_reference_editable_multiplex_4plus,PENDING_TARGETED_AG1000G,FALSE,NOT_EVALUATED_IN_STEP05,1,observed_positive,TARGETED_CRISPR_VALIDATION_AND_RERANKING,0.861685214626391,3,0.856530327118562,0.0316696491150695,0.828226622344269,0.890735655441538,3,0.992127425851337,0.965686274509804,0.947706532215546,1,0.947706532215546,32,0.95555070034387,37,0.939862364087223,30,32,7,32,FALSE,31,TRUE,TRUE,31.6195,34,7.82530110722325,8,41,33,0.947962544645088,0.944584693799591,0.934720551582507,0.972681239543195,0.0345,0.1185,1,1,2,30,37,8,41,33,moderate,ROBUST_CORE_NOVEL,1,AGAP005871__SITE01,1,0.997941452159492,ROBUST,0.999466950959488,0.995410628019324,1,0.0072463768115942,AGAP005871__SITE01;AGAP005871__SITE02,1,1,1,1,40,AGAP005871__SITE01;AGAP005871__SITE02;AGAP005871__SITE03,1,1,1,1,78,0.998867798687721,HIGHLY_ROBUST,1,24,27,5,UP
AGAP008015,3R,4186797,4189039,,,,FALSE,53,33,77,45,54,32,0.88257417266671,0.997627694470478,0.947499475059408,1,TRUE,1,278,216,199,199,17,0,199,1,0,1,50,60,0.924509803921569,45,functional_region_reference_editable_multiplex_4plus,PENDING_TARGETED_AG1000G,FALSE,NOT_EVALUATED_IN_STEP05,1,observed_positive,TARGETED_CRISPR_VALIDATION_AND_RERANKING,0.976875270992918,3,0.974225562460857,0.0122540126752084,0.961771932360168,0.986269692152045,3,0.995148297326986,0.784313725490196,0.947499475059408,1,0.947499475059408,33,0.958954854967951,30,0.936044095150865,34,33,4,33,FALSE,32,TRUE,TRUE,31.7135,31,4.69184659406412,25,44,19,0.948053915730025,0.950252763106813,0.936269528535343,0.953786510758208,0,0,1,1,-2,30,34,25,44,19,high,ROBUST_CORE_NOVEL,1,AGAP008015__SITE04,4,0.99472304400616,ROBUST,0.995735607675906,0.989073412698413,0.998400852878465,0.00892857142857143,AGAP008015__SITE02;AGAP008015__SITE04,1,1,1,1,167,AGAP008015__SITE02;AGAP008015__SITE03;AGAP008015__SITE04,1,1,1,1,167,0.997097674203388,HIGHLY_ROBUST,1,43,28,5,UP
AGAP004852,2L,4465356,4475550,,,,FALSE,54,35,78,44,55,34,0.882097113789348,0.997993791002812,0.94688522135805,1,TRUE,2,492,326,198,198,128,0,198,0.942857142857143,0.0571428571428571,1,50,50,0.922794117647059,46,functional_region_reference_editable_multiplex_4plus,PENDING_TARGETED_AG1000G,FALSE,NOT_EVALUATED_IN_STEP05,1,observed_positive,TARGETED_CRISPR_VALIDATION_AND_RERANKING,0.978248301777714,3,0.972659825601002,0.0228673590332048,0.94760803584333,0.992412198294551,3,0.995056755767118,0.779411764705882,0.94688522135805,1,0.94688522135805,35,0.958507893610582,31,0.935262549105518,35,35,4,35,FALSE,34,TRUE,TRUE,35.381,35,4.28392518696391,29,45,16,0.943946931865348,0.946798503624273,0.928067473128537,0.952782027254855,0,0,1,1,0,31,35,29,45,16,high,ROBUST_CORE_NOVEL,1,AGAP004852__SITE04,4,1,ROBUST,1,1,1,0,AGAP004852__SITE03;AGAP004852__SITE04,1,1,1,1,33,AGAP004852__SITE03;AGAP004852__SITE04;AGAP004852__SITE05,1,1,1,1,117,1,HIGHLY_ROBUST,1,2,29,6,UP
AGAP012424,3L,41899845,41941381,,,,FALSE,40,36,55,32,40,23,0.900157535393469,0.997920571696345,0.945974731460009,1,TRUE,1,500,359,253,253,106,0,253,0.943396226415094,0.0566037735849057,1,50,45,0.948529411764706,31,functional_region_reference_editable_multiplex_4plus,PENDING_TARGETED_AG1000G,FALSE,NOT_EVALUATED_IN_STEP05,1,observed_positive,TARGETED_CRISPR_VALIDATION_AND_RERANKING,0.923905188611071,3,0.925446837211543,0.0269984473627062,0.896083249024425,0.949197860962567,3,0.996429879165141,0.852941176470588,0.945974731460009,1,0.945974731460009,36,0.956775401122441,32,0.935174061797578,36,36,4,36,FALSE,35,TRUE,TRUE,33.104,33,6.16386085098416,23,46,23,0.946725641996214,0.948120995370979,0.932880353659749,0.959979645464923,0,0,1,1,-3,32,36,23,46,23,moderate,ROBUST_CORE_NOVEL,1,AGAP012424__SITE04,4,1,ROBUST,1,1,1,0,AGAP012424__SITE04;AGAP012424__SITE05,1,1,1,1,30,AGAP012424__SITE01;AGAP012424__SITE02;AGAP012424__SITE03,1,1,1,1,554,1,HIGHLY_ROBUST,1,3,30,6,UP
AGAP010722,3L,8985060,8987561,,,,FALSE,81,38,147,79,83,68,0.837607505511626,0.994347469540769,0.944883400564362,1,TRUE,1,257,205,197,197,8,0,197,0.977186311787072,0.0228136882129278,1,50,55,0.921078431372549,47,functional_region_reference_editable_multiplex_4plus,PENDING_TARGETED_AG1000G,FALSE,NOT_EVALUATED_IN_STEP05,1,observed_positive,TARGETED_CRISPR_VALIDATION_AND_RERANKING,0.979115479115479,3,0.974321915498386,0.0193886996811907,0.952016187310305,0.987136869489811,3,0.992493592090809,0.774509803921569,0.944883400564362,1,0.944883400564362,38,0.956451495621591,33,0.933315305507134,38,38,5,38,FALSE,37,TRUE,TRUE,36.564,35,5.3211898604321,30,54,24,0.942491053404368,0.946249204871343,0.921729765646021,0.950498373826394,0,0,0.9665,1,-3,33,38,30,54,24,moderate,ROBUST_CORE_NOVEL,1,AGAP010722__SITE03,3,0.993882408609128,ROBUST,0.99680170575693,0.985340579710145,1,0.0133333333333333,AGAP010722__SITE01;AGAP010722__SITE02,1,1,1,1,52,AGAP010722__SITE02;AGAP010722__SITE03;AGAP010722__SITE04,1,1,1,1,92,0.99663532473502,HIGHLY_ROBUST,1,52,31,7,UP
AGAP009792,3R,43351605,43353797,,,,FALSE,38,39,46,33,38,13,0.905367819203264,0.993878865979381,0.942710778487912,1,TRUE,1,227,186,168,168,18,0,168,0.974248927038627,0.0257510729613734,1,50,60,0.903921568627451,57,functional_region_reference_editable_multiplex_4plus,PENDING_TARGETED_AG1000G,FALSE,NOT_EVALUATED_IN_STEP05,1,observed_positive,TARGETED_CRISPR_VALIDATION_AND_RERANKING,0.997687527099292,3,0.995182348123525,0.00424910340826171,0.990461049284579,0.998699233993351,3,0.996612962284877,0.725490196078431,0.942710778487912,1,0.942710778487912,39,0.956213188557514,35,0.929208368418311,40,39,5,39,FALSE,38,TRUE,TRUE,36.858,37,2.34810408551201,32,41,9,0.942147568486467,0.942320548685918,0.940152605341504,0.943361161491236,0,0,1,1,-2,35,40,32,41,9,high,ROBUST_CORE_NOVEL,1,AGAP009792__SITE02,2,0.990164415442914,ROBUST,0.991471215351812,0.981293612453033,1,0.0217391304347826,AGAP009792__SITE02;AGAP009792__SITE05,1,1,1,1,194,AGAP009792__SITE02;AGAP009792__SITE03;AGAP009792__SITE05,1,1,1,1,194,0.994590428493603,HIGHLY_ROBUST,1,68,32,7,UP
AGAP007217,2L,44379193,44381232,,,,FALSE,36,41,35,47,36,12,0.927135505283177,0.965923734770384,0.939504637338333,1,TRUE,1,213,194,178,178,16,0,178,0.986111111111111,0.0138888888888889,1,50,57.5,0.91078431372549,53,functional_region_reference_editable_multiplex_4plus,PENDING_TARGETED_AG1000G,FALSE,NOT_EVALUATED_IN_STEP05,1,observed_positive,TARGETED_CRISPR_VALIDATION_AND_RERANKING,0.973623355976297,3,0.971503589150648,0.00275586952853559,0.969215204509322,0.97456279809221,3,0.996796045404614,0.745098039215686,0.939504637338333,1,0.939504637338333,41,0.953248172119195,39,0.925761102557471,41,41,2,41,FALSE,40,TRUE,TRUE,39.1535,39,2.59351130717609,33,43,10,0.938745445258553,0.938637460000568,0.934800200280955,0.942951667255952,0,0,1,1,-2,39,41,33,43,10,high,ROBUST_CORE_NOVEL,1,AGAP007217__SITE05,5,0.991352413978245,ROBUST,0.993070362473348,0.981321169772257,0.997867803837953,0.0133928571428571,AGAP007217__SITE01;AGAP007217__SITE02,1,1,1,1,103,AGAP007217__SITE03;AGAP007217__SITE04;AGAP007217__SITE05,1,1,1,1,225,0.995243827688035,HIGHLY_ROBUST,1,59,33,8,UP
AGAP009091,3R,25553716,25561129,,,,FALSE,82,42,116,84,84,38,0.868166841949546,0.965923734770384,0.938097753331884,1,TRUE,2,291,233,176,176,59,0,176,0.968085106382979,0.0319148936170213,1,50,60,0.90906862745098,54,functional_region_reference_editable_multiplex_4plus,PENDING_TARGETED_AG1000G,FALSE,NOT_EVALUATED_IN_STEP05,1,observed_positive,TARGETED_CRISPR_VALIDATION_AND_RERANKING,0.978609625668449,3,0.974177385942092,0.0187504935855192,0.952666570313629,0.987064604711664,3,0.99295129989015,0.740196078431373,0.938097753331884,1,0.938097753331884,42,0.951452598115908,41,0.92474290854786,42,42,1,42,FALSE,41,TRUE,TRUE,41.254,41,3.45867969500159,35,49,14,0.936970195158738,0.936775307891792,0.928558802616463,0.940699285345181,0,0,1,1,-1,41,42,35,49,14,high,ROBUST_CORE_NOVEL,1,AGAP009091__SITE02,2,0.989729449110362,ROBUST,0.992537313432836,0.978455920709442,0.998400852878465,0.0211267605633803,AGAP009091__SITE01;AGAP009091__SITE02,1,1,1,1,84,AGAP009091__SITE03;AGAP009091__SITE04;AGAP009091__SITE05,1,1,1,1,207,0.994351197010699,HIGHLY_ROBUST,1,70,34,8,UP
AGAP006989,2L,40483191,40485711,,,,FALSE,132,43,233,98,132,135,0.794066069925337,0.998433106841612,0.937037703215251,1,TRUE,1,214,172,167,167,5,0,167,0.968325791855204,0.0316742081447964,1,50,60,0.902205882352941,58,functional_region_reference_editable_multiplex_4plus,PENDING_TARGETED_AG1000G,FALSE,NOT_EVALUATED_IN_STEP05,1,observed_positive,TARGETED_CRISPR_VALIDATION_AND_RERANKING,0.996386761092644,3,0.995471407236113,0.000868180435079274,0.994580141638965,0.996314496314496,3,0.988008055657268,0.720588235294118,0.937037703215251,1,0.937037703215251,43,0.94998975896164,42,0.924085647468862,43,43,1,43,FALSE,42,TRUE,TRUE,41.329,42,2.0661300652968,37,47,10,0.936642790655632,0.936950985481474,0.932918610860864,0.937883201119572,0,0,1,1,-1,42,43,37,47,10,high,ROBUST_CORE_NOVEL,1,AGAP006989__SITE01,1,0.994045175906183,ROBUST,0.995202558635394,0.98875,0.997867803837953,0.0125,AGAP006989__SITE01;AGAP006989__SITE04,0.998413503909026,0.999466950959488,0.995777777777778,1,644,AGAP006989__SITE01;AGAP006989__SITE02;AGAP006989__SITE04,0.998413503909026,0.999466950959488,0.995777777777778,1,644,0.996010923507462,HIGHLY_ROBUST,1,56,35,8,UP
AGAP005062,2L,9155189,9159529,,,,FALSE,116,44,181,120,120,67,0.830827499472639,0.95649308809747,0.935166101029176,1,TRUE,1,493,310,222,222,88,0,222,0.964774951076321,0.0352250489236791,1,50,60,0.938235294117647,37,functional_region_reference_editable_multiplex_4plus,PENDING_TARGETED_AG1000G,FALSE,NOT_EVALUATED_IN_STEP05,1,observed_positive,TARGETED_CRISPR_VALIDATION_AND_RERANKING,0.918774389362625,3,0.923423423423423,0.0389576418559267,0.881341234282411,0.958230958230958,3,0.989655803734896,0.823529411764706,0.935166101029176,1,0.935166101029176,44,0.947016491346299,45,0.923315710712053,44,44,1,44,FALSE,43,TRUE,TRUE,40.204,40,7.80524470612301,29,53,24,0.937691072123265,0.93874320754746,0.920228971386165,0.951664149880166,0,0,0.895,1,-4,44,45,29,53,24,moderate,ROBUST_CORE_NOVEL,1,AGAP005062__SITE01,1,1,ROBUST,1,1,1,0,AGAP005062__SITE04;AGAP005062__SITE05,1,1,1,1,44,AGAP005062__SITE03;AGAP005062__SITE04;AGAP005062__SITE05,1,1,1,1,45,1,HIGHLY_ROBUST,1,4,36,8,UP
AGAP008118,3R,5886340,5904286,,,,FALSE,105,45,199,91,107,108,0.808136671609015,0.997188378631678,0.933446220919028,1,TRUE,1,278,224,159,159,65,0,159,0.929765886287625,0.0702341137123746,1,50,60,0.898774509803922,60,functional_region_reference_editable_multiplex_4plus,PENDING_TARGETED_AG1000G,FALSE,NOT_EVALUATED_IN_STEP05,1,observed_positive,TARGETED_CRISPR_VALIDATION_AND_RERANKING,0.987136869489811,3,0.984511249217132,0.00500160673406587,0.980271715565833,0.990027460615696,3,0.990296594653973,0.71078431372549,0.933446220919028,1,0.933446220919028,45,0.94757982122366,44,0.919312620614395,46,45,2,45,FALSE,44,TRUE,TRUE,44.648,45,2.33234129319746,39,49,10,0.932775112377331,0.933207747151142,0.929543922899083,0.936177829532989,0,0,1,1,0,44,46,39,49,10,high,ROBUST_CORE_NOVEL,1,AGAP008118__SITE03,3,0.996448995318439,ROBUST,0.997867803837953,0.99235248447205,1,0.00892857142857143,AGAP008118__SITE01;AGAP008118__SITE03,1,1,1,1,129,AGAP008118__SITE01;AGAP008118__SITE02;AGAP008118__SITE03,1,1,1,1,129,0.998046947425141,HIGHLY_ROBUST,1,29,37,8,UP
AGAP000099,X,1585191,1621292,,,,FALSE,200,46,322,144,205,178,,0.998843134957826,0.931710359293985,0.5,TRUE,3,666,517,339,339,178,0,339,0.957950065703022,0.0420499342969777,1,50,60,0.978553921568628,13,functional_region_reference_editable_multiplex_4plus,PENDING_TARGETED_AG1000G,FALSE,NOT_EVALUATED_IN_STEP05,1,observed_positive,TARGETED_CRISPR_VALIDATION_AND_RERANKING,0.84434166787108,3,0.836609336609337,0.00987069152001632,0.825986414221708,0.845497904321434,3,0.981325521786891,0.938725490196078,0.931710359293985,1,0.931710359293985,46,0.940689553569316,52,0.922731165018654,45,46,7,46,FALSE,45,TRUE,TRUE,52.367,48,12.6544608217555,43,84,41,0.922132672850857,0.929910966318121,0.876872232397035,0.936512353801862,0,0,0.704,1,2,45,52,43,84,41,variable,EXTENDED_TOP100_NOVEL,2,AGAP000099__SITE04,4,0.996391498407294,ROBUST,0.997072599531616,0.992649428911779,1,0.00746268656716418,AGAP000099__SITE03;AGAP000099__SITE04,1,1,1,1,97,AGAP000099__SITE03;AGAP000099__SITE04;AGAP000099__SITE05,1,1,1,1,239,0.998015324124012,HIGHLY_ROBUST,1,30,38,8,UP
AGAP007122,2L,43050145,43051673,,,,FALSE,18,50,23,9,18,14,0.935746396624198,0.999502108716026,0.927873676863489,1,TRUE,1,200,155,153,153,2,0,153,0.995024875621891,0.00497512437810945,1,50,60,0.887622549019608,67,functional_region_reference_editable_multiplex_4plus,PENDING_TARGETED_AG1000G,FALSE,NOT_EVALUATED_IN_STEP05,1,observed_positive,TARGETED_CRISPR_VALIDATION_AND_RERANKING,0.976224887989594,3,0.966420966420966,0.028219588633557,0.938141349906056,0.994580141638965,3,0.998443793482241,0.678921568627451,0.927873676863489,1,0.927873676863489,50,0.944960733380861,48,0.910786620346117,50,50,2,50,FALSE,49,TRUE,TRUE,49.535,50,6.20048369072926,40,61,21,0.926059541872883,0.926312757655511,0.913153341554918,0.934659339531505,0,0,0.52,1,0,48,50,40,61,21,variable,EXTENDED_TOP100_NOVEL,2,AGAP007122__SITE05,5,0.996823371405881,ROBUST,0.997867803837953,0.993095461658842,1,0.00704225352112676,AGAP007122__SITE03;AGAP007122__SITE04,1,1,1,1,151,AGAP007122__SITE02;AGAP007122__SITE03;AGAP007122__SITE04,1,1,1,1,158,0.998252854273234,HIGHLY_ROBUST,1,28,39,11,UP
AGAP011938,3L,35398830,35407186,,,,FALSE,31,51,34,20,31,14,0.916880009032265,0.997627694470478,0.927097994778978,1,TRUE,1,387,277,157,157,120,0,157,0.950859950859951,0.0491400491400491,1,50,60,0.892769607843137,64,functional_region_reference_editable_multiplex_4plus,PENDING_TARGETED_AG1000G,FALSE,NOT_EVALUATED_IN_STEP05,1,observed_positive,TARGETED_CRISPR_VALIDATION_AND_RERANKING,0.965818759936407,3,0.960977019800549,0.00788083769181038,0.952016187310305,0.966830466830467,3,0.997253753203955,0.693627450980392,0.927097994778978,1,0.927097994778978,51,0.943851059553533,49,0.910344930004422,52,51,3,51,FALSE,50,TRUE,TRUE,48.914,49,2.68741792573351,44,55,11,0.926122485312292,0.926577688376319,0.918166068199993,0.932821365208231,0,0,0.7505,1,-2,49,52,44,55,11,moderate,ROBUST_CORE_NOVEL,1,AGAP011938__SITE05,5,0.996180426555893,ROBUST,0.996268656716418,0.991965788840789,1,0.00505050505050505,AGAP011938__SITE02;AGAP011938__SITE03,1,1,1,1,320,AGAP011938__SITE01;AGAP011938__SITE02;AGAP011938__SITE03,1,1,1,1,321,0.997899234605741,HIGHLY_ROBUST,1,32,40,11,UP
AGAP007333,2L,45610298,45634574,,,,FALSE,131,52,220,106,131,114,0.8005363533116,0.989910379568885,0.926108863020574,1,TRUE,1,330,239,165,165,74,0,165,0.942857142857143,0.0571428571428571,1,50,55,0.900490196078432,59,functional_region_reference_editable_multiplex_4plus,PENDING_TARGETED_AG1000G,FALSE,NOT_EVALUATED_IN_STEP05,1,observed_positive,TARGETED_CRISPR_VALIDATION_AND_RERANKING,0.963072698366816,3,0.961217902394373,0.00565345854109886,0.954689984101749,0.964517993929759,3,0.988099597217137,0.715686274509804,0.926108863020574,1,0.926108863020574,52,0.940980874098457,51,0.911236851942691,49,51,3,52,FALSE,51,FALSE,TRUE,50.724,50,2.49377895306167,47,58,11,0.92433348001725,0.924678020413261,0.911150053944118,0.929425816337527,0,0,0.5225,1,-2,49,52,47,58,11,variable,EXTENDED_TOP100_NOVEL,2,AGAP007333__SITE02,2,0.993661935856432,ROBUST,0.995202558635394,0.986934523809524,0.999466950959488,0.0133928571428571,AGAP007333__SITE02;AGAP007333__SITE03,1,1,1,1,77,AGAP007333__SITE03;AGAP007333__SITE04;AGAP007333__SITE05,1,1,1,1,173,0.996514064721038,HIGHLY_ROBUST,1,53,41,11,UP
AGAP005959,2L,24051581,24054940,,,,FALSE,10,56,7,16,10,9,0.975675153481051,0.965923734770384,0.91717008350379,1,TRUE,1,378,262,131,131,131,0,131,0.992125984251969,0.0078740157480315,1,50,60,0.855882352941176,85,functional_region_reference_editable_multiplex_4plus,PENDING_TARGETED_AG1000G,FALSE,NOT_EVALUATED_IN_STEP05,1,observed_positive,TARGETED_CRISPR_VALIDATION_AND_RERANKING,0.999783205665559,3,0.999229175699764,0.00102792254629049,0.998048850990027,0.999927735221853,3,0.999176125961186,0.588235294117647,0.91717008350379,1,0.91717008350379,56,0.937686771110748,54,0.896653395896832,58,56,4,56,FALSE,55,FALSE,TRUE,56.848,57,3.20265897532911,50,62,12,0.915887322266617,0.917148404070346,0.91036274140233,0.917235121804122,0,0,0.041,1,1,54,58,50,62,12,variable,EXTENDED_TOP100_NOVEL,2,AGAP005959__SITE03,3,0.994402101351892,ROBUST,0.995735607675906,0.988935697518444,1,0.0133928571428571,AGAP005959__SITE02;AGAP005959__SITE03,1,1,1,1,37,AGAP005959__SITE01;AGAP005959__SITE02;AGAP005959__SITE03,1,1,1,1,132,0.996921155743541,HIGHLY_ROBUST,1,45,42,14,UP
AGAP011849,3L,33998720,34044015,,,,FALSE,153,57,251,112,153,139,0.781577425968192,0.994977155576382,0.916993797753916,1,TRUE,1,475,365,144,144,221,0,144,0.985477178423237,0.0145228215767635,1,50,60,0.869607843137255,78,functional_region_reference_editable_multiplex_4plus,PENDING_TARGETED_AG1000G,FALSE,NOT_EVALUATED_IN_STEP05,1,observed_positive,TARGETED_CRISPR_VALIDATION_AND_RERANKING,0.994869200751554,3,0.990485137543961,0.00252651279138647,0.987570458158693,0.992050874403816,3,0.986085682900037,0.627450980392157,0.916993797753916,1,0.916993797753916,57,0.934486356986734,58,0.899501238521098,57,57,1,57,FALSE,56,FALSE,TRUE,57.541,58,2.53959519842946,51,63,12,0.915789873776463,0.91612662041615,0.905503698028522,0.917752577924461,0,0,0,1,1,57,58,51,63,12,variable,EXTENDED_TOP100_NOVEL,2,AGAP011849__SITE05,5,0.993079314963643,ROBUST,0.99680170575693,0.984487179487179,1,0.0192307692307692,AGAP011849__SITE04;AGAP011849__SITE05,1,1,1,1,250,AGAP011849__SITE03;AGAP011849__SITE04;AGAP011849__SITE05,1,1,1,1,253,0.996193623230004,HIGHLY_ROBUST,1,54,43,14,UP
AGAP005874,2L,22716796,22718848,,,,FALSE,179,58,292,138,183,154,0.762867118574634,0.990642572633552,0.915827833386581,1,TRUE,1,261,209,203,203,6,0,203,0.988636363636364,0.0113636363636364,1,50,55,0.927941176470588,43,functional_region_reference_editable_multiplex_4plus,PENDING_TARGETED_AG1000G,FALSE,NOT_EVALUATED_IN_STEP05,1,observed_positive,TARGETED_CRISPR_VALIDATION_AND_RERANKING,0.884448619742737,3,0.887339210868623,0.0142938196727617,0.875198728139905,0.903092932504697,3,0.983339436103991,0.794117647058824,0.915827833386581,1,0.915827833386581,58,0.930233463656903,62,0.90142220311626,56,58,6,58,FALSE,57,FALSE,TRUE,57.6795,59,5.21885025163345,44,65,21,0.916207321029304,0.91561103905214,0.908933773551345,0.931285269432253,0,0,0.127,1,1,56,62,44,65,21,variable,EXTENDED_TOP100_NOVEL,2,AGAP005874__SITE03,3,0.998409447328575,ROBUST,0.999466950959488,0.996557971014493,1,0.00543478260869565,AGAP005874__SITE02;AGAP005874__SITE03,1,1,1,1,93,AGAP005874__SITE01;AGAP005874__SITE02;AGAP005874__SITE03,1,1,1,1,102,0.999125196030716,HIGHLY_ROBUST,1,23,44,14,UP
AGAP010380,3L,2388290,2392232,,,,FALSE,29,59,29,28,29,1,0.931795894489702,0.979073922211809,0.915668121876255,1,TRUE,1,224,159,137,137,22,0,137,0.949152542372881,0.0508474576271187,1,50,45,0.858455882352941,84,functional_region_reference_editable_multiplex_4plus,PENDING_TARGETED_AG1000G,FALSE,NOT_EVALUATED_IN_STEP05,1,observed_positive,TARGETED_CRISPR_VALIDATION_AND_RERANKING,0.992773522185287,3,0.991304138362962,0.0069149249519911,0.983523630582454,0.996748084983379,3,0.997436836323691,0.595588235294118,0.915668121876255,1,0.915668121876255,59,0.935993717634654,56,0.895342526117856,60,59,4,59,FALSE,58,FALSE,TRUE,58.8815,60,2.18239299155418,53,61,8,0.914289830215611,0.914172240968609,0.910139866348,0.917185682217345,0,0,0,1,1,56,60,53,61,8,variable,EXTENDED_TOP100_NOVEL,2,AGAP010380__SITE01,1,1,ROBUST,1,1,1,0,AGAP010380__SITE01;AGAP010380__SITE02,1,1,1,1,54,AGAP010380__SITE01;AGAP010380__SITE02;AGAP010380__SITE03,1,1,1,1,106,1,HIGHLY_ROBUST,1,5,45,14,UP
AGAP004685,2L,493579,497632,,,,FALSE,19,61,18,22,19,4,0.954114536517733,0.971839854732896,0.911314199863966,1,TRUE,2,219,129,124,124,21,0,124,0.951434878587196,0.0485651214128035,1,50,40,0.847303921568627,90,functional_region_reference_editable_multiplex_4plus,PENDING_TARGETED_AG1000G,FALSE,NOT_EVALUATED_IN_STEP05,1,observed_positive,TARGETED_CRISPR_VALIDATION_AND_RERANKING,0.99797658621188,3,0.996169966758202,0.0022633993009634,0.994652406417112,0.998771498771499,3,0.998352251922373,0.563725490196078,0.911314199863966,1,0.911314199863966,61,0.933064321235805,60,0.889564078492127,64,61,4,61,FALSE,60,FALSE,TRUE,61.8315,62,2.97347078584222,56,66,10,0.910176907625203,0.910447022526201,0.907888849379792,0.911574353065296,0,0,0,1,1,60,64,56,66,10,variable,EXTENDED_TOP100_NOVEL,2,AGAP004685__SITE04,4,1,ROBUST,1,1,1,0,AGAP004685__SITE04;AGAP004685__SITE05,1,1,1,1,423,,,,,,,1,HIGHLY_ROBUST,1,6,46,15,UP
AGAP004502,2R,57100178,57128444,,,,FALSE,57,62,80,55,58,25,0.886379148347364,0.981416940018744,0.90974352495504,1,TRUE,2,511,361,130,130,231,0,130,0.976744186046512,0.0232558139534884,1,50,50,0.854166666666667,86,functional_region_reference_editable_multiplex_4plus,PENDING_TARGETED_AG1000G,FALSE,NOT_EVALUATED_IN_STEP05,1,observed_positive,TARGETED_CRISPR_VALIDATION_AND_RERANKING,0.985619309148721,3,0.982825071060365,0.0060228837907288,0.976152623211447,0.987859517271282,3,0.994782131087514,0.583333333333333,0.90974352495504,1,0.90974352495504,62,0.930774105939688,61,0.888712943970391,65,62,4,62,FALSE,61,FALSE,TRUE,65.7075,64,4.48609030817778,61,75,14,0.904853316832479,0.909396654019934,0.88958165185199,0.911846429999121,0,0,0,1,2,61,65,61,75,14,variable,EXTENDED_TOP100_NOVEL,2,AGAP004502__SITE02,2,1,ROBUST,1,1,1,0,AGAP004502__SITE02;AGAP004502__SITE03,1,1,1,1,38,AGAP004502__SITE01;AGAP004502__SITE02;AGAP004502__SITE03,1,1,1,1,111,1,HIGHLY_ROBUST,1,7,47,15,UP
AGAP004699,2L,1973601,1976987,,,,FALSE,23,63,26,13,23,13,0.932011831179905,0.999677835051546,0.907578098485329,1,TRUE,1,206,146,116,116,30,0,116,0.967136150234742,0.0328638497652582,1,50,45,0.840441176470588,93,functional_region_reference_editable_multiplex_4plus,PENDING_TARGETED_AG1000G,FALSE,NOT_EVALUATED_IN_STEP05,1,observed_positive,TARGETED_CRISPR_VALIDATION_AND_RERANKING,0.999205087440382,3,0.998121115768175,0.00133836242068594,0.997109408874115,0.999638676109264,3,0.9979860856829,0.544117647058824,0.907578098485329,1,0.907578098485329,63,0.930210570328659,63,0.884945626642,67,63,4,63,FALSE,62,FALSE,TRUE,64.724,65,1.53362316101447,61,67,6,0.907084230151755,0.907101150949558,0.905041604772365,0.907816572253215,0,0,0,1,2,63,67,61,67,6,variable,EXTENDED_TOP100_NOVEL,2,AGAP004699__SITE03,3,1,ROBUST,1,1,1,0,AGAP004699__SITE04;AGAP004699__SITE05,1,1,1,1,65,AGAP004699__SITE01;AGAP004699__SITE02;AGAP004699__SITE03,1,1,1,1,143,1,HIGHLY_ROBUST,1,8,48,15,UP
AGAP002171,2R,16835162,16837841,,,,FALSE,24,64,16,35,24,19,0.960261544708896,0.95649308809747,0.906922894743021,1,TRUE,1,208,161,138,138,23,0,138,0.916299559471366,0.0837004405286344,1,50,55,0.862745098039216,80,functional_region_reference_editable_multiplex_4plus,PENDING_TARGETED_AG1000G,FALSE,NOT_EVALUATED_IN_STEP05,1,observed_positive,TARGETED_CRISPR_VALIDATION_AND_RERANKING,0.954689984101749,3,0.957146986558751,0.0160544950844691,0.939369851134557,0.970588235294118,3,0.997894544123032,0.607843137254902,0.906922894743021,1,0.906922894743021,64,0.928585693087492,64,0.88526009639855,66,64,2,64,FALSE,63,FALSE,TRUE,63.5395,63,4.41567535541532,52,78,26,0.908404586461477,0.910434962960972,0.886002241469427,0.915638026987565,0,0,0,1,-1,64,66,52,78,26,variable,EXTENDED_TOP100_NOVEL,2,AGAP002171__SITE01,1,0.989361918088131,ROBUST,0.991471215351812,0.978529761904762,0.999466950959488,0.0223214285714286,AGAP002171__SITE01;AGAP002171__SITE02,0.990362046908315,0.993603411513859,0.980666666666666,1,231,AGAP002171__SITE01;AGAP002171__SITE02;AGAP002171__SITE03,0.990362046908315,0.993603411513859,0.980666666666666,1,243,0.989811976057214,HIGHLY_ROBUST,1,79,49,15,UP
AGAP009515,3R,35054613,35076625,,,,FALSE,191,65,313,135,196,178,,0.999589971883786,0.906695934122324,0.5,TRUE,2,693,520,434,434,219,0,434,0.965819456617003,0.0341805433829974,1,50,60,0.991421568627451,6,functional_region_reference_editable_multiplex_4plus,PENDING_TARGETED_AG1000G,FALSE,NOT_EVALUATED_IN_STEP05,1,observed_positive,TARGETED_CRISPR_VALIDATION_AND_RERANKING,0.735077323312618,3,0.762007997302115,0.0160902901386304,0.743532302355832,0.772944067061714,3,0.982149395825705,0.975490196078431,0.906695934122324,1,0.906695934122324,65,0.919382497735342,70,0.894009370509306,61,65,9,65,FALSE,64,FALSE,TRUE,58.84,57,12.3827729743086,35,86,51,0.912866887294748,0.917037023875178,0.870816471772274,0.943117382308478,0,0,0.262,1,-8,61,70,35,86,51,variable,EXTENDED_TOP100_NOVEL,2,AGAP009515__SITE04,4,1,ROBUST,1,1,1,0,AGAP009515__SITE04;AGAP009515__SITE05,1,1,1,1,66,AGAP009515__SITE02;AGAP009515__SITE03;AGAP009515__SITE04,1,1,1,1,108,1,HIGHLY_ROBUST,1,9,50,15,UP
AGAP029982,3R,34212912,34368787,,,,FALSE,197,66,319,141,201,178,,0.999004217432052,0.906380362488877,0.5,TRUE,3,513,344,185,185,159,0,185,0.952707856598017,0.0472921434019832,1,50,60,0.91421568627451,51,functional_region_reference_editable_multiplex_4plus,PENDING_TARGETED_AG1000G,FALSE,NOT_EVALUATED_IN_STEP05,1,observed_positive,TARGETED_CRISPR_VALIDATION_AND_RERANKING,0.881847087729441,3,0.874981933805463,0.0373443230384351,0.83249024425495,0.902587079057667,3,0.981691688026364,0.754901960784314,0.906380362488877,1,0.906380362488877,66,0.922712078865826,67,0.890048646111928,63,66,4,66,FALSE,65,FALSE,TRUE,71.7925,64,18.6557353642517,46,118,72,0.895603543223087,0.908786779601176,0.819174841459827,0.932222247154291,0,0,0.0445,0.876,-2,63,67,46,118,72,variable,EXTENDED_TOP100_NOVEL,2,AGAP029982__SITE01,1,0.994192455381821,ROBUST,0.995735607675906,0.98837962962963,0.998400852878465,0.0125,AGAP029982__SITE02;AGAP029982__SITE03,1,1,1,1,76,AGAP029982__SITE01;AGAP029982__SITE02;AGAP029982__SITE03,1,1,1,1,362,0.996805850460002,HIGHLY_ROBUST,1,50,51,15,UP
AGAP009232,3R,29065935,29083474,,,,FALSE,83,67,148,77,84,71,0.836011782043468,0.996295103092784,0.906195244083219,1,TRUE,2,446,337,284,284,53,0,284,0.986682808716707,0.013317191283293,1,50,55,0.963970588235294,22,functional_region_reference_editable_multiplex_4plus,PENDING_TARGETED_AG1000G,FALSE,NOT_EVALUATED_IN_STEP05,1,observed_positive,TARGETED_CRISPR_VALIDATION_AND_RERANKING,0.768608180372886,3,0.763935058052705,0.0485274172370052,0.715638097991039,0.812689695042636,3,0.992402050530941,0.897058823529412,0.906195244083219,1,0.906195244083219,67,0.922152098941198,68,0.89023838922524,62,67,6,67,FALSE,66,FALSE,TRUE,71.657,67,19.4606965536997,48,107,59,0.894886904727821,0.904656004308685,0.83513006125333,0.927419409425031,0,0,0.052,0.873,0,62,68,48,107,59,variable,EXTENDED_TOP100_NOVEL,2,AGAP009232__SITE01,1,0.98573689473876,ROBUST,0.990938166311301,0.965628815628816,0.997334754797441,0.0223214285714286,AGAP009232__SITE01;AGAP009232__SITE04,1,1,1,1,228,AGAP009232__SITE01;AGAP009232__SITE02;AGAP009232__SITE04,1,1,1,1,228,0.992155292106318,HIGHLY_ROBUST,1,77,52,15,UP
AGAP005958,2L,24049834,24051517,Hammond female-fertility target 1,population-suppression female-fertility,Hammond et al. Nature Biotechnology 2016,TRUE,6,68,5,12,6,7,0.983567518910112,0.965923734770384,0.904412972481868,1,TRUE,1,176,156,113,113,43,0,113,0.961748633879781,0.0382513661202186,1,50,60,0.833578431372549,98,functional_region_reference_editable_multiplex_4plus,PENDING_TARGETED_AG1000G,FALSE,NOT_EVALUATED_IN_STEP05,1,observed_positive,TARGETED_CRISPR_VALIDATION_AND_RERANKING,0.999132885324084,3,,,,,,0.999542292200659,0.524509803921569,0.904412972481868,1,0.904412972481868,68,0.928185067239652,65,0.880640877724085,70,68,5,68,TRUE,,FALSE,FALSE,67.199,68,1.90609957971873,63,70,7,0.90351184523279,0.904412972481868,0.900836124443716,0.904434650348767,0,0,0,1,0,65,70,63,70,7,variable,EXTERNAL_BENCHMARK,3,AGAP005958__SITE03,3,0.990873949352616,ROBUST,0.990405117270789,0.982712215320911,0.998933901918977,0.0133928571428571,AGAP005958__SITE02;AGAP005958__SITE03,1,1,1,1,244,AGAP005958__SITE02;AGAP005958__SITE03;AGAP005958__SITE04,1,1,1,1,418,0.994980672143939,HIGHLY_ROBUST,1,61,53,15,UP
AGAP006241,2L,28585064,28586748,,,,FALSE,39,69,49,37,39,12,0.904234902654185,0.992663425492034,0.904330951726864,1,TRUE,1,175,144,116,116,28,0,116,0.977653631284916,0.0223463687150838,1,50,55,0.840441176470588,94,functional_region_reference_editable_multiplex_4plus,PENDING_TARGETED_AG1000G,FALSE,NOT_EVALUATED_IN_STEP05,1,observed_positive,TARGETED_CRISPR_VALIDATION_AND_RERANKING,0.990822373175314,3,0.986269692152045,0.0155221311854429,0.968348027171557,0.995447318976731,3,0.996521420725009,0.544117647058824,0.904330951726864,1,0.904330951726864,69,0.927236092787657,66,0.88142581066607,68,68,3,69,FALSE,67,FALSE,TRUE,66.5415,67,2.89887555609841,61,72,11,0.904008166642314,0.905588358866624,0.895030474779328,0.906910804306716,0,0,0,1,-2,66,69,61,72,11,variable,EXTENDED_TOP100_NOVEL,2,AGAP006241__SITE04,4,0.989597107629554,ROBUST,0.994669509594883,0.977797101449275,0.99680170575693,0.0266666666666667,AGAP006241__SITE01;AGAP006241__SITE02,1,1,1,1,46,AGAP006241__SITE03;AGAP006241__SITE04;AGAP006241__SITE05,1,1,1,1,90,0.994278409196255,HIGHLY_ROBUST,1,71,54,15,UP
AGAP009782,3R,43264028,43265563,,,,FALSE,171,70,278,117,171,161,0.768588225486329,0.998974929709466,0.901170164597696,1,TRUE,1,168,148,138,138,10,0,138,0.976744186046512,0.0232558139534884,1,50,55,0.862745098039216,82,functional_region_reference_editable_multiplex_4plus,PENDING_TARGETED_AG1000G,FALSE,NOT_EVALUATED_IN_STEP05,1,observed_positive,TARGETED_CRISPR_VALIDATION_AND_RERANKING,0.95794189911837,3,0.945945945945946,0.0566302785252271,0.880835380835381,0.983740424916896,3,0.984437934822409,0.607843137254902,0.901170164597696,1,0.901170164597696,70,0.921324706261273,69,0.881015622934119,69,69,1,70,FALSE,68,FALSE,TRUE,69.129,67,7.68693069122689,54,90,36,0.899001581709995,0.901972303635129,0.872314838683547,0.911055986248223,0,0,0,1,-3,69,70,54,90,36,variable,EXTENDED_TOP100_NOVEL,2,AGAP009782__SITE03,3,0.994304528591986,ROBUST,0.996268656716418,0.988239096414234,1,0.0144927536231884,AGAP009782__SITE03;AGAP009782__SITE04,1,1,1,1,89,AGAP009782__SITE03;AGAP009782__SITE04;AGAP009782__SITE05,1,1,1,1,138,0.996867490725592,HIGHLY_ROBUST,1,47,55,15,UP
AGAP002475,2R,21854746,21857132,,,,FALSE,74,71,113,72,76,41,0.865563819384303,0.979073922211809,0.89643470607834,1,TRUE,1,187,158,138,138,20,0,138,0.921182266009852,0.0788177339901478,1,50,50,0.862745098039216,81,functional_region_reference_editable_multiplex_4plus,PENDING_TARGETED_AG1000G,FALSE,NOT_EVALUATED_IN_STEP05,1,observed_positive,TARGETED_CRISPR_VALIDATION_AND_RERANKING,0.927662957074722,3,0.921592715710363,0.0248530959086389,0.892903598785952,0.936551524786819,3,0.993134383009886,0.607843137254902,0.89643470607834,1,0.89643470607834,71,0.918972839662848,71,0.873896572493833,72,71,1,71,FALSE,69,FALSE,TRUE,72.381,71,3.77570748118704,69,85,16,0.894164251532885,0.895372413839577,0.876077718074293,0.902851818377805,0,0,0,1,0,71,72,69,85,16,variable,EXTENDED_TOP100_NOVEL,2,AGAP002475__SITE01,1,0.990288174512055,ROBUST,0.994669509594883,0.978871794871795,1,0.0256410256410256,AGAP002475__SITE01;AGAP002475__SITE05,1,1,1,1,460,AGAP002475__SITE01;AGAP002475__SITE02;AGAP002475__SITE05,1,1,1,1,460,0.99465849598163,HIGHLY_ROBUST,1,67,56,15,UP
AGAP001526,2R,5845574,5847526,,,,FALSE,130,72,198,127,130,71,0.822840291208329,0.95649308809747,0.895390313330305,1,TRUE,1,196,166,158,158,8,0,158,0.975124378109453,0.0248756218905473,1,50,55,0.896200980392157,61,functional_region_reference_editable_multiplex_4plus,PENDING_TARGETED_AG1000G,FALSE,NOT_EVALUATED_IN_STEP05,1,observed_positive,TARGETED_CRISPR_VALIDATION_AND_RERANKING,0.868694898106663,3,0.861661126367009,0.0262727278182813,0.834585922821217,0.887050151756034,3,0.988191138777005,0.70343137254902,0.895390313330305,1,0.895390313330305,72,0.915603113675221,76,0.875177512985389,71,72,5,72,FALSE,70,FALSE,TRUE,72.363,71,5.18591147619389,65,82,17,0.894151171113222,0.896300849534959,0.883379907202252,0.901850784496659,0,0,0,1,-1,71,76,65,82,17,variable,EXTENDED_TOP100_NOVEL,2,AGAP001526__SITE01,1,0.983244506360381,ROBUST,0.982942430703625,0.966286231884058,1,0.0235690235690236,AGAP001526__SITE03;AGAP001526__SITE04,1,1,1,1,231,AGAP001526__SITE01;AGAP001526__SITE02;AGAP001526__SITE03,1,1,1,1,86,0.990784478498209,HIGHLY_ROBUST,1,78,57,15,UP
AGAP000399,X,7249711,7270283,,,,FALSE,33,74,37,25,33,12,0.9122579570193,0.996910145267104,0.892702363032667,1,TRUE,1,457,279,102,102,177,0,102,0.946169772256729,0.0538302277432712,1,50,60,0.820710784313726,105,functional_region_reference_editable_multiplex_4plus,PENDING_TARGETED_AG1000G,FALSE,NOT_EVALUATED_IN_STEP05,1,observed_positive,TARGETED_CRISPR_VALIDATION_AND_RERANKING,0.988726694609048,3,0.985643397408103,0.0080863393388028,0.976441682324035,0.991617285734933,3,0.997070670084218,0.487745098039216,0.892702363032667,1,0.892702363032667,74,0.918585840408675,72,0.866818885656658,74,74,2,74,FALSE,72,FALSE,TRUE,72.383,72,1.68098895354222,69,76,7,0.892178447004339,0.892745721899555,0.888865103313054,0.893786334704874,0,0,0,1,-2,72,74,69,76,7,variable,EXTENDED_TOP100_NOVEL,2,AGAP000399__SITE02,2,0.996253415300546,ROBUST,0.999414519906323,0.990833333333333,1,0.0125,AGAP000399__SITE04;AGAP000399__SITE05,1,1,1,1,370,AGAP000399__SITE03;AGAP000399__SITE04;AGAP000399__SITE05,1,1,1,1,448,0.9979393784153,HIGHLY_ROBUST,1,31,58,16,UP
AGAP010197,3R,50450327,50475420,,,,FALSE,167,75,267,118,167,149,0.774724456791014,0.994860004686036,0.889953478964723,1,TRUE,1,527,370,109,109,261,0,109,0.98874296435272,0.0112570356472796,1,50,55,0.829289215686275,101,functional_region_reference_editable_multiplex_4plus,PENDING_TARGETED_AG1000G,FALSE,NOT_EVALUATED_IN_STEP05,1,observed_positive,TARGETED_CRISPR_VALIDATION_AND_RERANKING,0.983668160138748,3,0.981717011128776,0.0128373247741015,0.967047261164908,0.990894637953461,3,0.984804101061882,0.512254901960784,0.889953478964723,1,0.889953478964723,75,0.913637735965934,78,0.866269221963511,75,75,3,75,FALSE,73,FALSE,TRUE,76.4405,75,3.51534330745727,70,82,12,0.888626144812388,0.88988844066439,0.878203226037999,0.892966920213458,0,0,0,1,0,75,78,70,82,12,variable,EXTENDED_TOP100_NOVEL,2,AGAP010197__SITE02,2,0.998757056468499,ROBUST,0.998933901918977,0.997867564534231,1,0.00336700336700337,AGAP010197__SITE01;AGAP010197__SITE02,1,1,1,1,40,AGAP010197__SITE01;AGAP010197__SITE02;AGAP010197__SITE03,1,1,1,1,98,0.999316381057674,HIGHLY_ROBUST,1,20,59,16,UP
AGAP007855,3R,2153921,2155180,,,,FALSE,34,76,38,27,34,11,0.911430598660543,0.994669634489222,0.889307119785613,1,TRUE,1,133,113,98,98,15,0,98,1,0,1,50,60,0.812990196078431,110,functional_region_reference_editable_multiplex_4plus,PENDING_TARGETED_AG1000G,FALSE,NOT_EVALUATED_IN_STEP05,1,observed_positive,TARGETED_CRISPR_VALIDATION_AND_RERANKING,0.992267668738257,3,0.990581490581491,0.00453448286921623,0.987209134267958,0.995736378089319,3,0.99697912852435,0.465686274509804,0.889307119785613,1,0.889307119785613,76,0.916107335475645,74,0.862506904095581,78,76,4,76,FALSE,74,FALSE,TRUE,75.8525,76,3.02114339343598,70,83,13,0.888514563057762,0.8886133779154,0.880288475472851,0.891626819164136,0,0,0,1,0,74,78,70,83,13,variable,EXTENDED_TOP100_NOVEL,2,AGAP007855__SITE02,2,0.995006037932033,ROBUST,0.99680170575693,0.988073192239859,1,0.00892857142857143,AGAP007855__SITE01;AGAP007855__SITE02,1,1,1,1,61,AGAP007855__SITE01;AGAP007855__SITE02;AGAP007855__SITE03,1,1,1,1,62,0.997253320862618,HIGHLY_ROBUST,1,39,60,16,UP
AGAP005130,2L,10340218,10342062,,,,FALSE,93,77,133,96,96,48,0.858693539570471,0.95649308809747,0.889191338698091,1,TRUE,1,206,152,144,144,8,0,144,0.985645933014354,0.0143540669856459,1,50,55,0.869607843137255,77,functional_region_reference_editable_multiplex_4plus,PENDING_TARGETED_AG1000G,FALSE,NOT_EVALUATED_IN_STEP05,1,observed_positive,TARGETED_CRISPR_VALIDATION_AND_RERANKING,0.891819627113745,3,0.883509177626825,0.0116319358726046,0.870140193669606,0.891313773666715,3,0.992310508971073,0.627450980392157,0.889191338698091,1,0.889191338698091,77,0.912458859219903,80,0.865923818176279,76,77,4,77,FALSE,75,FALSE,TRUE,77.9315,77,3.89992467314795,68,90,22,0.886651755665861,0.888042328725552,0.86618945981386,0.90510404284609,0,0,0,1,0,76,80,68,90,22,variable,EXTENDED_TOP100_NOVEL,2,AGAP005130__SITE04,4,0.997750322461765,ROBUST,0.998933901918977,0.995160493827161,1,0.00666666666666667,AGAP005130__SITE02;AGAP005130__SITE03,1,1,1,1,52,AGAP005130__SITE02;AGAP005130__SITE03;AGAP005130__SITE04,1,1,1,1,59,0.998762677353971,HIGHLY_ROBUST,1,25,61,16,UP
AGAP003594,2R,40375322,40377383,,,,FALSE,100,79,183,86,101,97,0.816997473346153,0.996661199625117,0.888551746017768,1,TRUE,1,157,129,109,109,20,0,109,1,0,1,50,50,0.829289215686275,100,functional_region_reference_editable_multiplex_4plus,PENDING_TARGETED_AG1000G,FALSE,NOT_EVALUATED_IN_STEP05,1,observed_positive,TARGETED_CRISPR_VALIDATION_AND_RERANKING,0.968926145396734,3,0.96767355590885,0.0163293349165151,0.953389218095101,0.985474779592427,3,0.990845844013182,0.512254901960784,0.888551746017768,1,0.888551746017768,79,0.91357727805121,79,0.863526213984326,77,79,2,79,FALSE,77,FALSE,TRUE,77.4635,78,2.69245100163366,72,82,10,0.887393663202332,0.887120903410455,0.880205164141774,0.89379816891125,0,0,0,1,-1,77,79,72,82,10,variable,EXTENDED_TOP100_NOVEL,2,AGAP003594__SITE01,1,0.991450916413603,ROBUST,0.992537313432836,0.983872053872054,0.999466950959488,0.0185185185185185,AGAP003594__SITE02;AGAP003594__SITE03,1,1,1,1,51,AGAP003594__SITE02;AGAP003594__SITE03;AGAP003594__SITE04,1,1,1,1,51,0.995298004027482,HIGHLY_ROBUST,1,58,62,17,UP
AGAP004729,2L,2843749,2847575,,,,FALSE,11,80,12,7,11,5,0.953222872164027,0.992663425492034,0.885689134229854,1,TRUE,1,193,146,95,95,51,0,95,0.936893203883495,0.0631067961165049,1,50,45,0.809558823529412,112,functional_region_reference_editable_multiplex_4plus,PENDING_TARGETED_AG1000G,FALSE,NOT_EVALUATED_IN_STEP05,1,observed_positive,TARGETED_CRISPR_VALIDATION_AND_RERANKING,0.983234571469866,3,0.983860866213807,0.00243172141714068,0.981572481572482,0.986414221708339,3,0.999084584401318,0.455882352941176,0.885689134229854,1,0.885689134229854,80,0.913641746449434,77,0.857736522010274,82,80,5,80,FALSE,78,FALSE,TRUE,79.604,79,3.08008562603897,74,91,17,0.885348463612713,0.885797531397074,0.864595045488706,0.889092805280584,0,0,0,1,-1,77,82,74,91,17,variable,EXTENDED_TOP100_NOVEL,2,AGAP004729__SITE03,3,1,ROBUST,1,1,1,0,AGAP004729__SITE04;AGAP004729__SITE05,1,1,1,1,32,AGAP004729__SITE03;AGAP004729__SITE04;AGAP004729__SITE05,1,1,1,1,42,1,HIGHLY_ROBUST,1,10,63,17,UP
AGAP000627,X,11283576,11289116,,,,FALSE,71,82,94,75,75,25,0.88262489284446,0.965923734770384,0.882709237492015,1,TRUE,3,284,212,107,107,105,0,107,0.986631016042781,0.0133689839572193,1,50,60,0.825,103,functional_region_reference_editable_multiplex_4plus,PENDING_TARGETED_AG1000G,FALSE,NOT_EVALUATED_IN_STEP05,1,observed_positive,TARGETED_CRISPR_VALIDATION_AND_RERANKING,0.952738835091776,3,0.949583273112685,0.0052397362971125,0.943561208267091,0.953100158982512,3,0.993775173928964,0.5,0.882709237492015,1,0.882709237492015,82,0.909449813130322,81,0.855968661853707,83,82,2,82,FALSE,80,FALSE,TRUE,82.463,83,2.2860980123479,77,89,12,0.880984215812581,0.882514122591018,0.867902184449668,0.886177946843077,0,0,0,1,1,81,83,77,89,12,variable,EXTENDED_TOP100_NOVEL,2,AGAP000627__SITE01,1,0.998667897794769,ROBUST,0.998829039812646,0.997101449275362,1,0.00197628458498024,AGAP000627__SITE04;AGAP000627__SITE05,1,1,1,1,64,AGAP000627__SITE03;AGAP000627__SITE04;AGAP000627__SITE05,1,1,1,1,65,0.999267343787123,HIGHLY_ROBUST,1,21,64,18,UP
AGAP009936,3R,45656532,45658749,,,,FALSE,162,83,246,149,162,97,0.796788750713521,0.965923734770384,0.882492156056569,1,TRUE,1,176,138,126,126,12,0,126,0.967032967032967,0.032967032967033,1,50,50,0.850735294117647,88,functional_region_reference_editable_multiplex_4plus,PENDING_TARGETED_AG1000G,FALSE,NOT_EVALUATED_IN_STEP05,1,observed_positive,TARGETED_CRISPR_VALIDATION_AND_RERANKING,0.917184564243388,3,0.903381991617286,0.0206855324004366,0.889507154213037,0.927157103627692,3,0.985261808861223,0.573529411764706,0.882492156056569,1,0.882492156056569,83,0.906482638142286,83,0.858501673970851,81,83,2,83,FALSE,81,FALSE,TRUE,84.6515,86,3.90969187984138,72,89,17,0.878219172243879,0.876812144494205,0.86772846188111,0.89003659889513,0,0,0,1,3,81,83,72,89,17,variable,EXTENDED_TOP100_NOVEL,2,AGAP009936__SITE02,2,0.99496180284443,ROBUST,0.997334754797441,0.988935697518444,1,0.0133928571428571,AGAP009936__SITE03;AGAP009936__SITE04,1,1,1,1,34,AGAP009936__SITE02;AGAP009936__SITE03;AGAP009936__SITE04,1,1,1,1,35,0.997228991564437,HIGHLY_ROBUST,1,40,65,18,UP
AGAP007938,3R,3214099,3217537,,,,FALSE,27,84,30,19,27,11,0.921812502708128,0.998315955951265,0.879019045813153,1,TRUE,1,153,121,91,91,30,0,91,0.950310559006211,0.0496894409937888,1,50,50,0.802696078431373,116,functional_region_reference_editable_multiplex_4plus,PENDING_TARGETED_AG1000G,FALSE,NOT_EVALUATED_IN_STEP05,1,observed_positive,TARGETED_CRISPR_VALIDATION_AND_RERANKING,0.976513947102182,3,0.979163655634244,0.0101125083492993,0.967625379390085,0.986486486486486,3,0.997619919443427,0.436274509803922,0.879019045813153,1,0.879019045813153,84,0.90814161491219,82,0.849896476714115,85,84,3,84,FALSE,82,FALSE,TRUE,84.086,83,2.90220871194748,79,91,12,0.879196741289378,0.880406529553578,0.869783607165949,0.883593406269866,0,0,0,1,-1,82,85,79,91,12,variable,EXTENDED_TOP100_NOVEL,2,AGAP007938__SITE04,4,0.991682087398505,ROBUST,0.993603411513859,0.98359595959596,0.998400852878465,0.0181818181818182,AGAP007938__SITE01;AGAP007938__SITE04,1,1,1,1,45,AGAP007938__SITE01;AGAP007938__SITE02;AGAP007938__SITE04,1,1,1,1,45,0.995425148069178,HIGHLY_ROBUST,1,57,66,18,UP
AGAP004521,2R,57333937,57335960,,,,FALSE,125,85,192,125,125,67,0.826525805683904,0.95649308809747,0.878338249949058,1,TRUE,1,237,165,153,153,12,0,153,0.971311475409836,0.0286885245901639,1,50,55,0.887622549019608,66,functional_region_reference_editable_multiplex_4plus,PENDING_TARGETED_AG1000G,FALSE,NOT_EVALUATED_IN_STEP05,1,observed_positive,TARGETED_CRISPR_VALIDATION_AND_RERANKING,0.827431709784651,3,0.840102134219781,0.0324986151325874,0.818832201185142,0.877511201040613,3,0.988648846576346,0.678921568627451,0.878338249949058,1,0.878338249949058,85,0.901885470686088,87,0.854791029212029,84,85,3,85,FALSE,83,FALSE,TRUE,82.404,85,8.1730155445555,66,92,26,0.879210706228868,0.87729763714374,0.864593489145474,0.900646386963078,0,0,0,1,0,84,87,66,92,26,variable,EXTENDED_TOP100_NOVEL,2,AGAP004521__SITE04,4,0.979647054582162,ROBUST,0.981876332622601,0.961352657004831,1,0.0434782608695652,AGAP004521__SITE02;AGAP004521__SITE03,0.995350930682087,0.996268656716418,0.991965788840789,1,164,AGAP004521__SITE02;AGAP004521__SITE03;AGAP004521__SITE04,0.995350930682087,0.996268656716418,0.991965788840789,1,168,0.986713798827128,HIGHLY_ROBUST,1,80,67,18,UP
AGAP007729,2L,49344107,49347842,,,,FALSE,21,86,25,11,21,14,0.93383629340269,0.999384957825679,0.875014391213478,1,TRUE,1,121,84,79,79,5,0,79,0.896296296296296,0.103703703703704,1,50,45,0.788112745098039,124,functional_region_reference_editable_multiplex_4plus,PENDING_TARGETED_AG1000G,FALSE,NOT_EVALUATED_IN_STEP05,1,observed_positive,TARGETED_CRISPR_VALIDATION_AND_RERANKING,0.990027460615696,3,0.987859517271282,0.00323742979976909,0.984174013585778,0.990244254950137,3,0.998169168802636,0.394607843137255,0.875014391213478,1,0.875014391213478,86,0.905599542906094,85,0.844429239520862,89,86,4,86,FALSE,84,FALSE,TRUE,87.6995,88,2.10437970836503,83,93,10,0.873123380951879,0.87408217557538,0.862071769447327,0.87748584662611,0,0,0,1,2,85,89,83,93,10,variable,EXTENDED_TOP100_NOVEL,2,AGAP007729__SITE03,3,1,ROBUST,1,1,1,0,AGAP007729__SITE03;AGAP007729__SITE04,1,1,1,1,29,AGAP007729__SITE03;AGAP007729__SITE04;AGAP007729__SITE05,1,1,1,1,95,1,HIGHLY_ROBUST,1,11,68,18,UP
AGAP012142,3L,38042815,38044929,,,,FALSE,148,87,222,147,148,75,0.811321522022904,0.95649308809747,0.873266395932625,1,TRUE,1,209,154,146,146,8,0,146,0.967592592592593,0.0324074074074074,1,50,55,0.873039215686275,75,functional_region_reference_editable_multiplex_4plus,PENDING_TARGETED_AG1000G,FALSE,NOT_EVALUATED_IN_STEP05,1,observed_positive,TARGETED_CRISPR_VALIDATION_AND_RERANKING,0.84181240063593,3,0.838223249987956,0.0430574587515664,0.788625523919642,0.866021101315219,3,0.986543390699378,0.637254901960784,0.873266395932625,1,0.873266395932625,87,0.897967369872727,89,0.848565421992523,86,87,3,87,FALSE,85,FALSE,TRUE,86.959,85,5.0878543740034,76,95,19,0.872320099502505,0.877038617351905,0.852909407928578,0.887336348237871,0,0,0,1,-2,86,89,76,95,19,variable,EXTENDED_TOP100_NOVEL,2,AGAP012142__SITE03,3,0.99937852823425,ROBUST,0.999466950959488,0.998933782267116,1,0.00168350168350168,AGAP012142__SITE03;AGAP012142__SITE04,1,1,1,1,136,AGAP012142__SITE01;AGAP012142__SITE02;AGAP012142__SITE03,1,1,1,1,206,0.999658190528837,HIGHLY_ROBUST,1,15,69,18,UP
AGAP012991,X,15809463,15830713,,,,FALSE,199,90,321,143,204,178,,0.998916354264292,0.870167270028612,0.5,TRUE,2,472,345,155,155,190,0,155,0.967289719626168,0.0327102803738318,1,50,60,0.890196078431373,65,functional_region_reference_editable_multiplex_4plus,PENDING_TARGETED_AG1000G,FALSE,NOT_EVALUATED_IN_STEP05,1,observed_positive,TARGETED_CRISPR_VALIDATION_AND_RERANKING,0.807269836681601,3,0.802861685214626,0.0420627568596191,0.760442260442261,0.844558462205521,3,0.981462834126694,0.686274509803922,0.870167270028612,1,0.870167270028612,90,0.893636336117005,92,0.846698203940218,87,90,5,90,FALSE,88,FALSE,TRUE,94.565,89,14.2246597665018,76,124,48,0.860452266054049,0.869061618922961,0.818841211349612,0.890751892083822,0,0,0,0.7415,-1,87,92,76,124,48,variable,EXTENDED_TOP100_NOVEL,2,AGAP012991__SITE03,3,0.995654978749241,ROBUST,0.998829039812646,0.989814814814815,1,0.0138888888888889,AGAP012991__SITE03;AGAP012991__SITE04,1,1,1,1,33,AGAP012991__SITE02;AGAP012991__SITE03;AGAP012991__SITE04,1,1,1,1,43,0.997610238312082,HIGHLY_ROBUST,1,33,70,20,UP
AGAP004739,2L,2976111,2978335,,,,FALSE,45,91,56,43,45,13,0.903746160763632,0.9845946579194,0.866565360144528,1,TRUE,1,203,146,121,121,25,0,121,1,0,1,50,50,0.845588235294118,91,functional_region_reference_editable_multiplex_4plus,PENDING_TARGETED_AG1000G,FALSE,NOT_EVALUATED_IN_STEP05,1,observed_positive,TARGETED_CRISPR_VALIDATION_AND_RERANKING,0.856048561930915,3,0.826829503300092,0.0451125768042707,0.775545599075011,0.860384448619743,3,0.9959721713658,0.558823529411765,0.866565360144528,1,0.866565360144528,91,0.895418972713974,90,0.837711747575081,92,91,2,91,FALSE,89,FALSE,TRUE,91.7835,91,13.599452205885,67,113,46,0.862226134822949,0.863118330226909,0.828626351617284,0.896417939997107,0,0,0,0.612,0,90,92,67,113,46,variable,EXTENDED_TOP100_NOVEL,2,AGAP004739__SITE05,5,1,ROBUST,1,1,1,0,AGAP004739__SITE03;AGAP004739__SITE04,1,1,1,1,27,AGAP004739__SITE02;AGAP004739__SITE03;AGAP004739__SITE04,1,1,1,1,28,1,HIGHLY_ROBUST,1,12,71,20,UP
AGAP008578,3R,13260489,13264626,,,,FALSE,192,92,314,137,197,177,,0.999546040299906,0.866251743532205,0.5,TRUE,1,310,223,201,201,22,0,201,0.990415335463259,0.00958466453674121,1,50,60,0.926225490196078,44,functional_region_reference_editable_multiplex_4plus,PENDING_TARGETED_AG1000G,FALSE,NOT_EVALUATED_IN_STEP05,1,observed_positive,TARGETED_CRISPR_VALIDATION_AND_RERANKING,0.724598930481283,3,0.728380787204317,0.023710125836393,0.706677265500795,0.753685503685504,3,0.982057854265837,0.78921568627451,0.866251743532205,1,0.866251743532205,92,0.888766798120999,93,0.843736688943411,90,92,3,92,FALSE,90,FALSE,TRUE,91.3155,90,5.53030305461988,81,106,25,0.865022275762297,0.866305942115816,0.844030324251963,0.881817576745098,0,0,0,0.9075,-2,90,93,81,106,25,variable,EXTENDED_TOP100_NOVEL,2,AGAP008578__SITE04,4,0.995165711844816,ROBUST,0.995735607675906,0.99026936026936,1,0.00909090909090909,AGAP008578__SITE04;AGAP008578__SITE05,1,1,1,1,45,AGAP008578__SITE03;AGAP008578__SITE04;AGAP008578__SITE05,1,1,1,1,53,0.997341141514649,HIGHLY_ROBUST,1,38,72,20,UP
AGAP010220,3R,50915459,50916695,,,,FALSE,2,93,2,2,2,0,0.985907410235851,0.990642572633552,0.859477522566889,1,TRUE,1,83,75,70,70,5,0,70,0.943181818181818,0.0568181818181818,1,50,50,0.758946078431373,142,functional_region_reference_editable_multiplex_4plus,PENDING_TARGETED_AG1000G,FALSE,NOT_EVALUATED_IN_STEP05,1,observed_positive,TARGETED_CRISPR_VALIDATION_AND_RERANKING,0.990894637953461,3,0.988726694609048,0.00944348865565522,0.978103772221419,0.996169966758202,3,0.999908458440132,0.311274509803922,0.859477522566889,1,0.859477522566889,93,0.894359911023033,91,0.824595134110745,94,93,3,93,FALSE,91,FALSE,TRUE,93.05,93,1.43754417901966,90,96,6,0.859703801653462,0.860149585003657,0.846838412868956,0.862035695713297,0,0,0,1,0,91,94,90,96,6,variable,EXTENDED_TOP100_NOVEL,2,AGAP010220__SITE01,1,0.99078724964919,ROBUST,0.997334754797441,0.979700854700855,1,0.0320512820512821,AGAP010220__SITE01;AGAP010220__SITE02,1,1,1,1,46,AGAP010220__SITE01;AGAP010220__SITE02;AGAP010220__SITE03,1,1,1,1,47,0.994932987307054,HIGHLY_ROBUST,1,63,73,20,UP
AGAP005920,2L,23682907,23684697,,,,FALSE,193,94,285,198,198,101,0.773970686939919,0.971839854732896,0.855561414150705,1,TRUE,1,227,167,92,92,75,0,92,1,0,1,50,60,0.806127450980392,114,functional_region_reference_editable_multiplex_4plus,PENDING_TARGETED_AG1000G,FALSE,NOT_EVALUATED_IN_STEP05,1,observed_positive,TARGETED_CRISPR_VALIDATION_AND_RERANKING,0.915739268680445,3,0.911547911547911,0.0339365277504368,0.873392108686226,0.938358144240497,3,0.983247894544123,0.446078431372549,0.855561414150705,1,0.855561414150705,94,0.885795318602467,97,0.825327509698942,93,94,4,94,FALSE,92,FALSE,TRUE,95.481,93,6.45146880368048,90,123,33,0.855451098353624,0.857707678061675,0.812397662163424,0.868829227418518,0,0,0,0.853,-1,93,97,90,123,33,variable,EXTENDED_TOP100_NOVEL,2,AGAP005920__SITE05,5,0.995550400953386,ROBUST,0.996268656716418,0.991158249158249,0.997334754797441,0.00666666666666667,AGAP005920__SITE02;AGAP005920__SITE03,1,1,1,1,73,AGAP005920__SITE02;AGAP005920__SITE03;AGAP005920__SITE04,1,1,1,1,82,0.997552720524362,HIGHLY_ROBUST,1,34,74,20,UP
AGAP001108,2R,267215,268641,,,,FALSE,69,95,93,74,74,25,0.882638911057842,0.965923734770384,0.853540767293002,1,TRUE,1,143,125,118,118,7,0,118,0.979452054794521,0.0205479452054795,1,50,50,0.843872549019608,92,functional_region_reference_editable_multiplex_4plus,PENDING_TARGETED_AG1000G,FALSE,NOT_EVALUATED_IN_STEP05,1,observed_positive,TARGETED_CRISPR_VALIDATION_AND_RERANKING,0.819410319410319,3,0.854531001589825,0.0340314935417583,0.828009828009828,0.892903598785952,3,0.993866715488832,0.553921568627451,0.853540767293002,1,0.853540767293002,95,0.884260844439997,99,0.822820690146007,95,95,4,95,FALSE,93,FALSE,TRUE,91.9495,92,12.7138416945988,68,121,53,0.861582438777321,0.860521544862015,0.809509837967955,0.894753370270311,0,0,0,0.7875,-3,95,99,68,121,53,variable,EXTENDED_TOP100_NOVEL,2,AGAP001108__SITE01,1,0.999325223330198,ROBUST,0.999466950959488,0.998933782267116,0.999466950959488,0.00168350168350168,AGAP001108__SITE01;AGAP001108__SITE02,1,1,1,1,56,AGAP001108__SITE01;AGAP001108__SITE02;AGAP001108__SITE03,1,1,1,1,59,0.999628872831609,HIGHLY_ROBUST,1,16,75,20,UP
AGAP010453,3L,3870922,3872426,,,,FALSE,22,96,15,34,22,19,0.960839070400722,0.95649308809747,0.853378313549119,1,TRUE,1,110,91,88,88,3,0,88,0.990990990990991,0.00900900900900901,1,50,45,0.796691176470588,120,functional_region_reference_editable_multiplex_4plus,PENDING_TARGETED_AG1000G,FALSE,NOT_EVALUATED_IN_STEP05,1,observed_positive,TARGETED_CRISPR_VALIDATION_AND_RERANKING,0.901719901719902,3,0.905935347111818,0.00174386354461036,0.904465963289493,0.907862407862408,3,0.998077627242768,0.419117647058824,0.853378313549119,1,0.853378313549119,96,0.88714419883446,95,0.819612428263779,96,96,1,96,FALSE,94,FALSE,TRUE,94.6075,96,5.48493263340549,81,107,26,0.857141819836155,0.854505644088215,0.83221918650764,0.878266303142991,0,0,0,0.9455,0,95,96,81,107,26,variable,EXTENDED_TOP100_NOVEL,2,AGAP010453__SITE05,5,0.994781900357368,ROBUST,0.997867803837953,0.987746478873239,1,0.0140845070422535,AGAP010453__SITE02;AGAP010453__SITE03,1,1,1,1,48,AGAP010453__SITE02;AGAP010453__SITE03;AGAP010453__SITE04,1,1,1,1,64,0.997130045196552,HIGHLY_ROBUST,1,41,76,20,UP
AGAP006098,2L,26644176,26645592,,,,FALSE,1,97,1,1,1,0,0.986499950915268,0.999721766635427,0.851259815965698,1,TRUE,1,94,78,64,64,14,0,64,0.949494949494949,0.0505050505050505,1,50,50,0.746078431372549,149,functional_region_reference_editable_multiplex_4plus,PENDING_TARGETED_AG1000G,FALSE,NOT_EVALUATED_IN_STEP05,1,observed_positive,TARGETED_CRISPR_VALIDATION_AND_RERANKING,0.987859517271282,3,0.980681215975334,0.0167768458000154,0.962133256250903,0.994796935973407,3,1,0.274509803921569,0.851259815965698,1,0.851259815965698,97,0.888141349906056,94,0.814378282025341,100,97,6,97,FALSE,95,FALSE,TRUE,99.862,99,3.02647249580827,96,106,10,0.848818820157056,0.850435997494821,0.838143758731994,0.85435997494821,0,0,0,0.689,2,94,100,94,106,12,variable,EXTENDED_TOP100_NOVEL,2,AGAP006098__SITE02,2,0.981109152735288,ROBUST,0.98773987206823,0.960480676328502,0.999466950959488,0.0466666666666667,AGAP006098__SITE03;AGAP006098__SITE04,0.986094038734897,0.991471215351812,0.970704365079365,1,135,AGAP006098__SITE03;AGAP006098__SITE04;AGAP006098__SITE05,0.986094038734897,0.991471215351812,0.970704365079365,1,140,0.983352351435112,HIGHLY_ROBUST,1,81,77,20,UP
AGAP006766,2L,38038082,38040408,,,,FALSE,51,99,54,52,52,6,0.909152182557047,0.971839854732896,0.849811966482761,1,TRUE,1,170,110,71,71,39,0,71,0.977011494252874,0.0229885057471264,1,50,55,0.764950980392157,138,functional_region_reference_editable_multiplex_4plus,PENDING_TARGETED_AG1000G,FALSE,NOT_EVALUATED_IN_STEP05,1,observed_positive,TARGETED_CRISPR_VALIDATION_AND_RERANKING,0.954256395432866,3,0.958423664306017,0.0132999261964266,0.944572915161151,0.971094088741147,3,0.995697546686196,0.32843137254902,0.849811966482761,1,0.849811966482761,99,0.885247332752287,98,0.814376600213236,101,99,3,99,FALSE,97,FALSE,TRUE,98.3485,97,4.17417771900226,94,110,16,0.850748452969248,0.851416244557628,0.835048272307303,0.861453822242265,0,0,0,0.781,-2,98,101,94,110,16,variable,EXTENDED_TOP100_NOVEL,2,AGAP006766__SITE01,1,0.990945215691728,ROBUST,0.993603411513859,0.979684265010352,0.998933901918977,0.016304347826087,AGAP006766__SITE01;AGAP006766__SITE03,1,1,1,1,60,AGAP006766__SITE01;AGAP006766__SITE02;AGAP006766__SITE03,1,1,1,1,60,0.995019868630451,HIGHLY_ROBUST,1,60,78,21,UP
AGAP007965,3R,3384227,3386165,,,,FALSE,68,101,108,70,73,38,0.872858587983305,0.975940135895033,0.84944574776246,1,TRUE,1,167,137,125,125,12,0,125,0.948863636363636,0.0511363636363636,1,50,50,0.849019607843137,89,functional_region_reference_editable_multiplex_4plus,PENDING_TARGETED_AG1000G,FALSE,NOT_EVALUATED_IN_STEP05,1,observed_positive,TARGETED_CRISPR_VALIDATION_AND_RERANKING,0.79671917907212,3,0.792840969311558,0.0098562199101485,0.781543575661223,0.799682034976153,3,0.993409007689491,0.568627450980392,0.84944574776246,1,0.84944574776246,101,0.880519317028784,103,0.818372178496137,98,101,5,101,FALSE,99,FALSE,TRUE,102.0995,99,8.33644696042397,87,125,38,0.845333137558673,0.849619183230013,0.811745213003102,0.870127927268169,0,0,0,0.577,-2,98,103,87,125,38,variable,EXTENDED_TOP100_NOVEL,2,AGAP007965__SITE04,4,0.960348737532992,ROBUST,0.978678038379531,0.94814710485133,1,0.0422535211267606,AGAP007965__SITE02;AGAP007965__SITE04,1,1,1,1,367,AGAP007965__SITE02;AGAP007965__SITE03;AGAP007965__SITE04,1,1,1,1,367,0.978191805643146,HIGHLY_ROBUST,1,82,79,22,UP
AGAP007031,2L,41161551,41226420,FREP1,population-modification / parasite-interaction,malaria-transmission literature; FREP1 = AGAP007031,TRUE,5203,164,4797,5997,5203,1200,0.502284250454297,0.100310449859419,0.704519301632236,1,TRUE,1,705,476,249,249,227,0,249,0.988779803646564,0.0112201963534362,1,50,65,0.946813725490196,32,functional_region_reference_editable_multiplex_4plus,PENDING_TARGETED_AG1000G,FALSE,NOT_EVALUATED_IN_STEP05,0,unlabeled_not_negative,TARGETED_CRISPR_VALIDATION_AND_RERANKING,0.910036852373726,3,,,,,,0.523800805565727,0.848039215686275,0.704519301632236,1,0.704519301632236,164,0.668995578785809,203,0.740043024478664,137,164,66,164,TRUE,,FALSE,FALSE,164.096,164,2.20231902878586,161,167,6,0.704485256542273,0.704519301632236,0.696758625282789,0.711998165712011,0,0,0,0,0,137,203,137,203,66,variable,EXTERNAL_BENCHMARK,3,AGAP007031__SITE05,5,0.988661472774467,ROBUST,0.993070362473348,0.976749011857708,0.996268656716418,0.0272727272727273,AGAP007031__SITE02;AGAP007031__SITE03,1,1,1,1,76,AGAP007031__SITE01;AGAP007031__SITE02;AGAP007031__SITE03,1,1,1,1,78,0.993763810025957,HIGHLY_ROBUST,1,73,80,84,UP
AGAP004050,2R,48703664,48788460,doublesex,population-suppression sex-determination,Kyrou et al. Nature Biotechnology 2018,TRUE,7519,204,8120,6342,7519,1778,0.295620342292232,,0.39716536567481,0.5,TRUE,2,924,613,196,196,537,0,196,0.986406619385343,0.0135933806146572,1,50,60,0.918504901960784,48,functional_region_reference_editable_multiplex_4plus,PENDING_TARGETED_AG1000G,FALSE,NOT_EVALUATED_IN_STEP05,0,unlabeled_not_negative,TARGETED_CRISPR_VALIDATION_AND_RERANKING,0.292795722234265,3,,,,,,0.311790552911022,0.767156862745098,0.39716536567481,1,0.39716536567481,204,0.375346791716944,204,0.418983939632676,204,204,0,204,TRUE,,FALSE,FALSE,204,204,0,204,204,0,0.398152619089074,0.39716536567481,0.391268985878582,0.406638593509191,0,0,0,0,0,204,204,204,204,0,variable,EXTERNAL_BENCHMARK,3,AGAP004050__SITE01,1,1,ROBUST,1,1,1,0,AGAP004050__SITE01;AGAP004050__SITE02,1,1,1,1,26,AGAP004050__SITE02;AGAP004050__SITE03;AGAP004050__SITE04,1,1,1,1,219,1,HIGHLY_ROBUST,1,13,81,123,UP
AGAP028779,3R,42632357,42632438,mir-184,suppression-modification noncoding RNA,Verkuijl et al. Nature Communications 2025,TRUE,,205,,,,,,,0.0200355063623831,0,FALSE,1,11,9,9,0,0,9,9,1,0,1,50,45,0.65343137254902,200,functional_region_reference_editable_multiplex_4plus,PENDING_TARGETED_AG1000G,FALSE,NOT_EVALUATED_IN_STEP05,0,unlabeled_not_negative,TARGETED_CRISPR_VALIDATION_AND_RERANKING,0.0194378206517812,3,,,,,,,0.0245098039215686,0.0214666139596962,0.666666666666667,0.0200355063623831,205,0.0199171600860881,205,0.0201144038799131,205,205,0,205,TRUE,,FALSE,FALSE,205,205,0,205,205,0,0.0193411209299096,0.0200355063623831,0.0124684856238904,0.0247699524928838,0,0,0,0,0,205,205,205,205,0,variable,EXTERNAL_BENCHMARK,3,AGAP028779__SITE04,4,0.99937852823425,ROBUST,0.999466950959488,0.998933782267116,1,0.00168350168350168,AGAP028779__SITE04;AGAP028779__SITE05,0.999360305255827,0.999466950959488,0.998933782267116,1,24,AGAP028779__SITE01;AGAP028779__SITE03;AGAP028779__SITE04,0.999360305255827,0.999466950959488,0.998933782267116,1,40,0.99937032789396,HIGHLY_ROBUST,1,18,82,123,UP
AGAP004036,2R,48260053,48265961,,,,FALSE,13,4,20,14,14,6,0.945767922086326,0.988372774133083,0.981215935201224,1,TRUE,1,365,319,293,293,26,0,293,0.973333333333333,0.0266666666666667,1,50,60,0.969117647058824,19,functional_region_reference_editable_multiplex_4plus,PENDING_TARGETED_AG1000G,FALSE,NOT_EVALUATED_IN_STEP05,1,observed_positive,TARGETED_CRISPR_VALIDATION_AND_RERANKING,0.998193380546322,3,0.995110083345377,0.00348548040510935,0.991328226622344,0.998193380546322,3,0.998809959721714,0.911764705882353,0.981215935201224,1,0.981215935201224,4,0.985599026851961,2,0.976832843550486,5,4,3,4,FALSE,4,TRUE,TRUE,4.4705,4,1.51831564280804,3,10,7,0.980096355059585,0.980500513897567,0.973433018594778,0.981432729535666,1,1,1,1,0,2,5,2,10,8,very_high,ROBUST_CORE_NOVEL,1,AGAP004036__SITE03,3,0.961280814483483,INTERMEDIATE,0.987206823027719,0.948460144927536,0.998933901918977,0.0625,AGAP004036__SITE04;AGAP004036__SITE05,0.998831956289979,0.999466950959488,0.997172619047619,1,83,AGAP004036__SITE03;AGAP004036__SITE04;AGAP004036__SITE05,0.998831956289979,0.999466950959488,0.997172619047619,1,84,0.978178828296406,MULTIPLEX_RESCUABLE,2,85,83,-79,DOWN
AGAP011204,3L,19311459,19315980,,,,FALSE,195,10,318,136,199,182,0.749250459101651,0.99986820524836,0.970228708982021,1,TRUE,1,430,310,289,289,21,0,289,0.988505747126437,0.0114942528735632,1,50,60,0.967401960784314,20,functional_region_reference_editable_multiplex_4plus,PENDING_TARGETED_AG1000G,FALSE,NOT_EVALUATED_IN_STEP05,1,observed_positive,TARGETED_CRISPR_VALIDATION_AND_RERANKING,0.993062581297875,3,0.988967577202871,0.00896238643675564,0.978754155224743,0.995519583754878,3,0.9818747711461,0.906862745098039,0.970228708982021,1,0.970228708982021,10,0.973419919776835,13,0.967037498187206,10,10,3,10,FALSE,10,TRUE,TRUE,11.566,11,2.92590575074303,8,20,12,0.969611278717531,0.970770694818124,0.962575868976239,0.972179857991993,0.448,1,1,1,1,10,13,8,20,12,high,ROBUST_CORE_NOVEL,1,AGAP011204__SITE01,1,0.803433022516816,INTERMEDIATE,0.924307036247335,0.821074879227053,0.999466950959488,0.202898550724638,AGAP011204__SITE02;AGAP011204__SITE04,0.981116795679985,0.987206823027719,0.962642339544513,1,47,AGAP011204__SITE02;AGAP011204__SITE04;AGAP011204__SITE05,0.99007986851457,0.995202558635394,0.976527777777778,1,82,0.88473518136543,MULTIPLEX_RESCUABLE,2,98,84,-74,DOWN
AGAP003769,2R,43128273,43134178,,,,FALSE,176,14,259,178,178,84,0.787535994947482,0.965923734770384,0.96840048418548,1,TRUE,1,524,405,349,349,56,0,349,0.979439252336449,0.0205607476635514,1,50,60,0.982843137254902,11,functional_region_reference_editable_multiplex_4plus,PENDING_TARGETED_AG1000G,FALSE,NOT_EVALUATED_IN_STEP05,1,observed_positive,TARGETED_CRISPR_VALIDATION_AND_RERANKING,0.95389507154213,3,0.958495929084164,0.0130809894757511,0.945512357277063,0.971672206966325,3,0.984071768582937,0.950980392156863,0.96840048418548,1,0.96840048418548,14,0.971563887858824,16,0.965237080512136,11,14,5,14,FALSE,14,TRUE,TRUE,15.1425,13,5.99617968671868,8,30,22,0.965996506009443,0.96892079058814,0.947219677710556,0.975706453256155,0.2335,0.7715,1,1,-1,11,16,8,30,22,moderate,ROBUST_CORE_NOVEL,1,AGAP003769__SITE03,3,0.944196384150675,INTERMEDIATE,0.988272921108742,0.938416666666667,0.999466950959488,0.0625,AGAP003769__SITE01;AGAP003769__SITE02,1,1,1,1,34,AGAP003769__SITE01;AGAP003769__SITE02;AGAP003769__SITE03,1,1,1,1,75,0.969308011282871,MULTIPLEX_RESCUABLE,2,90,85,-71,DOWN
AGAP006939,2L,40169708,40175624,,,,FALSE,135,21,232,102,135,130,0.795339762731813,0.995152881911902,0.962250875049462,1,TRUE,1,531,432,396,396,36,0,396,0.988826815642458,0.0111731843575419,1,50,55,0.989705882352941,7,functional_region_reference_editable_multiplex_4plus,PENDING_TARGETED_AG1000G,FALSE,NOT_EVALUATED_IN_STEP05,1,observed_positive,TARGETED_CRISPR_VALIDATION_AND_RERANKING,0.914221708339355,3,0.890157537216361,0.0289945706382518,0.863708628414511,0.92115912704148,3,0.987733430977664,0.970588235294118,0.962250875049462,1,0.962250875049462,21,0.966783720965555,23,0.957718029133369,20,21,3,21,FALSE,21,TRUE,TRUE,22.391,23,6.85905549774607,9,38,29,0.958126514592749,0.956657581220874,0.935953722281721,0.97250524706854,0.033,0.4545,1,1,2,20,23,9,38,29,moderate,ROBUST_CORE_NOVEL,1,AGAP006939__SITE04,4,0.958535611924848,INTERMEDIATE,0.98134328358209,0.948460144927536,0.992004264392324,0.0625,AGAP006939__SITE02;AGAP006939__SITE03,1,1,1,1,218,AGAP006939__SITE03;AGAP006939__SITE04;AGAP006939__SITE05,1,1,1,1,117,0.977194586558666,MULTIPLEX_RESCUABLE,2,86,86,-65,DOWN
AGAP009338,3R,31538257,31540562,,,,FALSE,186,28,290,192,192,99,0.768966989310829,0.975940135895033,0.951377261886233,1,TRUE,1,307,232,207,207,25,0,207,0.990322580645161,0.00967741935483871,1,50,60,0.933088235294118,40,functional_region_reference_editable_multiplex_4plus,PENDING_TARGETED_AG1000G,FALSE,NOT_EVALUATED_IN_STEP05,1,observed_positive,TARGETED_CRISPR_VALIDATION_AND_RERANKING,0.994363347304524,3,0.991376403141109,0.00403152842091877,0.986775545599075,0.994291082526377,3,0.982607103625046,0.808823529411765,0.951377261886233,1,0.951377261886233,28,0.959478628412923,29,0.943275895359543,29,29,1,28,FALSE,27,TRUE,TRUE,29.981,30,2.84863060928827,25,38,13,0.949973193379224,0.950163213613361,0.942206861539362,0.952417874691552,0,0,1,1,2,28,29,25,38,13,high,ROBUST_CORE_NOVEL,1,AGAP009338__SITE05,5,0.784972582936567,INTERMEDIATE,0.920042643923241,0.700761798587886,0.999466950959488,0.371794871794872,AGAP009338__SITE03;AGAP009338__SITE05,1,1,1,1,167,AGAP009338__SITE03;AGAP009338__SITE04;AGAP009338__SITE05,1,1,1,1,167,0.881734920615112,MULTIPLEX_RESCUABLE,2,99,87,-59,DOWN
AGAP004078,2R,49503353,49510627,,,,FALSE,174,34,270,129,174,141,0.777981705479492,0.983130271790066,0.947335304442699,1,TRUE,2,348,263,258,258,5,0,258,0.927927927927928,0.0720720720720721,1,50,50,0.953676470588235,28,functional_region_reference_editable_multiplex_4plus,PENDING_TARGETED_AG1000G,FALSE,NOT_EVALUATED_IN_STEP05,1,observed_positive,TARGETED_CRISPR_VALIDATION_AND_RERANKING,0.939080792021968,3,0.947728477140242,0.028357764603256,0.916606446018211,0.972105795635207,3,0.984163310142805,0.867647058823529,0.947335304442699,1,0.947335304442699,34,0.955415242914704,38,0.939255365970693,31,34,7,34,FALSE,33,TRUE,TRUE,35.9395,29,16.1502400873002,25,104,79,0.942542892244404,0.951953023766301,0.851729002954044,0.958695327567428,0,0,0.886,0.959,-5,31,38,25,104,79,moderate,ROBUST_CORE_NOVEL,1,AGAP004078__SITE04,4,0.95377927265083,INTERMEDIATE,0.988805970149254,0.930225352112676,1,0.0985915492957746,AGAP004078__SITE03;AGAP004078__SITE04,1,1,1,1,82,AGAP004078__SITE03;AGAP004078__SITE04;AGAP004078__SITE05,1,1,1,1,88,0.974578599957957,MULTIPLEX_RESCUABLE,2,87,88,-54,DOWN
AGAP007775,3R,611974,614177,,,,FALSE,115,37,203,107,119,96,0.810467758102348,0.983130271790066,0.945342170769724,1,TRUE,1,244,204,196,196,8,0,196,1,0,1,50,55,0.918504901960784,49,functional_region_reference_editable_multiplex_4plus,PENDING_TARGETED_AG1000G,FALSE,NOT_EVALUATED_IN_STEP05,1,observed_positive,TARGETED_CRISPR_VALIDATION_AND_RERANKING,0.991039167509756,3,0.992749433925905,0.000542387158510258,0.992123139181963,0.993062581297875,3,0.989198095935555,0.767156862745098,0.945342170769724,1,0.945342170769724,37,0.956352178850537,34,0.934332162688911,37,37,3,37,FALSE,36,TRUE,TRUE,34.744,35,3.01993774969055,29,40,11,0.945355059192906,0.94594919490616,0.940312542210684,0.947878664482688,0,0,1,1,-2,34,37,29,40,11,high,ROBUST_CORE_NOVEL,1,AGAP007775__SITE05,5,0.895243175149892,INTERMEDIATE,0.960554371002132,0.91465811965812,1,0.0961538461538462,AGAP007775__SITE04;AGAP007775__SITE05,0.998326941680486,0.998933901918977,0.996555335097002,1,92,AGAP007775__SITE03;AGAP007775__SITE04;AGAP007775__SITE05,0.998326941680486,0.998933901918977,0.996555335097002,1,101,0.941630870088659,MULTIPLEX_RESCUABLE,2,96,89,-52,DOWN
AGAP000999,X,19002931,19007726,,,,FALSE,75,40,127,63,77,64,0.848093839382002,0.998315955951265,0.94075228260293,1,TRUE,1,364,298,254,254,44,0,254,0.968085106382979,0.0319148936170213,1,50,50,0.950245098039216,30,functional_region_reference_editable_multiplex_4plus,PENDING_TARGETED_AG1000G,FALSE,NOT_EVALUATED_IN_STEP05,1,observed_positive,TARGETED_CRISPR_VALIDATION_AND_RERANKING,0.908874114756468,3,0.905670376258612,0.0210603584278984,0.882063882063882,0.922532157826275,3,0.993042841450018,0.857843137254902,0.94075228260293,1,0.94075228260293,40,0.951720704147363,40,0.929783861058496,39,40,1,40,FALSE,39,TRUE,TRUE,38.7825,38,4.412474216849,31,46,15,0.939613277688925,0.941814574841693,0.920807203834321,0.950204515584574,0,0,1,1,-2,39,40,31,46,15,high,ROBUST_CORE_NOVEL,1,AGAP000999__SITE02,2,0.961379860141442,INTERMEDIATE,0.991217798594848,0.950356406878146,0.999414519906323,0.0641025641025641,AGAP000999__SITE01;AGAP000999__SITE02,0.96974527175525,0.992388758782201,0.951410425323469,0.888888888888889,35,,,,,,,0.96433235835808,MULTIPLEX_RESCUABLE,2,92,90,-50,DOWN
AGAP004239,2R,52969440,52972940,,,,FALSE,42,47,53,36,42,17,0.901422119735028,0.995152881911902,0.929899425386965,1,TRUE,1,270,217,149,149,68,0,149,0.957446808510638,0.0425531914893617,1,50,50,0.880759803921569,69,functional_region_reference_editable_multiplex_4plus,PENDING_TARGETED_AG1000G,FALSE,NOT_EVALUATED_IN_STEP05,1,observed_positive,TARGETED_CRISPR_VALIDATION_AND_RERANKING,0.999710940887412,3,0.999012381365323,0.000441545087917876,0.998626969215205,0.99949414655297,3,0.996246796045405,0.659313725490196,0.929899425386965,1,0.929899425386965,47,0.946572871672625,46,0.913225979101305,48,47,2,47,FALSE,46,TRUE,TRUE,46.604,47,2.24893593871151,42,50,8,0.929676983560111,0.92966095161908,0.929010568615755,0.929921104820409,0,0,1,1,0,46,48,42,50,8,high,ROBUST_CORE_NOVEL,1,AGAP004239__SITE01,1,0.950501698239571,INTERMEDIATE,0.989872068230277,0.922339743589744,1,0.115384615384615,AGAP004239__SITE04;AGAP004239__SITE05,1,1,1,1,189,AGAP004239__SITE01;AGAP004239__SITE02;AGAP004239__SITE03,1,1,1,1,325,0.972775934031764,MULTIPLEX_RESCUABLE,2,88,91,-44,DOWN
AGAP007063,2L,42126194,42127751,,,,FALSE,62,53,104,58,63,46,0.872364831143745,0.985956537019681,0.922152576340333,1,TRUE,1,181,156,149,149,7,0,149,0.973118279569892,0.0268817204301075,1,50,55,0.880759803921569,71,functional_region_reference_editable_multiplex_4plus,PENDING_TARGETED_AG1000G,FALSE,NOT_EVALUATED_IN_STEP05,1,observed_positive,TARGETED_CRISPR_VALIDATION_AND_RERANKING,0.97709206532736,3,0.974490533314063,0.00413111892699996,0.969721057956352,0.976947535771065,3,0.994324423288173,0.659313725490196,0.922152576340333,1,0.922152576340333,53,0.939764729128273,53,0.904540423552394,53,53,0,53,FALSE,52,FALSE,TRUE,53.3195,53,4.65126185765048,45,65,20,0.920709094623322,0.922065858606557,0.90814766233542,0.928526329772911,0,0,0.2235,1,0,53,53,45,65,20,variable,EXTENDED_TOP100_NOVEL,2,AGAP007063__SITE02,2,0.962461355195852,INTERMEDIATE,0.987206823027719,0.949089201877934,1,0.0533333333333333,AGAP007063__SITE01;AGAP007063__SITE02,1,1,1,1,60,AGAP007063__SITE01;AGAP007063__SITE02;AGAP007063__SITE03,1,1,1,1,77,0.979353745357719,MULTIPLEX_RESCUABLE,2,84,92,-39,DOWN
AGAP007896,3R,2567748,2570697,,,,FALSE,117,54,209,99,120,110,0.805704800220305,0.989910379568885,0.920444542784991,1,TRUE,1,218,186,157,157,29,0,157,0.947826086956522,0.0521739130434783,1,50,55,0.892769607843137,63,functional_region_reference_editable_multiplex_4plus,PENDING_TARGETED_AG1000G,FALSE,NOT_EVALUATED_IN_STEP05,1,observed_positive,TARGETED_CRISPR_VALIDATION_AND_RERANKING,0.957219251336898,3,0.951076745194392,0.00800183551741597,0.943850267379679,0.959676253793901,3,0.989106554375686,0.693627450980392,0.920444542784991,1,0.920444542784991,54,0.936812863106695,55,0.904076222463287,54,54,1,54,FALSE,53,FALSE,TRUE,55.4185,55,2.13439348944469,49,59,10,0.917926021322352,0.9181898817068,0.911122386404011,0.926558143016238,0,0,0.033,1,1,54,55,49,59,10,variable,EXTENDED_TOP100_NOVEL,2,AGAP007896__SITE05,5,0.908191668147358,INTERMEDIATE,0.961620469083156,0.873164682539683,1,0.166666666666667,AGAP007896__SITE04;AGAP007896__SITE05,0.98300796097154,0.988805970149254,0.965747929606625,1,54,AGAP007896__SITE03;AGAP007896__SITE04;AGAP007896__SITE05,0.986831921525911,0.990938166311301,0.974230072463768,1,326,0.942432594001396,MULTIPLEX_RESCUABLE,2,95,93,-39,DOWN
AGAP005406,2L,15181478,15184552,,,,FALSE,58,55,86,56,59,30,0.880052686125536,0.9845946579194,0.919194550436608,1,TRUE,1,288,238,213,213,25,0,213,0.963210702341137,0.0367892976588629,1,50,60,0.935661764705882,39,functional_region_reference_editable_multiplex_4plus,PENDING_TARGETED_AG1000G,FALSE,NOT_EVALUATED_IN_STEP05,1,observed_positive,TARGETED_CRISPR_VALIDATION_AND_RERANKING,0.862046538517127,3,0.856939827528063,0.0228366227329761,0.831334007804596,0.875198728139905,3,0.994690589527645,0.816176470588235,0.919194550436608,1,0.919194550436608,55,0.934752458934104,57,0.903636641939111,55,55,2,55,FALSE,54,FALSE,TRUE,55.3715,53,6.93264152464662,44,72,28,0.918103608826548,0.919866612873376,0.895520609115607,0.93361137367696,0,0,0.2435,1,-2,55,57,44,72,28,variable,EXTENDED_TOP100_NOVEL,2,AGAP005406__SITE01,1,0.860140332384546,INTERMEDIATE,0.933901918976546,0.811862587224906,0.999466950959488,0.246376811594203,AGAP005406__SITE01;AGAP005406__SITE02,1,1,1,1,96,AGAP005406__SITE01;AGAP005406__SITE02;AGAP005406__SITE03,1,1,1,1,97,0.9230771828115,MULTIPLEX_RESCUABLE,2,97,94,-39,DOWN
AGAP004467,2R,56722803,56725057,,,,FALSE,32,60,33,23,32,10,0.918607356469775,0.994669634489222,0.915008094307855,1,TRUE,1,179,150,149,149,1,0,149,0.978142076502732,0.0218579234972678,1,50,45,0.880759803921569,70,functional_region_reference_editable_multiplex_4plus,PENDING_TARGETED_AG1000G,FALSE,NOT_EVALUATED_IN_STEP05,1,observed_positive,TARGETED_CRISPR_VALIDATION_AND_RERANKING,0.948547477959243,3,0.94214000096353,0.0299654364438135,0.907573348749819,0.960760225466108,3,0.997162211644086,0.659313725490196,0.915008094307855,1,0.915008094307855,60,0.934331255299792,59,0.895684933315918,59,59,1,60,FALSE,59,FALSE,TRUE,58.6255,56,6.38087827448361,48,70,22,0.913881186517712,0.91765298518804,0.900309438432729,0.927994074940895,0,0,0.084,1,-4,59,60,48,70,22,variable,EXTENDED_TOP100_NOVEL,2,AGAP004467__SITE01,1,0.943876126464746,INTERMEDIATE,0.986140724946695,0.941613247863248,0.995735607675906,0.0625,AGAP004467__SITE01;AGAP004467__SITE02,1,1,1,1,66,AGAP004467__SITE01;AGAP004467__SITE02;AGAP004467__SITE03,1,1,1,1,69,0.96913186955561,MULTIPLEX_RESCUABLE,2,91,95,-35,DOWN
AGAP008381,3R,10151305,10152990,,,,FALSE,123,73,186,124,124,69,0.830052816872005,0.95649308809747,0.894727926329688,1,TRUE,1,176,149,149,149,0,0,149,0.972375690607735,0.0276243093922652,1,50,55,0.880759803921569,72,functional_region_reference_editable_multiplex_4plus,PENDING_TARGETED_AG1000G,FALSE,NOT_EVALUATED_IN_STEP05,1,observed_positive,TARGETED_CRISPR_VALIDATION_AND_RERANKING,0.893915305680012,3,0.880498145204028,0.0366785100255103,0.840222575516693,0.911981500216794,3,0.989381179055291,0.659313725490196,0.894727926329688,1,0.894727926329688,73,0.916004592676707,75,0.87345125998267,73,73,2,73,FALSE,71,FALSE,TRUE,74.6275,72,6.93713237965273,63,87,24,0.891504844959548,0.893340442589263,0.873286966653434,0.906066270020973,0,0,0,1,-1,73,75,63,87,24,variable,EXTENDED_TOP100_NOVEL,2,AGAP008381__SITE04,4,0.761270544598436,INTERMEDIATE,0.872068230277186,0.825327380952381,0.998933901918977,0.151785714285714,AGAP008381__SITE03;AGAP008381__SITE05,0.984187741846324,0.986140724946695,0.97501102292769,1,135,AGAP008381__SITE03;AGAP008381__SITE04;AGAP008381__SITE05,0.988951620863934,0.992537313432836,0.978097442680776,1,135,0.862297865212627,MULTIPLEX_RESCUABLE,2,100,96,-23,DOWN
AGAP007570,2L,47765985,47767304,,,,FALSE,106,81,153,108,108,56,0.847143076079805,0.95649308809747,0.883414937052906,1,TRUE,1,186,173,173,173,0,0,173,1,0,1,50,60,0.907352941176471,55,functional_region_reference_editable_multiplex_4plus,PENDING_TARGETED_AG1000G,FALSE,NOT_EVALUATED_IN_STEP05,1,observed_positive,TARGETED_CRISPR_VALIDATION_AND_RERANKING,0.802500361323891,3,0.800741918388977,0.0659446226727435,0.725610637375343,0.849038878450643,3,0.991212010252655,0.735294117647059,0.883414937052906,1,0.883414937052906,81,0.905646414129624,84,0.861183459976188,79,81,5,81,FALSE,79,FALSE,TRUE,73.478,72,11.0096831271967,55,110,55,0.89083473398888,0.89364762963854,0.830105210213768,0.911619879963732,0,0,0,0.9675,-9,79,84,55,110,55,variable,EXTENDED_TOP100_NOVEL,2,AGAP007570__SITE05,5,0.920984035222946,INTERMEDIATE,0.967484008528785,0.900162754303599,1,0.126760563380282,AGAP007570__SITE01;AGAP007570__SITE05,0.999360305255827,0.999466950959488,0.998933782267116,1,361,AGAP007570__SITE01;AGAP007570__SITE03;AGAP007570__SITE05,1,1,1,1,361,0.956349310949368,MULTIPLEX_RESCUABLE,2,94,97,-16,DOWN
AGAP006233,2L,28565893,28567186,,,,FALSE,15,88,19,17,17,6,0.950904939025651,0.981416940018744,0.873010272729725,1,TRUE,1,112,91,80,80,11,0,80,0.991150442477876,0.00884955752212389,1,50,50,0.793259803921569,121,functional_region_reference_editable_multiplex_4plus,PENDING_TARGETED_AG1000G,FALSE,NOT_EVALUATED_IN_STEP05,1,observed_positive,TARGETED_CRISPR_VALIDATION_AND_RERANKING,0.972322589969649,3,0.969672881437587,0.00837315657559929,0.963795346148287,0.979260008671773,3,0.998901501281582,0.409313725490196,0.873010272729725,1,0.873010272729725,88,0.903818607084891,86,0.842201938374559,91,88,5,88,FALSE,86,FALSE,TRUE,87.5205,88,3.26985102303705,80,94,14,0.871728270272722,0.871102482586641,0.860045971530129,0.880706471602394,0,0,0,1,0,86,91,80,94,14,variable,EXTENDED_TOP100_NOVEL,2,AGAP006233__SITE05,5,0.965852706166139,INTERMEDIATE,0.992537313432836,0.955676767676768,1,0.0545454545454545,AGAP006233__SITE04;AGAP006233__SITE05,1,1,1,1,117,AGAP006233__SITE03;AGAP006233__SITE04;AGAP006233__SITE05,1,1,1,1,176,0.981218988391376,MULTIPLEX_RESCUABLE,2,83,98,-10,DOWN
AGAP004057,2R,49099419,49101066,,,,FALSE,70,89,115,69,74,46,0.863251282919333,0.983130271790066,0.872394629388943,1,TRUE,1,165,145,144,144,1,0,144,0.988023952095808,0.0119760479041916,1,50,50,0.869607843137255,76,functional_region_reference_editable_multiplex_4plus,PENDING_TARGETED_AG1000G,FALSE,NOT_EVALUATED_IN_STEP05,1,observed_positive,TARGETED_CRISPR_VALIDATION_AND_RERANKING,0.834152334152334,3,0.839668545550899,0.0530531923315592,0.785373608903021,0.891386038444862,3,0.993317466129623,0.627450980392157,0.872394629388943,1,0.872394629388943,89,0.898646210274681,88,0.846143048503205,88,88,1,89,FALSE,87,FALSE,TRUE,83.9505,85,8.53647968970502,69,102,33,0.876172812652421,0.879245330357291,0.845577170218543,0.893206885495317,0,0,0,0.9575,-4,88,89,69,102,33,variable,EXTENDED_TOP100_NOVEL,2,AGAP004057__SITE05,5,0.958915843917061,INTERMEDIATE,0.985607675906183,0.940812629399586,1,0.0625,AGAP004057__SITE04;AGAP004057__SITE05,0.988911131454529,0.995202558635394,0.97263198757764,1,74,AGAP004057__SITE03;AGAP004057__SITE04;AGAP004057__SITE05,0.988911131454529,0.995202558635394,0.97263198757764,1,95,0.972413723308922,MULTIPLEX_RESCUABLE,2,89,99,-10,DOWN
AGAP011377,3L,22492561,22493419,Hammond female-fertility target 2,population-suppression female-fertility,Hammond et al. Nature Biotechnology 2016,TRUE,315,189,165,615,315,450,0.927739380447995,,0.628985409121345,0.5,TRUE,1,95,82,65,65,17,0,65,0.95,0.05,1,50,55,0.749509803921569,148,functional_region_reference_editable_multiplex_4plus,PENDING_TARGETED_AG1000G,FALSE,NOT_EVALUATED_IN_STEP05,0,unlabeled_not_negative,TARGETED_CRISPR_VALIDATION_AND_RERANKING,0.288315629742033,3,,,,,,0.971255950201391,0.284313725490196,0.628985409121345,1,0.628985409121345,189,0.697479536379873,192,0.560491281862817,189,189,3,189,TRUE,,FALSE,FALSE,189.749,189,3.81172711927492,185,196,11,0.627616928739814,0.628985409121345,0.61686748152542,0.63594400439557,0,0,0,0,0,189,192,185,196,11,variable,EXTERNAL_BENCHMARK,3,AGAP011377__SITE05,5,0.930653762437811,INTERMEDIATE,0.962153518123667,0.899672619047619,0.964818763326226,0.125,AGAP011377__SITE04;AGAP011377__SITE05,0.998831956289979,0.999466950959488,0.997172619047619,1,53,AGAP011377__SITE03;AGAP011377__SITE04;AGAP011377__SITE05,0.998831956289979,0.999466950959488,0.997172619047619,1,78,0.961333949671286,MULTIPLEX_RESCUABLE,2,93,100,89,UP
AGAP004962,2L,7214056,7216539,,,,FALSE,4,78,6,3,4,3,0.972019486029729,0.997993791002812,0.888584564617369,1,TRUE,1,152,109,94,94,15,0,94,0.95,0.05,1,50,52.5,0.807843137254902,113,functional_region_reference_editable_multiplex_4plus,PENDING_TARGETED_AG1000G,FALSE,NOT_EVALUATED_IN_STEP05,1,observed_positive,TARGETED_CRISPR_VALIDATION_AND_RERANKING,0.995085995085995,3,0.991737727031845,0.00595443062310755,0.987209134267958,0.99848243965891,3,0.999725375320395,0.450980392156863,0.888584564617369,1,0.888584564617369,78,0.916253782787265,73,0.860915346447472,80,78,7,78,FALSE,76,FALSE,TRUE,78.4505,78,3.30439241837699,73,87,14,0.886685511285962,0.887522272378606,0.875511866250553,0.889820292323685,0,0,0,1,0,73,80,73,87,14,variable,EXTENDED_TOP100_NOVEL,2,AGAP004962__SITE01,1,0.997464947987336,ROBUST,0.999466950959488,0.994242424242424,1,0.00909090909090909,,,,,,,,,,,,,0.997464947987336,INTERMEDIATE,3,101,101,-23,DOWN
AGAP006935,2L,40147693,40156760,,,,FALSE,107,48,197,94,108,103,0.812378260112219,0.989251405810684,0.928455130487892,1,TRUE,2,335,238,169,169,69,0,169,0.921015514809591,0.078984485190409,1,50,55,0.905637254901961,56,functional_region_reference_editable_multiplex_4plus,PENDING_TARGETED_AG1000G,FALSE,NOT_EVALUATED_IN_STEP05,1,observed_positive,TARGETED_CRISPR_VALIDATION_AND_RERANKING,0.957580575227634,3,0.961025196319314,0.0254844107796179,0.933805463217228,0.984318543142072,3,0.990205053094105,0.730392156862745,0.928455130487892,1,0.928455130487892,48,0.943076999192783,50,0.913833261783,47,48,3,48,FALSE,47,TRUE,TRUE,48.197,50,5.20247286027817,37,59,22,0.927253070941715,0.924487794167614,0.91540411155452,0.93693178896455,0,0,0.537,1,2,47,50,37,59,22,variable,EXTENDED_TOP100_NOVEL,2,AGAP006935__SITE02,2,0.397574203259067,CONCERN,0.584754797441365,0.0463067632850241,1,0.986666666666667,AGAP006935__SITE01;AGAP006935__SITE02,0.385064736874633,0.585287846481876,0.0463067632850241,0.2,26,,,,,,,0.393159097476326,CONCERN,4,102,102,-54,DOWN
AGAP007365,2L,46084249,46087214,,,,FALSE,7,49,10,6,7,4,0.960967418128667,0.997847352389878,0.928248283255068,1,TRUE,1,241,191,148,148,43,0,148,0.94140625,0.05859375,1,50,50,0.876470588235294,73,functional_region_reference_editable_multiplex_4plus,PENDING_TARGETED_AG1000G,FALSE,NOT_EVALUATED_IN_STEP05,1,observed_positive,TARGETED_CRISPR_VALIDATION_AND_RERANKING,0.997037144095968,3,0.992219492219492,0.00575689241346673,0.985980633039457,0.997326203208556,3,0.999450750640791,0.647058823529412,0.928248283255068,1,0.928248283255068,49,0.945988559937878,47,0.910508006572258,51,49,4,49,FALSE,48,TRUE,TRUE,49.5615,50,3.52241699131866,43,56,13,0.92588584287351,0.927142632149417,0.919533151010524,0.928681871923951,0,0,0.6255,1,1,47,51,43,56,13,variable,EXTENDED_TOP100_NOVEL,2,,,,,,,,,,,,,,,,,,,,,,UNRESOLVED,5,103,103,-54,DOWN
AGAP012461,UNKN,4121046,4160150,,,,FALSE,20,98,22,15,20,7,0.938498844542137,0.992663425492034,0.850285387218637,1,TRUE,1,154,95,70,70,25,0,70,0.895348837209302,0.104651162790698,1,50,45,0.758946078431373,143,functional_region_reference_editable_multiplex_4plus,PENDING_TARGETED_AG1000G,FALSE,NOT_EVALUATED_IN_STEP05,1,observed_positive,TARGETED_CRISPR_VALIDATION_AND_RERANKING,0.963000433588669,3,0.96767355590885,0.0152648689041572,0.951727128197716,0.982150599797659,3,0.998260710362505,0.311274509803922,0.850285387218637,1,0.850285387218637,98,0.886397711085258,96,0.814173063352016,102,98,6,98,FALSE,96,FALSE,TRUE,97.3105,96,3.59214998583862,92,105,13,0.852326527556837,0.852128139061389,0.839749182564786,0.860106170568833,0,0,0,0.8135,-2,96,102,92,105,13,variable,EXTENDED_TOP100_NOVEL,2,,,,,,,,,,,,,,,,,,,,,,UNRESOLVED,5,104,104,-6,DOWN
AGAP012499,UNKN,8385983,8388466,,,,FALSE,161,100,247,131,161,116,0.79345080065531,0.971839854732896,0.849734535209582,1,TRUE,1,142,98,96,96,2,0,96,1,0,1,50,45,0.811274509803922,111,functional_region_reference_editable_multiplex_4plus,PENDING_TARGETED_AG1000G,FALSE,NOT_EVALUATED_IN_STEP05,1,observed_positive,TARGETED_CRISPR_VALIDATION_AND_RERANKING,0.883003324179795,3,0.870525605819724,0.022276587331704,0.850845497904322,0.89471021823963,3,0.985353350421091,0.46078431372549,0.849734535209582,1,0.849734535209582,100,0.881080488356427,101,0.818388582062737,97,100,4,100,FALSE,98,FALSE,TRUE,102.0065,101,6.50589125796998,92,128,36,0.845512324630018,0.846981247162176,0.797010153073435,0.861484788136306,0,0,0,0.4675,1,97,101,92,128,36,variable,EXTENDED_TOP100_NOVEL,2,,,,,,,,,,,,,,,,,,,,,,UNRESOLVED,5,105,105,-5,DOWN
AGAP012519,UNKN,10717918,10720303,,,,FALSE,5,102,9,5,5,4,0.961991190327534,0.999619259606373,0.847453858634852,1,TRUE,1,120,73,73,73,0,0,73,0.975609756097561,0.024390243902439,1,50,45,0.768382352941177,136,functional_region_reference_editable_multiplex_4plus,PENDING_TARGETED_AG1000G,FALSE,NOT_EVALUATED_IN_STEP05,1,observed_positive,TARGETED_CRISPR_VALIDATION_AND_RERANKING,0.933299609770198,3,0.914896179602062,0.0302940581087022,0.883147853736089,0.943488943488943,3,0.999633833760527,0.338235294117647,0.847453858634852,1,0.847453858634852,102,0.883840496816513,100,0.811067220453192,104,102,4,102,FALSE,100,FALSE,TRUE,102.4455,102,4.31083766925935,96,112,16,0.845091277336977,0.848147600505065,0.830435503381203,0.852830358128999,0,0,0,0.4075,0,100,104,96,112,16,variable,EXTENDED_TOP100_NOVEL,2,,,,,,,,,,,,,,,,,,,,,,UNRESOLVED,5,106,106,-4,DOWN
