population_site_id,gene_id,min_population_n,populations_assessed_sensitivity,population_q10_sensitivity,population_breadth_sensitivity,max_alt_af_sensitivity,site_score_sensitivity,class_sensitivity
AGAP007999__SITE01,AGAP007999,10,11,0.791304347826087,0.727272727272727,0.270833333333333,0.864082063566976,INTERMEDIATE
AGAP007999__SITE02,AGAP007999,10,11,0.98865039281706,1,0.00892857142857143,0.993977630187207,ROBUST
AGAP007999__SITE03,AGAP007999,10,11,0.989548260381594,1,0.00892857142857143,0.994441969146571,ROBUST
AGAP007999__SITE04,AGAP007999,10,11,0.400854700854701,0,0.708333333333333,0.493319574289724,CONCERN
AGAP007999__SITE05,AGAP007999,10,11,0.942828282828283,0.909090909090909,0.0416666666666667,0.965558624625789,ROBUST
AGAP005917__SITE01,AGAP005917,10,11,0.976388888888889,1,0.02,0.990044983416252,ROBUST
AGAP005917__SITE02,AGAP005917,10,11,0.998204264870932,1,0.00336700336700337,0.998841231552675,ROBUST
AGAP005917__SITE03,AGAP005917,10,11,0,0,1,0.157222814498934,CONCERN
AGAP005917__SITE04,AGAP005917,10,11,0,0,1,0.155303837953092,CONCERN
AGAP005917__SITE05,AGAP005917,10,11,0.973126823793491,1,0.0202020202020202,0.985664489002797,ROBUST
AGAP011966__SITE01,AGAP011966,10,11,0.965144927536232,1,0.025,0.984388577299836,ROBUST
AGAP011966__SITE02,AGAP011966,10,11,0.299752454118651,0,0.709090909090909,0.406747572727182,CONCERN
AGAP011966__SITE03,AGAP011966,10,11,0.299752454118651,0,0.709090909090909,0.408133500232512,CONCERN
AGAP011966__SITE04,AGAP011966,10,11,0.986634920634921,1,0.0133333333333333,0.992846718787018,ROBUST
AGAP011966__SITE05,AGAP011966,10,11,0.00933333333333333,0,1,0.0770668088130775,CONCERN
AGAP004036__SITE01,AGAP004036,10,11,0.664190821256039,0.181818181818182,0.333333333333333,0.679949785820568,CONCERN
AGAP004036__SITE02,AGAP004036,10,11,0.25503530286139,0,0.756410256410256,0.359333151886689,CONCERN
AGAP004036__SITE03,AGAP004036,10,11,0.904166666666667,0.818181818181818,0.125,0.931684717645539,INTERMEDIATE
AGAP004036__SITE04,AGAP004036,10,11,0.904166666666667,0.818181818181818,0.125,0.931498150481359,INTERMEDIATE
AGAP004036__SITE05,AGAP004036,10,11,0.841551627384961,0.545454545454545,0.1125,0.84793370060472,INTERMEDIATE
AGAP004825__SITE01,AGAP004825,10,11,1,1,0,0.95,UNRESOLVED_ACCESSIBILITY
AGAP004825__SITE02,AGAP004825,10,11,0.468115942028985,0.454545454545455,0.5625,0.688342466802071,CONCERN
AGAP004825__SITE03,AGAP004825,10,11,0.736036695456985,0.454545454545455,0.276094276094276,0.77039712946862,INTERMEDIATE
AGAP004825__SITE04,AGAP004825,10,11,0.91304347826087,0.909090909090909,0.125,0.94490169142992,INTERMEDIATE
AGAP004825__SITE05,AGAP004825,10,11,0.973787878787879,1,0.0272727272727273,0.989120549848162,ROBUST
AGAP003595__SITE01,AGAP003595,10,11,0.962222222222222,1,0.0416666666666667,0.980738569059465,ROBUST
AGAP003595__SITE02,AGAP003595,10,11,0.753271173271173,0.636363636363636,0.391025641025641,0.822761459104743,INTERMEDIATE
AGAP003595__SITE03,AGAP003595,10,11,0.900657276995305,0.545454545454545,0.1,0.880937724947605,INTERMEDIATE
AGAP003595__SITE04,AGAP003595,10,11,0.981280193236715,1,0.0208333333333333,0.990704732033415,ROBUST
AGAP003595__SITE05,AGAP003595,10,11,0.961696400625978,0.909090909090909,0.02,0.972095838865547,ROBUST
AGAP007413__SITE01,AGAP007413,10,11,0.800297287253809,0.272727272727273,0.217391304347826,0.790086499771769,INTERMEDIATE
AGAP007413__SITE02,AGAP007413,10,11,0.892584567232455,0.636363636363636,0.0666666666666667,0.895995854284692,INTERMEDIATE
AGAP007413__SITE03,AGAP007413,10,11,0.982694334650857,1,0.0181818181818182,0.990657107601462,ROBUST
AGAP007413__SITE04,AGAP007413,10,11,0.942948717948718,0.909090909090909,0.0705128205128205,0.96145145277608,INTERMEDIATE
AGAP007413__SITE05,AGAP007413,10,11,0.186111111111111,0,0.833333333333333,0.36479359156598,CONCERN
AGAP009600__SITE01,AGAP009600,10,11,0.781568190263843,0.727272727272727,0.346153846153846,0.851957124280291,INTERMEDIATE
AGAP009600__SITE02,AGAP009600,10,11,0.988193236714976,1,0.016304347826087,0.99448503857524,ROBUST
AGAP009600__SITE03,AGAP009600,10,11,0.82548309178744,0.454545454545455,0.208333333333333,0.826107317496837,INTERMEDIATE
AGAP009600__SITE04,AGAP009600,10,11,0.765821256038647,0.454545454545455,0.208333333333333,0.805674800990343,INTERMEDIATE
AGAP009600__SITE05,AGAP009600,10,11,0.940338164251208,0.909090909090909,0.0833333333333333,0.958823799316986,INTERMEDIATE
AGAP005763__SITE01,AGAP005763,10,11,0.983852813852813,1,0.0133928571428571,0.992465069134845,ROBUST
AGAP005763__SITE02,AGAP005763,10,11,0.00624999999999998,0,1,0.161557169509595,CONCERN
AGAP005763__SITE03,AGAP005763,10,11,0.00624999999999998,0,1,0.168913246268657,CONCERN
AGAP005763__SITE04,AGAP005763,10,11,0.827615283267457,0.545454545454545,0.2,0.847773175342935,INTERMEDIATE
AGAP005763__SITE05,AGAP005763,10,11,0.832463768115942,0.454545454545455,0.2,0.834149572577542,INTERMEDIATE
AGAP011204__SITE01,AGAP011204,10,11,0.829589371980676,0.272727272727273,0.202898550724638,0.801470736614312,INTERMEDIATE
AGAP011204__SITE02,AGAP011204,10,11,0.83762077294686,0.181818181818182,0.202898550724638,0.787097020660859,INTERMEDIATE
AGAP011204__SITE03,AGAP011204,10,11,0.445772946859903,0,0.398550724637681,0.567616948899395,CONCERN
AGAP011204__SITE04,AGAP011204,10,11,0.56280193236715,0.181818181818182,0.398550724637681,0.645842018497762,CONCERN
AGAP011204__SITE05,AGAP011204,10,11,0.802415458937198,0.181818181818182,0.145833333333333,0.784748482554291,INTERMEDIATE
AGAP009921__SITE01,AGAP009921,10,11,0.975643192488263,1,0.028169014084507,0.989228225071824,ROBUST
AGAP009921__SITE02,AGAP009921,10,11,0.990046948356808,1,0.0125,0.995835297856793,ROBUST
AGAP009921__SITE03,AGAP009921,10,11,0.993908212560386,1,0.00666666666666667,0.997250684980892,ROBUST
AGAP009921__SITE04,AGAP009921,10,11,0.811498079385404,0.727272727272727,0.236363636363636,0.876015632465076,INTERMEDIATE
AGAP009921__SITE05,AGAP009921,10,11,0.932744344857021,0.818181818181818,0.0633802816901408,0.945097718832215,INTERMEDIATE
AGAP002300__SITE01,AGAP002300,10,11,0.834420289855073,0.545454545454545,0.201086956521739,0.842222874194808,INTERMEDIATE
AGAP002300__SITE02,AGAP002300,10,11,0.0698067632850241,0,0.942028985507246,0.269917235767333,CONCERN
AGAP002300__SITE03,AGAP002300,10,11,0.974103558549364,1,0.036231884057971,0.987104193768857,ROBUST
AGAP002300__SITE04,AGAP002300,10,11,0.974103558549364,1,0.036231884057971,0.986624449632397,ROBUST
AGAP002300__SITE05,AGAP002300,10,11,0.990341880341881,1,0.0125,0.995535896524703,ROBUST
AGAP004038__SITE01,AGAP004038,10,11,0.979752016371734,1,0.0256410256410256,0.990348315174887,ROBUST
AGAP004038__SITE02,AGAP004038,10,11,0.635042735042735,0.454545454545455,0.538461538461538,0.735782915260527,CONCERN
AGAP004038__SITE03,AGAP004038,10,11,0,0,1,0.153731343283582,CONCERN
AGAP004038__SITE04,AGAP004038,10,11,1,1,0,0.95,UNRESOLVED_ACCESSIBILITY
AGAP004038__SITE05,AGAP004038,10,11,0.635748792270532,0.181818181818182,0.333333333333333,0.67870281801982,CONCERN
AGAP003769__SITE01,AGAP003769,10,11,0.922141414141414,0.636363636363636,0.0666666666666667,0.909994874114277,INTERMEDIATE
AGAP003769__SITE02,AGAP003769,10,11,0.894424242424243,0.818181818181818,0.136363636363636,0.925367545389934,INTERMEDIATE
AGAP003769__SITE03,AGAP003769,10,11,0.938666666666667,0.818181818181818,0.0625,0.946986156877948,INTERMEDIATE
AGAP003769__SITE04,AGAP003769,10,11,0.781920614596671,0.363636363636364,0.17948717948718,0.799107807090254,INTERMEDIATE
AGAP003769__SITE05,AGAP003769,10,11,0.858583013230901,0.636363636363636,0.136363636363636,0.886202741096056,INTERMEDIATE
AGAP002004__SITE01,AGAP002004,10,11,0.855378648703817,0.636363636363636,0.108695652173913,0.885423245824622,INTERMEDIATE
AGAP002004__SITE02,AGAP002004,10,11,0.987784679089027,1,0.00641025641025641,0.994812606817798,ROBUST
AGAP002004__SITE03,AGAP002004,10,11,0.968025362318841,1,0.0223214285714286,0.98401726808504,ROBUST
AGAP002004__SITE04,AGAP002004,10,11,0.932222222222222,0.909090909090909,0.0448717948717949,0.953124976184678,ROBUST
AGAP002004__SITE05,AGAP002004,10,11,0.924456521739131,0.727272727272727,0.0869565217391304,0.917570154942397,INTERMEDIATE
AGAP009488__SITE01,AGAP009488,10,11,0.869444444444445,0.636363636363636,0.166666666666667,0.875759864099416,INTERMEDIATE
AGAP009488__SITE02,AGAP009488,10,11,0.995349631581515,1,0.0072463768115942,0.997739635885861,ROBUST
AGAP009488__SITE03,AGAP009488,10,11,0.969076682316119,1,0.0266666666666667,0.987177130778035,ROBUST
AGAP009488__SITE04,AGAP009488,10,11,0.969076682316119,1,0.0266666666666667,0.987177130778035,ROBUST
AGAP009488__SITE05,AGAP009488,10,11,0.95389898989899,1,0.0466666666666667,0.97989017036032,ROBUST
AGAP005127__SITE01,AGAP005127,10,11,0.930666666666667,0.818181818181818,0.0833333333333333,0.937865510111779,INTERMEDIATE
AGAP005127__SITE02,AGAP005127,10,11,0.988574635241302,1,0.0134680134680135,0.993691313753503,ROBUST
AGAP005127__SITE03,AGAP005127,10,11,0.965333333333333,1,0.0416666666666667,0.984448116560057,ROBUST
AGAP005127__SITE04,AGAP005127,10,11,0.94927536231884,0.909090909090909,0.0760869565217391,0.959543930544904,INTERMEDIATE
AGAP005127__SITE05,AGAP005127,10,11,0.989602503912363,1,0.0133333333333333,0.99436153571512,ROBUST
AGAP010711__SITE01,AGAP010711,10,11,0.982905982905983,1,0.0320512820512821,0.991588531700472,ROBUST
AGAP010711__SITE02,AGAP010711,10,11,0.982905982905983,1,0.0320512820512821,0.991588531700472,ROBUST
AGAP010711__SITE03,AGAP010711,10,11,0.975632850241545,1,0.0266666666666667,0.987989946746598,ROBUST
AGAP010711__SITE04,AGAP010711,10,11,0.94498506188647,0.909090909090909,0.0633802816901408,0.962007481342146,INTERMEDIATE
AGAP010711__SITE05,AGAP010711,10,11,0.94498506188647,0.909090909090909,0.0633802816901408,0.9621673960543,INTERMEDIATE
AGAP005321__SITE01,AGAP005321,10,11,0.972249253094324,1,0.028169014084507,0.987580166662572,ROBUST
AGAP005321__SITE02,AGAP005321,10,11,0.804861111111111,0.545454545454545,0.291666666666667,0.833717539197949,INTERMEDIATE
AGAP005321__SITE03,AGAP005321,10,11,0.804861111111111,0.545454545454545,0.291666666666667,0.833717539197949,INTERMEDIATE
AGAP005321__SITE04,AGAP005321,10,11,0.94,0.909090909090909,0.0833333333333333,0.957806422433288,INTERMEDIATE
AGAP005321__SITE05,AGAP005321,10,11,0.94,0.909090909090909,0.0833333333333333,0.957806422433288,INTERMEDIATE
AGAP001099__SITE01,AGAP001099,10,11,0.991285874619208,1,0.0133928571428571,0.995389432407467,ROBUST
AGAP001099__SITE02,AGAP001099,10,11,0.996047779381113,1,0.00446428571428571,0.997952509877261,ROBUST
AGAP001099__SITE03,AGAP001099,10,11,0.996047779381113,1,0.00446428571428571,0.998005814781312,ROBUST
AGAP001099__SITE04,AGAP001099,10,11,1,1,0,1,ROBUST
AGAP001099__SITE05,AGAP001099,10,11,0.50770579029734,0.636363636363636,0.54,0.72677651541694,CONCERN
AGAP006939__SITE01,AGAP006939,10,11,0.790222222222222,0.272727272727273,0.270833333333333,0.782649969847731,CONCERN
AGAP006939__SITE02,AGAP006939,10,11,0.790222222222222,0.363636363636364,0.270833333333333,0.803375885722901,INTERMEDIATE
AGAP006939__SITE03,AGAP006939,10,11,0.939975845410628,0.909090909090909,0.0597826086956522,0.95842304686805,INTERMEDIATE
AGAP006939__SITE04,AGAP006939,10,11,0.951449275362319,0.909090909090909,0.0625,0.96064653089718,INTERMEDIATE
AGAP006939__SITE05,AGAP006939,10,11,0.752275362318841,0.272727272727273,0.24,0.764626119122063,INTERMEDIATE
AGAP004957__SITE01,AGAP004957,10,11,0.53659420289855,0,0.347826086956522,0.58454717870276,CONCERN
AGAP004957__SITE02,AGAP004957,10,11,0.965939393939394,1,0.0272727272727273,0.986891904115785,ROBUST
AGAP004957__SITE03,AGAP004957,10,11,0.965939393939394,1,0.0272727272727273,0.986891904115785,ROBUST
AGAP004957__SITE04,AGAP004957,10,11,0.836231884057971,0.818181818181818,0.25,0.897083751204452,INTERMEDIATE
AGAP004957__SITE05,AGAP004957,10,11,0.971555555555556,1,0.0416666666666667,0.987416252072969,ROBUST
AGAP010175__SITE01,AGAP010175,10,11,0.903550724637681,0.454545454545455,0.0875,0.864050842624821,INTERMEDIATE
AGAP010175__SITE02,AGAP010175,10,11,0.949227486128895,0.909090909090909,0.0633802816901408,0.964720539428339,INTERMEDIATE
AGAP010175__SITE03,AGAP010175,10,11,0.949227486128895,0.909090909090909,0.0633802816901408,0.964720539428339,INTERMEDIATE
AGAP010175__SITE04,AGAP010175,10,11,0.990036231884058,1,0.0108695652173913,0.995569222984457,ROBUST
AGAP010175__SITE05,AGAP010175,10,11,0.934747474747475,0.727272727272727,0.0666666666666667,0.927342454394693,INTERMEDIATE
AGAP007280__SITE01,AGAP007280,10,11,0.190277777777778,0,0.6875,0.34678319710969,CONCERN
AGAP007280__SITE02,AGAP007280,10,11,0.794768194768195,0.727272727272727,0.314102564102564,0.852172274933469,INTERMEDIATE
AGAP007280__SITE03,AGAP007280,10,11,0.72989898989899,0.181818181818182,0.166666666666667,0.73612451810213,INTERMEDIATE
AGAP007280__SITE04,AGAP007280,10,11,0.72989898989899,0.181818181818182,0.166666666666667,0.730847332601064,CONCERN
AGAP007280__SITE05,AGAP007280,10,11,0.988089929394277,1,0.00704225352112676,0.994532542710742,ROBUST
AGAP001135__SITE01,AGAP001135,10,11,0.98995203102674,1,0.00704225352112676,0.995611074515447,ROBUST
AGAP001135__SITE02,AGAP001135,10,11,0.679505759940543,0.181818181818182,0.326086956521739,0.69273876584876,CONCERN
AGAP001135__SITE03,AGAP001135,10,11,0.933387010198604,0.909090909090909,0.108695652173913,0.952630802373934,INTERMEDIATE
AGAP001135__SITE04,AGAP001135,10,11,0.3975,0,0.8125,0.512794509594882,CONCERN
AGAP001135__SITE05,AGAP001135,10,11,0.795652173913044,0.272727272727273,0.25,0.776202731402277,INTERMEDIATE
AGAP009048__SITE01,AGAP009048,10,11,0.946020202020202,0.818181818181818,0.0363636363636364,0.946454168551183,ROBUST
AGAP009048__SITE02,AGAP009048,10,11,0.964401709401709,1,0.0448717948717949,0.981202800102054,ROBUST
AGAP009048__SITE03,AGAP009048,10,11,0.970555555555556,1,0.0217391304347826,0.986866894821956,ROBUST
AGAP009048__SITE04,AGAP009048,10,11,0.975632850241545,1,0.0217391304347826,0.988562657725863,ROBUST
AGAP009048__SITE05,AGAP009048,10,11,0.857004830917875,0.454545454545455,0.125,0.849304028043483,INTERMEDIATE
AGAP010313__SITE01,AGAP010313,10,11,0.997101449275362,1,0.00543478260869565,0.998545316893792,ROBUST
AGAP010313__SITE02,AGAP010313,10,11,0.997619047619047,1,0.00446428571428571,0.998771766169154,ROBUST
AGAP010313__SITE03,AGAP010313,10,11,0.997619047619047,1,0.00446428571428571,0.998771766169154,ROBUST
AGAP010313__SITE04,AGAP010313,10,11,0.998204264870932,1,0.00168350168350168,0.999009581721025,ROBUST
AGAP010313__SITE05,AGAP010313,10,11,0.997101449275362,1,0.00543478260869565,0.998545316893792,ROBUST
AGAP009338__SITE01,AGAP009338,10,11,0.783209560392659,0.181818181818182,0.211267605633803,0.751761789643333,INTERMEDIATE
AGAP009338__SITE02,AGAP009338,10,11,0.817850241545894,0.181818181818182,0.181159420289855,0.773880539660066,INTERMEDIATE
AGAP009338__SITE03,AGAP009338,10,11,0.752149758454106,0.181818181818182,0.181159420289855,0.741996996712279,INTERMEDIATE
AGAP009338__SITE04,AGAP009338,10,11,0,0,1,0.152425373134328,CONCERN
AGAP009338__SITE05,AGAP009338,10,11,0.720549981419546,0.545454545454545,0.371794871794872,0.796737810462664,INTERMEDIATE
AGAP001015__SITE01,AGAP001015,10,11,0.919957264957265,0.909090909090909,0.128205128205128,0.948555858986187,INTERMEDIATE
AGAP001015__SITE02,AGAP001015,10,11,0.989850746268657,1,0.0125,0.99518809640323,ROBUST
AGAP001015__SITE03,AGAP001015,10,11,0.974764794299393,1,0.0352112676056338,0.987593959402107,ROBUST
AGAP001015__SITE04,AGAP001015,10,11,0.827065527065527,0.818181818181818,0.275641025641026,0.886385055442432,INTERMEDIATE
AGAP001015__SITE05,AGAP001015,10,11,0.997619047619047,1,0.00446428571428571,0.998753415300546,ROBUST
AGAP010219__SITE01,AGAP010219,10,11,0.941526374859708,0.818181818181818,0.0625,0.943276776889961,INTERMEDIATE
AGAP010219__SITE02,AGAP010219,10,11,0.95270092226614,1,0.0489130434782609,0.974888403830649,ROBUST
AGAP010219__SITE03,AGAP010219,10,11,0.982332643202209,1,0.0267857142857143,0.991225484894369,ROBUST
AGAP010219__SITE04,AGAP010219,10,11,0.837464788732394,0.727272727272727,0.2,0.88744964358744,INTERMEDIATE
AGAP010219__SITE05,AGAP010219,10,11,0.999102132435466,1,0.00168350168350168,0.999420615776337,ROBUST
AGAP008191__SITE01,AGAP008191,10,11,0.861322463768116,0.363636363636364,0.115942028985507,0.818569714070809,INTERMEDIATE
AGAP008191__SITE02,AGAP008191,10,11,0.982077721661055,1,0.0072463768115942,0.990557052862036,ROBUST
AGAP008191__SITE03,AGAP008191,10,11,0,0,1,0.150533049040512,CONCERN
AGAP008191__SITE04,AGAP008191,10,11,0,0,1,0.150746268656716,CONCERN
AGAP008191__SITE05,AGAP008191,10,11,0,0,1,0.150692963752665,CONCERN
AGAP005871__SITE01,AGAP005871,10,11,0.996135265700483,1,0.0072463768115942,0.998122611579782,ROBUST
AGAP005871__SITE02,AGAP005871,10,11,0.738888888888889,0.454545454545455,0.270833333333333,0.804552050354289,INTERMEDIATE
AGAP005871__SITE03,AGAP005871,10,11,0.0309565217391304,0,0.98,0.265149578195977,CONCERN
AGAP005871__SITE04,AGAP005871,10,11,0.566956521739131,0,0.461956521739131,0.595223648836563,CONCERN
AGAP005871__SITE05,AGAP005871,10,11,0.144444444444445,0,0.48,0.377743307273158,CONCERN
AGAP008015__SITE01,AGAP008015,10,11,0.870238095238095,0.272727272727273,0.125,0.817610405763391,INTERMEDIATE
AGAP008015__SITE02,AGAP008015,10,11,0.737346711259755,0.0909090909090909,0.268115942028986,0.715644389679107,CONCERN
AGAP008015__SITE03,AGAP008015,10,11,0.956739223218097,1,0.0492957746478873,0.976126230471932,INTERMEDIATE
AGAP008015__SITE04,AGAP008015,10,11,0.989746031746032,1,0.00892857142857143,0.994891198768064,ROBUST
AGAP008015__SITE05,AGAP008015,10,11,0.684320124320124,0.181818181818182,0.448717948717949,0.706092903779471,CONCERN
AGAP004078__SITE01,AGAP004078,10,11,0.554059829059829,0.545454545454545,0.653846153846154,0.723605240116434,CONCERN
AGAP004078__SITE02,AGAP004078,10,11,0.651282051282051,0.909090909090909,0.653846153846154,0.814769683053265,CONCERN
AGAP004078__SITE03,AGAP004078,10,11,0.115111111111111,0.181818181818182,1,0.433849012513192,CONCERN
AGAP004078__SITE04,AGAP004078,10,11,0.938084507042253,0.909090909090909,0.0985915492957746,0.957107697746861,INTERMEDIATE
AGAP004078__SITE05,AGAP004078,10,11,0.370735129068462,0,0.632996632996633,0.484607999564467,CONCERN
AGAP004852__SITE01,AGAP004852,10,11,0.886161128190114,0.909090909090909,0.188405797101449,0.928802144671169,INTERMEDIATE
AGAP004852__SITE02,AGAP004852,10,11,0.977665995975855,1,0.0357142857142857,0.988739526712514,ROBUST
AGAP004852__SITE03,AGAP004852,10,11,0.929380341880342,0.909090909090909,0.108974358974359,0.951094868025838,INTERMEDIATE
AGAP004852__SITE04,AGAP004852,10,11,1,1,0,1,ROBUST
AGAP004852__SITE05,AGAP004852,10,11,0.965388669301713,1,0.0363636363636364,0.984352594733841,ROBUST
AGAP012424__SITE01,AGAP012424,10,11,0.981873015873016,1,0.0223214285714286,0.99113056740109,ROBUST
AGAP012424__SITE02,AGAP012424,10,11,0.953956466069142,0.909090909090909,0.0633802816901408,0.965529650085042,INTERMEDIATE
AGAP012424__SITE03,AGAP012424,10,11,0.994361111111111,1,0.00666666666666667,0.997017427742241,ROBUST
AGAP012424__SITE04,AGAP012424,10,11,1,1,0,1,ROBUST
AGAP012424__SITE05,AGAP012424,10,11,1,1,0,1,ROBUST
AGAP007775__SITE01,AGAP007775,10,11,0,0,1,0.149626865671642,CONCERN
AGAP007775__SITE02,AGAP007775,10,11,0,0,1,0.163459488272921,CONCERN
AGAP007775__SITE03,AGAP007775,10,11,0.75,0.454545454545455,0.25,0.78622552820314,INTERMEDIATE
AGAP007775__SITE04,AGAP007775,10,11,0.743333333333333,0.454545454545455,0.25,0.780187859404277,INTERMEDIATE
AGAP007775__SITE05,AGAP007775,10,11,0.917606837606838,0.636363636363636,0.0961538461538462,0.901434900091616,INTERMEDIATE
AGAP010722__SITE01,AGAP010722,10,11,0.242735042735043,0,0.791666666666667,0.415232445829461,CONCERN
AGAP010722__SITE02,AGAP010722,10,11,0.88075117370892,0.636363636363636,0.125,0.89266792523572,INTERMEDIATE
AGAP010722__SITE03,AGAP010722,10,11,0.986797101449275,1,0.0133333333333333,0.994246539043911,ROBUST
AGAP010722__SITE04,AGAP010722,10,11,0.94553872053872,0.909090909090909,0.063973063973064,0.956409645495467,INTERMEDIATE
AGAP010722__SITE05,AGAP010722,10,11,0.408484848484848,0,0.6875,0.507624943464496,CONCERN
AGAP009792__SITE01,AGAP009792,10,11,0.913812730479398,0.727272727272727,0.0714285714285714,0.915289294269394,INTERMEDIATE
AGAP009792__SITE02,AGAP009792,10,11,0.98212072414971,1,0.0217391304347826,0.990371193367083,ROBUST
AGAP009792__SITE03,AGAP009792,10,11,0.0951690821256038,0,0.916666666666667,0.281832426892453,CONCERN
AGAP009792__SITE04,AGAP009792,10,11,0.602191142191142,0,0.403846153846154,0.568398777839076,CONCERN
AGAP009792__SITE05,AGAP009792,10,11,0.76875,0.454545454545455,0.25,0.811675288331072,INTERMEDIATE
AGAP000999__SITE01,AGAP000999,10,11,0.961200635113679,0.909090909090909,0.0641025641025641,0.966769932174422,INTERMEDIATE
AGAP000999__SITE02,AGAP000999,10,11,0.961200635113679,0.909090909090909,0.0641025641025641,0.967121220230629,INTERMEDIATE
AGAP000999__SITE03,AGAP000999,10,11,1,1,0,0.971739130434783,UNRESOLVED_ACCESSIBILITY
AGAP000999__SITE04,AGAP000999,10,11,1,1,0,0.95,UNRESOLVED_ACCESSIBILITY
AGAP000999__SITE05,AGAP000999,10,11,1,1,0,0.95,UNRESOLVED_ACCESSIBILITY
AGAP007217__SITE01,AGAP007217,10,11,0.966119658119658,0.909090909090909,0.0576923076923077,0.969459074921761,INTERMEDIATE
AGAP007217__SITE02,AGAP007217,10,11,0.861965811965812,0.636363636363636,0.166666666666667,0.878501080180185,INTERMEDIATE
AGAP007217__SITE03,AGAP007217,10,11,0.0194444444444445,0,1,0.244493307273158,CONCERN
AGAP007217__SITE04,AGAP007217,10,11,0.93024154589372,0.818181818181818,0.072463768115942,0.936180941237722,INTERMEDIATE
AGAP007217__SITE05,AGAP007217,10,11,0.967632850241545,1,0.0416666666666667,0.985102953143187,ROBUST
AGAP009091__SITE01,AGAP009091,10,11,0.963614163614164,1,0.0401785714285714,0.979796131521878,INTERMEDIATE
AGAP009091__SITE02,AGAP009091,10,11,0.980262721107792,1,0.0211267605633803,0.990181149209949,ROBUST
AGAP009091__SITE03,AGAP009091,10,11,0.969254845311183,1,0.028169014084507,0.985472289663482,ROBUST
AGAP009091__SITE04,AGAP009091,10,11,0.624508547008547,0.0909090909090909,0.474358974358974,0.641837197835332,CONCERN
AGAP009091__SITE05,AGAP009091,10,11,0.905555555555556,0.909090909090909,0.145833333333333,0.944251281471431,INTERMEDIATE
AGAP006989__SITE01,AGAP006989,10,11,0.971944444444444,1,0.0416666666666667,0.986927120350628,ROBUST
AGAP006989__SITE02,AGAP006989,10,11,0.827657004830918,0.818181818181818,0.270833333333333,0.891550727915102,INTERMEDIATE
AGAP006989__SITE03,AGAP006989,10,11,0.046695652173913,0.0909090909090909,0.953333333333333,0.312253062749494,CONCERN
AGAP006989__SITE04,AGAP006989,10,11,0.751111111111111,0.272727272727273,0.166666666666667,0.77918438112468,INTERMEDIATE
AGAP006989__SITE05,AGAP006989,10,11,0.078,0,0.92,0.33203091684435,CONCERN
AGAP005062__SITE01,AGAP005062,10,11,1,1,0,1,ROBUST
AGAP005062__SITE02,AGAP005062,10,11,0.930917874396135,0.909090909090909,0.104166666666667,0.955691363669138,INTERMEDIATE
AGAP005062__SITE03,AGAP005062,10,11,0.989405162738496,1,0.0125,0.994608753371191,ROBUST
AGAP005062__SITE04,AGAP005062,10,11,0.989405162738496,1,0.0125,0.994608753371191,ROBUST
AGAP005062__SITE05,AGAP005062,10,11,0.961947982237837,0.909090909090909,0.0434782608695652,0.966719223746587,ROBUST
AGAP008118__SITE01,AGAP008118,10,11,0.923840579710145,0.909090909090909,0.0625,0.950572715193091,INTERMEDIATE
AGAP008118__SITE02,AGAP008118,10,11,0.285454545454546,0,0.727272727272727,0.39279947664276,CONCERN
AGAP008118__SITE03,AGAP008118,10,11,0.992701863354037,1,0.00892857142857143,0.996536340038936,ROBUST
AGAP008118__SITE04,AGAP008118,10,11,0.979399061032864,1,0.0211267605633803,0.98988527683514,ROBUST
AGAP008118__SITE05,AGAP008118,10,11,0.855,0.272727272727273,0.15,0.811087662337662,INTERMEDIATE
AGAP000099__SITE01,AGAP000099,10,11,0.962587064676617,1,0.0375,0.980954143218334,ROBUST
AGAP000099__SITE02,AGAP000099,10,11,0.962587064676617,1,0.0375,0.980193019096554,ROBUST
AGAP000099__SITE03,AGAP000099,10,11,0.963568075117371,1,0.0375,0.981931245945619,ROBUST
AGAP000099__SITE04,AGAP000099,10,11,0.992733515520987,1,0.00746268656716418,0.996412520059596,ROBUST
AGAP000099__SITE05,AGAP000099,10,11,0.985292903073565,1,0.0149253731343284,0.992957152155192,ROBUST
AGAP004239__SITE01,AGAP004239,10,11,0.932628205128205,0.909090909090909,0.115384615384615,0.954437449987823,INTERMEDIATE
AGAP004239__SITE02,AGAP004239,10,11,0.932628205128205,0.909090909090909,0.115384615384615,0.954437449987823,INTERMEDIATE
AGAP004239__SITE03,AGAP004239,10,11,0.837246376811594,0.727272727272727,0.146739130434783,0.887310679802568,INTERMEDIATE
AGAP004239__SITE04,AGAP004239,10,11,0.842466922748613,0.636363636363636,0.176056338028169,0.868876090100076,INTERMEDIATE
AGAP004239__SITE05,AGAP004239,10,11,0.881139007960808,0.727272727272727,0.130434782608696,0.900473973865018,INTERMEDIATE
AGAP006935__SITE01,AGAP006935,10,11,0.0552995169082124,0.181818181818182,0.986666666666667,0.396881899321387,CONCERN
AGAP006935__SITE02,AGAP006935,10,11,0.0552995169082124,0.181818181818182,0.986666666666667,0.397095118937591,CONCERN
AGAP006935__SITE03,AGAP006935,10,11,1,1,0,0.95,UNRESOLVED_ACCESSIBILITY
AGAP006935__SITE04,AGAP006935,10,11,1,1,0,0.95,UNRESOLVED_ACCESSIBILITY
AGAP006935__SITE05,AGAP006935,10,11,1,1,0,0.95,UNRESOLVED_ACCESSIBILITY
AGAP007365__SITE01,AGAP007365,10,11,1,1,0,0.95,UNRESOLVED_ACCESSIBILITY
AGAP007365__SITE02,AGAP007365,10,11,1,1,0,0.95,UNRESOLVED_ACCESSIBILITY
AGAP007365__SITE03,AGAP007365,10,11,1,1,0,0.95,UNRESOLVED_ACCESSIBILITY
AGAP007365__SITE04,AGAP007365,10,11,1,1,0,0.95,UNRESOLVED_ACCESSIBILITY
AGAP007365__SITE05,AGAP007365,10,11,1,1,0,0.95,UNRESOLVED_ACCESSIBILITY
AGAP007122__SITE01,AGAP007122,10,11,0.98179012345679,1,0.0178571428571429,0.990490174787439,ROBUST
AGAP007122__SITE02,AGAP007122,10,11,0.976173913043478,1,0.016304347826087,0.989054834523037,ROBUST
AGAP007122__SITE03,AGAP007122,10,11,0.976173913043478,1,0.016304347826087,0.989054834523037,ROBUST
AGAP007122__SITE04,AGAP007122,10,11,0.98792270531401,1,0.0108695652173913,0.994347877589279,ROBUST
AGAP007122__SITE05,AGAP007122,10,11,0.993133020344288,1,0.00704225352112676,0.996832761077243,ROBUST
AGAP011938__SITE01,AGAP011938,10,11,0.824600520252694,0.545454545454545,0.202898550724638,0.846169928024243,INTERMEDIATE
AGAP011938__SITE02,AGAP011938,10,11,0.824600520252694,0.545454545454545,0.202898550724638,0.846223232928294,INTERMEDIATE
AGAP011938__SITE03,AGAP011938,10,11,0.610628019323671,0.818181818181818,0.666666666666667,0.789927632213485,CONCERN
AGAP011938__SITE04,AGAP011938,10,11,0.485833333333333,0,0.625,0.547764303482587,CONCERN
AGAP011938__SITE05,AGAP011938,10,11,0.992529461279461,1,0.00505050505050505,0.996321344665561,ROBUST
AGAP007333__SITE01,AGAP007333,10,11,0.821363636363636,0.272727272727273,0.181818181818182,0.783052190346966,INTERMEDIATE
AGAP007333__SITE02,AGAP007333,10,11,0.98702380952381,1,0.0133928571428571,0.993684257285003,ROBUST
AGAP007333__SITE03,AGAP007333,10,11,0.935518237630913,0.727272727272727,0.0704225352112676,0.929398364231242,INTERMEDIATE
AGAP007333__SITE04,AGAP007333,10,11,0.987055555555556,1,0.0125,0.993541607438996,ROBUST
AGAP007333__SITE05,AGAP007333,10,11,0.987055555555556,1,0.0125,0.993541607438996,ROBUST
AGAP007063__SITE01,AGAP007063,10,11,0.739555555555556,0.363636363636364,0.313333333333333,0.772973078331287,INTERMEDIATE
AGAP007063__SITE02,AGAP007063,10,11,0.951568075117371,0.909090909090909,0.0533333333333333,0.964444709869347,INTERMEDIATE
AGAP007063__SITE03,AGAP007063,10,11,0.921304347826087,0.818181818181818,0.0866666666666667,0.933699059754867,INTERMEDIATE
AGAP007063__SITE04,AGAP007063,10,11,0,0,1,0.180783582089552,CONCERN
AGAP007063__SITE05,AGAP007063,10,11,0,0,1,0.180783582089552,CONCERN
AGAP007896__SITE01,AGAP007896,10,11,0.0194444444444445,0,1,0.193667081260365,CONCERN
AGAP007896__SITE02,AGAP007896,10,11,0.0194444444444445,0,1,0.193240642027955,CONCERN
AGAP007896__SITE03,AGAP007896,10,11,0.0194444444444445,0,1,0.193667081260365,CONCERN
AGAP007896__SITE04,AGAP007896,10,11,0.805555555555556,0.0909090909090909,0.178571428571429,0.758282182162779,INTERMEDIATE
AGAP007896__SITE05,AGAP007896,10,11,0.852777777777778,0.727272727272727,0.166666666666667,0.892185851047791,INTERMEDIATE
AGAP005406__SITE01,AGAP005406,10,11,0.827746059630117,0.727272727272727,0.246376811594203,0.868202109576758,INTERMEDIATE
AGAP005406__SITE02,AGAP005406,10,11,0.837917637917638,0.636363636363636,0.224358974358974,0.867199550035371,INTERMEDIATE
AGAP005406__SITE03,AGAP005406,10,11,0.837917637917638,0.636363636363636,0.224358974358974,0.86533387839358,INTERMEDIATE
AGAP005406__SITE04,AGAP005406,10,11,0.295936833119931,0.0909090909090909,0.73943661971831,0.510745140221701,CONCERN
AGAP005406__SITE05,AGAP005406,10,11,0.479166666666666,0,0.666666666666667,0.576739072494669,CONCERN
AGAP005959__SITE01,AGAP005959,10,11,0.580357420357421,0.0909090909090909,0.564102564102564,0.653248298136358,CONCERN
AGAP005959__SITE02,AGAP005959,10,11,0.935265700483092,0.909090909090909,0.0833333333333333,0.954703871008219,INTERMEDIATE
AGAP005959__SITE03,AGAP005959,10,11,0.989570757880617,1,0.0133928571428571,0.994560866442436,ROBUST
AGAP005959__SITE04,AGAP005959,10,11,0,0,1,0.190031982942431,CONCERN
AGAP005959__SITE05,AGAP005959,10,11,0,0,1,0.104397654584222,CONCERN
AGAP011849__SITE01,AGAP011849,10,11,0.984253968253968,1,0.0133928571428571,0.992538705283108,ROBUST
AGAP011849__SITE02,AGAP011849,10,11,0,0,1,0.174067164179104,CONCERN
AGAP011849__SITE03,AGAP011849,10,11,0.81183574879227,0.0909090909090909,0.229166666666667,0.757617866577146,INTERMEDIATE
AGAP011849__SITE04,AGAP011849,10,11,0.813194444444444,0.0909090909090909,0.229166666666667,0.757717668421959,INTERMEDIATE
AGAP011849__SITE05,AGAP011849,10,11,0.985501165501166,1,0.0192307692307692,0.99333281146714,ROBUST
AGAP005874__SITE01,AGAP005874,10,11,0.713414141414141,0.454545454545455,0.306666666666667,0.783032865973164,INTERMEDIATE
AGAP005874__SITE02,AGAP005874,10,11,0.984469696969697,1,0.0125,0.993561454093171,ROBUST
AGAP005874__SITE03,AGAP005874,10,11,0.997101449275362,1,0.00543478260869565,0.998545316893792,ROBUST
AGAP005874__SITE04,AGAP005874,10,11,0.073574879227053,0.0909090909090909,0.966666666666667,0.316866615070703,CONCERN
AGAP005874__SITE05,AGAP005874,10,11,0.477350427350427,0,0.604166666666667,0.588398552111238,CONCERN
AGAP010380__SITE01,AGAP010380,10,11,1,1,0,1,ROBUST
AGAP010380__SITE02,AGAP010380,10,11,1,1,0,1,ROBUST
AGAP010380__SITE03,AGAP010380,10,11,0.84241452991453,0.909090909090909,0.256410256410256,0.91047869522683,INTERMEDIATE
AGAP010380__SITE04,AGAP010380,10,11,0.949025641025641,0.909090909090909,0.0897435897435897,0.961420740950592,INTERMEDIATE
AGAP010380__SITE05,AGAP010380,10,11,0,0,1,0.258901918976546,CONCERN
AGAP004467__SITE01,AGAP004467,10,11,0.942735042735043,0.818181818181818,0.0625,0.946883847909967,INTERMEDIATE
AGAP004467__SITE02,AGAP004467,10,11,0.777719221197482,0.363636363636364,0.231884057971015,0.783969156819579,INTERMEDIATE
AGAP004467__SITE03,AGAP004467,10,11,0.777719221197482,0.363636363636364,0.231884057971015,0.784129071531732,INTERMEDIATE
AGAP004467__SITE04,AGAP004467,10,11,0.830128205128205,0.909090909090909,0.282051282051282,0.904123395261455,INTERMEDIATE
AGAP004467__SITE05,AGAP004467,10,11,0.830128205128205,0.909090909090909,0.282051282051282,0.90505623108235,INTERMEDIATE
AGAP004685__SITE01,AGAP004685,10,11,1,1,0,0.967391304347826,UNRESOLVED_ACCESSIBILITY
AGAP004685__SITE02,AGAP004685,10,11,1,1,0,0.967391304347826,UNRESOLVED_ACCESSIBILITY
AGAP004685__SITE03,AGAP004685,10,11,1,1,0,0.980434782608696,UNRESOLVED_ACCESSIBILITY
AGAP004685__SITE04,AGAP004685,10,11,1,1,0,1,ROBUST
AGAP004685__SITE05,AGAP004685,10,11,0.977777777777778,1,0.0416666666666667,0.990091210613599,ROBUST
AGAP004502__SITE01,AGAP004502,10,11,0.972705314009662,1,0.0416666666666667,0.988076826014853,ROBUST
AGAP004502__SITE02,AGAP004502,10,11,1,1,0,1,ROBUST
AGAP004502__SITE03,AGAP004502,10,11,0.909600351339482,0.909090909090909,0.13768115942029,0.944158721262875,INTERMEDIATE
AGAP004502__SITE04,AGAP004502,10,11,0.997619047619047,1,0.00446428571428571,0.998771766169154,ROBUST
AGAP004502__SITE05,AGAP004502,10,11,0.965811965811966,0.909090909090909,0.0641025641025641,0.96954069976458,INTERMEDIATE
AGAP004699__SITE01,AGAP004699,10,11,0.993162393162393,1,0.0128205128205128,0.996635412680189,ROBUST
AGAP004699__SITE02,AGAP004699,10,11,0.993162393162393,1,0.0128205128205128,0.996635412680189,ROBUST
AGAP004699__SITE03,AGAP004699,10,11,1,1,0,1,ROBUST
AGAP004699__SITE04,AGAP004699,10,11,1,1,0,1,ROBUST
AGAP004699__SITE05,AGAP004699,10,11,1,1,0,1,ROBUST
AGAP002171__SITE01,AGAP002171,10,11,0.978761904761905,1,0.0223214285714286,0.989419953802416,ROBUST
AGAP002171__SITE02,AGAP002171,10,11,0.097222222222222,0,1,0.284380182421227,CONCERN
AGAP002171__SITE03,AGAP002171,10,11,0.159937402190923,0,0.854166666666667,0.304727598593218,CONCERN
AGAP002171__SITE04,AGAP002171,10,11,0.159937402190923,0,0.854166666666667,0.305127385373601,CONCERN
AGAP002171__SITE05,AGAP002171,10,11,0.159937402190923,0,0.854166666666667,0.298304357655051,CONCERN
AGAP009515__SITE01,AGAP009515,10,11,1,1,0,0.954347826086956,UNRESOLVED_ACCESSIBILITY
AGAP009515__SITE02,AGAP009515,10,11,0.970461538461538,1,0.0320512820512821,0.986798316111749,ROBUST
AGAP009515__SITE03,AGAP009515,10,11,0.670833333333333,0.636363636363636,0.5625,0.78607066130387,CONCERN
AGAP009515__SITE04,AGAP009515,10,11,1,1,0,1,ROBUST
AGAP009515__SITE05,AGAP009515,10,11,0.996408529741863,1,0.00505050505050505,0.997850813273699,ROBUST
AGAP029982__SITE01,AGAP029982,10,11,0.988619528619529,1,0.0125,0.994252430129296,ROBUST
AGAP029982__SITE02,AGAP029982,10,11,0.908696581196581,0.909090909090909,0.16025641025641,0.942288260040126,INTERMEDIATE
AGAP029982__SITE03,AGAP029982,10,11,0.914209401709402,0.909090909090909,0.121794871794872,0.945673599824719,INTERMEDIATE
AGAP029982__SITE04,AGAP029982,10,11,1,1,0,0.95,UNRESOLVED_ACCESSIBILITY
AGAP029982__SITE05,AGAP029982,10,11,1,1,0,0.95,UNRESOLVED_ACCESSIBILITY
AGAP009232__SITE01,AGAP009232,10,11,0.961111111111111,1,0.0416666666666667,0.98267294479981,ROBUST
AGAP009232__SITE02,AGAP009232,10,11,0.49556623931624,0,0.551282051282051,0.533262288602774,CONCERN
AGAP009232__SITE03,AGAP009232,10,11,0.49556623931624,0,0.551282051282051,0.532995764082518,CONCERN
AGAP009232__SITE04,AGAP009232,10,11,0.894347826086957,0.636363636363636,0.0791245791245791,0.890793223168304,INTERMEDIATE
AGAP009232__SITE05,AGAP009232,10,11,0.943661971830986,0.909090909090909,0.0625,0.958513137850167,INTERMEDIATE
AGAP005958__SITE01,AGAP005958,10,11,0.93704347826087,0.909090909090909,0.04,0.957562672240154,ROBUST
AGAP005958__SITE02,AGAP005958,10,11,0.970181818181818,1,0.0266666666666667,0.987080280416101,ROBUST
AGAP005958__SITE03,AGAP005958,10,11,0.982867494824016,1,0.0133928571428571,0.990912769228392,ROBUST
AGAP005958__SITE04,AGAP005958,10,11,0.878472222222222,0.454545454545455,0.145833333333333,0.858557691789968,INTERMEDIATE
AGAP005958__SITE05,AGAP005958,10,11,0.880555555555556,0.454545454545455,0.145833333333333,0.859558269259762,INTERMEDIATE
AGAP006241__SITE01,AGAP006241,10,11,0.92969696969697,0.909090909090909,0.06,0.956391290301738,INTERMEDIATE
AGAP006241__SITE02,AGAP006241,10,11,0.971887323943662,1,0.0352112676056338,0.987211898255203,ROBUST
AGAP006241__SITE03,AGAP006241,10,11,0.821859903381643,0.636363636363636,0.22463768115942,0.855001595401498,CONCERN
AGAP006241__SITE04,AGAP006241,10,11,0.979014492753623,1,0.0266666666666667,0.989901455455641,ROBUST
AGAP006241__SITE05,AGAP006241,10,11,0.961111111111111,1,0.0416666666666667,0.981820066334991,ROBUST
AGAP009782__SITE01,AGAP009782,10,11,0,0,1,0.150373134328358,CONCERN
AGAP009782__SITE02,AGAP009782,10,11,0,0,1,0.150319829424307,CONCERN
AGAP009782__SITE03,AGAP009782,10,11,0.988984146424441,1,0.0144927536231884,0.994490791094537,ROBUST
AGAP009782__SITE04,AGAP009782,10,11,0.872733184689707,0.909090909090909,0.224358974358974,0.92368886026008,INTERMEDIATE
AGAP009782__SITE05,AGAP009782,10,11,0.666666666666667,0,0.333333333333333,0.653296019900498,CONCERN
AGAP002475__SITE01,AGAP002475,10,11,0.980102564102564,1,0.0256410256410256,0.990595866819747,ROBUST
AGAP002475__SITE02,AGAP002475,10,11,0.0916666666666664,0,1,0.284110696517413,CONCERN
AGAP002475__SITE03,AGAP002475,10,11,0.0916666666666664,0,1,0.284110696517413,CONCERN
AGAP002475__SITE04,AGAP002475,10,11,0.785340022296544,0.454545454545455,0.205128205128205,0.808449632241002,INTERMEDIATE
AGAP002475__SITE05,AGAP002475,10,11,0.661111111111111,0.545454545454545,0.34375,0.76634569307144,CONCERN
AGAP001526__SITE01,AGAP001526,10,11,0.96731884057971,1,0.0235690235690236,0.983502658534294,ROBUST
AGAP001526__SITE02,AGAP001526,10,11,0.364371980676329,0.0909090909090909,0.644927536231884,0.468408246973302,CONCERN
AGAP001526__SITE03,AGAP001526,10,11,0.94963768115942,0.909090909090909,0.0579710144927536,0.957608151366263,INTERMEDIATE
AGAP001526__SITE04,AGAP001526,10,11,0.907392232180965,0.818181818181818,0.118181818181818,0.930427724647296,INTERMEDIATE
AGAP001526__SITE05,AGAP001526,10,11,0.907392232180965,0.818181818181818,0.118181818181818,0.927415997568404,INTERMEDIATE
AGAP008381__SITE01,AGAP008381,10,11,0.5175,0,0.5,0.556747068230277,CONCERN
AGAP008381__SITE02,AGAP008381,10,11,0.5175,0,0.5,0.55618736673774,CONCERN
AGAP008381__SITE03,AGAP008381,10,11,0.5175,0,0.5,0.556267324093817,CONCERN
AGAP008381__SITE04,AGAP008381,10,11,0.825416666666667,0.0909090909090909,0.151785714285714,0.759929229663372,INTERMEDIATE
AGAP008381__SITE05,AGAP008381,10,11,0.683610755441741,0.272727272727273,0.394366197183099,0.711314392460598,CONCERN
AGAP000399__SITE01,AGAP000399,10,11,0.953749347939489,0.909090909090909,0.0563380281690141,0.964658973810296,INTERMEDIATE
AGAP000399__SITE02,AGAP000399,10,11,0.993333333333333,1,0.0125,0.996878415300546,ROBUST
AGAP000399__SITE03,AGAP000399,10,11,0.952983354673496,0.909090909090909,0.0563380281690141,0.964262557461011,INTERMEDIATE
AGAP000399__SITE04,AGAP000399,10,11,0.983055555555556,1,0.0138888888888889,0.992735655737705,ROBUST
AGAP000399__SITE05,AGAP000399,10,11,0.989503732981994,1,0.0144927536231884,0.994492231653671,ROBUST
AGAP010197__SITE01,AGAP010197,10,11,0.992270531400967,1,0.0144927536231884,0.996245223159565,ROBUST
AGAP010197__SITE02,AGAP010197,10,11,0.998204264870932,1,0.00336700336700337,0.998841231552675,ROBUST
AGAP010197__SITE03,AGAP010197,10,11,0.859722222222223,0.272727272727273,0.145833333333333,0.811778701191015,INTERMEDIATE
AGAP010197__SITE04,AGAP010197,10,11,0.0554577464788732,0,0.950704225352113,0.218607446920328,CONCERN
AGAP010197__SITE05,AGAP010197,10,11,0.0554577464788732,0,0.950704225352113,0.218607446920328,CONCERN
AGAP007855__SITE01,AGAP007855,10,11,0.954583333333334,1,0.0375,0.977752976190476,ROBUST
AGAP007855__SITE02,AGAP007855,10,11,0.989690556357223,1,0.00892857142857143,0.995410378961374,ROBUST
AGAP007855__SITE03,AGAP007855,10,11,0.989690556357223,1,0.00892857142857143,0.995410378961374,ROBUST
AGAP007855__SITE04,AGAP007855,10,11,0.97625,1,0.0181818181818182,0.988699542062415,ROBUST
AGAP007855__SITE05,AGAP007855,10,11,0.974047619047619,1,0.0181818181818182,0.987775812495962,ROBUST
AGAP005130__SITE01,AGAP005130,10,11,0.949249438832772,0.909090909090909,0.0454545454545455,0.954711564980533,INTERMEDIATE
AGAP005130__SITE02,AGAP005130,10,11,0.988193236714976,1,0.0108695652173913,0.994788644767879,ROBUST
AGAP005130__SITE03,AGAP005130,10,11,0.992103254769921,1,0.00666666666666667,0.996746140629225,ROBUST
AGAP005130__SITE04,AGAP005130,10,11,0.995658810325477,1,0.00666666666666667,0.997874901586344,ROBUST
AGAP005130__SITE05,AGAP005130,10,11,0.891765480895916,0.818181818181818,0.127272727272727,0.921320901140824,INTERMEDIATE
AGAP004962__SITE01,AGAP004962,10,11,0.995151515151515,1,0.00909090909090909,0.997692220714609,ROBUST
AGAP004962__SITE02,AGAP004962,10,11,1,1,0,0.95,UNRESOLVED_ACCESSIBILITY
AGAP004962__SITE03,AGAP004962,10,11,1,1,0,0.95,UNRESOLVED_ACCESSIBILITY
AGAP004962__SITE04,AGAP004962,10,11,1,1,0,0.95,UNRESOLVED_ACCESSIBILITY
AGAP004962__SITE05,AGAP004962,10,11,1,1,0,0.95,UNRESOLVED_ACCESSIBILITY
AGAP003594__SITE01,AGAP003594,10,11,0.984983164983165,1,0.0185185185185185,0.991728694191381,ROBUST
AGAP003594__SITE02,AGAP003594,10,11,0.90846728151076,0.727272727272727,0.115942028985507,0.917337407167063,INTERMEDIATE
AGAP003594__SITE03,AGAP003594,10,11,0.969478114478115,1,0.031986531986532,0.983600512947528,ROBUST
AGAP003594__SITE04,AGAP003594,10,11,0.969478114478115,1,0.031986531986532,0.983760427659681,ROBUST
AGAP003594__SITE05,AGAP003594,10,11,0.713194444444444,0.454545454545455,0.270833333333333,0.79322438807047,INTERMEDIATE
AGAP004729__SITE01,AGAP004729,10,11,0.988888888888889,1,0.0208333333333333,0.99495232172471,ROBUST
AGAP004729__SITE02,AGAP004729,10,11,0.988103254769922,1,0.0208333333333333,0.994569346030789,ROBUST
AGAP004729__SITE03,AGAP004729,10,11,1,1,0,1,ROBUST
AGAP004729__SITE04,AGAP004729,10,11,1,1,0,1,ROBUST
AGAP004729__SITE05,AGAP004729,10,11,1,1,0,1,ROBUST
AGAP007570__SITE01,AGAP007570,10,11,0.813286713286713,0.181818181818182,0.230769230769231,0.764127290619828,INTERMEDIATE
AGAP007570__SITE02,AGAP007570,10,11,0.423499786598378,0.0909090909090909,0.415492957746479,0.568740266110457,CONCERN
AGAP007570__SITE03,AGAP007570,10,11,0.629827856025039,0.272727272727273,0.345070422535211,0.703251336755646,CONCERN
AGAP007570__SITE04,AGAP007570,10,11,0.66351799687011,0.454545454545455,0.345070422535211,0.76093487216075,CONCERN
AGAP007570__SITE05,AGAP007570,10,11,0.907505477308294,0.818181818181818,0.126760563380282,0.925546988701393,INTERMEDIATE
AGAP000627__SITE01,AGAP000627,10,11,0.997891963109354,1,0.00197628458498024,0.998865526253267,ROBUST
AGAP000627__SITE02,AGAP000627,10,11,0.997891963109354,1,0.00197628458498024,0.998865526253267,ROBUST
AGAP000627__SITE03,AGAP000627,10,11,0.99325310207854,1,0.00746268656716418,0.996366772670881,ROBUST
AGAP000627__SITE04,AGAP000627,10,11,0.993936567164179,1,0.00746268656716418,0.996742556975078,ROBUST
AGAP000627__SITE05,AGAP000627,10,11,0.989306207616067,1,0.00704225352112676,0.996007572453543,ROBUST
AGAP009936__SITE01,AGAP009936,10,11,0.648148148148148,0,0.375,0.643753454947485,CONCERN
AGAP009936__SITE02,AGAP009936,10,11,0.989570757880617,1,0.0133928571428571,0.995120567934973,ROBUST
AGAP009936__SITE03,AGAP009936,10,11,0.989570757880617,1,0.0133928571428571,0.995120567934973,ROBUST
AGAP009936__SITE04,AGAP009936,10,11,0.946303418803419,0.909090909090909,0.0897435897435897,0.960793490299088,INTERMEDIATE
AGAP009936__SITE05,AGAP009936,10,11,0.940470085470085,0.909090909090909,0.0897435897435897,0.959095284897524,INTERMEDIATE
AGAP007938__SITE01,AGAP007938,10,11,0.980381593714927,1,0.0125,0.991793159622762,ROBUST
AGAP007938__SITE02,AGAP007938,10,11,0.980381593714927,1,0.0125,0.991446677746429,ROBUST
AGAP007938__SITE03,AGAP007938,10,11,0.966111111111111,1,0.0416666666666667,0.984482646292348,ROBUST
AGAP007938__SITE04,AGAP007938,10,11,0.969292929292929,1,0.0416666666666667,0.985757844974263,ROBUST
AGAP007938__SITE05,AGAP007938,10,11,0.969292929292929,1,0.0416666666666667,0.985731192522237,ROBUST
AGAP004521__SITE01,AGAP004521,10,11,0.425113636363636,0.0909090909090909,0.581818181818182,0.506722293564644,CONCERN
AGAP004521__SITE02,AGAP004521,10,11,0.515972222222223,0.181818181818182,0.333333333333333,0.663044389793457,CONCERN
AGAP004521__SITE03,AGAP004521,10,11,0.962670180061485,1,0.0434782608695652,0.979816520634171,ROBUST
AGAP004521__SITE04,AGAP004521,10,11,0.962670180061485,1,0.0434782608695652,0.979976435346325,ROBUST
AGAP004521__SITE05,AGAP004521,10,11,0.964241448299419,1,0.0434782608695652,0.979196544516683,INTERMEDIATE
AGAP007729__SITE01,AGAP007729,10,11,0.94768115942029,0.909090909090909,0.0543478260869565,0.959347011413851,INTERMEDIATE
AGAP007729__SITE02,AGAP007729,10,11,0.994224294224295,1,0.00641025641025641,0.997062169450229,ROBUST
AGAP007729__SITE03,AGAP007729,10,11,1,1,0,1,ROBUST
AGAP007729__SITE04,AGAP007729,10,11,0.991865130174989,1,0.00909090909090909,0.996684057306298,ROBUST
AGAP007729__SITE05,AGAP007729,10,11,0.994361111111111,1,0.00666666666666667,0.997550476782753,ROBUST
AGAP012142__SITE01,AGAP012142,10,11,0.950615942028986,0.909090909090909,0.0597826086956522,0.963002047568482,INTERMEDIATE
AGAP012142__SITE02,AGAP012142,10,11,0.0435555555555555,0,1,0.203799336650083,CONCERN
AGAP012142__SITE03,AGAP012142,10,11,0.999102132435466,1,0.00168350168350168,0.999420615776337,ROBUST
AGAP012142__SITE04,AGAP012142,10,11,0.789055555555556,0.0909090909090909,0.253333333333333,0.736126620684456,INTERMEDIATE
AGAP012142__SITE05,AGAP012142,10,11,0.956313131313131,1,0.0416666666666667,0.975583257952661,ROBUST
AGAP006233__SITE01,AGAP006233,10,11,0.842222222222222,0.818181818181818,0.208333333333333,0.901521989619004,INTERMEDIATE
AGAP006233__SITE02,AGAP006233,10,11,0.842222222222222,0.818181818181818,0.208333333333333,0.901948428851414,INTERMEDIATE
AGAP006233__SITE03,AGAP006233,10,11,0.842222222222222,0.818181818181818,0.208333333333333,0.900002799853546,INTERMEDIATE
AGAP006233__SITE04,AGAP006233,10,11,0.494685990338164,0,0.541666666666667,0.561509095310199,CONCERN
AGAP006233__SITE05,AGAP006233,10,11,0.958464646464647,0.909090909090909,0.0545454545454545,0.967913312226745,INTERMEDIATE
AGAP004057__SITE01,AGAP004057,10,11,0,0,1,0.212686567164179,CONCERN
AGAP004057__SITE02,AGAP004057,10,11,0,0,1,0.212686567164179,CONCERN
AGAP004057__SITE03,AGAP004057,10,11,0.430253623188406,0.181818181818182,0.576086956521739,0.552787138910192,CONCERN
AGAP004057__SITE04,AGAP004057,10,11,0.430253623188406,0.181818181818182,0.570652173913044,0.553010787746755,CONCERN
AGAP004057__SITE05,AGAP004057,10,11,0.944151138716356,0.909090909090909,0.0625,0.961114107609889,INTERMEDIATE
AGAP012991__SITE01,AGAP012991,10,11,0.960277777777778,1,0.0416666666666667,0.982829007285975,ROBUST
AGAP012991__SITE02,AGAP012991,10,11,0.991670326452935,1,0.0138888888888889,0.995855390616617,ROBUST
AGAP012991__SITE03,AGAP012991,10,11,0.992592592592593,1,0.0138888888888889,0.996349423193685,ROBUST
AGAP012991__SITE04,AGAP012991,10,11,0.828370646766169,0.727272727272727,0.201492537313433,0.882304808854387,INTERMEDIATE
AGAP012991__SITE05,AGAP012991,10,11,0.712820512820513,0.909090909090909,0.461538461538462,0.850499227548408,INTERMEDIATE
AGAP004739__SITE01,AGAP004739,10,11,0.965811965811966,0.909090909090909,0.0641025641025641,0.969354132600401,INTERMEDIATE
AGAP004739__SITE02,AGAP004739,10,11,0.965811965811966,0.909090909090909,0.0641025641025641,0.968767778655838,INTERMEDIATE
AGAP004739__SITE03,AGAP004739,10,11,0.965811965811966,0.909090909090909,0.0641025641025641,0.968767778655838,INTERMEDIATE
AGAP004739__SITE04,AGAP004739,10,11,0.972649572649573,0.909090909090909,0.0512820512820513,0.972478847851982,INTERMEDIATE
AGAP004739__SITE05,AGAP004739,10,11,1,1,0,1,ROBUST
AGAP008578__SITE01,AGAP008578,10,11,0.913247863247863,0.818181818181818,0.0897435897435897,0.936414559735455,INTERMEDIATE
AGAP008578__SITE02,AGAP008578,10,11,0.913247863247863,0.818181818181818,0.0897435897435897,0.936840998967865,INTERMEDIATE
AGAP008578__SITE03,AGAP008578,10,11,0.91067861715749,0.818181818181818,0.109090909090909,0.932344978964697,INTERMEDIATE
AGAP008578__SITE04,AGAP008578,10,11,0.99037037037037,1,0.00909090909090909,0.995190964370069,ROBUST
AGAP008578__SITE05,AGAP008578,10,11,0.988245838668374,1,0.0140845070422535,0.994347038813614,ROBUST
AGAP010220__SITE01,AGAP010220,10,11,0.982905982905983,1,0.0320512820512821,0.991588531700472,ROBUST
AGAP010220__SITE02,AGAP010220,10,11,0.785044814340589,0.636363636363636,0.211267605633803,0.85435764519273,INTERMEDIATE
AGAP010220__SITE03,AGAP010220,10,11,0.785044814340589,0.636363636363636,0.211267605633803,0.85435764519273,INTERMEDIATE
AGAP010220__SITE04,AGAP010220,10,11,0.682936507936508,0.454545454545455,0.339285714285714,0.748270955826926,CONCERN
AGAP010220__SITE05,AGAP010220,10,11,0.682936507936508,0.454545454545455,0.339285714285714,0.748270955826926,CONCERN
AGAP005920__SITE01,AGAP005920,10,11,0.960444444444445,0.909090909090909,0.0625,0.949540127098369,UNRESOLVED_ACCESSIBILITY
AGAP005920__SITE02,AGAP005920,10,11,0.982760563380281,1,0.0133333333333333,0.993050837362483,ROBUST
AGAP005920__SITE03,AGAP005920,10,11,0.919777777777778,0.909090909090909,0.106666666666667,0.943381286209644,INTERMEDIATE
AGAP005920__SITE04,AGAP005920,10,11,0.926570048309179,0.909090909090909,0.125,0.953267342470782,INTERMEDIATE
AGAP005920__SITE05,AGAP005920,10,11,0.991501683501683,1,0.00666666666666667,0.995636259539245,ROBUST
AGAP001108__SITE01,AGAP001108,10,11,0.999102132435466,1,0.00168350168350168,0.999367310872286,ROBUST
AGAP001108__SITE02,AGAP001108,10,11,0.933122895622895,0.818181818181818,0.0625,0.93765778341338,INTERMEDIATE
AGAP001108__SITE03,AGAP001108,10,11,0.609777777777778,0,0.416666666666667,0.574317223406776,CONCERN
AGAP001108__SITE04,AGAP001108,10,11,0.609777777777778,0,0.416666666666667,0.602195688225539,CONCERN
AGAP001108__SITE05,AGAP001108,10,11,0.987833894500561,1,0.0125,0.993842801983349,ROBUST
AGAP010453__SITE01,AGAP010453,10,11,0.969252915629727,1,0.0326086956521739,0.983828478745199,ROBUST
AGAP010453__SITE02,AGAP010453,10,11,0.816090672612412,0.818181818181818,0.224358974358974,0.890028329158764,INTERMEDIATE
AGAP010453__SITE03,AGAP010453,10,11,0.888194444444444,0.909090909090909,0.166666666666667,0.93577543155435,INTERMEDIATE
AGAP010453__SITE04,AGAP010453,10,11,0.888194444444444,0.909090909090909,0.166666666666667,0.93577543155435,INTERMEDIATE
AGAP010453__SITE05,AGAP010453,10,11,0.988245838668374,1,0.0140845070422535,0.994906740306152,ROBUST
AGAP006098__SITE01,AGAP006098,10,11,0.957357487922705,1,0.0466666666666667,0.979955221305481,ROBUST
AGAP006098__SITE02,AGAP006098,10,11,0.962429951690821,1,0.0466666666666667,0.981596471575868,ROBUST
AGAP006098__SITE03,AGAP006098,10,11,0.890456679470764,0.818181818181818,0.126760563380282,0.919978819092757,INTERMEDIATE
AGAP006098__SITE04,AGAP006098,10,11,0.924463223787168,0.636363636363636,0.0727272727272727,0.904025769117949,INTERMEDIATE
AGAP006098__SITE05,AGAP006098,10,11,0.924463223787168,0.727272727272727,0.0727272727272727,0.918381748959004,INTERMEDIATE
AGAP012461__SITE01,AGAP012461,10,0,,,,,UNRESOLVED_CONTIG
AGAP012461__SITE02,AGAP012461,10,0,,,,,UNRESOLVED_CONTIG
AGAP012461__SITE03,AGAP012461,10,0,,,,,UNRESOLVED_CONTIG
AGAP012461__SITE04,AGAP012461,10,0,,,,,UNRESOLVED_CONTIG
AGAP012461__SITE05,AGAP012461,10,0,,,,,UNRESOLVED_CONTIG
AGAP006766__SITE01,AGAP006766,10,11,0.980072463768116,1,0.016304347826087,0.991042265381169,ROBUST
AGAP006766__SITE02,AGAP006766,10,11,0.372222222222222,0.272727272727273,0.666666666666667,0.585261732463225,CONCERN
AGAP006766__SITE03,AGAP006766,10,11,0.972773386034256,1,0.0272727272727273,0.985002321116046,ROBUST
AGAP006766__SITE04,AGAP006766,10,11,0.9599222999223,0.909090909090909,0.0512820512820513,0.964872722633917,INTERMEDIATE
AGAP006766__SITE05,AGAP006766,10,11,0.836444444444444,0.272727272727273,0.166666666666667,0.806940955396179,INTERMEDIATE
AGAP012499__SITE01,AGAP012499,10,0,,,,,UNRESOLVED_CONTIG
AGAP012499__SITE02,AGAP012499,10,0,,,,,UNRESOLVED_CONTIG
AGAP012499__SITE03,AGAP012499,10,0,,,,,UNRESOLVED_CONTIG
AGAP012499__SITE04,AGAP012499,10,0,,,,,UNRESOLVED_CONTIG
AGAP012499__SITE05,AGAP012499,10,0,,,,,UNRESOLVED_CONTIG
AGAP007965__SITE01,AGAP007965,10,11,0.299893162393163,0,0.82051282051282,0.435672541596049,CONCERN
AGAP007965__SITE02,AGAP007965,10,11,0.944888888888889,0.909090909090909,0.0375,0.959853982253236,ROBUST
AGAP007965__SITE03,AGAP007965,10,11,0.403454106280193,0,0.601449275362319,0.509615187519957,CONCERN
AGAP007965__SITE04,AGAP007965,10,11,0.948550860719875,0.909090909090909,0.0422535211267606,0.961813312863765,ROBUST
AGAP007965__SITE05,AGAP007965,10,11,0.195833333333334,0,0.833333333333333,0.285640991471215,CONCERN
AGAP012519__SITE01,AGAP012519,10,0,,,,,UNRESOLVED_CONTIG
AGAP012519__SITE02,AGAP012519,10,0,,,,,UNRESOLVED_CONTIG
AGAP012519__SITE03,AGAP012519,10,0,,,,,UNRESOLVED_CONTIG
AGAP012519__SITE04,AGAP012519,10,0,,,,,UNRESOLVED_CONTIG
AGAP012519__SITE05,AGAP012519,10,0,,,,,UNRESOLVED_CONTIG
AGAP007031__SITE01,AGAP007031,10,11,0.754850427350427,0.909090909090909,0.448717948717949,0.865225770291069,INTERMEDIATE
AGAP007031__SITE02,AGAP007031,10,11,0.754850427350427,0.909090909090909,0.448717948717949,0.864799331058659,INTERMEDIATE
AGAP007031__SITE03,AGAP007031,10,11,0.846376811594203,0.909090909090909,0.25,0.917787263569224,INTERMEDIATE
AGAP007031__SITE04,AGAP007031,10,11,0.846376811594203,0.909090909090909,0.25,0.919039928814426,INTERMEDIATE
AGAP007031__SITE05,AGAP007031,10,11,0.977845849802372,1,0.0272727272727273,0.988935682260634,ROBUST
AGAP011377__SITE01,AGAP011377,10,11,0,0,1,0.174440298507463,CONCERN
AGAP011377__SITE02,AGAP011377,10,11,0.0478632478632481,0,1,0.220947688298435,CONCERN
AGAP011377__SITE03,AGAP011377,10,11,0.194185626579993,0,0.826923076923077,0.357085442236273,CONCERN
AGAP011377__SITE04,AGAP011377,10,11,0.776111111111111,0.272727272727273,0.2125,0.76941714587237,INTERMEDIATE
AGAP011377__SITE05,AGAP011377,10,11,0.907619047619047,0.909090909090909,0.125,0.934004005944304,INTERMEDIATE
AGAP004050__SITE01,AGAP004050,10,11,1,1,0,1,ROBUST
AGAP004050__SITE02,AGAP004050,10,11,1,1,0,1,ROBUST
AGAP004050__SITE03,AGAP004050,10,11,0.801388888888889,0.454545454545455,0.208333333333333,0.811581634576038,INTERMEDIATE
AGAP004050__SITE04,AGAP004050,10,11,0.801388888888889,0.454545454545455,0.208333333333333,0.816165856324439,INTERMEDIATE
AGAP004050__SITE05,AGAP004050,10,11,0.445410628019324,0,0.583333333333333,0.516638726656572,CONCERN
AGAP028779__SITE01,AGAP028779,10,11,0.766666666666666,0.636363636363636,0.166666666666667,0.852730664857531,INTERMEDIATE
AGAP028779__SITE02,AGAP028779,10,11,0.766666666666666,0.636363636363636,0.166666666666667,0.852730664857531,INTERMEDIATE
AGAP028779__SITE03,AGAP028779,10,11,0.766666666666666,0.636363636363636,0.166666666666667,0.852730664857531,INTERMEDIATE
AGAP028779__SITE04,AGAP028779,10,11,0.999102132435466,1,0.00168350168350168,0.999420615776337,ROBUST
AGAP028779__SITE05,AGAP028779,10,11,0.999102132435466,1,0.00168350168350168,0.999420615776337,ROBUST
AGAP007999__SITE01,AGAP007999,20,10,0.777989130434783,0.7,0.270833333333333,0.856662350128241,INTERMEDIATE
AGAP007999__SITE02,AGAP007999,20,10,0.988196448613116,1,0.00892857142857143,0.993864144136221,ROBUST
AGAP007999__SITE03,AGAP007999,20,10,0.989262666346,1,0.00892857142857143,0.994370570637673,ROBUST
AGAP007999__SITE04,AGAP007999,20,10,0.377457264957265,0,0.708333333333333,0.487470215315365,CONCERN
AGAP007999__SITE05,AGAP007999,20,10,0.974756258234519,1,0.0108695652173913,0.990256692258639,ROBUST
AGAP005917__SITE01,AGAP005917,20,10,0.974305555555556,1,0.02,0.989524150082919,ROBUST
AGAP005917__SITE02,AGAP005917,20,10,0.997867564534231,1,0.00336700336700337,0.998757056468499,ROBUST
AGAP005917__SITE03,AGAP005917,20,10,0,0,1,0.157222814498934,CONCERN
AGAP005917__SITE04,AGAP005917,20,10,0,0,1,0.155303837953092,CONCERN
AGAP005917__SITE05,AGAP005917,20,10,0.97058810325477,1,0.0202020202020202,0.985029808868117,ROBUST
AGAP011966__SITE01,AGAP011966,20,10,0.963297101449275,1,0.025,0.983926620778097,ROBUST
AGAP011966__SITE02,AGAP011966,20,10,0.297857447716603,0,0.709090909090909,0.406273821126669,CONCERN
AGAP011966__SITE03,AGAP011966,20,10,0.297857447716603,0,0.709090909090909,0.407659748632,CONCERN
AGAP011966__SITE04,AGAP011966,20,10,0.986628968253968,1,0.0133333333333333,0.992845230691779,ROBUST
AGAP011966__SITE05,AGAP011966,20,10,0.00733333333333333,0,1,0.0765668088130775,CONCERN
AGAP004036__SITE01,AGAP004036,20,10,0.66316856452726,0.2,0.333333333333333,0.682421494365646,CONCERN
AGAP004036__SITE02,AGAP004036,20,10,0.252582683017466,0,0.756410256410256,0.358719996925708,CONCERN
AGAP004036__SITE03,AGAP004036,20,10,0.948460144927536,0.9,0.0625,0.961280814483484,INTERMEDIATE
AGAP004036__SITE04,AGAP004036,20,10,0.948460144927536,0.9,0.0625,0.961094247319304,INTERMEDIATE
AGAP004036__SITE05,AGAP004036,20,10,0.832936307519641,0.5,0.1125,0.838961688820209,INTERMEDIATE
AGAP004825__SITE01,AGAP004825,20,10,1,1,0,0.95,UNRESOLVED_ACCESSIBILITY
AGAP004825__SITE02,AGAP004825,20,10,0.452626811594203,0.4,0.5625,0.676288366011557,CONCERN
AGAP004825__SITE03,AGAP004825,20,10,0.727304445420387,0.4,0.276094276094276,0.760032248777652,INTERMEDIATE
AGAP004825__SITE04,AGAP004825,20,10,0.904891304347826,0.9,0.125,0.941500011588023,INTERMEDIATE
AGAP004825__SITE05,AGAP004825,20,10,0.973560606060606,1,0.0272727272727273,0.989063731666344,ROBUST
AGAP003595__SITE01,AGAP003595,20,10,0.968560250391237,1,0.0211267605633803,0.984377066712047,ROBUST
AGAP003595__SITE02,AGAP003595,20,10,0.722350427350427,0.6,0.391025641025641,0.809576727170011,INTERMEDIATE
AGAP003595__SITE03,AGAP003595,20,10,0.900516431924883,0.5,0.1,0.874084331861818,INTERMEDIATE
AGAP003595__SITE04,AGAP003595,20,10,0.98082729468599,1,0.0208333333333333,0.990591507395734,ROBUST
AGAP003595__SITE05,AGAP003595,20,10,0.958475743348983,0.9,0.02,0.969927038182662,ROBUST
AGAP007413__SITE01,AGAP007413,20,10,0.796506874767744,0.3,0.217391304347826,0.793229805741162,INTERMEDIATE
AGAP007413__SITE02,AGAP007413,20,10,0.892250511616709,0.6,0.0666666666666667,0.89045779492621,INTERMEDIATE
AGAP007413__SITE03,AGAP007413,20,10,0.982506587615283,1,0.0181818181818182,0.990610170842569,ROBUST
AGAP007413__SITE04,AGAP007413,20,10,0.952759720717467,0.9,0.0705128205128205,0.962540567104631,INTERMEDIATE
AGAP007413__SITE05,AGAP007413,20,10,0.181944444444445,0,0.833333333333333,0.363751924899313,CONCERN
AGAP009600__SITE01,AGAP009600,20,10,0.754199182460052,0.7,0.346153846153846,0.841023963238434,INTERMEDIATE
AGAP009600__SITE02,AGAP009600,20,10,0.987229468599034,1,0.016304347826087,0.994244096546254,ROBUST
AGAP009600__SITE03,AGAP009600,20,10,0.866123188405797,0.5,0.123188405797101,0.851600016223232,INTERMEDIATE
AGAP009600__SITE04,AGAP009600,20,10,0.845471014492754,0.5,0.123188405797101,0.840919915175675,INTERMEDIATE
AGAP009600__SITE05,AGAP009600,20,10,0.97018115942029,1,0.0326086956521739,0.984993375513736,ROBUST
AGAP005763__SITE01,AGAP005763,20,10,0.982529761904762,1,0.0133928571428571,0.992134306147832,ROBUST
AGAP005763__SITE02,AGAP005763,20,10,0.00491071428571427,0,1,0.161222348081024,CONCERN
AGAP005763__SITE03,AGAP005763,20,10,0.00491071428571427,0,1,0.168578424840085,CONCERN
AGAP005763__SITE04,AGAP005763,20,10,0.819749670619236,0.6,0.2,0.853988590362698,INTERMEDIATE
AGAP005763__SITE05,AGAP005763,20,10,0.825507246376811,0.5,0.2,0.839228623960941,INTERMEDIATE
AGAP011204__SITE01,AGAP011204,20,10,0.821074879227053,0.3,0.202898550724638,0.803433022516816,INTERMEDIATE
AGAP011204__SITE02,AGAP011204,20,10,0.828938060731539,0.2,0.202898550724638,0.787653615334302,INTERMEDIATE
AGAP011204__SITE03,AGAP011204,20,10,0.513695652173913,0,0.398550724637681,0.584597625227898,CONCERN
AGAP011204__SITE04,AGAP011204,20,10,0.623822463768116,0.2,0.398550724637681,0.663824424075276,CONCERN
AGAP011204__SITE05,AGAP011204,20,10,0.791183574879227,0.2,0.145833333333333,0.784667784267071,INTERMEDIATE
AGAP009921__SITE01,AGAP009921,20,10,0.974826291079812,1,0.028169014084507,0.989023999719711,ROBUST
AGAP009921__SITE02,AGAP009921,20,10,0.98950117370892,1,0.0125,0.995698854194821,ROBUST
AGAP009921__SITE03,AGAP009921,20,10,0.993785024154589,1,0.00666666666666667,0.997219887879443,ROBUST
AGAP009921__SITE04,AGAP009921,20,10,0.801241997439181,0.7,0.236363636363636,0.869360702887611,INTERMEDIATE
AGAP009921__SITE05,AGAP009921,20,10,0.93206572769953,0.8,0.0633802816901408,0.94220079181557,INTERMEDIATE
AGAP002300__SITE01,AGAP002300,20,10,0.826811594202899,0.5,0.201086956521739,0.833502518463583,INTERMEDIATE
AGAP002300__SITE02,AGAP002300,20,10,0.0978260869565218,0,0.942028985507246,0.276922066685207,CONCERN
AGAP002300__SITE03,AGAP002300,20,10,0.971888820847792,1,0.036231884057971,0.986550509343464,ROBUST
AGAP002300__SITE04,AGAP002300,20,10,0.971888820847792,1,0.036231884057971,0.986070765207004,ROBUST
AGAP002300__SITE05,AGAP002300,20,10,0.989732905982906,1,0.0125,0.995383652934959,ROBUST
AGAP004038__SITE01,AGAP004038,20,10,0.978596364511857,1,0.0256410256410256,0.990059402209917,ROBUST
AGAP004038__SITE02,AGAP004038,20,10,0.604956501831502,0.5,0.538461538461538,0.735079538775901,CONCERN
AGAP004038__SITE03,AGAP004038,20,10,0,0,1,0.153731343283582,CONCERN
AGAP004038__SITE04,AGAP004038,20,10,1,1,0,0.95,UNRESOLVED_ACCESSIBILITY
AGAP004038__SITE05,AGAP004038,20,10,0.646757246376812,0.2,0.2375,0.693765537606996,CONCERN
AGAP003769__SITE01,AGAP003769,20,10,0.921292929292929,0.6,0.0666666666666667,0.90432820744761,INTERMEDIATE
AGAP003769__SITE02,AGAP003769,20,10,0.885878787878788,0.8,0.136363636363636,0.920503909026297,INTERMEDIATE
AGAP003769__SITE03,AGAP003769,20,10,0.938416666666667,0.8,0.0625,0.944196384150675,INTERMEDIATE
AGAP003769__SITE04,AGAP003769,20,10,0.778002560819463,0.3,0.17948717948718,0.788582839100497,INTERMEDIATE
AGAP003769__SITE05,AGAP003769,20,10,0.851873666239863,0.6,0.136363636363636,0.879070858893751,INTERMEDIATE
AGAP002004__SITE01,AGAP002004,20,10,0.848642580118392,0.6,0.108695652173913,0.878284683223721,INTERMEDIATE
AGAP002004__SITE02,AGAP002004,20,10,0.987532349896481,1,0.00641025641025641,0.994749524519662,ROBUST
AGAP002004__SITE03,AGAP002004,20,10,0.967889492753623,1,0.0223214285714286,0.983983300693736,ROBUST
AGAP002004__SITE04,AGAP002004,20,10,0.950398550724637,1,0.0448717948717949,0.971305421946645,ROBUST
AGAP002004__SITE05,AGAP002004,20,10,0.922010869565218,0.7,0.0869565217391304,0.91286783280801,INTERMEDIATE
AGAP009488__SITE01,AGAP009488,20,10,0.861706349206349,0.7,0.166666666666667,0.883370794835347,INTERMEDIATE
AGAP009488__SITE02,AGAP009488,20,10,0.994793344068706,1,0.0072463768115942,0.997600564007659,ROBUST
AGAP009488__SITE03,AGAP009488,20,10,0.968560250391237,1,0.0266666666666667,0.987048022796814,ROBUST
AGAP009488__SITE04,AGAP009488,20,10,0.968560250391237,1,0.0266666666666667,0.987048022796814,ROBUST
AGAP009488__SITE05,AGAP009488,20,10,0.953777777777778,1,0.0466666666666667,0.979859867330017,ROBUST
AGAP005127__SITE01,AGAP005127,20,10,0.949555555555556,0.9,0.0533333333333333,0.957860459606728,INTERMEDIATE
AGAP005127__SITE02,AGAP005127,20,10,0.988136924803592,1,0.0134680134680135,0.993581886144075,ROBUST
AGAP005127__SITE03,AGAP005127,20,10,0.979125603864734,1,0.0133333333333333,0.99072951752624,ROBUST
AGAP005127__SITE04,AGAP005127,20,10,0.943840579710145,0.9,0.0760869565217391,0.956821598529094,INTERMEDIATE
AGAP005127__SITE05,AGAP005127,20,10,0.988973395931142,1,0.0133333333333333,0.994204258719815,ROBUST
AGAP010711__SITE01,AGAP010711,20,10,0.979700854700855,1,0.0320512820512821,0.99078724964919,ROBUST
AGAP010711__SITE02,AGAP010711,20,10,0.979700854700855,1,0.0320512820512821,0.99078724964919,ROBUST
AGAP010711__SITE03,AGAP010711,20,10,0.975140096618357,1,0.0266666666666667,0.987866758340801,ROBUST
AGAP010711__SITE04,AGAP010711,20,10,0.943192488262911,0.9,0.0633802816901408,0.96019570157262,INTERMEDIATE
AGAP010711__SITE05,AGAP010711,20,10,0.943192488262911,0.9,0.0633802816901408,0.960355616284773,INTERMEDIATE
AGAP005321__SITE01,AGAP005321,20,10,0.972159624413146,1,0.028169014084507,0.987557759492277,ROBUST
AGAP005321__SITE02,AGAP005321,20,10,0.915415564373897,0.6,0.0791245791245791,0.890792179449673,INTERMEDIATE
AGAP005321__SITE03,AGAP005321,20,10,0.915415564373897,0.6,0.0791245791245791,0.890792179449673,INTERMEDIATE
AGAP005321__SITE04,AGAP005321,20,10,0.935,0.9,0.0833333333333333,0.955192786069652,INTERMEDIATE
AGAP005321__SITE05,AGAP005321,20,10,0.935,0.9,0.0833333333333333,0.955192786069652,INTERMEDIATE
AGAP001099__SITE01,AGAP001099,20,10,0.990283289241623,1,0.0133928571428571,0.995138786063071,ROBUST
AGAP001099__SITE02,AGAP001099,20,10,0.995938051146384,1,0.00446428571428571,0.997925077818579,ROBUST
AGAP001099__SITE03,AGAP001099,20,10,0.995938051146384,1,0.00446428571428571,0.99797838272263,ROBUST
AGAP001099__SITE04,AGAP001099,20,10,1,1,0,1,ROBUST
AGAP001099__SITE05,AGAP001099,20,10,0.494625978090767,0.7,0.54,0.733052016910752,CONCERN
AGAP006939__SITE01,AGAP006939,20,10,0.777138888888889,0.3,0.270833333333333,0.783470045605307,CONCERN
AGAP006939__SITE02,AGAP006939,20,10,0.777138888888889,0.4,0.270833333333333,0.805559597844113,INTERMEDIATE
AGAP006939__SITE03,AGAP006939,20,10,0.938061594202899,0.9,0.0597826086956522,0.956580847702481,INTERMEDIATE
AGAP006939__SITE04,AGAP006939,20,10,0.948460144927536,0.9,0.0625,0.958535611924848,INTERMEDIATE
AGAP006939__SITE05,AGAP006939,20,10,0.749644927536232,0.3,0.24,0.76805941951732,INTERMEDIATE
AGAP004957__SITE01,AGAP004957,20,10,0.52409420289855,0,0.347826086956522,0.58142217870276,CONCERN
AGAP004957__SITE02,AGAP004957,20,10,0.964666666666667,1,0.0272727272727273,0.986573722297603,ROBUST
AGAP004957__SITE03,AGAP004957,20,10,0.964666666666667,1,0.0272727272727273,0.986573722297603,ROBUST
AGAP004957__SITE04,AGAP004957,20,10,0.817753623188406,0.8,0.25,0.889736913259788,INTERMEDIATE
AGAP004957__SITE05,AGAP004957,20,10,0.986972222222222,1,0.0133333333333333,0.994103752072968,ROBUST
AGAP010175__SITE01,AGAP010175,20,10,0.902789855072464,0.4,0.0875,0.855678807051698,INTERMEDIATE
AGAP010175__SITE02,AGAP010175,20,10,0.946525821596244,0.9,0.0633802816901408,0.96268148693154,INTERMEDIATE
AGAP010175__SITE03,AGAP010175,20,10,0.946525821596244,0.9,0.0633802816901408,0.96268148693154,INTERMEDIATE
AGAP010175__SITE04,AGAP010175,20,10,0.989842132505176,1,0.0108695652173913,0.995520698139736,ROBUST
AGAP010175__SITE05,AGAP010175,20,10,0.934444444444444,0.7,0.0666666666666667,0.923175787728027,INTERMEDIATE
AGAP007280__SITE01,AGAP007280,20,10,0.167361111111111,0,0.6875,0.341054030443023,CONCERN
AGAP007280__SITE02,AGAP007280,20,10,0.771438746438746,0.7,0.314102564102564,0.842249003760198,INTERMEDIATE
AGAP007280__SITE03,AGAP007280,20,10,0.764498506188647,0.2,0.147887323943662,0.749379604174117,INTERMEDIATE
AGAP007280__SITE04,AGAP007280,20,10,0.764498506188647,0.2,0.147887323943662,0.744102418673051,CONCERN
AGAP007280__SITE05,AGAP007280,20,10,0.987894834633965,1,0.00704225352112676,0.994483769020664,ROBUST
AGAP001135__SITE01,AGAP001135,20,10,0.989087058583384,1,0.00704225352112676,0.995394831404608,ROBUST
AGAP001135__SITE02,AGAP001135,20,10,0.678307320698625,0.1,0.326086956521739,0.680166428765553,CONCERN
AGAP001135__SITE03,AGAP001135,20,10,0.924369296833065,0.9,0.108695652173913,0.949012737668913,INTERMEDIATE
AGAP001135__SITE04,AGAP001135,20,10,0.3525,0,0.8125,0.501544509594883,CONCERN
AGAP001135__SITE05,AGAP001135,20,10,0.849919484702094,0.3,0.143097643097643,0.804550703880685,INTERMEDIATE
AGAP009048__SITE01,AGAP009048,20,10,0.94589898989899,0.8,0.0363636363636364,0.943696592793608,ROBUST
AGAP009048__SITE02,AGAP009048,20,10,0.96241452991453,1,0.0448717948717949,0.980706005230259,ROBUST
AGAP009048__SITE03,AGAP009048,20,10,0.969722222222222,1,0.0217391304347826,0.986658561488623,ROBUST
AGAP009048__SITE04,AGAP009048,20,10,0.975140096618357,1,0.0217391304347826,0.988439469320067,ROBUST
AGAP009048__SITE05,AGAP009048,20,10,0.890700483091788,0.5,0.115942028985507,0.865451920006592,INTERMEDIATE
AGAP010313__SITE01,AGAP010313,20,10,0.996557971014493,1,0.00543478260869565,0.998409447328574,ROBUST
AGAP010313__SITE02,AGAP010313,20,10,0.997172619047619,1,0.00446428571428571,0.998660159026297,ROBUST
AGAP010313__SITE03,AGAP010313,20,10,0.997172619047619,1,0.00446428571428571,0.998660159026297,ROBUST
AGAP010313__SITE04,AGAP010313,20,10,0.997867564534231,1,0.00168350168350168,0.99892540663685,ROBUST
AGAP010313__SITE05,AGAP010313,20,10,0.996557971014493,1,0.00543478260869565,0.998409447328574,ROBUST
AGAP009338__SITE01,AGAP009338,20,10,0.778356807511737,0.2,0.211267605633803,0.753275874150375,INTERMEDIATE
AGAP009338__SITE02,AGAP009338,20,10,0.816509661835749,0.2,0.181159420289855,0.776272667459803,INTERMEDIATE
AGAP009338__SITE03,AGAP009338,20,10,0.738490338164251,0.2,0.181159420289855,0.741309414367088,INTERMEDIATE
AGAP009338__SITE04,AGAP009338,20,10,0,0,1,0.152425373134328,CONCERN
AGAP009338__SITE05,AGAP009338,20,10,0.700761798587885,0.5,0.371794871794872,0.784972582936567,INTERMEDIATE
AGAP001015__SITE01,AGAP001015,20,9,0.89931623931624,0.888888888888889,0.128205128205128,0.940365299545628,INTERMEDIATE
AGAP001015__SITE02,AGAP001015,20,9,0.98884328358209,1,0.0125,0.994936230731588,ROBUST
AGAP001015__SITE03,AGAP001015,20,9,0.970489339197238,1,0.0352112676056338,0.986525095626568,ROBUST
AGAP001015__SITE04,AGAP001015,20,9,0.783048433048433,0.777777777777778,0.275641025641026,0.869320175877553,INTERMEDIATE
AGAP001015__SITE05,AGAP001015,20,9,0.99672619047619,1,0.00446428571428571,0.998530201014832,ROBUST
AGAP010219__SITE01,AGAP010219,20,10,0.940663580246914,0.8,0.0625,0.94033380550949,INTERMEDIATE
AGAP010219__SITE02,AGAP010219,20,10,0.952355072463768,1,0.0489130434782609,0.974801941380056,ROBUST
AGAP010219__SITE03,AGAP010219,20,10,0.980378709454797,1,0.0267857142857143,0.990737001457516,ROBUST
AGAP010219__SITE04,AGAP010219,20,10,0.82943661971831,0.7,0.2,0.88135169224301,INTERMEDIATE
AGAP010219__SITE05,AGAP010219,20,10,0.998933782267115,1,0.00168350168350168,0.99937852823425,ROBUST
AGAP008191__SITE01,AGAP008191,20,10,0.859594979296066,0.4,0.115942028985507,0.823592388407342,INTERMEDIATE
AGAP008191__SITE02,AGAP008191,20,10,0.981228455186789,1,0.0072463768115942,0.99034473624347,ROBUST
AGAP008191__SITE03,AGAP008191,20,10,0,0,1,0.150533049040512,CONCERN
AGAP008191__SITE04,AGAP008191,20,10,0,0,1,0.150746268656716,CONCERN
AGAP008191__SITE05,AGAP008191,20,10,0,0,1,0.150692963752665,CONCERN
AGAP005871__SITE01,AGAP005871,20,10,0.995410628019324,1,0.0072463768115942,0.997941452159492,ROBUST
AGAP005871__SITE02,AGAP005871,20,10,0.782638888888889,0.5,0.270833333333333,0.822307732172471,INTERMEDIATE
AGAP005871__SITE03,AGAP005871,20,10,0.0286086956521739,0,0.98,0.264562621674238,CONCERN
AGAP005871__SITE04,AGAP005871,20,10,0.560760869565218,0,0.461956521739131,0.593674735793084,CONCERN
AGAP005871__SITE05,AGAP005871,20,10,0.140277777777778,0,0.48,0.376701640606491,CONCERN
AGAP008015__SITE01,AGAP008015,20,10,0.880637508626639,0.3,0.102678571428571,0.826533311058579,INTERMEDIATE
AGAP008015__SITE02,AGAP008015,20,10,0.736176142697882,0.1,0.268115942028986,0.716715383902276,CONCERN
AGAP008015__SITE03,AGAP008015,20,10,0.955446009389672,1,0.0492957746478873,0.975802927014825,INTERMEDIATE
AGAP008015__SITE04,AGAP008015,20,10,0.989073412698413,1,0.00892857142857143,0.99472304400616,ROBUST
AGAP008015__SITE05,AGAP008015,20,10,0.655811965811965,0.2,0.448717948717949,0.701693136879704,CONCERN
AGAP004078__SITE01,AGAP004078,20,10,0.553814102564102,0.6,0.653846153846154,0.731725626674321,CONCERN
AGAP004078__SITE02,AGAP004078,20,10,0.585897435897436,0.9,0.653846153846154,0.797059892843475,CONCERN
AGAP004078__SITE03,AGAP004078,20,10,0.0904444444444445,0.2,1,0.430409618573798,CONCERN
AGAP004078__SITE04,AGAP004078,20,10,0.930225352112676,0.9,0.0985915492957746,0.95377927265083,INTERMEDIATE
AGAP004078__SITE05,AGAP004078,20,10,0.373920973015176,0,0.632996632996633,0.485404460551146,CONCERN
AGAP004852__SITE01,AGAP004852,20,10,0.870182501341922,0.9,0.188405797101449,0.923443851595485,INTERMEDIATE
AGAP004852__SITE02,AGAP004852,20,10,0.974798792756539,1,0.0357142857142857,0.988022725907685,ROBUST
AGAP004852__SITE03,AGAP004852,20,10,0.921161477411477,0.9,0.108974358974359,0.947676515544986,INTERMEDIATE
AGAP004852__SITE04,AGAP004852,20,10,1,1,0,1,ROBUST
AGAP004852__SITE05,AGAP004852,20,10,0.965013175230567,1,0.0363636363636364,0.984258721216054,ROBUST
AGAP012424__SITE01,AGAP012424,20,10,0.980974206349206,1,0.0223214285714286,0.990905865020137,ROBUST
AGAP012424__SITE02,AGAP012424,20,10,0.948732394366197,0.9,0.0633802816901408,0.962859995795669,INTERMEDIATE
AGAP012424__SITE03,AGAP012424,20,10,0.994140873015873,1,0.00666666666666667,0.996962368218431,ROBUST
AGAP012424__SITE04,AGAP012424,20,10,1,1,0,1,ROBUST
AGAP012424__SITE05,AGAP012424,20,10,1,1,0,1,ROBUST
AGAP007775__SITE01,AGAP007775,20,10,0,0,1,0.149626865671642,CONCERN
AGAP007775__SITE02,AGAP007775,20,10,0,0,1,0.163459488272921,CONCERN
AGAP007775__SITE03,AGAP007775,20,10,0.759963768115942,0.5,0.25,0.795534652050308,INTERMEDIATE
AGAP007775__SITE04,AGAP007775,20,10,0.758025362318841,0.5,0.25,0.790679048468836,INTERMEDIATE
AGAP007775__SITE05,AGAP007775,20,10,0.91465811965812,0.6,0.0961538461538462,0.895243175149892,INTERMEDIATE
AGAP010722__SITE01,AGAP010722,20,10,0.235363247863248,0,0.791666666666667,0.413389497111512,CONCERN
AGAP010722__SITE02,AGAP010722,20,10,0.879518779342723,0.6,0.125,0.886905281189625,INTERMEDIATE
AGAP010722__SITE03,AGAP010722,20,10,0.985340579710145,1,0.0133333333333333,0.993882408609128,ROBUST
AGAP010722__SITE04,AGAP010722,20,10,0.949250841750841,0.9,0.063973063973064,0.95597403943486,INTERMEDIATE
AGAP010722__SITE05,AGAP010722,20,10,0.387916666666667,0,0.6875,0.50248289800995,CONCERN
AGAP009792__SITE01,AGAP009792,20,10,0.910278880070547,0.7,0.0714285714285714,0.910314922576272,INTERMEDIATE
AGAP009792__SITE02,AGAP009792,20,10,0.981293612453033,1,0.0217391304347826,0.990164415442914,ROBUST
AGAP009792__SITE03,AGAP009792,20,10,0.110090579710145,0,0.8875,0.288479467955255,CONCERN
AGAP009792__SITE04,AGAP009792,20,10,0.600897435897436,0,0.403846153846154,0.56807535126565,CONCERN
AGAP009792__SITE05,AGAP009792,20,10,0.825863095238095,0.5,0.209821428571429,0.836789601101635,INTERMEDIATE
AGAP000999__SITE01,AGAP000999,20,9,0.950356406878146,0.888888888888889,0.0641025641025641,0.961028572085236,INTERMEDIATE
AGAP000999__SITE02,AGAP000999,20,9,0.950356406878146,0.888888888888889,0.0641025641025641,0.961379860141442,INTERMEDIATE
AGAP000999__SITE03,AGAP000999,20,9,1,1,0,0.971739130434783,UNRESOLVED_ACCESSIBILITY
AGAP000999__SITE04,AGAP000999,20,9,1,1,0,0.95,UNRESOLVED_ACCESSIBILITY
AGAP000999__SITE05,AGAP000999,20,9,1,1,0,0.95,UNRESOLVED_ACCESSIBILITY
AGAP007217__SITE01,AGAP007217,20,10,0.961017094017094,0.9,0.0576923076923077,0.966819797532484,INTERMEDIATE
AGAP007217__SITE02,AGAP007217,20,10,0.861008918617614,0.7,0.166666666666667,0.88780731138859,INTERMEDIATE
AGAP007217__SITE03,AGAP007217,20,10,0.0697463768115942,0,1,0.257068790364946,CONCERN
AGAP007217__SITE04,AGAP007217,20,10,0.929661835748792,0.8,0.072463768115942,0.933308740974218,INTERMEDIATE
AGAP007217__SITE05,AGAP007217,20,10,0.981321169772256,1,0.0133928571428571,0.991352413978245,ROBUST
AGAP009091__SITE01,AGAP009091,20,10,0.962801434676435,1,0.0401785714285714,0.979592949287446,INTERMEDIATE
AGAP009091__SITE02,AGAP009091,20,10,0.978455920709442,1,0.0211267605633803,0.989729449110362,ROBUST
AGAP009091__SITE03,AGAP009091,20,10,0.968297821114722,1,0.028169014084507,0.985233033614366,ROBUST
AGAP009091__SITE04,AGAP009091,20,10,0.60332264957265,0.1,0.474358974358974,0.637904359839994,CONCERN
AGAP009091__SITE05,AGAP009091,20,10,0.894543650793651,0.9,0.145833333333333,0.940134668917318,INTERMEDIATE
AGAP006989__SITE01,AGAP006989,20,10,0.98875,1,0.0125,0.994045175906183,ROBUST
AGAP006989__SITE02,AGAP006989,20,10,0.80655193236715,0.8,0.270833333333333,0.883547187071887,INTERMEDIATE
AGAP006989__SITE03,AGAP006989,20,10,0.0452608695652174,0.1,0.953333333333333,0.313258003460956,CONCERN
AGAP006989__SITE04,AGAP006989,20,10,0.817536231884058,0.3,0.127272727272727,0.803820964348219,INTERMEDIATE
AGAP006989__SITE05,AGAP006989,20,10,0.077,0,0.92,0.33178091684435,CONCERN
AGAP005062__SITE01,AGAP005062,20,10,1,1,0,1,ROBUST
AGAP005062__SITE02,AGAP005062,20,10,0.923399758454106,0.9,0.104166666666667,0.952448198319994,INTERMEDIATE
AGAP005062__SITE03,AGAP005062,20,10,0.988996913580247,1,0.0125,0.994506691081629,ROBUST
AGAP005062__SITE04,AGAP005062,20,10,0.988996913580247,1,0.0125,0.994506691081629,ROBUST
AGAP005062__SITE05,AGAP005062,20,10,0.959232420826624,0.9,0.0434782608695652,0.964676697030147,ROBUST
AGAP008118__SITE01,AGAP008118,20,10,0.918731884057971,0.9,0.0625,0.947931904916411,INTERMEDIATE
AGAP008118__SITE02,AGAP008118,20,10,0.282727272727273,0,0.727272727272727,0.392117658460942,CONCERN
AGAP008118__SITE03,AGAP008118,20,10,0.99235248447205,1,0.00892857142857143,0.996448995318439,ROBUST
AGAP008118__SITE04,AGAP008118,20,10,0.979286384976526,1,0.0211267605633803,0.989857107821056,ROBUST
AGAP008118__SITE05,AGAP008118,20,10,0.857083333333334,0.3,0.15,0.815699404761905,INTERMEDIATE
AGAP000099__SITE01,AGAP000099,20,9,0.962549751243781,1,0.0375,0.980944814860125,ROBUST
AGAP000099__SITE02,AGAP000099,20,9,0.962549751243781,1,0.0375,0.980183690738346,ROBUST
AGAP000099__SITE03,AGAP000099,20,9,0.963110328638498,1,0.0375,0.981816809325901,ROBUST
AGAP000099__SITE04,AGAP000099,20,9,0.992649428911779,1,0.00746268656716418,0.996391498407294,ROBUST
AGAP000099__SITE05,AGAP000099,20,9,0.982001061884254,1,0.0149253731343284,0.992134191857865,ROBUST
AGAP004239__SITE01,AGAP004239,20,10,0.922339743589744,0.9,0.115384615384615,0.950501698239571,INTERMEDIATE
AGAP004239__SITE02,AGAP004239,20,10,0.922339743589744,0.9,0.115384615384615,0.950501698239571,INTERMEDIATE
AGAP004239__SITE03,AGAP004239,20,10,0.834855072463768,0.7,0.146739130434783,0.882621944624703,INTERMEDIATE
AGAP004239__SITE04,AGAP004239,20,10,0.83849765258216,0.6,0.176056338028169,0.862429227103917,INTERMEDIATE
AGAP004239__SITE05,AGAP004239,20,10,0.878658909981629,0.7,0.130434782608696,0.895763040279314,INTERMEDIATE
AGAP006935__SITE01,AGAP006935,20,10,0.046306763285024,0.2,0.986666666666667,0.397360983642862,CONCERN
AGAP006935__SITE02,AGAP006935,20,10,0.046306763285024,0.2,0.986666666666667,0.397574203259067,CONCERN
AGAP006935__SITE03,AGAP006935,20,10,1,1,0,0.95,UNRESOLVED_ACCESSIBILITY
AGAP006935__SITE04,AGAP006935,20,10,1,1,0,0.95,UNRESOLVED_ACCESSIBILITY
AGAP006935__SITE05,AGAP006935,20,10,1,1,0,0.95,UNRESOLVED_ACCESSIBILITY
AGAP007365__SITE01,AGAP007365,20,10,1,1,0,0.95,UNRESOLVED_ACCESSIBILITY
AGAP007365__SITE02,AGAP007365,20,10,1,1,0,0.95,UNRESOLVED_ACCESSIBILITY
AGAP007365__SITE03,AGAP007365,20,10,1,1,0,0.95,UNRESOLVED_ACCESSIBILITY
AGAP007365__SITE04,AGAP007365,20,10,1,1,0,0.95,UNRESOLVED_ACCESSIBILITY
AGAP007365__SITE05,AGAP007365,20,10,1,1,0,0.95,UNRESOLVED_ACCESSIBILITY
AGAP007122__SITE01,AGAP007122,20,10,0.981723985890652,1,0.0178571428571429,0.990473640395904,ROBUST
AGAP007122__SITE02,AGAP007122,20,10,0.97545652173913,1,0.016304347826087,0.98887548669695,ROBUST
AGAP007122__SITE03,AGAP007122,20,10,0.97545652173913,1,0.016304347826087,0.98887548669695,ROBUST
AGAP007122__SITE04,AGAP007122,20,10,0.98701690821256,1,0.0108695652173913,0.994121428313917,ROBUST
AGAP007122__SITE05,AGAP007122,20,10,0.993095461658842,1,0.00704225352112676,0.996823371405881,ROBUST
AGAP011938__SITE01,AGAP011938,20,10,0.810943887030843,0.6,0.202898550724638,0.850937587900599,INTERMEDIATE
AGAP011938__SITE02,AGAP011938,20,10,0.810943887030843,0.6,0.202898550724638,0.85099089280465,INTERMEDIATE
AGAP011938__SITE03,AGAP011938,20,10,0.551207729468599,0.8,0.666666666666667,0.772345287022445,CONCERN
AGAP011938__SITE04,AGAP011938,20,10,0.462083333333333,0,0.625,0.541826803482587,CONCERN
AGAP011938__SITE05,AGAP011938,20,10,0.991965788840789,1,0.00505050505050505,0.996180426555893,ROBUST
AGAP007333__SITE01,AGAP007333,20,10,0.820681818181818,0.3,0.181818181818182,0.786972644892421,INTERMEDIATE
AGAP007333__SITE02,AGAP007333,20,10,0.986934523809524,1,0.0133928571428571,0.993661935856432,ROBUST
AGAP007333__SITE03,AGAP007333,20,10,0.934245214879017,0.7,0.0704225352112676,0.924989199452359,INTERMEDIATE
AGAP007333__SITE04,AGAP007333,20,10,0.986972222222222,1,0.0125,0.993520774105662,ROBUST
AGAP007333__SITE05,AGAP007333,20,10,0.986972222222222,1,0.0125,0.993520774105662,ROBUST
AGAP007063__SITE01,AGAP007063,20,10,0.728222222222222,0.4,0.313333333333333,0.775594290452499,INTERMEDIATE
AGAP007063__SITE02,AGAP007063,20,10,0.949089201877934,0.9,0.0533333333333333,0.962461355195852,INTERMEDIATE
AGAP007063__SITE03,AGAP007063,20,10,0.916739130434783,0.8,0.0866666666666667,0.929830482679769,INTERMEDIATE
AGAP007063__SITE04,AGAP007063,20,10,0,0,1,0.180783582089552,CONCERN
AGAP007063__SITE05,AGAP007063,20,10,0,0,1,0.180783582089552,CONCERN
AGAP007896__SITE01,AGAP007896,20,10,0.0152777777777778,0,1,0.192625414593698,CONCERN
AGAP007896__SITE02,AGAP007896,20,10,0.0152777777777778,0,1,0.192198975361289,CONCERN
AGAP007896__SITE03,AGAP007896,20,10,0.0152777777777778,0,1,0.192625414593698,CONCERN
AGAP007896__SITE04,AGAP007896,20,10,0.843077601410934,0.1,0.178571428571429,0.76902632999026,INTERMEDIATE
AGAP007896__SITE05,AGAP007896,20,10,0.873164682539682,0.8,0.166666666666667,0.908191668147358,INTERMEDIATE
AGAP005406__SITE01,AGAP005406,20,10,0.811862587224906,0.7,0.246376811594203,0.860140332384546,INTERMEDIATE
AGAP005406__SITE02,AGAP005406,20,10,0.82457264957265,0.6,0.224358974358974,0.858408757494578,INTERMEDIATE
AGAP005406__SITE03,AGAP005406,20,10,0.82457264957265,0.6,0.224358974358974,0.856543085852787,INTERMEDIATE
AGAP005406__SITE04,AGAP005406,20,10,0.288356807511737,0.1,0.73943661971831,0.510213770183289,CONCERN
AGAP005406__SITE05,AGAP005406,20,10,0.447916666666666,0,0.666666666666667,0.568926572494669,CONCERN
AGAP005959__SITE01,AGAP005959,20,10,0.54940170940171,0.1,0.564102564102564,0.646873006761067,CONCERN
AGAP005959__SITE02,AGAP005959,20,10,0.962685990338164,1,0.0434782608695652,0.979180814354727,ROBUST
AGAP005959__SITE03,AGAP005959,20,10,0.988935697518444,1,0.0133928571428571,0.994402101351892,ROBUST
AGAP005959__SITE04,AGAP005959,20,10,0.0019927536231884,0,1,0.190530171348228,CONCERN
AGAP005959__SITE05,AGAP005959,20,10,0.0019927536231884,0,1,0.104895842990019,CONCERN
AGAP011849__SITE01,AGAP011849,20,10,0.983801587301587,1,0.0133928571428571,0.992425610045013,ROBUST
AGAP011849__SITE02,AGAP011849,20,10,0,0,1,0.174067164179104,CONCERN
AGAP011849__SITE03,AGAP011849,20,10,0.803049516908212,0.1,0.229166666666667,0.756784944969768,INTERMEDIATE
AGAP011849__SITE04,AGAP011849,20,10,0.804117063492063,0.1,0.229166666666667,0.756811959547501,INTERMEDIATE
AGAP011849__SITE05,AGAP011849,20,10,0.98448717948718,1,0.0192307692307692,0.993079314963643,ROBUST
AGAP005874__SITE01,AGAP005874,20,10,0.709111111111111,0.5,0.306666666666667,0.788775290215589,INTERMEDIATE
AGAP005874__SITE02,AGAP005874,20,10,0.983901515151515,1,0.0125,0.993419408638625,ROBUST
AGAP005874__SITE03,AGAP005874,20,10,0.996557971014493,1,0.00543478260869565,0.998409447328574,ROBUST
AGAP005874__SITE04,AGAP005874,20,10,0.0649516908212559,0.1,0.966666666666667,0.31607445433289,CONCERN
AGAP005874__SITE05,AGAP005874,20,10,0.459882478632478,0,0.604166666666667,0.584031564931751,CONCERN
AGAP010380__SITE01,AGAP010380,20,10,1,1,0,1,ROBUST
AGAP010380__SITE02,AGAP010380,20,10,1,1,0,1,ROBUST
AGAP010380__SITE03,AGAP010380,20,10,0.82123778998779,0.9,0.256410256410256,0.903820873881508,INTERMEDIATE
AGAP010380__SITE04,AGAP010380,20,10,0.940717948717948,0.9,0.0897435897435897,0.957980181510032,INTERMEDIATE
AGAP010380__SITE05,AGAP010380,20,10,0,0,1,0.258901918976546,CONCERN
AGAP004467__SITE01,AGAP004467,20,10,0.941613247863248,0.8,0.0625,0.943876126464746,INTERMEDIATE
AGAP004467__SITE02,AGAP004467,20,10,0.76634460547504,0.3,0.231884057971015,0.771580048343514,INTERMEDIATE
AGAP004467__SITE03,AGAP004467,20,10,0.76634460547504,0.3,0.231884057971015,0.771739963055667,INTERMEDIATE
AGAP004467__SITE04,AGAP004467,20,10,0.806089743589743,0.9,0.282051282051282,0.896750143513203,INTERMEDIATE
AGAP004467__SITE05,AGAP004467,20,10,0.806089743589743,0.9,0.282051282051282,0.897682979334098,INTERMEDIATE
AGAP004685__SITE01,AGAP004685,20,10,1,1,0,0.967391304347826,UNRESOLVED_ACCESSIBILITY
AGAP004685__SITE02,AGAP004685,20,10,1,1,0,0.967391304347826,UNRESOLVED_ACCESSIBILITY
AGAP004685__SITE03,AGAP004685,20,10,1,1,0,0.980434782608696,UNRESOLVED_ACCESSIBILITY
AGAP004685__SITE04,AGAP004685,20,10,1,1,0,1,ROBUST
AGAP004685__SITE05,AGAP004685,20,10,1,1,0,0.999813432835821,ROBUST
AGAP004502__SITE01,AGAP004502,20,10,0.990533782404573,1,0.0108695652173913,0.995613653258508,ROBUST
AGAP004502__SITE02,AGAP004502,20,10,1,1,0,1,ROBUST
AGAP004502__SITE03,AGAP004502,20,10,0.899468599033816,0.9,0.13768115942029,0.940262146822822,INTERMEDIATE
AGAP004502__SITE04,AGAP004502,20,10,0.997172619047619,1,0.00446428571428571,0.998660159026297,ROBUST
AGAP004502__SITE05,AGAP004502,20,10,0.959401709401709,0.9,0.0641025641025641,0.96657449929838,INTERMEDIATE
AGAP004699__SITE01,AGAP004699,20,10,0.991880341880342,1,0.0128205128205128,0.996314899859676,ROBUST
AGAP004699__SITE02,AGAP004699,20,10,0.991880341880342,1,0.0128205128205128,0.996314899859676,ROBUST
AGAP004699__SITE03,AGAP004699,20,10,1,1,0,1,ROBUST
AGAP004699__SITE04,AGAP004699,20,10,1,1,0,1,ROBUST
AGAP004699__SITE05,AGAP004699,20,10,1,1,0,1,ROBUST
AGAP002171__SITE01,AGAP002171,20,10,0.978529761904761,1,0.0223214285714286,0.989361918088131,ROBUST
AGAP002171__SITE02,AGAP002171,20,10,0.0766666666666666,0,1,0.279241293532338,CONCERN
AGAP002171__SITE03,AGAP002171,20,10,0.15691510172144,0,0.854166666666667,0.303972023475847,CONCERN
AGAP002171__SITE04,AGAP002171,20,10,0.15691510172144,0,0.854166666666667,0.304371810256231,CONCERN
AGAP002171__SITE05,AGAP002171,20,10,0.15691510172144,0,0.854166666666667,0.29754878253768,CONCERN
AGAP009515__SITE01,AGAP009515,20,10,1,1,0,0.954347826086956,UNRESOLVED_ACCESSIBILITY
AGAP009515__SITE02,AGAP009515,20,10,0.969923076923077,1,0.0320512820512821,0.986663700727134,ROBUST
AGAP009515__SITE03,AGAP009515,20,10,0.620833333333333,0.6,0.5625,0.768116115849325,CONCERN
AGAP009515__SITE04,AGAP009515,20,10,1,1,0,1,ROBUST
AGAP009515__SITE05,AGAP009515,20,10,0.995735129068462,1,0.00505050505050505,0.997682463105349,ROBUST
AGAP029982__SITE01,AGAP029982,20,10,0.98837962962963,1,0.0125,0.994192455381821,ROBUST
AGAP029982__SITE02,AGAP029982,20,10,0.89392094017094,0.9,0.16025641025641,0.937230713420079,INTERMEDIATE
AGAP029982__SITE03,AGAP029982,20,10,0.9064942002442,0.9,0.121794871794872,0.942381163094782,INTERMEDIATE
AGAP029982__SITE04,AGAP029982,20,10,1,1,0,0.95,UNRESOLVED_ACCESSIBILITY
AGAP029982__SITE05,AGAP029982,20,10,1,1,0,0.95,UNRESOLVED_ACCESSIBILITY
AGAP009232__SITE01,AGAP009232,20,10,0.965628815628815,1,0.0223214285714286,0.98573689473876,ROBUST
AGAP009232__SITE02,AGAP009232,20,10,0.48552731990232,0,0.551282051282051,0.530752558749294,CONCERN
AGAP009232__SITE03,AGAP009232,20,10,0.48552731990232,0,0.551282051282051,0.530486034229038,CONCERN
AGAP009232__SITE04,AGAP009232,20,10,0.892880434782609,0.6,0.0791245791245791,0.884971829887672,INTERMEDIATE
AGAP009232__SITE05,AGAP009232,20,10,0.942341549295775,0.9,0.0625,0.956819395852728,INTERMEDIATE
AGAP005958__SITE01,AGAP005958,20,10,0.933391304347826,0.9,0.04,0.955285992398257,ROBUST
AGAP005958__SITE02,AGAP005958,20,10,0.968,1,0.0266666666666667,0.986534825870647,ROBUST
AGAP005958__SITE03,AGAP005958,20,10,0.982712215320911,1,0.0133928571428571,0.990873949352616,ROBUST
AGAP005958__SITE04,AGAP005958,20,10,0.873263888888889,0.5,0.145833333333333,0.864073790274816,INTERMEDIATE
AGAP005958__SITE05,AGAP005958,20,10,0.874900793650794,0.5,0.145833333333333,0.864962760601753,INTERMEDIATE
AGAP006241__SITE01,AGAP006241,20,10,0.923333333333333,0.9,0.06,0.953436744847193,INTERMEDIATE
AGAP006241__SITE02,AGAP006241,20,10,0.970366197183098,1,0.0352112676056338,0.986831616565062,ROBUST
AGAP006241__SITE03,AGAP006241,20,10,0.811896135265701,0.6,0.22463768115942,0.847056107917967,CONCERN
AGAP006241__SITE04,AGAP006241,20,10,0.977797101449275,1,0.0266666666666667,0.989597107629554,ROBUST
AGAP006241__SITE05,AGAP006241,20,10,0.96515873015873,1,0.0333333333333333,0.98366530443023,ROBUST
AGAP009782__SITE01,AGAP009782,20,10,0,0,1,0.150373134328358,CONCERN
AGAP009782__SITE02,AGAP009782,20,10,0,0,1,0.150319829424307,CONCERN
AGAP009782__SITE03,AGAP009782,20,10,0.988239096414234,1,0.0144927536231884,0.994304528591986,ROBUST
AGAP009782__SITE04,AGAP009782,20,10,0.851927722036418,0.9,0.224358974358974,0.917123858233122,INTERMEDIATE
AGAP009782__SITE05,AGAP009782,20,10,0.676444444444445,0,0.294871794871795,0.659586618191096,CONCERN
AGAP002475__SITE01,AGAP002475,20,10,0.978871794871795,1,0.0256410256410256,0.990288174512055,ROBUST
AGAP002475__SITE02,AGAP002475,20,10,0.0720238095238093,0,1,0.279199982231699,CONCERN
AGAP002475__SITE03,AGAP002475,20,10,0.0720238095238093,0,1,0.279199982231699,CONCERN
AGAP002475__SITE04,AGAP002475,20,10,0.784754738015607,0.4,0.205128205128205,0.800121492988949,INTERMEDIATE
AGAP002475__SITE05,AGAP002475,20,10,0.711921296296296,0.6,0.34375,0.787230057549554,INTERMEDIATE
AGAP001526__SITE01,AGAP001526,20,10,0.966286231884058,1,0.0235690235690236,0.983244506360381,ROBUST
AGAP001526__SITE02,AGAP001526,20,10,0.36237922705314,0.1,0.644927536231884,0.469273694931141,CONCERN
AGAP001526__SITE03,AGAP001526,20,10,0.948470209339775,0.9,0.0579710144927536,0.955952647047715,INTERMEDIATE
AGAP001526__SITE04,AGAP001526,20,10,0.901912078531797,0.8,0.118181818181818,0.926330413507731,INTERMEDIATE
AGAP001526__SITE05,AGAP001526,20,10,0.901912078531797,0.8,0.118181818181818,0.92331868642884,INTERMEDIATE
AGAP008381__SITE01,AGAP008381,20,10,0.55375,0,0.425,0.573309568230277,CONCERN
AGAP008381__SITE02,AGAP008381,20,10,0.55375,0,0.425,0.57274986673774,CONCERN
AGAP008381__SITE03,AGAP008381,20,10,0.55375,0,0.425,0.572829824093817,CONCERN
AGAP008381__SITE04,AGAP008381,20,10,0.825327380952381,0.1,0.151785714285714,0.761270544598437,INTERMEDIATE
AGAP008381__SITE05,AGAP008381,20,10,0.666901408450704,0.2,0.394366197183099,0.696227964803748,CONCERN
AGAP000399__SITE01,AGAP000399,20,9,0.949426186750131,0.888888888888889,0.0563380281690141,0.960547880482653,INTERMEDIATE
AGAP000399__SITE02,AGAP000399,20,9,0.990833333333333,1,0.0125,0.996253415300546,ROBUST
AGAP000399__SITE03,AGAP000399,20,9,0.94898847631242,0.888888888888889,0.0563380281690141,0.960233534840439,INTERMEDIATE
AGAP000399__SITE04,AGAP000399,20,9,0.981388888888889,1,0.0138888888888889,0.992318989071038,ROBUST
AGAP000399__SITE05,AGAP000399,20,9,0.987790953008344,1,0.0144927536231884,0.994064036660259,ROBUST
AGAP010197__SITE01,AGAP010197,20,10,0.990821256038648,1,0.0144927536231884,0.995882904318985,ROBUST
AGAP010197__SITE02,AGAP010197,20,10,0.997867564534231,1,0.00336700336700337,0.998757056468499,ROBUST
AGAP010197__SITE03,AGAP010197,20,10,0.858531746031746,0.3,0.145833333333333,0.815571991234305,INTERMEDIATE
AGAP010197__SITE04,AGAP010197,20,10,0.054137323943662,0,0.950704225352113,0.218277341286525,CONCERN
AGAP010197__SITE05,AGAP010197,20,10,0.054137323943662,0,0.950704225352113,0.218277341286525,CONCERN
AGAP007855__SITE01,AGAP007855,20,10,0.95360119047619,1,0.0375,0.97750744047619,ROBUST
AGAP007855__SITE02,AGAP007855,20,10,0.988073192239859,1,0.00892857142857143,0.995006037932033,ROBUST
AGAP007855__SITE03,AGAP007855,20,10,0.988073192239859,1,0.00892857142857143,0.995006037932033,ROBUST
AGAP007855__SITE04,AGAP007855,20,10,0.975982142857143,1,0.0181818181818182,0.988632577776701,ROBUST
AGAP007855__SITE05,AGAP007855,20,10,0.973869047619048,1,0.0181818181818182,0.987731169638819,ROBUST
AGAP005130__SITE01,AGAP005130,20,10,0.948941297899631,0.9,0.0454545454545455,0.953270893383611,INTERMEDIATE
AGAP005130__SITE02,AGAP005130,20,10,0.987229468599034,1,0.0108695652173913,0.994547702738894,ROBUST
AGAP005130__SITE03,AGAP005130,20,10,0.990938271604938,1,0.00666666666666667,0.996454894837979,ROBUST
AGAP005130__SITE04,AGAP005130,20,10,0.99516049382716,1,0.00666666666666667,0.997750322461765,ROBUST
AGAP005130__SITE05,AGAP005130,20,10,0.885737812911726,0.8,0.127272727272727,0.917086711417503,INTERMEDIATE
AGAP004962__SITE01,AGAP004962,20,10,0.994242424242424,1,0.00909090909090909,0.997464947987336,ROBUST
AGAP004962__SITE02,AGAP004962,20,10,1,1,0,0.95,UNRESOLVED_ACCESSIBILITY
AGAP004962__SITE03,AGAP004962,20,10,1,1,0,0.95,UNRESOLVED_ACCESSIBILITY
AGAP004962__SITE04,AGAP004962,20,10,1,1,0,0.95,UNRESOLVED_ACCESSIBILITY
AGAP004962__SITE05,AGAP004962,20,10,1,1,0,0.95,UNRESOLVED_ACCESSIBILITY
AGAP003594__SITE01,AGAP003594,20,10,0.983872053872054,1,0.0185185185185185,0.991450916413603,ROBUST
AGAP003594__SITE02,AGAP003594,20,10,0.903236714975845,0.7,0.115942028985507,0.911938856442426,INTERMEDIATE
AGAP003594__SITE03,AGAP003594,20,10,0.968442760942761,1,0.031986531986532,0.98334167456369,ROBUST
AGAP003594__SITE04,AGAP003594,20,10,0.968442760942761,1,0.031986531986532,0.983501589275843,ROBUST
AGAP003594__SITE05,AGAP003594,20,10,0.69875992063492,0.4,0.270833333333333,0.781433938936271,CONCERN
AGAP004729__SITE01,AGAP004729,20,10,0.986805555555556,1,0.0208333333333333,0.994431488391376,ROBUST
AGAP004729__SITE02,AGAP004729,20,10,0.986188271604938,1,0.0208333333333333,0.994090600239543,ROBUST
AGAP004729__SITE03,AGAP004729,20,10,1,1,0,1,ROBUST
AGAP004729__SITE04,AGAP004729,20,10,1,1,0,1,ROBUST
AGAP004729__SITE05,AGAP004729,20,10,1,1,0,1,ROBUST
AGAP007570__SITE01,AGAP007570,20,10,0.803846153846154,0.1,0.230769230769231,0.749494423486961,INTERMEDIATE
AGAP007570__SITE02,AGAP007570,20,10,0.422360221937687,0.1,0.415492957746479,0.569819011308921,CONCERN
AGAP007570__SITE03,AGAP007570,20,10,0.629170579029734,0.3,0.345070422535211,0.707177926597729,CONCERN
AGAP007570__SITE04,AGAP007570,20,10,0.661677621283255,0.4,0.345070422535211,0.752292960082218,CONCERN
AGAP007570__SITE05,AGAP007570,20,10,0.900162754303599,0.8,0.126760563380282,0.920984035222946,INTERMEDIATE
AGAP000627__SITE01,AGAP000627,20,9,0.997101449275362,1,0.00197628458498024,0.998667897794769,ROBUST
AGAP000627__SITE02,AGAP000627,20,9,0.997101449275362,1,0.00197628458498024,0.998667897794769,ROBUST
AGAP000627__SITE03,AGAP000627,20,9,0.992946335516096,1,0.00746268656716418,0.99629008103027,ROBUST
AGAP000627__SITE04,AGAP000627,20,9,0.993336886993603,1,0.00746268656716418,0.996592636932434,ROBUST
AGAP000627__SITE05,AGAP000627,20,9,0.987936880542514,1,0.00704225352112676,0.995665240685155,ROBUST
AGAP009936__SITE01,AGAP009936,20,10,0.634259259259259,0,0.375,0.640281232725263,CONCERN
AGAP009936__SITE02,AGAP009936,20,10,0.988935697518444,1,0.0133928571428571,0.994961802844429,ROBUST
AGAP009936__SITE03,AGAP009936,20,10,0.988935697518444,1,0.0133928571428571,0.994961802844429,ROBUST
AGAP009936__SITE04,AGAP009936,20,10,0.93857905982906,0.9,0.0897435897435897,0.957498764191861,INTERMEDIATE
AGAP009936__SITE05,AGAP009936,20,10,0.933995726495726,0.9,0.0897435897435897,0.956113058790297,INTERMEDIATE
AGAP007938__SITE01,AGAP007938,20,10,0.979228395061729,1,0.0125,0.991504859959462,ROBUST
AGAP007938__SITE02,AGAP007938,20,10,0.979228395061729,1,0.0125,0.991158378083129,ROBUST
AGAP007938__SITE03,AGAP007938,20,10,0.98018115942029,1,0.0125,0.990916825036309,ROBUST
AGAP007938__SITE04,AGAP007938,20,10,0.98359595959596,1,0.0181818181818182,0.991682087398505,ROBUST
AGAP007938__SITE05,AGAP007938,20,10,0.98359595959596,1,0.0181818181818182,0.99165543494648,ROBUST
AGAP004521__SITE01,AGAP004521,20,10,0.423628246753247,0.1,0.581818181818182,0.507714582525683,CONCERN
AGAP004521__SITE02,AGAP004521,20,10,0.494692460317461,0.1,0.333333333333333,0.645451722044539,CONCERN
AGAP004521__SITE03,AGAP004521,20,10,0.961352657004831,1,0.0434782608695652,0.979487139870008,ROBUST
AGAP004521__SITE04,AGAP004521,20,10,0.961352657004831,1,0.0434782608695652,0.979647054582162,ROBUST
AGAP004521__SITE05,AGAP004521,20,10,0.962587224906066,1,0.0434782608695652,0.978782988668345,INTERMEDIATE
AGAP007729__SITE01,AGAP007729,20,10,0.947246376811594,0.9,0.0543478260869565,0.957874679398041,INTERMEDIATE
AGAP007729__SITE02,AGAP007729,20,10,0.994088319088319,1,0.00641025641025641,0.997028175666235,ROBUST
AGAP007729__SITE03,AGAP007729,20,10,1,1,0,1,ROBUST
AGAP007729__SITE04,AGAP007729,20,10,0.991660264618011,1,0.00909090909090909,0.996632840917054,ROBUST
AGAP007729__SITE05,AGAP007729,20,10,0.994140873015873,1,0.00666666666666667,0.997495417258943,ROBUST
AGAP012142__SITE01,AGAP012142,20,10,0.948387681159421,0.9,0.0597826086956522,0.961081345987454,INTERMEDIATE
AGAP012142__SITE02,AGAP012142,20,10,0.0342222222222222,0,1,0.20146600331675,CONCERN
AGAP012142__SITE03,AGAP012142,20,10,0.998933782267115,1,0.00168350168350168,0.99937852823425,ROBUST
AGAP012142__SITE04,AGAP012142,20,10,0.779972222222222,0.1,0.253333333333333,0.73521942371476,INTERMEDIATE
AGAP012142__SITE05,AGAP012142,20,10,0.957462121212122,1,0.0387205387205387,0.976165118222021,ROBUST
AGAP006233__SITE01,AGAP006233,20,10,0.92,0.9,0.1,0.94407249466951,INTERMEDIATE
AGAP006233__SITE02,AGAP006233,20,10,0.92,0.9,0.1,0.944498933901919,INTERMEDIATE
AGAP006233__SITE03,AGAP006233,20,10,0.92,0.9,0.1,0.942553304904051,INTERMEDIATE
AGAP006233__SITE04,AGAP006233,20,10,0.559613526570048,0,0.463768115942029,0.585530834440633,CONCERN
AGAP006233__SITE05,AGAP006233,20,10,0.955676767676768,0.9,0.0545454545454545,0.965852706166139,INTERMEDIATE
AGAP004057__SITE01,AGAP004057,20,10,0,0,1,0.212686567164179,CONCERN
AGAP004057__SITE02,AGAP004057,20,10,0,0,1,0.212686567164179,CONCERN
AGAP004057__SITE03,AGAP004057,20,10,0.428894927536232,0.2,0.576086956521739,0.555174737724421,CONCERN
AGAP004057__SITE04,AGAP004057,20,10,0.428894927536232,0.2,0.570652173913044,0.555398386560984,CONCERN
AGAP004057__SITE05,AGAP004057,20,10,0.940812629399586,0.9,0.0625,0.958915843917061,INTERMEDIATE
AGAP012991__SITE01,AGAP012991,20,9,0.966529850746269,1,0.025,0.986058692194764,ROBUST
AGAP012991__SITE02,AGAP012991,20,9,0.989287805592154,1,0.0138888888888889,0.995259760401421,ROBUST
AGAP012991__SITE03,AGAP012991,20,9,0.989814814814815,1,0.0138888888888889,0.995654978749241,ROBUST
AGAP012991__SITE04,AGAP012991,20,9,0.815572139303482,0.777777777777778,0.201492537313433,0.886680939564472,INTERMEDIATE
AGAP012991__SITE05,AGAP012991,20,9,0.605128205128206,0.888888888888889,0.461538461538462,0.820545847595028,CONCERN
AGAP004739__SITE01,AGAP004739,20,10,0.959401709401709,0.9,0.0641025641025641,0.966387932134201,INTERMEDIATE
AGAP004739__SITE02,AGAP004739,20,10,0.959401709401709,0.9,0.0641025641025641,0.965801578189638,INTERMEDIATE
AGAP004739__SITE03,AGAP004739,20,10,0.959401709401709,0.9,0.0641025641025641,0.965801578189638,INTERMEDIATE
AGAP004739__SITE04,AGAP004739,20,10,0.967521367521368,0.9,0.0512820512820513,0.969833160206294,INTERMEDIATE
AGAP004739__SITE05,AGAP004739,20,10,1,1,0,1,ROBUST
AGAP008578__SITE01,AGAP008578,20,10,0.93582905982906,0.9,0.0897435897435897,0.954332586153481,INTERMEDIATE
AGAP008578__SITE02,AGAP008578,20,10,0.938251678876679,0.9,0.0897435897435897,0.955364680147796,INTERMEDIATE
AGAP008578__SITE03,AGAP008578,20,10,0.90449423815621,0.8,0.109090909090909,0.928071611487104,INTERMEDIATE
AGAP008578__SITE04,AGAP008578,20,10,0.99026936026936,1,0.00909090909090909,0.995165711844816,ROBUST
AGAP008578__SITE05,AGAP008578,20,10,0.987746478873239,1,0.0140845070422535,0.994222198864831,ROBUST
AGAP010220__SITE01,AGAP010220,20,10,0.979700854700855,1,0.0320512820512821,0.99078724964919,ROBUST
AGAP010220__SITE02,AGAP010220,20,10,0.784353393085788,0.6,0.211267605633803,0.848730244424485,INTERMEDIATE
AGAP010220__SITE03,AGAP010220,20,10,0.784353393085788,0.6,0.211267605633803,0.848730244424485,INTERMEDIATE
AGAP010220__SITE04,AGAP010220,20,10,0.679702380952381,0.5,0.339285714285714,0.754280605899076,CONCERN
AGAP010220__SITE05,AGAP010220,20,10,0.679702380952381,0.5,0.339285714285714,0.754280605899076,CONCERN
AGAP005920__SITE01,AGAP005920,20,10,0.955527777777778,0.9,0.0625,0.946947324068066,UNRESOLVED_ACCESSIBILITY
AGAP005920__SITE02,AGAP005920,20,10,0.982169014084507,1,0.0133333333333333,0.99290295003854,ROBUST
AGAP005920__SITE03,AGAP005920,20,10,0.914111111111111,0.9,0.106666666666667,0.940600983179341,INTERMEDIATE
AGAP005920__SITE04,AGAP005920,20,10,0.987487922705314,1,0.0144927536231884,0.99318389934386,ROBUST
AGAP005920__SITE05,AGAP005920,20,10,0.991158249158249,1,0.00666666666666667,0.995550400953386,ROBUST
AGAP001108__SITE01,AGAP001108,20,10,0.998933782267115,1,0.00168350168350168,0.999325223330198,ROBUST
AGAP001108__SITE02,AGAP001108,20,10,0.932302188552188,0.8,0.0625,0.934725333918431,INTERMEDIATE
AGAP001108__SITE03,AGAP001108,20,10,0.604111111111111,0,0.416666666666667,0.572900556740109,CONCERN
AGAP001108__SITE04,AGAP001108,20,10,0.604111111111111,0,0.416666666666667,0.600779021558872,CONCERN
AGAP001108__SITE05,AGAP001108,20,10,0.987762345679012,1,0.0125,0.993824914777962,ROBUST
AGAP010453__SITE01,AGAP010453,20,10,0.968853998926462,1,0.0326086956521739,0.983728749569383,ROBUST
AGAP010453__SITE02,AGAP010453,20,10,0.807422891118543,0.8,0.224358974358974,0.885134111058024,INTERMEDIATE
AGAP010453__SITE03,AGAP010453,20,10,0.876438492063492,0.9,0.166666666666667,0.931472807095475,INTERMEDIATE
AGAP010453__SITE04,AGAP010453,20,10,0.876438492063492,0.9,0.166666666666667,0.931472807095475,INTERMEDIATE
AGAP010453__SITE05,AGAP010453,20,10,0.987746478873239,1,0.0140845070422535,0.994781900357368,ROBUST
AGAP006098__SITE01,AGAP006098,20,10,0.956495169082125,1,0.0466666666666667,0.979739641595336,ROBUST
AGAP006098__SITE02,AGAP006098,20,10,0.960480676328502,1,0.0466666666666667,0.981109152735288,ROBUST
AGAP006098__SITE03,AGAP006098,20,10,0.885258215962441,0.8,0.126760563380282,0.915951930488403,INTERMEDIATE
AGAP006098__SITE04,AGAP006098,20,10,0.924050078247262,0.6,0.0727272727272727,0.898467937278427,INTERMEDIATE
AGAP006098__SITE05,AGAP006098,20,10,0.924050078247262,0.7,0.0727272727272727,0.914187553483118,INTERMEDIATE
AGAP012461__SITE01,AGAP012461,20,0,,,,,UNRESOLVED_CONTIG
AGAP012461__SITE02,AGAP012461,20,0,,,,,UNRESOLVED_CONTIG
AGAP012461__SITE03,AGAP012461,20,0,,,,,UNRESOLVED_CONTIG
AGAP012461__SITE04,AGAP012461,20,0,,,,,UNRESOLVED_CONTIG
AGAP012461__SITE05,AGAP012461,20,0,,,,,UNRESOLVED_CONTIG
AGAP006766__SITE01,AGAP006766,20,10,0.979684265010352,1,0.016304347826087,0.990945215691728,ROBUST
AGAP006766__SITE02,AGAP006766,20,10,0.432306763285024,0.3,0.666666666666667,0.604373776819835,CONCERN
AGAP006766__SITE03,AGAP006766,20,10,0.972763504611331,1,0.0272727272727273,0.984999850760315,ROBUST
AGAP006766__SITE04,AGAP006766,20,10,0.957521367521368,0.9,0.0512820512820513,0.962908853170047,INTERMEDIATE
AGAP006766__SITE05,AGAP006766,20,10,0.835777777777778,0.2,0.166666666666667,0.795865197820422,INTERMEDIATE
AGAP012499__SITE01,AGAP012499,20,0,,,,,UNRESOLVED_CONTIG
AGAP012499__SITE02,AGAP012499,20,0,,,,,UNRESOLVED_CONTIG
AGAP012499__SITE03,AGAP012499,20,0,,,,,UNRESOLVED_CONTIG
AGAP012499__SITE04,AGAP012499,20,0,,,,,UNRESOLVED_CONTIG
AGAP012499__SITE05,AGAP012499,20,0,,,,,UNRESOLVED_CONTIG
AGAP007965__SITE01,AGAP007965,20,10,0.274091880341881,0,0.82051282051282,0.429222221083229,CONCERN
AGAP007965__SITE02,AGAP007965,20,10,0.943305555555555,0.9,0.0375,0.958094512556266,ROBUST
AGAP007965__SITE03,AGAP007965,20,10,0.380664251207729,0,0.601449275362319,0.503917723751841,CONCERN
AGAP007965__SITE04,AGAP007965,20,10,0.948147104851331,0.9,0.0422535211267606,0.960348737532992,ROBUST
AGAP007965__SITE05,AGAP007965,20,10,0.189583333333334,0,0.833333333333333,0.284078491471216,CONCERN
AGAP012519__SITE01,AGAP012519,20,0,,,,,UNRESOLVED_CONTIG
AGAP012519__SITE02,AGAP012519,20,0,,,,,UNRESOLVED_CONTIG
AGAP012519__SITE03,AGAP012519,20,0,,,,,UNRESOLVED_CONTIG
AGAP012519__SITE04,AGAP012519,20,0,,,,,UNRESOLVED_CONTIG
AGAP012519__SITE05,AGAP012519,20,0,,,,,UNRESOLVED_CONTIG
AGAP007031__SITE01,AGAP007031,20,10,0.711228632478632,0.9,0.448717948717949,0.852956685209484,INTERMEDIATE
AGAP007031__SITE02,AGAP007031,20,10,0.711228632478632,0.9,0.448717948717949,0.852530245977074,INTERMEDIATE
AGAP007031__SITE03,AGAP007031,20,10,0.825724637681159,0.9,0.25,0.911260583727326,INTERMEDIATE
AGAP007031__SITE04,AGAP007031,20,10,0.825724637681159,0.9,0.25,0.912513248972529,INTERMEDIATE
AGAP007031__SITE05,AGAP007031,20,10,0.976749011857708,1,0.0272727272727273,0.988661472774468,ROBUST
AGAP011377__SITE01,AGAP011377,20,10,0.00398550724637681,0,1,0.175436675319057,CONCERN
AGAP011377__SITE02,AGAP011377,20,10,0.0376068376068378,0,1,0.218383585734332,CONCERN
AGAP011377__SITE03,AGAP011377,20,10,0.189662332972192,0,0.826923076923077,0.355954618834322,CONCERN
AGAP011377__SITE04,AGAP011377,20,10,0.785815217391304,0.3,0.2125,0.775934081533327,INTERMEDIATE
AGAP011377__SITE05,AGAP011377,20,10,0.899672619047619,0.9,0.125,0.930653762437811,INTERMEDIATE
AGAP004050__SITE01,AGAP004050,20,10,1,1,0,1,ROBUST
AGAP004050__SITE02,AGAP004050,20,10,1,1,0,1,ROBUST
AGAP004050__SITE03,AGAP004050,20,10,0.830015432098765,0.5,0.1875,0.827639785530022,INTERMEDIATE
AGAP004050__SITE04,AGAP004050,20,10,0.830015432098765,0.5,0.1875,0.832224007278423,INTERMEDIATE
AGAP004050__SITE05,AGAP004050,20,10,0.491545893719806,0,0.521739130434783,0.534331963371548,CONCERN
AGAP028779__SITE01,AGAP028779,20,10,0.783796296296296,0.7,0.166666666666667,0.866558526810392,INTERMEDIATE
AGAP028779__SITE02,AGAP028779,20,10,0.783796296296296,0.7,0.166666666666667,0.866558526810392,INTERMEDIATE
AGAP028779__SITE03,AGAP028779,20,10,0.783796296296296,0.7,0.166666666666667,0.866558526810392,INTERMEDIATE
AGAP028779__SITE04,AGAP028779,20,10,0.998933782267115,1,0.00168350168350168,0.99937852823425,ROBUST
AGAP028779__SITE05,AGAP028779,20,10,0.998933782267115,1,0.00168350168350168,0.99937852823425,ROBUST
AGAP007999__SITE01,AGAP007999,30,9,0.876414768806073,0.777777777777778,0.13768115942029,0.906250643779034,INTERMEDIATE
AGAP007999__SITE02,AGAP007999,30,9,0.987742504409172,1,0.00892857142857143,0.993750658085235,ROBUST
AGAP007999__SITE03,AGAP007999,30,9,0.988977072310406,1,0.00892857142857143,0.994299172128774,ROBUST
AGAP007999__SITE04,AGAP007999,30,9,0.528803418803419,0,0.474358974358974,0.548704189674339,CONCERN
AGAP007999__SITE05,AGAP007999,30,9,0.974202898550725,1,0.0108695652173913,0.99011835233769,ROBUST
AGAP005917__SITE01,AGAP005917,30,9,0.972222222222222,1,0.02,0.989003316749585,ROBUST
AGAP005917__SITE02,AGAP005917,30,9,0.997530864197531,1,0.00336700336700337,0.998672881384324,ROBUST
AGAP005917__SITE03,AGAP005917,30,9,0,0,1,0.157222814498934,CONCERN
AGAP005917__SITE04,AGAP005917,30,9,0,0,1,0.155303837953092,CONCERN
AGAP005917__SITE05,AGAP005917,30,9,0.968049382716049,1,0.0202020202020202,0.984395128733437,ROBUST
AGAP011966__SITE01,AGAP011966,30,9,0.961449275362319,1,0.025,0.983464664256358,ROBUST
AGAP011966__SITE02,AGAP011966,30,9,0.295962441314554,0,0.709090909090909,0.405800069526157,CONCERN
AGAP011966__SITE03,AGAP011966,30,9,0.295962441314554,0,0.709090909090909,0.407185997031488,CONCERN
AGAP011966__SITE04,AGAP011966,30,9,0.986623015873016,1,0.0133333333333333,0.992843742596541,ROBUST
AGAP011966__SITE05,AGAP011966,30,9,0.00533333333333333,0,1,0.0760668088130775,CONCERN
AGAP004036__SITE01,AGAP004036,30,9,0.662146307798482,0.111111111111111,0.333333333333333,0.668832596850118,CONCERN
AGAP004036__SITE02,AGAP004036,30,9,0.250130063173542,0,0.756410256410256,0.358106841964727,CONCERN
AGAP004036__SITE03,AGAP004036,30,9,0.945471014492754,0.888888888888889,0.0625,0.958866865208121,INTERMEDIATE
AGAP004036__SITE04,AGAP004036,30,9,0.945471014492754,0.888888888888889,0.0625,0.958680298043942,INTERMEDIATE
AGAP004036__SITE05,AGAP004036,30,9,0.824320987654321,0.444444444444444,0.1125,0.828474525520545,INTERMEDIATE
AGAP004825__SITE01,AGAP004825,30,9,1,1,0,0.95,UNRESOLVED_ACCESSIBILITY
AGAP004825__SITE02,AGAP004825,30,9,0.639554969989752,0.444444444444444,0.318840579710145,0.754053014306097,CONCERN
AGAP004825__SITE03,AGAP004825,30,9,0.718572195383789,0.333333333333333,0.276094276094276,0.747849186268503,INTERMEDIATE
AGAP004825__SITE04,AGAP004825,30,9,0.896739130434783,0.888888888888889,0.125,0.937795301443095,INTERMEDIATE
AGAP004825__SITE05,AGAP004825,30,9,0.973333333333334,1,0.0272727272727273,0.989006913484525,ROBUST
AGAP003595__SITE01,AGAP003595,30,9,0.968043818466354,1,0.0211267605633803,0.984247958730826,ROBUST
AGAP003595__SITE02,AGAP003595,30,9,0.691429681429681,0.555555555555556,0.391025641025641,0.795179874023158,CONCERN
AGAP003595__SITE03,AGAP003595,30,9,0.90037558685446,0.444444444444444,0.1,0.865715787260879,INTERMEDIATE
AGAP003595__SITE04,AGAP003595,30,9,0.984472049689441,1,0.0133928571428571,0.992246743765644,ROBUST
AGAP003595__SITE05,AGAP003595,30,9,0.955255086071988,0.888888888888889,0.02,0.967455207196746,ROBUST
AGAP007413__SITE01,AGAP007413,30,9,0.79271646228168,0.222222222222222,0.217391304347826,0.780615535952979,INTERMEDIATE
AGAP007413__SITE02,AGAP007413,30,9,0.891916456000963,0.555555555555556,0.0666666666666667,0.883707614355607,INTERMEDIATE
AGAP007413__SITE03,AGAP007413,30,9,0.98231884057971,1,0.0181818181818182,0.990563234083675,ROBUST
AGAP007413__SITE04,AGAP007413,30,9,0.946412664018298,0.888888888888889,0.0705128205128205,0.959287136263172,INTERMEDIATE
AGAP007413__SITE05,AGAP007413,30,9,0.245893719806764,0,0.833333333333333,0.379739243739893,CONCERN
AGAP009600__SITE01,AGAP009600,30,9,0.726830174656262,0.666666666666667,0.346153846153846,0.829181711287487,INTERMEDIATE
AGAP009600__SITE02,AGAP009600,30,9,0.986265700483092,1,0.016304347826087,0.994003154517269,ROBUST
AGAP009600__SITE03,AGAP009600,30,9,0.865579710144928,0.444444444444444,0.123188405797101,0.843130813324681,INTERMEDIATE
AGAP009600__SITE04,AGAP009600,30,9,0.841666666666667,0.444444444444444,0.123188405797101,0.83163549488582,INTERMEDIATE
AGAP009600__SITE05,AGAP009600,30,9,0.969420289855073,1,0.0326086956521739,0.984803158122431,ROBUST
AGAP005763__SITE01,AGAP005763,30,9,0.98120670995671,1,0.0133928571428571,0.991803543160819,ROBUST
AGAP005763__SITE02,AGAP005763,30,9,0.0175508971704624,0,0.986607142857143,0.165721679516496,CONCERN
AGAP005763__SITE03,AGAP005763,30,9,0.0175508971704624,0,0.986607142857143,0.173077756275558,CONCERN
AGAP005763__SITE04,AGAP005763,30,9,0.811884057971015,0.555555555555556,0.2,0.845355520533976,INTERMEDIATE
AGAP005763__SITE05,AGAP005763,30,9,0.818550724637681,0.444444444444444,0.2,0.829156160192825,INTERMEDIATE
AGAP011204__SITE01,AGAP011204,30,9,0.813750862663906,0.333333333333333,0.202898550724638,0.806602018376029,INTERMEDIATE
AGAP011204__SITE02,AGAP011204,30,9,0.820255348516218,0.222222222222222,0.202898550724638,0.788816270613805,INTERMEDIATE
AGAP011204__SITE03,AGAP011204,30,9,0.492173913043478,0,0.398550724637681,0.579217190445289,CONCERN
AGAP011204__SITE04,AGAP011204,30,9,0.613768115942029,0.111111111111111,0.398550724637681,0.647977503785421,CONCERN
AGAP011204__SITE05,AGAP011204,30,9,0.864510006901311,0.222222222222222,0.130434782608696,0.807872580678389,INTERMEDIATE
AGAP009921__SITE01,AGAP009921,30,9,0.974009389671362,1,0.028169014084507,0.988819774367599,ROBUST
AGAP009921__SITE02,AGAP009921,30,9,0.988955399061033,1,0.0125,0.995562410532849,ROBUST
AGAP009921__SITE03,AGAP009921,30,9,0.993661835748792,1,0.00666666666666667,0.997189090777994,ROBUST
AGAP009921__SITE04,AGAP009921,30,9,0.790985915492958,0.666666666666667,0.236363636363636,0.861796682401055,INTERMEDIATE
AGAP009921__SITE05,AGAP009921,30,9,0.93138711054204,0.777777777777778,0.0633802816901408,0.938697804192864,INTERMEDIATE
AGAP002300__SITE01,AGAP002300,30,9,0.819202898550725,0.444444444444444,0.201086956521739,0.823267011217206,INTERMEDIATE
AGAP002300__SITE02,AGAP002300,30,9,0.0869565217391305,0,0.942028985507246,0.27420467538086,CONCERN
AGAP002300__SITE03,AGAP002300,30,9,0.96967408314622,1,0.036231884057971,0.985996824918071,ROBUST
AGAP002300__SITE04,AGAP002300,30,9,0.96967408314622,1,0.036231884057971,0.985517080781611,ROBUST
AGAP002300__SITE05,AGAP002300,30,9,0.989123931623932,1,0.0125,0.995231409345215,ROBUST
AGAP004038__SITE01,AGAP004038,30,9,0.97744071265198,1,0.0256410256410256,0.989770489244948,ROBUST
AGAP004038__SITE02,AGAP004038,30,9,0.565842490842491,0.444444444444444,0.538461538461538,0.716967702695315,CONCERN
AGAP004038__SITE03,AGAP004038,30,9,0,0,1,0.153731343283582,CONCERN
AGAP004038__SITE04,AGAP004038,30,9,1,1,0,0.95,UNRESOLVED_ACCESSIBILITY
AGAP004038__SITE05,AGAP004038,30,9,0.636376811594203,0.111111111111111,0.2375,0.677837095578011,CONCERN
AGAP003769__SITE01,AGAP003769,30,9,0.920444444444444,0.666666666666667,0.0666666666666667,0.914116086235489,INTERMEDIATE
AGAP003769__SITE02,AGAP003769,30,9,0.877333333333334,0.777777777777778,0.136363636363636,0.9150342120566,INTERMEDIATE
AGAP003769__SITE03,AGAP003769,30,9,0.942854460093897,0.888888888888889,0.0533333333333333,0.959555832507483,INTERMEDIATE
AGAP003769__SITE04,AGAP003769,30,9,0.774084507042254,0.222222222222222,0.17948717948718,0.775936658989529,INTERMEDIATE
AGAP003769__SITE05,AGAP003769,30,9,0.845164319248826,0.666666666666667,0.136363636363636,0.887393522145992,INTERMEDIATE
AGAP002004__SITE01,AGAP002004,30,9,0.841906511532966,0.555555555555556,0.108695652173913,0.869933999410698,INTERMEDIATE
AGAP002004__SITE02,AGAP002004,30,9,0.987280020703934,1,0.00641025641025641,0.994686442221525,ROBUST
AGAP002004__SITE03,AGAP002004,30,9,0.967753623188406,1,0.0223214285714286,0.983949333302432,ROBUST
AGAP002004__SITE04,AGAP002004,30,9,0.950289855072464,1,0.0448717948717949,0.971278248033602,ROBUST
AGAP002004__SITE05,AGAP002004,30,9,0.919565217391305,0.666666666666667,0.0869565217391304,0.907256419764531,INTERMEDIATE
AGAP009488__SITE01,AGAP009488,30,9,0.853968253968254,0.666666666666667,0.166666666666667,0.876436271025823,INTERMEDIATE
AGAP009488__SITE02,AGAP009488,30,9,0.994237056555897,1,0.0072463768115942,0.997461492129457,ROBUST
AGAP009488__SITE03,AGAP009488,30,9,0.968043818466354,1,0.0266666666666667,0.986918914815594,ROBUST
AGAP009488__SITE04,AGAP009488,30,9,0.968043818466354,1,0.0266666666666667,0.986918914815594,ROBUST
AGAP009488__SITE05,AGAP009488,30,9,0.953656565656565,1,0.0466666666666667,0.979829564299714,ROBUST
AGAP005127__SITE01,AGAP005127,30,9,0.948767676767677,0.888888888888889,0.0533333333333333,0.955996823243092,INTERMEDIATE
AGAP005127__SITE02,AGAP005127,30,9,0.987699214365881,1,0.0134680134680135,0.993472458534647,ROBUST
AGAP005127__SITE03,AGAP005127,30,9,0.977545893719807,1,0.0133333333333333,0.990334589990009,ROBUST
AGAP005127__SITE04,AGAP005127,30,9,0.938405797101449,0.888888888888889,0.0760869565217391,0.953796236210253,INTERMEDIATE
AGAP005127__SITE05,AGAP005127,30,9,0.988344287949922,1,0.0133333333333333,0.994046981724509,ROBUST
AGAP010711__SITE01,AGAP010711,30,9,0.976495726495726,1,0.0320512820512821,0.989985967597908,ROBUST
AGAP010711__SITE02,AGAP010711,30,9,0.976495726495726,1,0.0320512820512821,0.989985967597908,ROBUST
AGAP010711__SITE03,AGAP010711,30,9,0.974647342995169,1,0.0266666666666667,0.987743569935004,ROBUST
AGAP010711__SITE04,AGAP010711,30,9,0.941399914639351,0.888888888888889,0.0633802816901408,0.958080891500063,INTERMEDIATE
AGAP010711__SITE05,AGAP010711,30,9,0.941399914639351,0.888888888888889,0.0633802816901408,0.958240806212217,INTERMEDIATE
AGAP005321__SITE01,AGAP005321,30,9,0.972069995731968,1,0.028169014084507,0.987535352321983,ROBUST
AGAP005321__SITE02,AGAP005321,30,9,0.915350929934263,0.555555555555556,0.0791245791245791,0.884109354173098,INTERMEDIATE
AGAP005321__SITE03,AGAP005321,30,9,0.915350929934263,0.555555555555556,0.0791245791245791,0.884109354173098,INTERMEDIATE
AGAP005321__SITE04,AGAP005321,30,9,0.93,0.888888888888889,0.0833333333333333,0.952276119402985,INTERMEDIATE
AGAP005321__SITE05,AGAP005321,30,9,0.93,0.888888888888889,0.0833333333333333,0.952276119402985,INTERMEDIATE
AGAP001099__SITE01,AGAP001099,30,9,0.989280703864037,1,0.0133928571428571,0.994888139718675,ROBUST
AGAP001099__SITE02,AGAP001099,30,9,0.995828322911656,1,0.00446428571428571,0.997897645759897,ROBUST
AGAP001099__SITE03,AGAP001099,30,9,0.995828322911656,1,0.00446428571428571,0.997950950663948,ROBUST
AGAP001099__SITE04,AGAP001099,30,9,1,1,0,1,ROBUST
AGAP001099__SITE05,AGAP001099,30,9,0.481546165884194,0.666666666666667,0.54,0.724782063859108,CONCERN
AGAP006939__SITE01,AGAP006939,30,9,0.87352380952381,0.333333333333333,0.126666666666667,0.826982942430704,CONCERN
AGAP006939__SITE02,AGAP006939,30,9,0.87704347826087,0.444444444444444,0.126666666666667,0.851619078520441,INTERMEDIATE
AGAP006939__SITE03,AGAP006939,30,9,0.934202898550725,0.888888888888889,0.0597826086956522,0.953949507122771,INTERMEDIATE
AGAP006939__SITE04,AGAP006939,30,9,0.967753623188406,1,0.0223214285714286,0.982376838632922,ROBUST
AGAP006939__SITE05,AGAP006939,30,9,0.747014492753623,0.222222222222222,0.24,0.755735144155001,INTERMEDIATE
AGAP004957__SITE01,AGAP004957,30,9,0.51159420289855,0,0.347826086956522,0.57829717870276,CONCERN
AGAP004957__SITE02,AGAP004957,30,9,0.963393939393939,1,0.0272727272727273,0.986255540479421,ROBUST
AGAP004957__SITE03,AGAP004957,30,9,0.963393939393939,1,0.0272727272727273,0.986255540479421,ROBUST
AGAP004957__SITE04,AGAP004957,30,9,0.942650103519668,0.888888888888889,0.0652173913043478,0.952772627545502,INTERMEDIATE
AGAP004957__SITE05,AGAP004957,30,9,0.986888888888889,1,0.0133333333333333,0.994082918739635,ROBUST
AGAP010175__SITE01,AGAP010175,30,9,0.902028985507246,0.333333333333333,0.0875,0.845488589660394,INTERMEDIATE
AGAP010175__SITE02,AGAP010175,30,9,0.943824157063594,0.888888888888889,0.0633802816901408,0.96033940413171,INTERMEDIATE
AGAP010175__SITE03,AGAP010175,30,9,0.943824157063594,0.888888888888889,0.0633802816901408,0.96033940413171,INTERMEDIATE
AGAP010175__SITE04,AGAP010175,30,9,0.989648033126294,1,0.0108695652173913,0.995472173295016,ROBUST
AGAP010175__SITE05,AGAP010175,30,9,0.934141414141414,0.666666666666667,0.0666666666666667,0.918100030152269,INTERMEDIATE
AGAP007280__SITE01,AGAP007280,30,9,0.147777777777778,0,0.654929577464789,0.339415239363211,CONCERN
AGAP007280__SITE02,AGAP007280,30,9,0.748109298109298,0.666666666666667,0.314102564102564,0.831416641677836,INTERMEDIATE
AGAP007280__SITE03,AGAP007280,30,9,0.761784037558686,0.111111111111111,0.147887323943662,0.735367653683294,INTERMEDIATE
AGAP007280__SITE04,AGAP007280,30,9,0.761784037558686,0.111111111111111,0.147887323943662,0.730090468182228,CONCERN
AGAP007280__SITE05,AGAP007280,30,9,0.987699739873653,1,0.00704225352112676,0.994434995330586,ROBUST
AGAP001135__SITE01,AGAP001135,30,9,0.988222086140028,1,0.00704225352112676,0.995178588293769,ROBUST
AGAP001135__SITE02,AGAP001135,30,9,0.677108881456708,0,0.326086956521739,0.664866818955074,CONCERN
AGAP001135__SITE03,AGAP001135,30,9,0.915351583467525,0.888888888888889,0.108695652173913,0.945091642660862,INTERMEDIATE
AGAP001135__SITE04,AGAP001135,30,9,0.64689393939394,0,0.3625,0.620142994443367,CONCERN
AGAP001135__SITE05,AGAP001135,30,9,0.849348558044211,0.222222222222222,0.143097643097643,0.792741305549547,INTERMEDIATE
AGAP009048__SITE01,AGAP009048,30,9,0.945777777777778,0.777777777777778,0.0363636363636364,0.940332956429971,ROBUST
AGAP009048__SITE02,AGAP009048,30,9,0.96042735042735,1,0.0448717948717949,0.980209210358464,ROBUST
AGAP009048__SITE03,AGAP009048,30,9,0.968888888888889,1,0.0217391304347826,0.98645022815529,ROBUST
AGAP009048__SITE04,AGAP009048,30,9,0.974647342995169,1,0.0217391304347826,0.988316280914269,ROBUST
AGAP009048__SITE05,AGAP009048,30,9,0.888888888888889,0.444444444444444,0.115942028985507,0.856665688122534,INTERMEDIATE
AGAP010313__SITE01,AGAP010313,30,9,0.996014492753623,1,0.00543478260869565,0.998273577763357,ROBUST
AGAP010313__SITE02,AGAP010313,30,9,0.99672619047619,1,0.00446428571428571,0.99854855188344,ROBUST
AGAP010313__SITE03,AGAP010313,30,9,0.99672619047619,1,0.00446428571428571,0.99854855188344,ROBUST
AGAP010313__SITE04,AGAP010313,30,9,0.997530864197531,1,0.00168350168350168,0.998841231552675,ROBUST
AGAP010313__SITE05,AGAP010313,30,9,0.996014492753623,1,0.00543478260869565,0.998273577763357,ROBUST
AGAP009338__SITE01,AGAP009338,30,9,0.773504054630815,0.111111111111111,0.211267605633803,0.738729352596811,INTERMEDIATE
AGAP009338__SITE02,AGAP009338,30,9,0.815169082125604,0.111111111111111,0.181159420289855,0.762604189198933,INTERMEDIATE
AGAP009338__SITE03,AGAP009338,30,9,0.724830917874396,0.111111111111111,0.181159420289855,0.724561225961291,INTERMEDIATE
AGAP009338__SITE04,AGAP009338,30,9,0,0,1,0.152425373134328,CONCERN
AGAP009338__SITE05,AGAP009338,30,9,0.680973615756224,0.444444444444444,0.371794871794872,0.771692203895319,CONCERN
AGAP001015__SITE01,AGAP001015,30,9,0.89931623931624,0.888888888888889,0.128205128205128,0.940365299545628,INTERMEDIATE
AGAP001015__SITE02,AGAP001015,30,9,0.98884328358209,1,0.0125,0.994936230731588,ROBUST
AGAP001015__SITE03,AGAP001015,30,9,0.970489339197238,1,0.0352112676056338,0.986525095626568,ROBUST
AGAP001015__SITE04,AGAP001015,30,9,0.783048433048433,0.777777777777778,0.275641025641026,0.869320175877553,INTERMEDIATE
AGAP001015__SITE05,AGAP001015,30,9,0.99672619047619,1,0.00446428571428571,0.998530201014832,ROBUST
AGAP010219__SITE01,AGAP010219,30,9,0.951798174986581,0.888888888888889,0.0488215488215488,0.957818632645585,ROBUST
AGAP010219__SITE02,AGAP010219,30,9,0.952009222661397,1,0.0489130434782609,0.974715478929463,ROBUST
AGAP010219__SITE03,AGAP010219,30,9,0.978424775707385,1,0.0267857142857143,0.990248518020663,ROBUST
AGAP010219__SITE04,AGAP010219,30,9,0.821408450704226,0.666666666666667,0.2,0.874344649989489,INTERMEDIATE
AGAP010219__SITE05,AGAP010219,30,9,0.998765432098765,1,0.00168350168350168,0.999336440692162,ROBUST
AGAP008191__SITE01,AGAP008191,30,9,0.857867494824016,0.333333333333333,0.115942028985507,0.81316051728933,INTERMEDIATE
AGAP008191__SITE02,AGAP008191,30,9,0.980379188712522,1,0.0072463768115942,0.990132419624903,ROBUST
AGAP008191__SITE03,AGAP008191,30,9,0,0,1,0.150533049040512,CONCERN
AGAP008191__SITE04,AGAP008191,30,9,0,0,1,0.150746268656716,CONCERN
AGAP008191__SITE05,AGAP008191,30,9,0,0,1,0.150692963752665,CONCERN
AGAP005871__SITE01,AGAP005871,30,9,0.994685990338164,1,0.0072463768115942,0.997760292739202,ROBUST
AGAP005871__SITE02,AGAP005871,30,9,0.881666666666667,0.555555555555556,0.125,0.869981343283582,INTERMEDIATE
AGAP005871__SITE03,AGAP005871,30,9,0.0262608695652174,0,0.98,0.263975665152498,CONCERN
AGAP005871__SITE04,AGAP005871,30,9,0.554565217391305,0,0.461956521739131,0.592125822749606,CONCERN
AGAP005871__SITE05,AGAP005871,30,9,0.136111111111111,0,0.48,0.375659973939825,CONCERN
AGAP008015__SITE01,AGAP008015,30,9,0.876664941338855,0.222222222222222,0.102678571428571,0.813873502569966,INTERMEDIATE
AGAP008015__SITE02,AGAP008015,30,9,0.735005574136009,0,0.268115942028986,0.701422741761807,CONCERN
AGAP008015__SITE03,AGAP008015,30,9,0.954152795561247,1,0.0492957746478873,0.975479623557719,INTERMEDIATE
AGAP008015__SITE04,AGAP008015,30,9,0.988400793650794,1,0.00892857142857143,0.994554889244255,ROBUST
AGAP008015__SITE05,AGAP008015,30,9,0.627303807303807,0.111111111111111,0.448717948717949,0.681232763919331,CONCERN
AGAP004078__SITE01,AGAP004078,30,9,0.497179487179487,0.555555555555556,0.653846153846154,0.7109003061615,CONCERN
AGAP004078__SITE02,AGAP004078,30,9,0.52051282051282,0.888888888888889,0.653846153846154,0.779047072330654,CONCERN
AGAP004078__SITE03,AGAP004078,30,9,0.0657777777777779,0.111111111111111,1,0.410909618573798,CONCERN
AGAP004078__SITE04,AGAP004078,30,9,0.922366197183098,0.888888888888889,0.0985915492957746,0.950147817251769,INTERMEDIATE
AGAP004078__SITE05,AGAP004078,30,9,0.372034353193773,0,0.632996632996633,0.484932805595795,CONCERN
AGAP004852__SITE01,AGAP004852,30,9,0.85420387449373,0.888888888888889,0.188405797101449,0.91778252821677,INTERMEDIATE
AGAP004852__SITE02,AGAP004852,30,9,0.971931589537223,1,0.0357142857142857,0.987305925102856,ROBUST
AGAP004852__SITE03,AGAP004852,30,9,0.912942612942613,0.888888888888889,0.108974358974359,0.943955132761103,INTERMEDIATE
AGAP004852__SITE04,AGAP004852,30,9,1,1,0,1,ROBUST
AGAP004852__SITE05,AGAP004852,30,9,0.964637681159421,1,0.0363636363636364,0.984164847698268,ROBUST
AGAP012424__SITE01,AGAP012424,30,9,0.980075396825397,1,0.0223214285714286,0.990681162639185,ROBUST
AGAP012424__SITE02,AGAP012424,30,9,0.943508322663252,0.888888888888889,0.0633802816901408,0.959887311203267,INTERMEDIATE
AGAP012424__SITE03,AGAP012424,30,9,0.993920634920635,1,0.00666666666666667,0.996907308694622,ROBUST
AGAP012424__SITE04,AGAP012424,30,9,1,1,0,1,ROBUST
AGAP012424__SITE05,AGAP012424,30,9,1,1,0,1,ROBUST
AGAP007775__SITE01,AGAP007775,30,9,0,0,1,0.149626865671642,CONCERN
AGAP007775__SITE02,AGAP007775,30,9,0,0,1,0.163459488272921,CONCERN
AGAP007775__SITE03,AGAP007775,30,9,0.757246376811594,0.444444444444444,0.25,0.786521970890887,INTERMEDIATE
AGAP007775__SITE04,AGAP007775,30,9,0.752427536231884,0.444444444444444,0.25,0.780946258613764,INTERMEDIATE
AGAP007775__SITE05,AGAP007775,30,9,0.911709401709402,0.555555555555556,0.0961538461538462,0.887839328996045,INTERMEDIATE
AGAP010722__SITE01,AGAP010722,30,9,0.311726495726496,0,0.717948717948718,0.439852103949119,CONCERN
AGAP010722__SITE02,AGAP010722,30,9,0.894182486221678,0.666666666666667,0.112676056338028,0.901803602275561,INTERMEDIATE
AGAP010722__SITE03,AGAP010722,30,9,0.983884057971014,1,0.0133333333333333,0.993518278174346,ROBUST
AGAP010722__SITE04,AGAP010722,30,9,0.945185185185185,0.888888888888889,0.063973063973064,0.95329095862678,INTERMEDIATE
AGAP010722__SITE05,AGAP010722,30,9,0.531111111111111,0,0.454545454545455,0.561576963666516,CONCERN
AGAP009792__SITE01,AGAP009792,30,9,0.906745029661697,0.666666666666667,0.0714285714285714,0.904431459974059,INTERMEDIATE
AGAP009792__SITE02,AGAP009792,30,9,0.980466500756356,1,0.0217391304347826,0.989957637518745,ROBUST
AGAP009792__SITE03,AGAP009792,30,9,0.109710144927536,0,0.8875,0.288384359259603,CONCERN
AGAP009792__SITE04,AGAP009792,30,9,0.59960372960373,0,0.403846153846154,0.567751924692223,CONCERN
AGAP009792__SITE05,AGAP009792,30,9,0.816130952380952,0.444444444444444,0.209821428571429,0.826023232054016,INTERMEDIATE
AGAP000999__SITE01,AGAP000999,30,9,0.950356406878146,0.888888888888889,0.0641025641025641,0.961028572085236,INTERMEDIATE
AGAP000999__SITE02,AGAP000999,30,9,0.950356406878146,0.888888888888889,0.0641025641025641,0.961379860141442,INTERMEDIATE
AGAP000999__SITE03,AGAP000999,30,9,1,1,0,0.971739130434783,UNRESOLVED_ACCESSIBILITY
AGAP000999__SITE04,AGAP000999,30,9,1,1,0,0.95,UNRESOLVED_ACCESSIBILITY
AGAP000999__SITE05,AGAP000999,30,9,1,1,0,0.95,UNRESOLVED_ACCESSIBILITY
AGAP007217__SITE01,AGAP007217,30,9,0.95591452991453,0.888888888888889,0.0576923076923077,0.963877489840176,INTERMEDIATE
AGAP007217__SITE02,AGAP007217,30,9,0.848216276477146,0.666666666666667,0.166666666666667,0.879609150853473,INTERMEDIATE
AGAP007217__SITE03,AGAP007217,30,9,0.192466939930708,0,0.809782608695652,0.306770670275159,CONCERN
AGAP007217__SITE04,AGAP007217,30,9,0.929082125603865,0.777777777777778,0.072463768115942,0.929830480104653,INTERMEDIATE
AGAP007217__SITE05,AGAP007217,30,9,0.980486542443064,1,0.0133928571428571,0.991143757145947,ROBUST
AGAP009091__SITE01,AGAP009091,30,9,0.961988705738706,1,0.0401785714285714,0.979389767053014,INTERMEDIATE
AGAP009091__SITE02,AGAP009091,30,9,0.976649120311092,1,0.0211267605633803,0.989277749010774,ROBUST
AGAP009091__SITE03,AGAP009091,30,9,0.967340796918261,1,0.028169014084507,0.984993777565251,ROBUST
AGAP009091__SITE04,AGAP009091,30,9,0.582136752136752,0,0.474358974358974,0.61760788548102,CONCERN
AGAP009091__SITE05,AGAP009091,30,9,0.97047619047619,1,0.03125,0.985576137171286,ROBUST
AGAP006989__SITE01,AGAP006989,30,9,0.988409090909091,1,0.0125,0.993959948633456,ROBUST
AGAP006989__SITE02,AGAP006989,30,9,0.943013880383752,0.888888888888889,0.0597826086956522,0.952101079873139,INTERMEDIATE
AGAP006989__SITE03,AGAP006989,30,9,0.0438260869565217,0.111111111111111,0.953333333333333,0.314565974475449,CONCERN
AGAP006989__SITE04,AGAP006989,30,9,0.812753623188406,0.222222222222222,0.127272727272727,0.79095864550764,INTERMEDIATE
AGAP006989__SITE05,AGAP006989,30,9,0.0929082125603866,0,0.92,0.335757969984446,CONCERN
AGAP005062__SITE01,AGAP005062,30,9,1,1,0,1,ROBUST
AGAP005062__SITE02,AGAP005062,30,9,0.973110158535756,1,0.0289855072463768,0.987393914282435,ROBUST
AGAP005062__SITE03,AGAP005062,30,9,0.988588664421998,1,0.0125,0.994404628792067,ROBUST
AGAP005062__SITE04,AGAP005062,30,9,0.988588664421998,1,0.0125,0.994404628792067,ROBUST
AGAP005062__SITE05,AGAP005062,30,9,0.95651685941541,0.888888888888889,0.0434782608695652,0.962331140010677,ROBUST
AGAP008118__SITE01,AGAP008118,30,9,0.913623188405797,0.888888888888889,0.0625,0.944988064336702,INTERMEDIATE
AGAP008118__SITE02,AGAP008118,30,9,0.28,0,0.727272727272727,0.391435840279124,CONCERN
AGAP008118__SITE03,AGAP008118,30,9,0.992003105590062,1,0.00892857142857143,0.996361650597942,ROBUST
AGAP008118__SITE04,AGAP008118,30,9,0.979173708920188,1,0.0211267605633803,0.989828938806971,ROBUST
AGAP008118__SITE05,AGAP008118,30,9,0.851742424242424,0.222222222222222,0.15,0.802697510822511,INTERMEDIATE
AGAP000099__SITE01,AGAP000099,30,9,0.962549751243781,1,0.0375,0.980944814860125,ROBUST
AGAP000099__SITE02,AGAP000099,30,9,0.962549751243781,1,0.0375,0.980183690738346,ROBUST
AGAP000099__SITE03,AGAP000099,30,9,0.963110328638498,1,0.0375,0.981816809325901,ROBUST
AGAP000099__SITE04,AGAP000099,30,9,0.992649428911779,1,0.00746268656716418,0.996391498407294,ROBUST
AGAP000099__SITE05,AGAP000099,30,9,0.982001061884254,1,0.0149253731343284,0.992134191857865,ROBUST
AGAP004239__SITE01,AGAP004239,30,9,0.912051282051282,0.888888888888889,0.115384615384615,0.946262916188289,INTERMEDIATE
AGAP004239__SITE02,AGAP004239,30,9,0.912051282051282,0.888888888888889,0.115384615384615,0.946262916188289,INTERMEDIATE
AGAP004239__SITE03,AGAP004239,30,9,0.832463768115942,0.666666666666667,0.146739130434783,0.877024118537746,INTERMEDIATE
AGAP004239__SITE04,AGAP004239,30,9,0.834528382415707,0.555555555555556,0.176056338028169,0.854770242895637,INTERMEDIATE
AGAP004239__SITE05,AGAP004239,30,9,0.876178812002449,0.666666666666667,0.130434782608696,0.890143015784519,INTERMEDIATE
AGAP006935__SITE01,AGAP006935,30,9,0.0373140096618356,0.222222222222222,0.986666666666667,0.398446128570399,CONCERN
AGAP006935__SITE02,AGAP006935,30,9,0.0373140096618356,0.222222222222222,0.986666666666667,0.398659348186603,CONCERN
AGAP006935__SITE03,AGAP006935,30,9,1,1,0,0.95,UNRESOLVED_ACCESSIBILITY
AGAP006935__SITE04,AGAP006935,30,9,1,1,0,0.95,UNRESOLVED_ACCESSIBILITY
AGAP006935__SITE05,AGAP006935,30,9,1,1,0,0.95,UNRESOLVED_ACCESSIBILITY
AGAP007365__SITE01,AGAP007365,30,9,1,1,0,0.95,UNRESOLVED_ACCESSIBILITY
AGAP007365__SITE02,AGAP007365,30,9,1,1,0,0.95,UNRESOLVED_ACCESSIBILITY
AGAP007365__SITE03,AGAP007365,30,9,1,1,0,0.95,UNRESOLVED_ACCESSIBILITY
AGAP007365__SITE04,AGAP007365,30,9,1,1,0,0.95,UNRESOLVED_ACCESSIBILITY
AGAP007365__SITE05,AGAP007365,30,9,1,1,0,0.95,UNRESOLVED_ACCESSIBILITY
AGAP007122__SITE01,AGAP007122,30,9,0.981657848324515,1,0.0178571428571429,0.99045710600437,ROBUST
AGAP007122__SITE02,AGAP007122,30,9,0.974739130434783,1,0.016304347826087,0.988696138870863,ROBUST
AGAP007122__SITE03,AGAP007122,30,9,0.974739130434783,1,0.016304347826087,0.988696138870863,ROBUST
AGAP007122__SITE04,AGAP007122,30,9,0.986111111111111,1,0.0108695652173913,0.993894979038554,ROBUST
AGAP007122__SITE05,AGAP007122,30,9,0.993057902973396,1,0.00704225352112676,0.99681398173452,ROBUST
AGAP011938__SITE01,AGAP011938,30,9,0.797287253808993,0.555555555555556,0.202898550724638,0.840856762928469,INTERMEDIATE
AGAP011938__SITE02,AGAP011938,30,9,0.797287253808993,0.555555555555556,0.202898550724638,0.840910067832521,INTERMEDIATE
AGAP011938__SITE03,AGAP011938,30,9,0.934738691260431,0.888888888888889,0.072463768115942,0.940981650658808,INTERMEDIATE
AGAP011938__SITE04,AGAP011938,30,9,0.622904040404041,0,0.3625,0.608281980250264,CONCERN
AGAP011938__SITE05,AGAP011938,30,9,0.991402116402116,1,0.00505050505050505,0.996039508446225,ROBUST
AGAP007333__SITE01,AGAP007333,30,9,0.82,0.222222222222222,0.181818181818182,0.7751355236803,INTERMEDIATE
AGAP007333__SITE02,AGAP007333,30,9,0.986845238095238,1,0.0133928571428571,0.993639614427861,ROBUST
AGAP007333__SITE03,AGAP007333,30,9,0.932972192127121,0.666666666666667,0.0704225352112676,0.919670943764385,INTERMEDIATE
AGAP007333__SITE04,AGAP007333,30,9,0.986888888888889,1,0.0125,0.993499940772329,ROBUST
AGAP007333__SITE05,AGAP007333,30,9,0.986888888888889,1,0.0125,0.993499940772329,ROBUST
AGAP007063__SITE01,AGAP007063,30,9,0.716888888888889,0.333333333333333,0.313333333333333,0.762760957119166,INTERMEDIATE
AGAP007063__SITE02,AGAP007063,30,9,0.946610328638498,0.888888888888889,0.0533333333333333,0.960174970219326,INTERMEDIATE
AGAP007063__SITE03,AGAP007063,30,9,0.912173913043478,0.777777777777778,0.0866666666666667,0.925355844998609,INTERMEDIATE
AGAP007063__SITE04,AGAP007063,30,9,0,0,1,0.180783582089552,CONCERN
AGAP007063__SITE05,AGAP007063,30,9,0,0,1,0.180783582089552,CONCERN
AGAP007896__SITE01,AGAP007896,30,9,0.0112676056338028,0,1,0.191622871557704,CONCERN
AGAP007896__SITE02,AGAP007896,30,9,0.0112676056338028,0,1,0.191196432325295,CONCERN
AGAP007896__SITE03,AGAP007896,30,9,0.0112676056338028,0,1,0.191622871557704,CONCERN
AGAP007896__SITE04,AGAP007896,30,9,0.837173320506653,0.111111111111111,0.178571428571429,0.769216926430857,INTERMEDIATE
AGAP007896__SITE05,AGAP007896,30,9,0.862301587301587,0.777777777777778,0.166666666666667,0.902142561004501,INTERMEDIATE
AGAP005406__SITE01,AGAP005406,30,9,0.795979114819694,0.666666666666667,0.246376811594203,0.851169464283243,INTERMEDIATE
AGAP005406__SITE02,AGAP005406,30,9,0.811227661227662,0.555555555555556,0.224358974358974,0.848405843741665,INTERMEDIATE
AGAP005406__SITE03,AGAP005406,30,9,0.811227661227662,0.555555555555556,0.224358974358974,0.846540172099874,INTERMEDIATE
AGAP005406__SITE04,AGAP005406,30,9,0.280776781903542,0.111111111111111,0.73943661971831,0.509985430447907,CONCERN
AGAP005406__SITE05,AGAP005406,30,9,0.433816425120773,0,0.666666666666667,0.565401512108196,CONCERN
AGAP005959__SITE01,AGAP005959,30,9,0.518445998445999,0,0.564102564102564,0.624134079022139,CONCERN
AGAP005959__SITE02,AGAP005959,30,9,0.961004830917874,1,0.0434782608695652,0.978760524499655,ROBUST
AGAP005959__SITE03,AGAP005959,30,9,0.988300637156271,1,0.0133928571428571,0.994243336261349,ROBUST
AGAP005959__SITE04,AGAP005959,30,9,0.00931884057971014,0,0.994565217391304,0.192905171348228,CONCERN
AGAP005959__SITE05,AGAP005959,30,9,0.00754106280193236,0,0.994565217391304,0.106826398545575,CONCERN
AGAP011849__SITE01,AGAP011849,30,9,0.983349206349206,1,0.0133928571428571,0.992312514806918,ROBUST
AGAP011849__SITE02,AGAP011849,30,9,0.00579710144927536,0,1,0.175516439541423,CONCERN
AGAP011849__SITE03,AGAP011849,30,9,0.859472049689441,0.111111111111111,0.0978260869565217,0.785691302802757,INTERMEDIATE
AGAP011849__SITE04,AGAP011849,30,9,0.862280020703934,0.111111111111111,0.0978260869565217,0.786153423488149,INTERMEDIATE
AGAP011849__SITE05,AGAP011849,30,9,0.983473193473194,1,0.0192307692307692,0.992825818460147,ROBUST
AGAP005874__SITE01,AGAP005874,30,9,0.704808080808081,0.444444444444444,0.306666666666667,0.779366199306498,INTERMEDIATE
AGAP005874__SITE02,AGAP005874,30,9,0.983333333333334,1,0.0125,0.99327736318408,ROBUST
AGAP005874__SITE03,AGAP005874,30,9,0.996014492753623,1,0.00543478260869565,0.998273577763357,ROBUST
AGAP005874__SITE04,AGAP005874,30,9,0.0563285024154588,0.111111111111111,0.966666666666667,0.315585323898108,CONCERN
AGAP005874__SITE05,AGAP005874,30,9,0.60388331475288,0,0.304347826086957,0.650013658019823,CONCERN
AGAP010380__SITE01,AGAP010380,30,9,1,1,0,1,ROBUST
AGAP010380__SITE02,AGAP010380,30,9,1,1,0,1,ROBUST
AGAP010380__SITE03,AGAP010380,30,9,0.80006105006105,0.888888888888889,0.256410256410256,0.896860022233156,INTERMEDIATE
AGAP010380__SITE04,AGAP010380,30,9,0.932410256410256,0.888888888888889,0.0897435897435897,0.954236591766443,INTERMEDIATE
AGAP010380__SITE05,AGAP010380,30,9,0,0,1,0.258901918976546,CONCERN
AGAP004467__SITE01,AGAP004467,30,9,0.940491452991453,0.777777777777778,0.0625,0.940262344413464,INTERMEDIATE
AGAP004467__SITE02,AGAP004467,30,9,0.754969989752598,0.333333333333333,0.231884057971015,0.773736394412903,INTERMEDIATE
AGAP004467__SITE03,AGAP004467,30,9,0.754969989752598,0.333333333333333,0.231884057971015,0.773896309125057,INTERMEDIATE
AGAP004467__SITE04,AGAP004467,30,9,0.787210012210012,0.888888888888889,0.282051282051282,0.890363544001604,INTERMEDIATE
AGAP004467__SITE05,AGAP004467,30,9,0.787210012210012,0.888888888888889,0.282051282051282,0.891296379822499,INTERMEDIATE
AGAP004685__SITE01,AGAP004685,30,9,1,1,0,0.967391304347826,UNRESOLVED_ACCESSIBILITY
AGAP004685__SITE02,AGAP004685,30,9,1,1,0,0.967391304347826,UNRESOLVED_ACCESSIBILITY
AGAP004685__SITE03,AGAP004685,30,9,1,1,0,0.980434782608696,UNRESOLVED_ACCESSIBILITY
AGAP004685__SITE04,AGAP004685,30,9,1,1,0,1,ROBUST
AGAP004685__SITE05,AGAP004685,30,9,1,1,0,0.999813432835821,ROBUST
AGAP004502__SITE01,AGAP004502,30,9,0.990151051234946,1,0.0108695652173913,0.995517970466102,ROBUST
AGAP004502__SITE02,AGAP004502,30,9,1,1,0,1,ROBUST
AGAP004502__SITE03,AGAP004502,30,9,0.889336846728151,0.888888888888889,0.13768115942029,0.936062542079739,INTERMEDIATE
AGAP004502__SITE04,AGAP004502,30,9,0.99672619047619,1,0.00446428571428571,0.99854855188344,ROBUST
AGAP004502__SITE05,AGAP004502,30,9,0.952991452991453,0.888888888888889,0.0641025641025641,0.963305268529149,INTERMEDIATE
AGAP004699__SITE01,AGAP004699,30,9,0.99059829059829,1,0.0128205128205128,0.995994387039163,ROBUST
AGAP004699__SITE02,AGAP004699,30,9,0.99059829059829,1,0.0128205128205128,0.995994387039163,ROBUST
AGAP004699__SITE03,AGAP004699,30,9,1,1,0,1,ROBUST
AGAP004699__SITE04,AGAP004699,30,9,1,1,0,1,ROBUST
AGAP004699__SITE05,AGAP004699,30,9,1,1,0,1,ROBUST
AGAP002171__SITE01,AGAP002171,30,9,0.978297619047619,1,0.0223214285714286,0.989303882373845,ROBUST
AGAP002171__SITE02,AGAP002171,30,9,0.209671361502347,0,0.788732394366197,0.333619227804639,CONCERN
AGAP002171__SITE03,AGAP002171,30,9,0.185774647887324,0,0.823943661971831,0.314209210486801,CONCERN
AGAP002171__SITE04,AGAP002171,30,9,0.189107981220657,0,0.823943661971831,0.315442330600519,CONCERN
AGAP002171__SITE05,AGAP002171,30,9,0.189107981220657,0,0.823943661971831,0.308619302881968,CONCERN
AGAP009515__SITE01,AGAP009515,30,9,1,1,0,0.954347826086956,UNRESOLVED_ACCESSIBILITY
AGAP009515__SITE02,AGAP009515,30,9,0.969384615384615,1,0.0320512820512821,0.986529085342518,ROBUST
AGAP009515__SITE03,AGAP009515,30,9,0.938224637681159,0.666666666666667,0.0625,0.907463941936281,INTERMEDIATE
AGAP009515__SITE04,AGAP009515,30,9,1,1,0,1,ROBUST
AGAP009515__SITE05,AGAP009515,30,9,0.995061728395062,1,0.00505050505050505,0.997514112936998,ROBUST
AGAP029982__SITE01,AGAP029982,30,9,0.988139730639731,1,0.0125,0.994132480634346,ROBUST
AGAP029982__SITE02,AGAP029982,30,9,0.879145299145299,0.888888888888889,0.16025641025641,0.931870136497002,INTERMEDIATE
AGAP029982__SITE03,AGAP029982,30,9,0.898778998778999,0.888888888888889,0.121794871794872,0.938785696061815,INTERMEDIATE
AGAP029982__SITE04,AGAP029982,30,9,1,1,0,0.95,UNRESOLVED_ACCESSIBILITY
AGAP029982__SITE05,AGAP029982,30,9,1,1,0,0.95,UNRESOLVED_ACCESSIBILITY
AGAP009232__SITE01,AGAP009232,30,9,0.965262515262515,1,0.0223214285714286,0.985645319647185,ROBUST
AGAP009232__SITE02,AGAP009232,30,9,0.475488400488401,0,0.551282051282051,0.528242828895814,CONCERN
AGAP009232__SITE03,AGAP009232,30,9,0.475488400488401,0,0.551282051282051,0.527976304375558,CONCERN
AGAP009232__SITE04,AGAP009232,30,9,0.891413043478261,0.555555555555556,0.0791245791245791,0.877938315394918,INTERMEDIATE
AGAP009232__SITE05,AGAP009232,30,9,0.941021126760563,0.888888888888889,0.0625,0.954822623552259,INTERMEDIATE
AGAP005958__SITE01,AGAP005958,30,9,0.929739130434783,0.888888888888889,0.04,0.95270628225333,ROBUST
AGAP005958__SITE02,AGAP005958,30,9,0.965818181818182,1,0.0266666666666667,0.985989371325192,ROBUST
AGAP005958__SITE03,AGAP005958,30,9,0.982556935817805,1,0.0133928571428571,0.990835129476839,ROBUST
AGAP005958__SITE04,AGAP005958,30,9,0.911694444444445,0.555555555555556,0.0714285714285714,0.889455238687515,INTERMEDIATE
AGAP005958__SITE05,AGAP005958,30,9,0.914968253968254,0.555555555555556,0.0714285714285714,0.890753435204928,INTERMEDIATE
AGAP006241__SITE01,AGAP006241,30,9,0.916969696969697,0.888888888888889,0.06,0.950179169089617,INTERMEDIATE
AGAP006241__SITE02,AGAP006241,30,9,0.968845070422535,1,0.0352112676056338,0.986451334874921,ROBUST
AGAP006241__SITE03,AGAP006241,30,9,0.808599033816426,0.666666666666667,0.22463768115942,0.856231832555648,CONCERN
AGAP006241__SITE04,AGAP006241,30,9,0.976579710144927,1,0.0266666666666667,0.989292759803467,ROBUST
AGAP006241__SITE05,AGAP006241,30,9,0.964920634920635,1,0.0333333333333333,0.983605780620706,ROBUST
AGAP009782__SITE01,AGAP009782,30,9,0,0,1,0.150373134328358,CONCERN
AGAP009782__SITE02,AGAP009782,30,9,0,0,1,0.150319829424307,CONCERN
AGAP009782__SITE03,AGAP009782,30,9,0.987494046404028,1,0.0144927536231884,0.994118266089434,ROBUST
AGAP009782__SITE04,AGAP009782,30,9,0.831122259383129,0.888888888888889,0.224358974358974,0.910255825903133,INTERMEDIATE
AGAP009782__SITE05,AGAP009782,30,9,0.696478632478632,0,0.294871794871795,0.664595165199643,CONCERN
AGAP002475__SITE01,AGAP002475,30,9,0.977641025641026,1,0.0256410256410256,0.989980482204363,ROBUST
AGAP002475__SITE02,AGAP002475,30,9,0.214047619047619,0,0.803571428571429,0.334348791755508,CONCERN
AGAP002475__SITE03,AGAP002475,30,9,0.214047619047619,0,0.803571428571429,0.334348791755508,CONCERN
AGAP002475__SITE04,AGAP002475,30,9,0.784169453734671,0.333333333333333,0.205128205128205,0.789975171918715,INTERMEDIATE
AGAP002475__SITE05,AGAP002475,30,9,0.696738215488216,0.555555555555556,0.34375,0.776767620680867,CONCERN
AGAP001526__SITE01,AGAP001526,30,9,0.965253623188406,1,0.0235690235690236,0.982986354186468,ROBUST
AGAP001526__SITE02,AGAP001526,30,9,0.360386473429952,0.111111111111111,0.644927536231884,0.470442173192011,CONCERN
AGAP001526__SITE03,AGAP001526,30,9,0.946713511930903,0.888888888888889,0.0579710144927536,0.953846806028831,INTERMEDIATE
AGAP001526__SITE04,AGAP001526,30,9,0.896431924882629,0.777777777777778,0.118181818181818,0.921627041762106,INTERMEDIATE
AGAP001526__SITE05,AGAP001526,30,9,0.896431924882629,0.777777777777778,0.118181818181818,0.918615314683215,INTERMEDIATE
AGAP008381__SITE01,AGAP008381,30,9,0.549318181818182,0,0.425,0.572201613684823,CONCERN
AGAP008381__SITE02,AGAP008381,30,9,0.549318181818182,0,0.425,0.571641912192285,CONCERN
AGAP008381__SITE03,AGAP008381,30,9,0.549318181818182,0,0.425,0.571721869548362,CONCERN
AGAP008381__SITE04,AGAP008381,30,9,0.825238095238095,0,0.151785714285714,0.746248223169865,INTERMEDIATE
AGAP008381__SITE05,AGAP008381,30,9,0.650192061459667,0.111111111111111,0.394366197183099,0.678717294722655,CONCERN
AGAP000399__SITE01,AGAP000399,30,9,0.949426186750131,0.888888888888889,0.0563380281690141,0.960547880482653,INTERMEDIATE
AGAP000399__SITE02,AGAP000399,30,9,0.990833333333333,1,0.0125,0.996253415300546,ROBUST
AGAP000399__SITE03,AGAP000399,30,9,0.94898847631242,0.888888888888889,0.0563380281690141,0.960233534840439,INTERMEDIATE
AGAP000399__SITE04,AGAP000399,30,9,0.981388888888889,1,0.0138888888888889,0.992318989071038,ROBUST
AGAP000399__SITE05,AGAP000399,30,9,0.987790953008344,1,0.0144927536231884,0.994064036660259,ROBUST
AGAP010197__SITE01,AGAP010197,30,9,0.989371980676329,1,0.0144927536231884,0.995520585478405,ROBUST
AGAP010197__SITE02,AGAP010197,30,9,0.997530864197531,1,0.00336700336700337,0.998672881384324,ROBUST
AGAP010197__SITE03,AGAP010197,30,9,0.869462481962482,0.333333333333333,0.133928571428571,0.824495151407465,INTERMEDIATE
AGAP010197__SITE04,AGAP010197,30,9,0.059494791419674,0,0.950704225352113,0.219616708155528,CONCERN
AGAP010197__SITE05,AGAP010197,30,9,0.059494791419674,0,0.950704225352113,0.219616708155528,CONCERN
AGAP007855__SITE01,AGAP007855,30,9,0.952619047619048,1,0.0375,0.977261904761905,ROBUST
AGAP007855__SITE02,AGAP007855,30,9,0.986455828122495,1,0.00892857142857143,0.994601696902692,ROBUST
AGAP007855__SITE03,AGAP007855,30,9,0.986455828122495,1,0.00892857142857143,0.994601696902692,ROBUST
AGAP007855__SITE04,AGAP007855,30,9,0.975714285714286,1,0.0181818181818182,0.988565613490987,ROBUST
AGAP007855__SITE05,AGAP007855,30,9,0.973690476190476,1,0.0181818181818182,0.987686526781676,ROBUST
AGAP005130__SITE01,AGAP005130,30,9,0.94863315696649,0.888888888888889,0.0454545454545455,0.951527191483659,INTERMEDIATE
AGAP005130__SITE02,AGAP005130,30,9,0.986265700483092,1,0.0108695652173913,0.994306760709908,ROBUST
AGAP005130__SITE03,AGAP005130,30,9,0.989773288439955,1,0.00666666666666667,0.996163649046734,ROBUST
AGAP005130__SITE04,AGAP005130,30,9,0.994662177328844,1,0.00666666666666667,0.997625743337186,ROBUST
AGAP005130__SITE05,AGAP005130,30,9,0.879710144927537,0.777777777777778,0.127272727272727,0.912246461088122,INTERMEDIATE
AGAP004962__SITE01,AGAP004962,30,9,0.993333333333333,1,0.00909090909090909,0.997237675260063,ROBUST
AGAP004962__SITE02,AGAP004962,30,9,1,1,0,0.95,UNRESOLVED_ACCESSIBILITY
AGAP004962__SITE03,AGAP004962,30,9,1,1,0,0.95,UNRESOLVED_ACCESSIBILITY
AGAP004962__SITE04,AGAP004962,30,9,1,1,0,0.95,UNRESOLVED_ACCESSIBILITY
AGAP004962__SITE05,AGAP004962,30,9,1,1,0,0.95,UNRESOLVED_ACCESSIBILITY
AGAP003594__SITE01,AGAP003594,30,9,0.982760942760943,1,0.0185185185185185,0.991173138635825,ROBUST
AGAP003594__SITE02,AGAP003594,30,9,0.898006148440931,0.666666666666667,0.115942028985507,0.905631214808697,INTERMEDIATE
AGAP003594__SITE03,AGAP003594,30,9,0.967407407407408,1,0.031986531986532,0.983082836179851,ROBUST
AGAP003594__SITE04,AGAP003594,30,9,0.967407407407408,1,0.031986531986532,0.983242750892005,ROBUST
AGAP003594__SITE05,AGAP003594,30,9,0.807483609385783,0.444444444444444,0.183035714285714,0.824061289695415,INTERMEDIATE
AGAP004729__SITE01,AGAP004729,30,9,1,1,0,0.999813432835821,ROBUST
AGAP004729__SITE02,AGAP004729,30,9,0.998765432098765,1,0.00168350168350168,0.999149873527983,ROBUST
AGAP004729__SITE03,AGAP004729,30,9,1,1,0,1,ROBUST
AGAP004729__SITE04,AGAP004729,30,9,1,1,0,1,ROBUST
AGAP004729__SITE05,AGAP004729,30,9,1,1,0,1,ROBUST
AGAP007570__SITE01,AGAP007570,30,9,0.794405594405594,0,0.230769230769231,0.732134283626821,INTERMEDIATE
AGAP007570__SITE02,AGAP007570,30,9,0.421220657276995,0,0.415492957746479,0.554534120143748,CONCERN
AGAP007570__SITE03,AGAP007570,30,9,0.628513302034429,0.222222222222222,0.345070422535211,0.695346940682236,CONCERN
AGAP007570__SITE04,AGAP007570,30,9,0.659837245696401,0.333333333333333,0.345070422535211,0.741832866185505,CONCERN
AGAP007570__SITE05,AGAP007570,30,9,0.892820031298905,0.777777777777778,0.126760563380282,0.915815021138439,INTERMEDIATE
AGAP000627__SITE01,AGAP000627,30,9,0.997101449275362,1,0.00197628458498024,0.998667897794769,ROBUST
AGAP000627__SITE02,AGAP000627,30,9,0.997101449275362,1,0.00197628458498024,0.998667897794769,ROBUST
AGAP000627__SITE03,AGAP000627,30,9,0.992946335516096,1,0.00746268656716418,0.99629008103027,ROBUST
AGAP000627__SITE04,AGAP000627,30,9,0.993336886993603,1,0.00746268656716418,0.996592636932434,ROBUST
AGAP000627__SITE05,AGAP000627,30,9,0.987936880542514,1,0.00704225352112676,0.995665240685155,ROBUST
AGAP009936__SITE01,AGAP009936,30,9,0.726962962962963,0,0.233333333333333,0.677623825317855,CONCERN
AGAP009936__SITE02,AGAP009936,30,9,0.988300637156271,1,0.0133928571428571,0.994803037753886,ROBUST
AGAP009936__SITE03,AGAP009936,30,9,0.988300637156271,1,0.0133928571428571,0.994803037753886,ROBUST
AGAP009936__SITE04,AGAP009936,30,9,0.930854700854701,0.888888888888889,0.0897435897435897,0.953901007781605,INTERMEDIATE
AGAP009936__SITE05,AGAP009936,30,9,0.927521367521367,0.888888888888889,0.0897435897435897,0.952827802380041,INTERMEDIATE
AGAP007938__SITE01,AGAP007938,30,9,0.97807519640853,1,0.0125,0.991216560296162,ROBUST
AGAP007938__SITE02,AGAP007938,30,9,0.97807519640853,1,0.0125,0.99087007841983,ROBUST
AGAP007938__SITE03,AGAP007938,30,9,0.978768115942029,1,0.0125,0.990563564166744,ROBUST
AGAP007938__SITE04,AGAP007938,30,9,0.983111111111111,1,0.0181818181818182,0.991560875277293,ROBUST
AGAP007938__SITE05,AGAP007938,30,9,0.983111111111111,1,0.0181818181818182,0.991534222825268,ROBUST
AGAP004521__SITE01,AGAP004521,30,9,0.422142857142857,0.111111111111111,0.581818181818182,0.509009901789753,CONCERN
AGAP004521__SITE02,AGAP004521,30,9,0.653156438631791,0.111111111111111,0.325892857142857,0.687478430908836,CONCERN
AGAP004521__SITE03,AGAP004521,30,9,0.960035133948178,1,0.0434782608695652,0.979157759105845,ROBUST
AGAP004521__SITE04,AGAP004521,30,9,0.960035133948178,1,0.0434782608695652,0.979317673817998,ROBUST
AGAP004521__SITE05,AGAP004521,30,9,0.960933001512712,1,0.0434782608695652,0.978369432820006,INTERMEDIATE
AGAP007729__SITE01,AGAP007729,30,9,0.946811594202898,0.888888888888889,0.0543478260869565,0.9560993170792,INTERMEDIATE
AGAP007729__SITE02,AGAP007729,30,9,0.993952343952344,1,0.00641025641025641,0.996994181882242,ROBUST
AGAP007729__SITE03,AGAP007729,30,9,1,1,0,1,ROBUST
AGAP007729__SITE04,AGAP007729,30,9,0.991455399061033,1,0.00909090909090909,0.996581624527809,ROBUST
AGAP007729__SITE05,AGAP007729,30,9,0.993920634920635,1,0.00666666666666667,0.997440357735134,ROBUST
AGAP012142__SITE01,AGAP012142,30,9,0.946159420289855,0.888888888888889,0.0597826086956522,0.958857614103396,INTERMEDIATE
AGAP012142__SITE02,AGAP012142,30,9,0.0248888888888889,0,1,0.199132669983416,CONCERN
AGAP012142__SITE03,AGAP012142,30,9,0.998765432098765,1,0.00168350168350168,0.999336440692162,ROBUST
AGAP012142__SITE04,AGAP012142,30,9,0.770888888888889,0,0.253333333333333,0.717948590381426,INTERMEDIATE
AGAP012142__SITE05,AGAP012142,30,9,0.956666666666667,1,0.0387205387205387,0.975966254585658,ROBUST
AGAP006233__SITE01,AGAP006233,30,9,0.914545454545455,0.888888888888889,0.1,0.941042191639206,INTERMEDIATE
AGAP006233__SITE02,AGAP006233,30,9,0.914545454545455,0.888888888888889,0.1,0.941468630871616,INTERMEDIATE
AGAP006233__SITE03,AGAP006233,30,9,0.914545454545455,0.888888888888889,0.1,0.939523001873748,INTERMEDIATE
AGAP006233__SITE04,AGAP006233,30,9,0.553236714975845,0,0.463768115942029,0.583936631542083,CONCERN
AGAP006233__SITE05,AGAP006233,30,9,0.952888888888889,0.888888888888889,0.0545454545454545,0.963489069802503,INTERMEDIATE
AGAP004057__SITE01,AGAP004057,30,9,0,0,1,0.212686567164179,CONCERN
AGAP004057__SITE02,AGAP004057,30,9,0,0,1,0.212686567164179,CONCERN
AGAP004057__SITE03,AGAP004057,30,9,0.427536231884058,0.111111111111111,0.576086956521739,0.541501730478045,CONCERN
AGAP004057__SITE04,AGAP004057,30,9,0.427536231884058,0.111111111111111,0.570652173913044,0.541725379314607,CONCERN
AGAP004057__SITE05,AGAP004057,30,9,0.937474120082816,0.888888888888889,0.0625,0.956414549921201,INTERMEDIATE
AGAP012991__SITE01,AGAP012991,30,9,0.966529850746269,1,0.025,0.986058692194764,ROBUST
AGAP012991__SITE02,AGAP012991,30,9,0.989287805592154,1,0.0138888888888889,0.995259760401421,ROBUST
AGAP012991__SITE03,AGAP012991,30,9,0.989814814814815,1,0.0138888888888889,0.995654978749241,ROBUST
AGAP012991__SITE04,AGAP012991,30,9,0.815572139303482,0.777777777777778,0.201492537313433,0.886680939564472,INTERMEDIATE
AGAP012991__SITE05,AGAP012991,30,9,0.605128205128206,0.888888888888889,0.461538461538462,0.820545847595028,CONCERN
AGAP004739__SITE01,AGAP004739,30,9,0.952991452991453,0.888888888888889,0.0641025641025641,0.96311870136497,INTERMEDIATE
AGAP004739__SITE02,AGAP004739,30,9,0.952991452991453,0.888888888888889,0.0641025641025641,0.962532347420407,INTERMEDIATE
AGAP004739__SITE03,AGAP004739,30,9,0.952991452991453,0.888888888888889,0.0641025641025641,0.962532347420407,INTERMEDIATE
AGAP004739__SITE04,AGAP004739,30,9,0.962393162393163,0.888888888888889,0.0512820512820513,0.966884442257576,INTERMEDIATE
AGAP004739__SITE05,AGAP004739,30,9,1,1,0,1,ROBUST
AGAP008578__SITE01,AGAP008578,30,9,0.928854700854701,0.888888888888889,0.0897435897435897,0.950922329743225,INTERMEDIATE
AGAP008578__SITE02,AGAP008578,30,9,0.930616605616605,0.888888888888889,0.0897435897435897,0.951789245166111,INTERMEDIATE
AGAP008578__SITE03,AGAP008578,30,9,0.89830985915493,0.777777777777778,0.109090909090909,0.923192183403451,INTERMEDIATE
AGAP008578__SITE04,AGAP008578,30,9,0.99016835016835,1,0.00909090909090909,0.995140459319564,ROBUST
AGAP008578__SITE05,AGAP008578,30,9,0.987247119078105,1,0.0140845070422535,0.994097358916047,ROBUST
AGAP010220__SITE01,AGAP010220,30,9,0.976495726495726,1,0.0320512820512821,0.989985967597908,ROBUST
AGAP010220__SITE02,AGAP010220,30,9,0.783661971830986,0.555555555555556,0.211267605633803,0.841890722444118,INTERMEDIATE
AGAP010220__SITE03,AGAP010220,30,9,0.783661971830986,0.555555555555556,0.211267605633803,0.841890722444118,INTERMEDIATE
AGAP010220__SITE04,AGAP010220,30,9,0.67452380952381,0.444444444444444,0.339285714285714,0.7446526297086,CONCERN
AGAP010220__SITE05,AGAP010220,30,9,0.67452380952381,0.444444444444444,0.339285714285714,0.7446526297086,CONCERN
AGAP005920__SITE01,AGAP005920,30,9,0.989773288439955,1,0.00666666666666667,0.976092035066943,UNRESOLVED_ACCESSIBILITY
AGAP005920__SITE02,AGAP005920,30,9,0.981577464788732,1,0.0133333333333333,0.992755062714596,ROBUST
AGAP005920__SITE03,AGAP005920,30,9,0.908444444444444,0.888888888888889,0.106666666666667,0.937517649846008,INTERMEDIATE
AGAP005920__SITE04,AGAP005920,30,9,0.986947738252086,1,0.0144927536231884,0.993048853230553,ROBUST
AGAP005920__SITE05,AGAP005920,30,9,0.990814814814815,1,0.00666666666666667,0.995464542367527,ROBUST
AGAP001108__SITE01,AGAP001108,30,9,0.998765432098765,1,0.00168350168350168,0.999283135788111,ROBUST
AGAP001108__SITE02,AGAP001108,30,9,0.931481481481481,0.777777777777778,0.0625,0.931186823817421,INTERMEDIATE
AGAP001108__SITE03,AGAP001108,30,9,0.598444444444444,0,0.416666666666667,0.571483890073442,CONCERN
AGAP001108__SITE04,AGAP001108,30,9,0.598444444444444,0,0.416666666666667,0.599362354892206,CONCERN
AGAP001108__SITE05,AGAP001108,30,9,0.987690796857463,1,0.0125,0.993807027572575,ROBUST
AGAP010453__SITE01,AGAP010453,30,9,0.968455082223198,1,0.0326086956521739,0.983629020393567,ROBUST
AGAP010453__SITE02,AGAP010453,30,9,0.798755109624675,0.777777777777778,0.224358974358974,0.879633832351224,INTERMEDIATE
AGAP010453__SITE03,AGAP010453,30,9,0.960123360938578,1,0.0491071428571429,0.979149976695199,ROBUST
AGAP010453__SITE04,AGAP010453,30,9,0.960123360938578,1,0.0491071428571429,0.979149976695199,ROBUST
AGAP010453__SITE05,AGAP010453,30,9,0.987247119078105,1,0.0140845070422535,0.994657060408584,ROBUST
AGAP006098__SITE01,AGAP006098,30,9,0.955632850241546,1,0.0466666666666667,0.979524061885191,ROBUST
AGAP006098__SITE02,AGAP006098,30,9,0.958531400966183,1,0.0466666666666667,0.980621833894708,ROBUST
AGAP006098__SITE03,AGAP006098,30,9,0.880059752454119,0.777777777777778,0.126760563380282,0.911318981277989,INTERMEDIATE
AGAP006098__SITE04,AGAP006098,30,9,0.923636932707356,0.555555555555556,0.0727272727272727,0.891697984226784,INTERMEDIATE
AGAP006098__SITE05,AGAP006098,30,9,0.923636932707356,0.666666666666667,0.0727272727272727,0.909084267098141,INTERMEDIATE
AGAP012461__SITE01,AGAP012461,30,0,,,,,UNRESOLVED_CONTIG
AGAP012461__SITE02,AGAP012461,30,0,,,,,UNRESOLVED_CONTIG
AGAP012461__SITE03,AGAP012461,30,0,,,,,UNRESOLVED_CONTIG
AGAP012461__SITE04,AGAP012461,30,0,,,,,UNRESOLVED_CONTIG
AGAP012461__SITE05,AGAP012461,30,0,,,,,UNRESOLVED_CONTIG
AGAP006766__SITE01,AGAP006766,30,9,0.979296066252587,1,0.016304347826087,0.990848166002286,ROBUST
AGAP006766__SITE02,AGAP006766,30,9,0.405314009661835,0.222222222222222,0.666666666666667,0.585958921747371,CONCERN
AGAP006766__SITE03,AGAP006766,30,9,0.972753623188406,1,0.0272727272727273,0.984997380404584,ROBUST
AGAP006766__SITE04,AGAP006766,30,9,0.955120435120435,0.888888888888889,0.0512820512820513,0.960641953403147,INTERMEDIATE
AGAP006766__SITE05,AGAP006766,30,9,0.852666666666667,0.222222222222222,0.14,0.806087420042644,INTERMEDIATE
AGAP012499__SITE01,AGAP012499,30,0,,,,,UNRESOLVED_CONTIG
AGAP012499__SITE02,AGAP012499,30,0,,,,,UNRESOLVED_CONTIG
AGAP012499__SITE03,AGAP012499,30,0,,,,,UNRESOLVED_CONTIG
AGAP012499__SITE04,AGAP012499,30,0,,,,,UNRESOLVED_CONTIG
AGAP012499__SITE05,AGAP012499,30,0,,,,,UNRESOLVED_CONTIG
AGAP007965__SITE01,AGAP007965,30,9,0.255433455433456,0,0.82051282051282,0.424557614856123,CONCERN
AGAP007965__SITE02,AGAP007965,30,9,0.941722222222222,0.888888888888889,0.0375,0.956032012556266,ROBUST
AGAP007965__SITE03,AGAP007965,30,9,0.357874396135265,0,0.601449275362319,0.498220259983725,CONCERN
AGAP007965__SITE04,AGAP007965,30,9,0.947743348982786,0.888888888888889,0.0422535211267606,0.95858113189919,ROBUST
AGAP007965__SITE05,AGAP007965,30,9,0.189777777777778,0,0.833333333333333,0.284127102582327,CONCERN
AGAP012519__SITE01,AGAP012519,30,0,,,,,UNRESOLVED_CONTIG
AGAP012519__SITE02,AGAP012519,30,0,,,,,UNRESOLVED_CONTIG
AGAP012519__SITE03,AGAP012519,30,0,,,,,UNRESOLVED_CONTIG
AGAP012519__SITE04,AGAP012519,30,0,,,,,UNRESOLVED_CONTIG
AGAP012519__SITE05,AGAP012519,30,0,,,,,UNRESOLVED_CONTIG
AGAP007031__SITE01,AGAP007031,30,9,0.667606837606837,0.888888888888889,0.448717948717949,0.840384569824868,CONCERN
AGAP007031__SITE02,AGAP007031,30,9,0.667606837606837,0.888888888888889,0.448717948717949,0.839958130592459,CONCERN
AGAP007031__SITE03,AGAP007031,30,9,0.966238007756685,1,0.0434782608695652,0.982041100159251,ROBUST
AGAP007031__SITE04,AGAP007031,30,9,0.966238007756685,1,0.0434782608695652,0.983293765404454,ROBUST
AGAP007031__SITE05,AGAP007031,30,9,0.975652173913044,1,0.0272727272727273,0.988387263288302,ROBUST
AGAP011377__SITE01,AGAP011377,30,9,0.0115424430641822,0,0.989130434782609,0.178412865795247,CONCERN
AGAP011377__SITE02,AGAP011377,30,9,0.110769230769231,0,0.897435897435897,0.246930594281341,CONCERN
AGAP011377__SITE03,AGAP011377,30,9,0.185139039364392,0,0.826923076923077,0.354823795432372,CONCERN
AGAP011377__SITE04,AGAP011377,30,9,0.77945652173913,0.222222222222222,0.2125,0.762677740953617,INTERMEDIATE
AGAP011377__SITE05,AGAP011377,30,9,0.89172619047619,0.888888888888889,0.125,0.927000488628287,INTERMEDIATE
AGAP004050__SITE01,AGAP004050,30,9,1,1,0,1,ROBUST
AGAP004050__SITE02,AGAP004050,30,9,1,1,0,1,ROBUST
AGAP004050__SITE03,AGAP004050,30,9,0.825238496071829,0.444444444444444,0.1875,0.818112218189955,INTERMEDIATE
AGAP004050__SITE04,AGAP004050,30,9,0.825238496071829,0.444444444444444,0.1875,0.822696439938355,INTERMEDIATE
AGAP004050__SITE05,AGAP004050,30,9,0.487922705314009,0,0.521739130434783,0.533426166270099,CONCERN
AGAP028779__SITE01,AGAP028779,30,9,0.918196457326892,0.777777777777778,0.0841750841750842,0.920074391983866,INTERMEDIATE
AGAP028779__SITE02,AGAP028779,30,9,0.918196457326892,0.777777777777778,0.0841750841750842,0.920074391983866,INTERMEDIATE
AGAP028779__SITE03,AGAP028779,30,9,0.918196457326892,0.777777777777778,0.0841750841750842,0.920074391983866,INTERMEDIATE
AGAP028779__SITE04,AGAP028779,30,9,0.998765432098765,1,0.00168350168350168,0.999336440692162,ROBUST
AGAP028779__SITE05,AGAP028779,30,9,0.998765432098765,1,0.00168350168350168,0.999336440692162,ROBUST
