gene_id,portfolio_size,portfolio_site_ids,global_at_least_one_intact_fraction,global_all_targets_intact_fraction,portfolio_span_bp,q10,breadth,n_pop,portfolio_score_sensitivity,rank_sensitivity,min_population_n
AGAP000099,2,AGAP000099__SITE03;AGAP000099__SITE04,1,0.983021077283372,97,1,1,11,1,1,10
AGAP000099,2,AGAP000099__SITE04;AGAP000099__SITE05,1,0.992388758782201,165,1,1,11,1,2,10
AGAP000099,2,AGAP000099__SITE03;AGAP000099__SITE05,1,0.981264637002342,239,1,1,11,1,3,10
AGAP000099,2,AGAP000099__SITE02;AGAP000099__SITE03,1,0.968969555035129,316,1,1,11,1,4,10
AGAP000099,2,AGAP000099__SITE01;AGAP000099__SITE03,1,0.968969555035129,321,1,1,11,1,5,10
AGAP000099,2,AGAP000099__SITE02;AGAP000099__SITE04,1,0.980093676814988,390,1,1,11,1,6,10
AGAP000099,2,AGAP000099__SITE01;AGAP000099__SITE04,1,0.980093676814988,395,1,1,11,1,7,10
AGAP000099,2,AGAP000099__SITE02;AGAP000099__SITE05,1,0.978337236533958,532,1,1,11,1,8,10
AGAP000099,2,AGAP000099__SITE01;AGAP000099__SITE05,1,0.978337236533958,537,1,1,11,1,9,10
AGAP000099,2,AGAP000099__SITE01;AGAP000099__SITE02,0.983021077283372,0.983021077283372,28,0.962587064676617,1,11,0.978588765773008,10,10
AGAP000099,3,AGAP000099__SITE03;AGAP000099__SITE04;AGAP000099__SITE05,1,0.978337236533958,239,1,1,11,1,1,10
AGAP000099,3,AGAP000099__SITE01;AGAP000099__SITE02;AGAP000099__SITE03,1,0.968969555035129,321,1,1,11,1,2,10
AGAP000099,3,AGAP000099__SITE02;AGAP000099__SITE03;AGAP000099__SITE04,1,0.966042154566745,390,1,1,11,1,3,10
AGAP000099,3,AGAP000099__SITE01;AGAP000099__SITE02;AGAP000099__SITE04,1,0.980093676814988,395,1,1,11,1,4,10
AGAP000099,3,AGAP000099__SITE01;AGAP000099__SITE03;AGAP000099__SITE04,1,0.966042154566745,395,1,1,11,1,5,10
AGAP000099,3,AGAP000099__SITE02;AGAP000099__SITE03;AGAP000099__SITE05,1,0.964285714285714,532,1,1,11,1,6,10
AGAP000099,3,AGAP000099__SITE02;AGAP000099__SITE04;AGAP000099__SITE05,1,0.975409836065574,532,1,1,11,1,7,10
AGAP000099,3,AGAP000099__SITE01;AGAP000099__SITE02;AGAP000099__SITE05,1,0.978337236533958,537,1,1,11,1,8,10
AGAP000099,3,AGAP000099__SITE01;AGAP000099__SITE03;AGAP000099__SITE05,1,0.964285714285714,537,1,1,11,1,9,10
AGAP000099,3,AGAP000099__SITE01;AGAP000099__SITE04;AGAP000099__SITE05,1,0.975409836065574,537,1,1,11,1,10,10
AGAP000399,2,AGAP000399__SITE04;AGAP000399__SITE05,1,0.991217798594848,370,1,1,11,1,1,10
AGAP000399,2,AGAP000399__SITE03;AGAP000399__SITE05,1,0.984777517564403,448,1,1,11,1,2,10
AGAP000399,2,AGAP000399__SITE02;AGAP000399__SITE03,1,0.988290398126464,656,1,1,11,1,3,10
AGAP000399,2,AGAP000399__SITE02;AGAP000399__SITE04,1,0.994730679156909,734,1,1,11,1,4,10
AGAP000399,2,AGAP000399__SITE02;AGAP000399__SITE05,1,0.995316159250585,1081,1,1,11,1,5,10
AGAP000399,2,AGAP000399__SITE01;AGAP000399__SITE02,1,0.986533957845433,7465,1,1,11,1,6,10
AGAP000399,2,AGAP000399__SITE01;AGAP000399__SITE03,1,0.975995316159251,8098,1,1,11,1,7,10
AGAP000399,2,AGAP000399__SITE01;AGAP000399__SITE04,1,0.982435597189695,8176,1,1,11,1,8,10
AGAP000399,2,AGAP000399__SITE01;AGAP000399__SITE05,1,0.983021077283372,8523,1,1,11,1,9,10
AGAP000399,2,AGAP000399__SITE03;AGAP000399__SITE04,0.999414519906323,0.984777517564403,101,0.998945981554677,1,11,0.999332506410197,10,10
AGAP000399,3,AGAP000399__SITE03;AGAP000399__SITE04;AGAP000399__SITE05,1,0.980679156908665,448,1,1,11,1,1,10
AGAP000399,3,AGAP000399__SITE02;AGAP000399__SITE03;AGAP000399__SITE04,1,0.984192037470726,734,1,1,11,1,2,10
AGAP000399,3,AGAP000399__SITE02;AGAP000399__SITE03;AGAP000399__SITE05,1,0.984192037470726,1081,1,1,11,1,3,10
AGAP000399,3,AGAP000399__SITE02;AGAP000399__SITE04;AGAP000399__SITE05,1,0.990632318501171,1081,1,1,11,1,4,10
AGAP000399,3,AGAP000399__SITE01;AGAP000399__SITE02;AGAP000399__SITE03,1,0.975409836065574,8098,1,1,11,1,5,10
AGAP000399,3,AGAP000399__SITE01;AGAP000399__SITE02;AGAP000399__SITE04,1,0.981850117096019,8176,1,1,11,1,6,10
AGAP000399,3,AGAP000399__SITE01;AGAP000399__SITE03;AGAP000399__SITE04,1,0.971896955503513,8176,1,1,11,1,7,10
AGAP000399,3,AGAP000399__SITE01;AGAP000399__SITE02;AGAP000399__SITE05,1,0.982435597189695,8523,1,1,11,1,8,10
AGAP000399,3,AGAP000399__SITE01;AGAP000399__SITE03;AGAP000399__SITE05,1,0.971896955503513,8523,1,1,11,1,9,10
AGAP000399,3,AGAP000399__SITE01;AGAP000399__SITE04;AGAP000399__SITE05,1,0.978337236533958,8523,1,1,11,1,10,10
AGAP000627,2,AGAP000627__SITE04;AGAP000627__SITE05,1,0.995901639344262,64,1,1,11,1,1,10
AGAP000627,2,AGAP000627__SITE03;AGAP000627__SITE05,1,0.995316159250585,65,1,1,11,1,2,10
AGAP000627,2,AGAP000627__SITE02;AGAP000627__SITE05,1,0.997072599531616,68,1,1,11,1,3,10
AGAP000627,2,AGAP000627__SITE01;AGAP000627__SITE05,1,0.997072599531616,70,1,1,11,1,4,10
AGAP000627,2,AGAP000627__SITE02;AGAP000627__SITE04,0.999414519906323,0.997072599531616,27,0.998945981554677,1,11,0.999332506410197,5,10
AGAP000627,2,AGAP000627__SITE01;AGAP000627__SITE04,0.999414519906323,0.997072599531616,29,0.998945981554677,1,11,0.999332506410197,6,10
AGAP000627,2,AGAP000627__SITE01;AGAP000627__SITE02,0.998829039812646,0.998829039812646,25,0.997891963109354,1,11,0.998665012820394,7,10
AGAP000627,2,AGAP000627__SITE02;AGAP000627__SITE03,0.998829039812646,0.997072599531616,26,0.997891963109354,1,11,0.998665012820394,8,10
AGAP000627,2,AGAP000627__SITE01;AGAP000627__SITE03,0.998829039812646,0.997072599531616,28,0.997891963109354,1,11,0.998665012820394,9,10
AGAP000627,2,AGAP000627__SITE03;AGAP000627__SITE04,0.997658079625293,0.997072599531616,24,0.993936567164179,1,11,0.99677581792443,10,10
AGAP000627,3,AGAP000627__SITE03;AGAP000627__SITE04;AGAP000627__SITE05,1,0.995316159250585,65,1,1,11,1,1,10
AGAP000627,3,AGAP000627__SITE02;AGAP000627__SITE03;AGAP000627__SITE05,1,0.995316159250585,68,1,1,11,1,2,10
AGAP000627,3,AGAP000627__SITE02;AGAP000627__SITE04;AGAP000627__SITE05,1,0.995316159250585,68,1,1,11,1,3,10
AGAP000627,3,AGAP000627__SITE01;AGAP000627__SITE02;AGAP000627__SITE05,1,0.997072599531616,70,1,1,11,1,4,10
AGAP000627,3,AGAP000627__SITE01;AGAP000627__SITE03;AGAP000627__SITE05,1,0.995316159250585,70,1,1,11,1,5,10
AGAP000627,3,AGAP000627__SITE01;AGAP000627__SITE04;AGAP000627__SITE05,1,0.995316159250585,70,1,1,11,1,6,10
AGAP000627,3,AGAP000627__SITE02;AGAP000627__SITE03;AGAP000627__SITE04,0.999414519906323,0.997072599531616,27,0.998945981554677,1,11,0.999332506410197,7,10
AGAP000627,3,AGAP000627__SITE01;AGAP000627__SITE02;AGAP000627__SITE04,0.999414519906323,0.997072599531616,29,0.998945981554677,1,11,0.999332506410197,8,10
AGAP000627,3,AGAP000627__SITE01;AGAP000627__SITE03;AGAP000627__SITE04,0.999414519906323,0.997072599531616,29,0.998945981554677,1,11,0.999332506410197,9,10
AGAP000627,3,AGAP000627__SITE01;AGAP000627__SITE02;AGAP000627__SITE03,0.998829039812646,0.997072599531616,28,0.997891963109354,1,11,0.998665012820394,10,10
AGAP000999,2,AGAP000999__SITE01;AGAP000999__SITE02,0.992388758782201,0.988875878220141,35,0.963045167392993,0.909090909090909,11,0.975255896396309,1,10
AGAP001015,2,AGAP001015__SITE03;AGAP001015__SITE04,1,0.958430913348946,343,1,1,11,1,1,10
AGAP001015,2,AGAP001015__SITE04;AGAP001015__SITE05,1,0.964871194379391,579,1,1,11,1,2,10
AGAP001015,2,AGAP001015__SITE02;AGAP001015__SITE03,1,0.990046838407494,638,1,1,11,1,3,10
AGAP001015,2,AGAP001015__SITE01;AGAP001015__SITE03,1,0.978922716627635,646,1,1,11,1,4,10
AGAP001015,2,AGAP001015__SITE03;AGAP001015__SITE05,1,0.992388758782201,899,1,1,11,1,5,10
AGAP001015,2,AGAP001015__SITE02;AGAP001015__SITE04,1,0.962529274004684,958,1,1,11,1,6,10
AGAP001015,2,AGAP001015__SITE02;AGAP001015__SITE05,1,0.996487119437939,1514,1,1,11,1,7,10
AGAP001015,2,AGAP001015__SITE01;AGAP001015__SITE05,1,0.98536299765808,1522,1,1,11,1,8,10
AGAP001015,2,AGAP001015__SITE01;AGAP001015__SITE02,0.999414519906323,0.983606557377049,31,0.993333333333333,1,11,0.997648711943794,9,10
AGAP001015,2,AGAP001015__SITE01;AGAP001015__SITE04,0.988290398126464,0.963114754098361,966,0.931623931623932,0.909090909090909,11,0.963370509272149,10,10
AGAP001015,3,AGAP001015__SITE01;AGAP001015__SITE02;AGAP001015__SITE03,1,0.976580796252927,646,1,1,11,1,1,10
AGAP001015,3,AGAP001015__SITE03;AGAP001015__SITE04;AGAP001015__SITE05,1,0.957845433255269,899,1,1,11,1,2,10
AGAP001015,3,AGAP001015__SITE02;AGAP001015__SITE03;AGAP001015__SITE04,1,0.955503512880562,958,1,1,11,1,3,10
AGAP001015,3,AGAP001015__SITE01;AGAP001015__SITE02;AGAP001015__SITE04,1,0.960772833723653,966,1,1,11,1,4,10
AGAP001015,3,AGAP001015__SITE01;AGAP001015__SITE03;AGAP001015__SITE04,1,0.956088992974239,966,1,1,11,1,5,10
AGAP001015,3,AGAP001015__SITE02;AGAP001015__SITE03;AGAP001015__SITE05,1,0.989461358313817,1514,1,1,11,1,6,10
AGAP001015,3,AGAP001015__SITE02;AGAP001015__SITE04;AGAP001015__SITE05,1,0.961943793911007,1514,1,1,11,1,7,10
AGAP001015,3,AGAP001015__SITE01;AGAP001015__SITE02;AGAP001015__SITE05,1,0.983021077283372,1522,1,1,11,1,8,10
AGAP001015,3,AGAP001015__SITE01;AGAP001015__SITE03;AGAP001015__SITE05,1,0.978337236533958,1522,1,1,11,1,9,10
AGAP001015,3,AGAP001015__SITE01;AGAP001015__SITE04;AGAP001015__SITE05,1,0.962529274004684,1522,1,1,11,1,10,10
AGAP001099,2,AGAP001099__SITE03;AGAP001099__SITE04,1,0.998400852878465,155,1,1,11,1,1,10
AGAP001099,2,AGAP001099__SITE02;AGAP001099__SITE04,1,0.998400852878465,161,1,1,11,1,2,10
AGAP001099,2,AGAP001099__SITE01;AGAP001099__SITE04,1,0.997334754797441,164,1,1,11,1,3,10
AGAP001099,2,AGAP001099__SITE04;AGAP001099__SITE05,1,0.883262260127932,219,1,1,11,1,4,10
AGAP001099,2,AGAP001099__SITE03;AGAP001099__SITE05,1,0.881663113006397,351,1,1,11,1,5,10
AGAP001099,2,AGAP001099__SITE02;AGAP001099__SITE05,1,0.881663113006397,357,1,1,11,1,6,10
AGAP001099,2,AGAP001099__SITE01;AGAP001099__SITE05,1,0.880597014925373,360,1,1,11,1,7,10
AGAP001099,2,AGAP001099__SITE01;AGAP001099__SITE02,0.998933901918977,0.99680170575693,26,0.998204264870932,1,11,0.998821620612666,8,10
AGAP001099,2,AGAP001099__SITE01;AGAP001099__SITE03,0.998933901918977,0.99680170575693,32,0.998204264870932,1,11,0.998821620612666,9,10
AGAP001099,2,AGAP001099__SITE02;AGAP001099__SITE03,0.998400852878465,0.998400852878465,29,0.996047779381113,1,11,0.997854845541413,10,10
AGAP001099,3,AGAP001099__SITE02;AGAP001099__SITE03;AGAP001099__SITE04,1,0.998400852878465,161,1,1,11,1,1,10
AGAP001099,3,AGAP001099__SITE01;AGAP001099__SITE02;AGAP001099__SITE04,1,0.99680170575693,164,1,1,11,1,2,10
AGAP001099,3,AGAP001099__SITE01;AGAP001099__SITE03;AGAP001099__SITE04,1,0.99680170575693,164,1,1,11,1,3,10
AGAP001099,3,AGAP001099__SITE03;AGAP001099__SITE04;AGAP001099__SITE05,1,0.881663113006397,351,1,1,11,1,4,10
AGAP001099,3,AGAP001099__SITE02;AGAP001099__SITE03;AGAP001099__SITE05,1,0.881663113006397,357,1,1,11,1,5,10
AGAP001099,3,AGAP001099__SITE02;AGAP001099__SITE04;AGAP001099__SITE05,1,0.881663113006397,357,1,1,11,1,6,10
AGAP001099,3,AGAP001099__SITE01;AGAP001099__SITE02;AGAP001099__SITE05,1,0.880063965884861,360,1,1,11,1,7,10
AGAP001099,3,AGAP001099__SITE01;AGAP001099__SITE03;AGAP001099__SITE05,1,0.880063965884861,360,1,1,11,1,8,10
AGAP001099,3,AGAP001099__SITE01;AGAP001099__SITE04;AGAP001099__SITE05,1,0.880597014925373,360,1,1,11,1,9,10
AGAP001099,3,AGAP001099__SITE01;AGAP001099__SITE02;AGAP001099__SITE03,0.998933901918977,0.99680170575693,32,0.998204264870932,1,11,0.998821620612666,10,10
AGAP001108,2,AGAP001108__SITE01;AGAP001108__SITE02,1,0.965351812366738,56,1,1,11,1,1,10
AGAP001108,2,AGAP001108__SITE01;AGAP001108__SITE03,1,0.689232409381663,59,1,1,11,1,2,10
AGAP001108,2,AGAP001108__SITE01;AGAP001108__SITE04,1,0.689232409381663,65,1,1,11,1,3,10
AGAP001108,2,AGAP001108__SITE02;AGAP001108__SITE05,1,0.960554371002132,158,1,1,11,1,4,10
AGAP001108,2,AGAP001108__SITE01;AGAP001108__SITE05,1,0.994136460554371,191,1,1,11,1,5,10
AGAP001108,2,AGAP001108__SITE04;AGAP001108__SITE05,0.994669509594883,0.689765458422175,149,0.987833894500561,1,11,0.993151874107098,6,10
AGAP001108,2,AGAP001108__SITE03;AGAP001108__SITE05,0.994669509594883,0.689765458422175,155,0.987833894500561,1,11,0.993151874107098,7,10
AGAP001108,2,AGAP001108__SITE02;AGAP001108__SITE03,0.967484008528785,0.68816631130064,26,0.935816498316498,0.818181818181818,11,0.943053536430402,8,10
AGAP001108,2,AGAP001108__SITE02;AGAP001108__SITE04,0.967484008528785,0.68816631130064,32,0.935816498316498,0.818181818181818,11,0.943053536430402,9,10
AGAP001108,2,AGAP001108__SITE03;AGAP001108__SITE04,0.689765458422175,0.689765458422175,29,0.609777777777778,0,11,0.596792608386638,10,10
AGAP001108,3,AGAP001108__SITE01;AGAP001108__SITE02;AGAP001108__SITE03,1,0.687633262260128,59,1,1,11,1,1,10
AGAP001108,3,AGAP001108__SITE01;AGAP001108__SITE02;AGAP001108__SITE04,1,0.687633262260128,65,1,1,11,1,2,10
AGAP001108,3,AGAP001108__SITE01;AGAP001108__SITE03;AGAP001108__SITE04,1,0.689232409381663,65,1,1,11,1,3,10
AGAP001108,3,AGAP001108__SITE02;AGAP001108__SITE03;AGAP001108__SITE05,1,0.68816631130064,158,1,1,11,1,4,10
AGAP001108,3,AGAP001108__SITE02;AGAP001108__SITE04;AGAP001108__SITE05,1,0.68816631130064,158,1,1,11,1,5,10
AGAP001108,3,AGAP001108__SITE01;AGAP001108__SITE02;AGAP001108__SITE05,1,0.96002132196162,191,1,1,11,1,6,10
AGAP001108,3,AGAP001108__SITE01;AGAP001108__SITE03;AGAP001108__SITE05,1,0.689232409381663,191,1,1,11,1,7,10
AGAP001108,3,AGAP001108__SITE01;AGAP001108__SITE04;AGAP001108__SITE05,1,0.689232409381663,191,1,1,11,1,8,10
AGAP001108,3,AGAP001108__SITE03;AGAP001108__SITE04;AGAP001108__SITE05,0.994669509594883,0.689765458422175,155,0.987833894500561,1,11,0.993151874107098,9,10
AGAP001108,3,AGAP001108__SITE02;AGAP001108__SITE03;AGAP001108__SITE04,0.967484008528785,0.68816631130064,32,0.935816498316498,0.818181818181818,11,0.943053536430402,10,10
AGAP001135,2,AGAP001135__SITE01;AGAP001135__SITE03,1,0.979211087420043,164,1,1,11,1,1,10
AGAP001135,2,AGAP001135__SITE01;AGAP001135__SITE04,1,0.697228144989339,216,1,1,11,1,2,10
AGAP001135,2,AGAP001135__SITE01;AGAP001135__SITE05,1,0.886460554371002,240,1,1,11,1,3,10
AGAP001135,2,AGAP001135__SITE01;AGAP001135__SITE02,0.999466950959488,0.8363539445629,56,0.999102132435466,1,11,0.999410810306333,4,10
AGAP001135,2,AGAP001135__SITE03;AGAP001135__SITE05,0.999466950959488,0.872601279317697,99,0.996444444444444,1,11,0.998613503909026,5,10
AGAP001135,2,AGAP001135__SITE03;AGAP001135__SITE04,0.998933901918977,0.683901918976546,75,0.994044964697139,1,11,0.997573830560528,6,10
AGAP001135,2,AGAP001135__SITE02;AGAP001135__SITE03,0.998933901918977,0.822494669509595,131,0.994044964697139,1,11,0.997573830560528,7,10
AGAP001135,2,AGAP001135__SITE02;AGAP001135__SITE05,0.996268656716418,0.732409381663113,207,0.992076562728736,1,11,0.995384162848472,8,10
AGAP001135,2,AGAP001135__SITE04;AGAP001135__SITE05,0.949893390191898,0.640191897654584,47,0.884037558685446,0.545454545454545,11,0.889692756266227,9,10
AGAP001135,2,AGAP001135__SITE02;AGAP001135__SITE04,0.873667377398721,0.665778251599147,183,0.707395020438498,0.181818181818182,11,0.7546007507526,10,10
AGAP001135,3,AGAP001135__SITE03;AGAP001135__SITE04;AGAP001135__SITE05,1,0.624200426439233,99,1,1,11,1,1,10
AGAP001135,3,AGAP001135__SITE01;AGAP001135__SITE02;AGAP001135__SITE03,1,0.819829424307036,164,1,1,11,1,2,10
AGAP001135,3,AGAP001135__SITE02;AGAP001135__SITE03;AGAP001135__SITE05,1,0.716417910447761,207,1,1,11,1,3,10
AGAP001135,3,AGAP001135__SITE02;AGAP001135__SITE04;AGAP001135__SITE05,1,0.609275053304904,207,1,1,11,1,4,10
AGAP001135,3,AGAP001135__SITE01;AGAP001135__SITE02;AGAP001135__SITE04,1,0.663113006396588,216,1,1,11,1,5,10
AGAP001135,3,AGAP001135__SITE01;AGAP001135__SITE03;AGAP001135__SITE04,1,0.680703624733476,216,1,1,11,1,6,10
AGAP001135,3,AGAP001135__SITE01;AGAP001135__SITE02;AGAP001135__SITE05,1,0.729744136460554,240,1,1,11,1,7,10
AGAP001135,3,AGAP001135__SITE01;AGAP001135__SITE03;AGAP001135__SITE05,1,0.869402985074627,240,1,1,11,1,8,10
AGAP001135,3,AGAP001135__SITE01;AGAP001135__SITE04;AGAP001135__SITE05,1,0.636993603411514,240,1,1,11,1,9,10
AGAP001135,3,AGAP001135__SITE02;AGAP001135__SITE03;AGAP001135__SITE04,0.998933901918977,0.649253731343284,183,0.994044964697139,1,11,0.997573830560528,10,10
AGAP001526,2,AGAP001526__SITE03;AGAP001526__SITE04,1,0.952025586353944,231,1,1,11,1,1,10
AGAP001526,2,AGAP001526__SITE03;AGAP001526__SITE05,0.999466950959488,0.945628997867804,237,0.997619047619047,1,11,0.998965884861407,2,10
AGAP001526,2,AGAP001526__SITE01;AGAP001526__SITE02,0.998933901918977,0.493070362473348,48,0.998204264870932,1,11,0.998821620612666,3,10
AGAP001526,2,AGAP001526__SITE01;AGAP001526__SITE04,0.999466950959488,0.962686567164179,294,0.995151515151515,1,11,0.998225625121147,4,10
AGAP001526,2,AGAP001526__SITE01;AGAP001526__SITE05,0.999466950959488,0.955756929637527,300,0.995151515151515,1,11,0.998225625121147,5,10
AGAP001526,2,AGAP001526__SITE01;AGAP001526__SITE03,0.999466950959488,0.956289978678038,86,0.993333333333333,1,11,0.997680170575693,6,10
AGAP001526,2,AGAP001526__SITE02;AGAP001526__SITE04,0.99680170575693,0.491471215351812,269,0.99474454691846,1,11,0.996504387529696,7,10
AGAP001526,2,AGAP001526__SITE02;AGAP001526__SITE05,0.993603411513859,0.48773987206823,275,0.985054347826087,1,11,0.991678351256141,8,10
AGAP001526,2,AGAP001526__SITE02;AGAP001526__SITE03,0.989339019189765,0.492537313432836,61,0.967361111111111,1,11,0.983811744847192,9,10
AGAP001526,2,AGAP001526__SITE04;AGAP001526__SITE05,0.982409381663113,0.96908315565032,29,0.907392232180965,0.818181818181818,11,0.943481480470339,10,10
AGAP001526,3,AGAP001526__SITE01;AGAP001526__SITE02;AGAP001526__SITE03,1,0.477078891257996,86,1,1,11,1,1,10
AGAP001526,3,AGAP001526__SITE03;AGAP001526__SITE04;AGAP001526__SITE05,1,0.942430703624733,237,1,1,11,1,2,10
AGAP001526,3,AGAP001526__SITE02;AGAP001526__SITE03;AGAP001526__SITE04,1,0.474946695095949,269,1,1,11,1,3,10
AGAP001526,3,AGAP001526__SITE01;AGAP001526__SITE02;AGAP001526__SITE04,1,0.476012793176972,294,1,1,11,1,4,10
AGAP001526,3,AGAP001526__SITE01;AGAP001526__SITE03;AGAP001526__SITE04,1,0.936034115138593,294,1,1,11,1,5,10
AGAP001526,3,AGAP001526__SITE01;AGAP001526__SITE02;AGAP001526__SITE05,1,0.47228144989339,300,1,1,11,1,6,10
AGAP001526,3,AGAP001526__SITE01;AGAP001526__SITE03;AGAP001526__SITE05,1,0.929637526652452,300,1,1,11,1,7,10
AGAP001526,3,AGAP001526__SITE02;AGAP001526__SITE03;AGAP001526__SITE05,0.999466950959488,0.471215351812367,275,0.997619047619047,1,11,0.998965884861407,8,10
AGAP001526,3,AGAP001526__SITE01;AGAP001526__SITE04;AGAP001526__SITE05,0.999466950959488,0.952558635394456,300,0.995151515151515,1,11,0.998225625121147,9,10
AGAP001526,3,AGAP001526__SITE02;AGAP001526__SITE04;AGAP001526__SITE05,0.997334754797441,0.485074626865672,275,0.995018115942029,1,11,0.996906287661073,10,10
AGAP002004,2,AGAP002004__SITE02;AGAP002004__SITE03,1,0.979744136460554,92,1,1,11,1,1,10
AGAP002004,2,AGAP002004__SITE01;AGAP002004__SITE02,1,0.960554371002132,234,1,1,11,1,2,10
AGAP002004,2,AGAP002004__SITE02;AGAP002004__SITE04,1,0.963219616204691,285,1,1,11,1,3,10
AGAP002004,2,AGAP002004__SITE01;AGAP002004__SITE03,1,0.948827292110874,303,1,1,11,1,4,10
AGAP002004,2,AGAP002004__SITE03;AGAP002004__SITE05,1,0.946162046908315,414,1,1,11,1,5,10
AGAP002004,2,AGAP002004__SITE02;AGAP002004__SITE05,1,0.957889125799574,483,1,1,11,1,6,10
AGAP002004,2,AGAP002004__SITE01;AGAP002004__SITE04,1,0.932302771855011,496,1,1,11,1,7,10
AGAP002004,2,AGAP002004__SITE01;AGAP002004__SITE05,1,0.926972281449893,694,1,1,11,1,8,10
AGAP002004,2,AGAP002004__SITE03;AGAP002004__SITE04,0.999466950959488,0.952025586353944,216,0.995151515151515,1,11,0.998225625121147,9,10
AGAP002004,2,AGAP002004__SITE04;AGAP002004__SITE05,0.996268656716418,0.933368869936034,221,0.992076562728736,1,11,0.995384162848472,10,10
AGAP002004,3,AGAP002004__SITE02;AGAP002004__SITE03;AGAP002004__SITE04,1,0.947761194029851,285,1,1,11,1,1,10
AGAP002004,3,AGAP002004__SITE01;AGAP002004__SITE02;AGAP002004__SITE03,1,0.94456289978678,303,1,1,11,1,2,10
AGAP002004,3,AGAP002004__SITE03;AGAP002004__SITE04;AGAP002004__SITE05,1,0.917910447761194,414,1,1,11,1,3,10
AGAP002004,3,AGAP002004__SITE02;AGAP002004__SITE03;AGAP002004__SITE05,1,0.941897654584222,483,1,1,11,1,4,10
AGAP002004,3,AGAP002004__SITE02;AGAP002004__SITE04;AGAP002004__SITE05,1,0.92910447761194,483,1,1,11,1,5,10
AGAP002004,3,AGAP002004__SITE01;AGAP002004__SITE02;AGAP002004__SITE04,1,0.928038379530917,496,1,1,11,1,6,10
AGAP002004,3,AGAP002004__SITE01;AGAP002004__SITE03;AGAP002004__SITE04,1,0.916844349680171,496,1,1,11,1,7,10
AGAP002004,3,AGAP002004__SITE01;AGAP002004__SITE02;AGAP002004__SITE05,1,0.9227078891258,694,1,1,11,1,8,10
AGAP002004,3,AGAP002004__SITE01;AGAP002004__SITE03;AGAP002004__SITE05,1,0.910980810234541,694,1,1,11,1,9,10
AGAP002004,3,AGAP002004__SITE01;AGAP002004__SITE04;AGAP002004__SITE05,1,0.89818763326226,694,1,1,11,1,10,10
AGAP002171,2,AGAP002171__SITE01;AGAP002171__SITE02,0.993603411513859,0.312366737739872,231,0.980848484848485,1,11,0.990416592362861,1,10
AGAP002171,2,AGAP002171__SITE01;AGAP002171__SITE03,0.993603411513859,0.284648187633262,243,0.980848484848485,1,11,0.990416592362861,2,10
AGAP002171,2,AGAP002171__SITE01;AGAP002171__SITE04,0.993603411513859,0.285181236673774,246,0.980848484848485,1,11,0.990416592362861,3,10
AGAP002171,2,AGAP002171__SITE01;AGAP002171__SITE05,0.993603411513859,0.267057569296375,249,0.980848484848485,1,11,0.990416592362861,4,10
AGAP002171,2,AGAP002171__SITE02;AGAP002171__SITE04,0.346481876332623,0.255330490405117,38,0.176369327073552,0,11,0.26079992392164,5,10
AGAP002171,2,AGAP002171__SITE02;AGAP002171__SITE03,0.345948827292111,0.255330490405117,35,0.176369327073552,0,11,0.260480094497332,6,10
AGAP002171,2,AGAP002171__SITE02;AGAP002171__SITE05,0.345948827292111,0.23773987206823,41,0.176369327073552,0,11,0.260480094497332,7,10
AGAP002171,2,AGAP002171__SITE03;AGAP002171__SITE04,0.287313432835821,0.286780383795309,26,0.159937402190923,0,11,0.22036928035877,8,10
AGAP002171,2,AGAP002171__SITE04;AGAP002171__SITE05,0.287313432835821,0.269189765458422,26,0.159937402190923,0,11,0.22036928035877,9,10
AGAP002171,2,AGAP002171__SITE03;AGAP002171__SITE05,0.287313432835821,0.26865671641791,29,0.159937402190923,0,11,0.22036928035877,10,10
AGAP002171,3,AGAP002171__SITE01;AGAP002171__SITE02;AGAP002171__SITE03,0.993603411513859,0.25319829424307,243,0.980848484848485,1,11,0.990416592362861,1,10
AGAP002171,3,AGAP002171__SITE01;AGAP002171__SITE02;AGAP002171__SITE04,0.993603411513859,0.25319829424307,246,0.980848484848485,1,11,0.990416592362861,2,10
AGAP002171,3,AGAP002171__SITE01;AGAP002171__SITE03;AGAP002171__SITE04,0.993603411513859,0.284648187633262,246,0.980848484848485,1,11,0.990416592362861,3,10
AGAP002171,3,AGAP002171__SITE01;AGAP002171__SITE02;AGAP002171__SITE05,0.993603411513859,0.235607675906183,249,0.980848484848485,1,11,0.990416592362861,4,10
AGAP002171,3,AGAP002171__SITE01;AGAP002171__SITE03;AGAP002171__SITE05,0.993603411513859,0.266524520255864,249,0.980848484848485,1,11,0.990416592362861,5,10
AGAP002171,3,AGAP002171__SITE01;AGAP002171__SITE04;AGAP002171__SITE05,0.993603411513859,0.267057569296375,249,0.980848484848485,1,11,0.990416592362861,6,10
AGAP002171,3,AGAP002171__SITE02;AGAP002171__SITE03;AGAP002171__SITE04,0.346481876332623,0.255330490405117,38,0.176369327073552,0,11,0.26079992392164,7,10
AGAP002171,3,AGAP002171__SITE02;AGAP002171__SITE03;AGAP002171__SITE05,0.346481876332623,0.23773987206823,41,0.176369327073552,0,11,0.26079992392164,8,10
AGAP002171,3,AGAP002171__SITE02;AGAP002171__SITE04;AGAP002171__SITE05,0.346481876332623,0.23773987206823,41,0.176369327073552,0,11,0.26079992392164,9,10
AGAP002171,3,AGAP002171__SITE03;AGAP002171__SITE04;AGAP002171__SITE05,0.287313432835821,0.26865671641791,29,0.159937402190923,0,11,0.22036928035877,10,10
AGAP002300,2,AGAP002300__SITE04;AGAP002300__SITE05,1,0.988805970149254,71,1,1,11,1,1,10
AGAP002300,2,AGAP002300__SITE03;AGAP002300__SITE05,1,0.989872068230277,72,1,1,11,1,2,10
AGAP002300,2,AGAP002300__SITE01;AGAP002300__SITE03,1,0.912046908315565,9690,1,1,11,1,3,10
AGAP002300,2,AGAP002300__SITE01;AGAP002300__SITE04,1,0.910980810234541,9691,1,1,11,1,4,10
AGAP002300,2,AGAP002300__SITE01;AGAP002300__SITE05,1,0.917910447761194,9739,1,1,11,1,5,10
AGAP002300,2,AGAP002300__SITE02;AGAP002300__SITE05,0.998400852878465,0.276119402985075,9695,0.995795562462229,1,11,0.997779180465748,6,10
AGAP002300,2,AGAP002300__SITE02;AGAP002300__SITE03,0.993603411513859,0.275053304904051,9646,0.974426328502416,1,11,0.98848994545904,7,10
AGAP002300,2,AGAP002300__SITE02;AGAP002300__SITE04,0.993070362473348,0.27452025586354,9647,0.974426328502416,1,11,0.988170116034734,8,10
AGAP002300,2,AGAP002300__SITE03;AGAP002300__SITE04,0.992004264392324,0.990938166311301,24,0.974103558549364,1,11,0.987433626200204,9,10
AGAP002300,2,AGAP002300__SITE01;AGAP002300__SITE02,0.941897654584222,0.254797441364606,67,0.880642170497243,0.545454545454545,11,0.883876698445161,10,10
AGAP002300,3,AGAP002300__SITE03;AGAP002300__SITE04;AGAP002300__SITE05,1,0.988805970149254,72,1,1,11,1,1,10
AGAP002300,3,AGAP002300__SITE01;AGAP002300__SITE02;AGAP002300__SITE03,1,0.25319829424307,9690,1,1,11,1,2,10
AGAP002300,3,AGAP002300__SITE01;AGAP002300__SITE02;AGAP002300__SITE04,1,0.252665245202559,9691,1,1,11,1,3,10
AGAP002300,3,AGAP002300__SITE01;AGAP002300__SITE03;AGAP002300__SITE04,1,0.910980810234541,9691,1,1,11,1,4,10
AGAP002300,3,AGAP002300__SITE02;AGAP002300__SITE03;AGAP002300__SITE05,1,0.27452025586354,9695,1,1,11,1,5,10
AGAP002300,3,AGAP002300__SITE02;AGAP002300__SITE04;AGAP002300__SITE05,1,0.273987206823028,9695,1,1,11,1,6,10
AGAP002300,3,AGAP002300__SITE01;AGAP002300__SITE02;AGAP002300__SITE05,1,0.254264392324094,9739,1,1,11,1,7,10
AGAP002300,3,AGAP002300__SITE01;AGAP002300__SITE03;AGAP002300__SITE05,1,0.909914712153518,9739,1,1,11,1,8,10
AGAP002300,3,AGAP002300__SITE01;AGAP002300__SITE04;AGAP002300__SITE05,1,0.908848614072495,9739,1,1,11,1,9,10
AGAP002300,3,AGAP002300__SITE02;AGAP002300__SITE03;AGAP002300__SITE04,0.993603411513859,0.27452025586354,9647,0.974426328502416,1,11,0.98848994545904,10,10
AGAP002475,2,AGAP002475__SITE01;AGAP002475__SITE05,1,0.862473347547974,460,1,1,11,1,1,10
AGAP002475,2,AGAP002475__SITE01;AGAP002475__SITE04,0.999466950959488,0.893923240938166,319,0.997101449275362,1,11,0.998810605358301,2,10
AGAP002475,2,AGAP002475__SITE04;AGAP002475__SITE05,0.997334754797441,0.769189765458422,164,0.989690556357223,1,11,0.995308019785631,3,10
AGAP002475,2,AGAP002475__SITE01;AGAP002475__SITE02,0.995735607675906,0.316631130063966,77,0.98125232255667,1,11,0.991817061372545,4,10
AGAP002475,2,AGAP002475__SITE01;AGAP002475__SITE03,0.995735607675906,0.316631130063966,78,0.98125232255667,1,11,0.991817061372545,5,10
AGAP002475,2,AGAP002475__SITE03;AGAP002475__SITE04,0.931769722814499,0.284648187633262,264,0.868171683389075,0.545454545454545,11,0.874058793250876,6,10
AGAP002475,2,AGAP002475__SITE02;AGAP002475__SITE04,0.931769722814499,0.284648187633262,265,0.868171683389075,0.545454545454545,11,0.874058793250876,7,10
AGAP002475,2,AGAP002475__SITE03;AGAP002475__SITE05,0.897121535181237,0.288379530916844,405,0.695138888888889,0.636363636363636,11,0.810450951411773,8,10
AGAP002475,2,AGAP002475__SITE02;AGAP002475__SITE05,0.897121535181237,0.288379530916844,406,0.695138888888889,0.636363636363636,11,0.810450951411773,9,10
AGAP002475,2,AGAP002475__SITE02;AGAP002475__SITE03,0.317697228144989,0.317697228144989,24,0.0916666666666664,0,11,0.218118336886993,10,10
AGAP002475,3,AGAP002475__SITE01;AGAP002475__SITE02;AGAP002475__SITE05,1,0.287313432835821,460,1,1,11,1,1,10
AGAP002475,3,AGAP002475__SITE01;AGAP002475__SITE03;AGAP002475__SITE05,1,0.287313432835821,460,1,1,11,1,2,10
AGAP002475,3,AGAP002475__SITE01;AGAP002475__SITE04;AGAP002475__SITE05,1,0.764392324093817,460,1,1,11,1,3,10
AGAP002475,3,AGAP002475__SITE03;AGAP002475__SITE04;AGAP002475__SITE05,0.999466950959488,0.257462686567164,405,0.997619047619047,1,11,0.998965884861407,4,10
AGAP002475,3,AGAP002475__SITE02;AGAP002475__SITE04;AGAP002475__SITE05,0.999466950959488,0.257462686567164,406,0.997619047619047,1,11,0.998965884861407,5,10
AGAP002475,3,AGAP002475__SITE01;AGAP002475__SITE02;AGAP002475__SITE04,0.999466950959488,0.283582089552239,319,0.997101449275362,1,11,0.998810605358301,6,10
AGAP002475,3,AGAP002475__SITE01;AGAP002475__SITE03;AGAP002475__SITE04,0.999466950959488,0.283582089552239,319,0.997101449275362,1,11,0.998810605358301,7,10
AGAP002475,3,AGAP002475__SITE01;AGAP002475__SITE02;AGAP002475__SITE03,0.995735607675906,0.316631130063966,78,0.98125232255667,1,11,0.991817061372545,8,10
AGAP002475,3,AGAP002475__SITE02;AGAP002475__SITE03;AGAP002475__SITE04,0.931769722814499,0.284648187633262,265,0.868171683389075,0.545454545454545,11,0.874058793250876,9,10
AGAP002475,3,AGAP002475__SITE02;AGAP002475__SITE03;AGAP002475__SITE05,0.897121535181237,0.288379530916844,406,0.695138888888889,0.636363636363636,11,0.810450951411773,10,10
AGAP003594,2,AGAP003594__SITE02;AGAP003594__SITE03,1,0.963752665245203,51,1,1,11,1,1,10
AGAP003594,2,AGAP003594__SITE02;AGAP003594__SITE04,1,0.963752665245203,51,1,1,11,1,2,10
AGAP003594,2,AGAP003594__SITE01;AGAP003594__SITE02,1,0.971748400852879,69,1,1,11,1,3,10
AGAP003594,2,AGAP003594__SITE03;AGAP003594__SITE05,1,0.909914712153518,126,1,1,11,1,4,10
AGAP003594,2,AGAP003594__SITE04;AGAP003594__SITE05,1,0.909914712153518,126,1,1,11,1,5,10
AGAP003594,2,AGAP003594__SITE01;AGAP003594__SITE05,1,0.917910447761194,200,1,1,11,1,6,10
AGAP003594,2,AGAP003594__SITE01;AGAP003594__SITE03,0.994136460554371,0.982942430703625,97,0.990123456790123,1,11,0.99351891336966,7,10
AGAP003594,2,AGAP003594__SITE01;AGAP003594__SITE04,0.994136460554371,0.982942430703625,97,0.990123456790123,1,11,0.99351891336966,8,10
AGAP003594,2,AGAP003594__SITE03;AGAP003594__SITE04,0.98454157782516,0.98454157782516,23,0.969478114478115,1,11,0.98156838103853,9,10
AGAP003594,2,AGAP003594__SITE02;AGAP003594__SITE05,0.989872068230277,0.914712153518124,154,0.939769526248399,0.818181818181818,11,0.957672280630868,10,10
AGAP003594,3,AGAP003594__SITE02;AGAP003594__SITE03;AGAP003594__SITE04,1,0.963752665245203,51,1,1,11,1,1,10
AGAP003594,3,AGAP003594__SITE01;AGAP003594__SITE02;AGAP003594__SITE03,1,0.962153518123667,97,1,1,11,1,2,10
AGAP003594,3,AGAP003594__SITE01;AGAP003594__SITE02;AGAP003594__SITE04,1,0.962153518123667,97,1,1,11,1,3,10
AGAP003594,3,AGAP003594__SITE03;AGAP003594__SITE04;AGAP003594__SITE05,1,0.909914712153518,126,1,1,11,1,4,10
AGAP003594,3,AGAP003594__SITE02;AGAP003594__SITE03;AGAP003594__SITE05,1,0.899253731343284,154,1,1,11,1,5,10
AGAP003594,3,AGAP003594__SITE02;AGAP003594__SITE04;AGAP003594__SITE05,1,0.899253731343284,154,1,1,11,1,6,10
AGAP003594,3,AGAP003594__SITE01;AGAP003594__SITE02;AGAP003594__SITE05,1,0.90724946695096,200,1,1,11,1,7,10
AGAP003594,3,AGAP003594__SITE01;AGAP003594__SITE03;AGAP003594__SITE05,1,0.908315565031983,200,1,1,11,1,8,10
AGAP003594,3,AGAP003594__SITE01;AGAP003594__SITE04;AGAP003594__SITE05,1,0.908315565031983,200,1,1,11,1,9,10
AGAP003594,3,AGAP003594__SITE01;AGAP003594__SITE03;AGAP003594__SITE04,0.994136460554371,0.982942430703625,97,0.990123456790123,1,11,0.99351891336966,10,10
AGAP003595,2,AGAP003595__SITE03;AGAP003595__SITE04,1,0.947228144989339,78,1,1,11,1,1,10
AGAP003595,2,AGAP003595__SITE04;AGAP003595__SITE05,1,0.986140724946695,211,1,1,11,1,2,10
AGAP003595,2,AGAP003595__SITE01;AGAP003595__SITE04,1,0.978144989339019,227,1,1,11,1,3,10
AGAP003595,2,AGAP003595__SITE03;AGAP003595__SITE05,1,0.947228144989339,266,1,1,11,1,4,10
AGAP003595,2,AGAP003595__SITE02;AGAP003595__SITE04,0.999466950959488,0.931769722814499,226,0.996581196581197,1,11,0.998654529550052,5,10
AGAP003595,2,AGAP003595__SITE02;AGAP003595__SITE05,0.998933901918977,0.932302771855011,414,0.993133020344288,1,11,0.997300247254672,6,10
AGAP003595,2,AGAP003595__SITE01;AGAP003595__SITE05,0.998933901918977,0.979211087420043,415,0.993133020344288,1,11,0.997300247254672,7,10
AGAP003595,2,AGAP003595__SITE02;AGAP003595__SITE03,0.998400852878465,0.893923240938166,171,0.971944444444444,1,11,0.990623845060412,8,10
AGAP003595,2,AGAP003595__SITE01;AGAP003595__SITE03,0.998400852878465,0.940831556503198,172,0.971944444444444,1,11,0.990623845060412,9,10
AGAP003595,2,AGAP003595__SITE01;AGAP003595__SITE02,0.986673773987207,0.936567164179104,24,0.962222222222222,1,11,0.980670931058991,10,10
AGAP003595,3,AGAP003595__SITE02;AGAP003595__SITE03;AGAP003595__SITE04,1,0.887526652452026,226,1,1,11,1,1,10
AGAP003595,3,AGAP003595__SITE01;AGAP003595__SITE02;AGAP003595__SITE04,1,0.930170575692964,227,1,1,11,1,2,10
AGAP003595,3,AGAP003595__SITE01;AGAP003595__SITE03;AGAP003595__SITE04,1,0.933901918976546,227,1,1,11,1,3,10
AGAP003595,3,AGAP003595__SITE03;AGAP003595__SITE04;AGAP003595__SITE05,1,0.940298507462687,266,1,1,11,1,4,10
AGAP003595,3,AGAP003595__SITE02;AGAP003595__SITE03;AGAP003595__SITE05,1,0.888059701492537,414,1,1,11,1,5,10
AGAP003595,3,AGAP003595__SITE02;AGAP003595__SITE04;AGAP003595__SITE05,1,0.92590618336887,414,1,1,11,1,6,10
AGAP003595,3,AGAP003595__SITE01;AGAP003595__SITE03;AGAP003595__SITE05,1,0.934968017057569,415,1,1,11,1,7,10
AGAP003595,3,AGAP003595__SITE01;AGAP003595__SITE04;AGAP003595__SITE05,1,0.97228144989339,415,1,1,11,1,8,10
AGAP003595,3,AGAP003595__SITE01;AGAP003595__SITE02;AGAP003595__SITE05,0.998933901918977,0.930703624733475,415,0.993133020344288,1,11,0.997300247254672,9,10
AGAP003595,3,AGAP003595__SITE01;AGAP003595__SITE02;AGAP003595__SITE03,0.998400852878465,0.892324093816631,172,0.971944444444444,1,11,0.990623845060412,10,10
AGAP003769,2,AGAP003769__SITE01;AGAP003769__SITE02,1,0.952558635394456,34,1,1,11,1,1,10
AGAP003769,2,AGAP003769__SITE01;AGAP003769__SITE04,1,0.880063965884861,126,1,1,11,1,2,10
AGAP003769,2,AGAP003769__SITE01;AGAP003769__SITE05,1,0.944029850746269,142,1,1,11,1,3,10
AGAP003769,2,AGAP003769__SITE02;AGAP003769__SITE03,0.999466950959488,0.968017057569296,64,0.996444444444444,1,11,0.998613503909026,4,10
AGAP003769,2,AGAP003769__SITE03;AGAP003769__SITE04,0.999466950959488,0.895522388059702,74,0.996444444444444,1,11,0.998613503909026,5,10
AGAP003769,2,AGAP003769__SITE03;AGAP003769__SITE05,0.999466950959488,0.959488272921109,90,0.996444444444444,1,11,0.998613503909026,6,10
AGAP003769,2,AGAP003769__SITE02;AGAP003769__SITE04,0.99680170575693,0.889125799573561,115,0.979232323232323,1,11,0.991850720423855,7,10
AGAP003769,2,AGAP003769__SITE04;AGAP003769__SITE05,0.989872068230277,0.887526652452026,39,0.939769526248399,0.818181818181818,11,0.957672280630868,8,10
AGAP003769,2,AGAP003769__SITE01;AGAP003769__SITE03,0.988805970149254,0.972814498933902,75,0.941777777777778,0.818181818181818,11,0.957635097241068,9,10
AGAP003769,2,AGAP003769__SITE02;AGAP003769__SITE05,0.98454157782516,0.965351812366738,131,0.907232323232324,0.818181818181818,11,0.944712825482975,10,10
AGAP003769,3,AGAP003769__SITE01;AGAP003769__SITE02;AGAP003769__SITE03,1,0.952558635394456,75,1,1,11,1,1,10
AGAP003769,3,AGAP003769__SITE01;AGAP003769__SITE02;AGAP003769__SITE04,1,0.862473347547974,126,1,1,11,1,2,10
AGAP003769,3,AGAP003769__SITE01;AGAP003769__SITE03;AGAP003769__SITE04,1,0.880063965884861,126,1,1,11,1,3,10
AGAP003769,3,AGAP003769__SITE01;AGAP003769__SITE02;AGAP003769__SITE05,1,0.938699360341151,142,1,1,11,1,4,10
AGAP003769,3,AGAP003769__SITE01;AGAP003769__SITE03;AGAP003769__SITE05,1,0.944029850746269,142,1,1,11,1,5,10
AGAP003769,3,AGAP003769__SITE01;AGAP003769__SITE04;AGAP003769__SITE05,1,0.860874200426439,142,1,1,11,1,6,10
AGAP003769,3,AGAP003769__SITE03;AGAP003769__SITE04;AGAP003769__SITE05,0.999466950959488,0.876332622601279,90,0.996444444444444,1,11,0.998613503909026,7,10
AGAP003769,3,AGAP003769__SITE02;AGAP003769__SITE03;AGAP003769__SITE04,0.999466950959488,0.877931769722814,115,0.996444444444444,1,11,0.998613503909026,8,10
AGAP003769,3,AGAP003769__SITE02;AGAP003769__SITE03;AGAP003769__SITE05,0.999466950959488,0.954157782515992,131,0.996444444444444,1,11,0.998613503909026,9,10
AGAP003769,3,AGAP003769__SITE02;AGAP003769__SITE04;AGAP003769__SITE05,0.997334754797441,0.88272921108742,131,0.98216816047802,1,11,0.99305130102187,10,10
AGAP004036,2,AGAP004036__SITE04;AGAP004036__SITE05,0.999466950959488,0.892857142857143,83,0.997619047619047,1,11,0.998965884861407,1,10
AGAP004036,2,AGAP004036__SITE03;AGAP004036__SITE05,0.999466950959488,0.893390191897655,84,0.997619047619047,1,11,0.998965884861407,2,10
AGAP004036,2,AGAP004036__SITE02;AGAP004036__SITE03,0.998400852878465,0.335287846481876,46,0.991865130174989,1,11,0.996600050779576,3,10
AGAP004036,2,AGAP004036__SITE01;AGAP004036__SITE03,0.998400852878465,0.760127931769723,125,0.991865130174989,1,11,0.996600050779576,4,10
AGAP004036,2,AGAP004036__SITE01;AGAP004036__SITE04,0.998400852878465,0.759594882729211,126,0.991865130174989,1,11,0.996600050779576,5,10
AGAP004036,2,AGAP004036__SITE02;AGAP004036__SITE04,0.997867803837953,0.335287846481876,47,0.987016645326505,1,11,0.994825675900723,6,10
AGAP004036,2,AGAP004036__SITE01;AGAP004036__SITE05,0.973347547974414,0.70362473347548,186,0.950364758698092,0.909090909090909,11,0.960027047303167,7,10
AGAP004036,2,AGAP004036__SITE02;AGAP004036__SITE05,0.965351812366738,0.286780383795309,107,0.931867283950617,0.909090909090909,11,0.949680363514319,8,10
AGAP004036,2,AGAP004036__SITE03;AGAP004036__SITE04,0.987206823027719,0.986673773987207,24,0.904166666666667,0.818181818181818,11,0.945392275634813,9,10
AGAP004036,2,AGAP004036__SITE01;AGAP004036__SITE02,0.773454157782516,0.344349680170576,102,0.664190821256039,0.181818181818182,11,0.681511559228139,10,10
AGAP004036,3,AGAP004036__SITE03;AGAP004036__SITE04;AGAP004036__SITE05,0.999466950959488,0.892857142857143,84,0.997619047619047,1,11,0.998965884861407,1,10
AGAP004036,3,AGAP004036__SITE02;AGAP004036__SITE03;AGAP004036__SITE05,0.999466950959488,0.275586353944563,107,0.997619047619047,1,11,0.998965884861407,2,10
AGAP004036,3,AGAP004036__SITE02;AGAP004036__SITE04;AGAP004036__SITE05,0.999466950959488,0.275586353944563,107,0.997619047619047,1,11,0.998965884861407,3,10
AGAP004036,3,AGAP004036__SITE01;AGAP004036__SITE03;AGAP004036__SITE05,0.999466950959488,0.692430703624734,186,0.997619047619047,1,11,0.998965884861407,4,10
AGAP004036,3,AGAP004036__SITE01;AGAP004036__SITE04;AGAP004036__SITE05,0.999466950959488,0.691897654584222,186,0.997619047619047,1,11,0.998965884861407,5,10
AGAP004036,3,AGAP004036__SITE02;AGAP004036__SITE03;AGAP004036__SITE04,0.998400852878465,0.335287846481876,47,0.991865130174989,1,11,0.996600050779576,6,10
AGAP004036,3,AGAP004036__SITE01;AGAP004036__SITE02;AGAP004036__SITE03,0.998400852878465,0.333155650319829,125,0.991865130174989,1,11,0.996600050779576,7,10
AGAP004036,3,AGAP004036__SITE01;AGAP004036__SITE02;AGAP004036__SITE04,0.998400852878465,0.333155650319829,126,0.991865130174989,1,11,0.996600050779576,8,10
AGAP004036,3,AGAP004036__SITE01;AGAP004036__SITE03;AGAP004036__SITE04,0.998400852878465,0.759594882729211,126,0.991865130174989,1,11,0.996600050779576,9,10
AGAP004036,3,AGAP004036__SITE01;AGAP004036__SITE02;AGAP004036__SITE05,0.973347547974414,0.284648187633262,186,0.950364758698092,0.909090909090909,11,0.960027047303167,10,10
AGAP004038,2,AGAP004038__SITE01;AGAP004038__SITE02,1,0.888059701492537,69,1,1,11,1,1,10
AGAP004038,2,AGAP004038__SITE01;AGAP004038__SITE05,1,0.821428571428571,403,1,1,11,1,2,10
AGAP004038,2,AGAP004038__SITE01;AGAP004038__SITE03,0.994669509594883,0.0106609808102345,229,0.979752016371734,1,11,0.99072731066845,3,10
AGAP004038,2,AGAP004038__SITE02;AGAP004038__SITE05,0.997334754797441,0.722814498933902,357,0.931762065095399,0.909090909090909,11,0.968838563316175,4,10
AGAP004038,2,AGAP004038__SITE02;AGAP004038__SITE03,0.893390191897655,0.0106609808102345,183,0.635042735042735,0.454545454545455,11,0.772001481105959,5,10
AGAP004038,2,AGAP004038__SITE03;AGAP004038__SITE05,0.826759061833689,0.0106609808102345,197,0.635748792270532,0.181818181818182,11,0.704961892963191,6,10
AGAP004038,3,AGAP004038__SITE01;AGAP004038__SITE02;AGAP004038__SITE03,1,0.0106609808102345,229,1,1,11,1,1,10
AGAP004038,3,AGAP004038__SITE01;AGAP004038__SITE02;AGAP004038__SITE05,1,0.717484008528785,403,1,1,11,1,2,10
AGAP004038,3,AGAP004038__SITE01;AGAP004038__SITE03;AGAP004038__SITE05,1,0.0106609808102345,403,1,1,11,1,3,10
AGAP004038,3,AGAP004038__SITE02;AGAP004038__SITE03;AGAP004038__SITE05,0.997334754797441,0.0106609808102345,357,0.931762065095399,0.909090909090909,11,0.968838563316175,4,10
AGAP004050,2,AGAP004050__SITE01;AGAP004050__SITE02,1,1,26,1,1,11,1,1,10
AGAP004050,2,AGAP004050__SITE02;AGAP004050__SITE03,1,0.909914712153518,218,1,1,11,1,2,10
AGAP004050,2,AGAP004050__SITE02;AGAP004050__SITE04,1,0.909914712153518,219,1,1,11,1,3,10
AGAP004050,2,AGAP004050__SITE01;AGAP004050__SITE03,1,0.909914712153518,221,1,1,11,1,4,10
AGAP004050,2,AGAP004050__SITE01;AGAP004050__SITE04,1,0.909914712153518,222,1,1,11,1,5,10
AGAP004050,2,AGAP004050__SITE02;AGAP004050__SITE05,1,0.610341151385928,865,1,1,11,1,6,10
AGAP004050,2,AGAP004050__SITE01;AGAP004050__SITE05,1,0.610341151385928,868,1,1,11,1,7,10
AGAP004050,2,AGAP004050__SITE04;AGAP004050__SITE05,0.982942430703625,0.537313432835821,669,0.943995859213251,0.909090909090909,11,0.963873307095241,8,10
AGAP004050,2,AGAP004050__SITE03;AGAP004050__SITE05,0.982942430703625,0.537313432835821,670,0.943995859213251,0.909090909090909,11,0.963873307095241,9,10
AGAP004050,2,AGAP004050__SITE03;AGAP004050__SITE04,0.909914712153518,0.909914712153518,24,0.801388888888889,0.454545454545455,11,0.831820039413323,10,10
AGAP004050,3,AGAP004050__SITE02;AGAP004050__SITE03;AGAP004050__SITE04,1,0.909914712153518,219,1,1,11,1,1,10
AGAP004050,3,AGAP004050__SITE01;AGAP004050__SITE02;AGAP004050__SITE03,1,0.909914712153518,221,1,1,11,1,2,10
AGAP004050,3,AGAP004050__SITE01;AGAP004050__SITE02;AGAP004050__SITE04,1,0.909914712153518,222,1,1,11,1,3,10
AGAP004050,3,AGAP004050__SITE01;AGAP004050__SITE03;AGAP004050__SITE04,1,0.909914712153518,222,1,1,11,1,4,10
AGAP004050,3,AGAP004050__SITE02;AGAP004050__SITE03;AGAP004050__SITE05,1,0.537313432835821,865,1,1,11,1,5,10
AGAP004050,3,AGAP004050__SITE02;AGAP004050__SITE04;AGAP004050__SITE05,1,0.537313432835821,865,1,1,11,1,6,10
AGAP004050,3,AGAP004050__SITE01;AGAP004050__SITE02;AGAP004050__SITE05,1,0.610341151385928,868,1,1,11,1,7,10
AGAP004050,3,AGAP004050__SITE01;AGAP004050__SITE03;AGAP004050__SITE05,1,0.537313432835821,868,1,1,11,1,8,10
AGAP004050,3,AGAP004050__SITE01;AGAP004050__SITE04;AGAP004050__SITE05,1,0.537313432835821,868,1,1,11,1,9,10
AGAP004050,3,AGAP004050__SITE03;AGAP004050__SITE04;AGAP004050__SITE05,0.982942430703625,0.537313432835821,670,0.943995859213251,0.909090909090909,11,0.963873307095241,10,10
AGAP004057,2,AGAP004057__SITE04;AGAP004057__SITE05,0.995202558635394,0.63592750533049,74,0.97554347826087,1,11,0.989784578659497,1,10
AGAP004057,2,AGAP004057__SITE03;AGAP004057__SITE05,0.995202558635394,0.634861407249467,95,0.97554347826087,1,11,0.989784578659497,2,10
AGAP004057,2,AGAP004057__SITE02;AGAP004057__SITE05,0.985607675906183,0.17910447761194,139,0.944151138716356,0.909090909090909,11,0.965519038067707,3,10
AGAP004057,2,AGAP004057__SITE01;AGAP004057__SITE05,0.985607675906183,0.17910447761194,140,0.944151138716356,0.909090909090909,11,0.965519038067707,4,10
AGAP004057,2,AGAP004057__SITE02;AGAP004057__SITE04,0.649786780383795,0.174840085287846,88,0.430253623188406,0.181818181818182,11,0.537129973368617,5,10
AGAP004057,2,AGAP004057__SITE01;AGAP004057__SITE04,0.649786780383795,0.174840085287846,89,0.430253623188406,0.181818181818182,11,0.537129973368617,6,10
AGAP004057,2,AGAP004057__SITE02;AGAP004057__SITE03,0.64818763326226,0.175373134328358,67,0.430253623188406,0.181818181818182,11,0.536170485095696,7,10
AGAP004057,2,AGAP004057__SITE01;AGAP004057__SITE03,0.64818763326226,0.175373134328358,68,0.430253623188406,0.181818181818182,11,0.536170485095696,8,10
AGAP004057,2,AGAP004057__SITE03;AGAP004057__SITE04,0.647121535181237,0.642857142857143,44,0.430253623188406,0.181818181818182,11,0.535530826247082,9,10
AGAP004057,2,AGAP004057__SITE01;AGAP004057__SITE02,0.17910447761194,0.17910447761194,24,0,0,11,0.107462686567164,10,10
AGAP004057,3,AGAP004057__SITE03;AGAP004057__SITE04;AGAP004057__SITE05,0.995202558635394,0.633262260127932,95,0.97554347826087,1,11,0.989784578659497,1,10
AGAP004057,3,AGAP004057__SITE02;AGAP004057__SITE03;AGAP004057__SITE05,0.995202558635394,0.175373134328358,139,0.97554347826087,1,11,0.989784578659497,2,10
AGAP004057,3,AGAP004057__SITE02;AGAP004057__SITE04;AGAP004057__SITE05,0.995202558635394,0.174840085287846,139,0.97554347826087,1,11,0.989784578659497,3,10
AGAP004057,3,AGAP004057__SITE01;AGAP004057__SITE03;AGAP004057__SITE05,0.995202558635394,0.175373134328358,140,0.97554347826087,1,11,0.989784578659497,4,10
AGAP004057,3,AGAP004057__SITE01;AGAP004057__SITE04;AGAP004057__SITE05,0.995202558635394,0.174840085287846,140,0.97554347826087,1,11,0.989784578659497,5,10
AGAP004057,3,AGAP004057__SITE01;AGAP004057__SITE02;AGAP004057__SITE05,0.985607675906183,0.17910447761194,140,0.944151138716356,0.909090909090909,11,0.965519038067707,6,10
AGAP004057,3,AGAP004057__SITE02;AGAP004057__SITE03;AGAP004057__SITE04,0.650852878464819,0.174840085287846,88,0.430253623188406,0.181818181818182,11,0.537769632217231,7,10
AGAP004057,3,AGAP004057__SITE01;AGAP004057__SITE03;AGAP004057__SITE04,0.650852878464819,0.174840085287846,89,0.430253623188406,0.181818181818182,11,0.537769632217231,8,10
AGAP004057,3,AGAP004057__SITE01;AGAP004057__SITE02;AGAP004057__SITE04,0.649786780383795,0.174840085287846,89,0.430253623188406,0.181818181818182,11,0.537129973368617,9,10
AGAP004057,3,AGAP004057__SITE01;AGAP004057__SITE02;AGAP004057__SITE03,0.64818763326226,0.175373134328358,68,0.430253623188406,0.181818181818182,11,0.536170485095696,10,10
AGAP004078,2,AGAP004078__SITE03;AGAP004078__SITE04,1,0.639658848614073,82,1,1,11,1,1,10
AGAP004078,2,AGAP004078__SITE02;AGAP004078__SITE04,1,0.934434968017058,255,1,1,11,1,2,10
AGAP004078,2,AGAP004078__SITE02;AGAP004078__SITE05,1,0.531982942430704,261,1,1,11,1,3,10
AGAP004078,2,AGAP004078__SITE01;AGAP004078__SITE04,1,0.899253731343284,271,1,1,11,1,4,10
AGAP004078,2,AGAP004078__SITE04;AGAP004078__SITE05,0.988805970149254,0.5863539445629,29,0.938084507042253,0.909090909090909,11,0.965618025111319,5,10
AGAP004078,2,AGAP004078__SITE01;AGAP004078__SITE05,0.967484008528785,0.529317697228145,277,0.856677890011224,0.727272727272727,11,0.910221044847911,6,10
AGAP004078,2,AGAP004078__SITE01;AGAP004078__SITE02,0.945628997867804,0.91044776119403,39,0.651282051282051,0.909090909090909,11,0.853671105014389,7,10
AGAP004078,2,AGAP004078__SITE02;AGAP004078__SITE03,0.945628997867804,0.650852878464819,196,0.651282051282051,0.909090909090909,11,0.853671105014389,8,10
AGAP004078,2,AGAP004078__SITE03;AGAP004078__SITE05,0.923773987206823,0.313432835820896,88,0.807729468599034,0.363636363636364,11,0.83294686926744,9,10
AGAP004078,2,AGAP004078__SITE01;AGAP004078__SITE03,0.931769722814499,0.62953091684435,212,0.612393162393162,0.818181818181818,11,0.82459796422483,10,10
AGAP004078,3,AGAP004078__SITE03;AGAP004078__SITE04;AGAP004078__SITE05,1,0.313432835820896,88,1,1,11,1,1,10
AGAP004078,3,AGAP004078__SITE02;AGAP004078__SITE03;AGAP004078__SITE04,1,0.639658848614073,255,1,1,11,1,2,10
AGAP004078,3,AGAP004078__SITE02;AGAP004078__SITE03;AGAP004078__SITE05,1,0.313432835820896,261,1,1,11,1,3,10
AGAP004078,3,AGAP004078__SITE02;AGAP004078__SITE04;AGAP004078__SITE05,1,0.531982942430704,261,1,1,11,1,4,10
AGAP004078,3,AGAP004078__SITE01;AGAP004078__SITE02;AGAP004078__SITE04,1,0.899253731343284,271,1,1,11,1,5,10
AGAP004078,3,AGAP004078__SITE01;AGAP004078__SITE03;AGAP004078__SITE04,1,0.618336886993603,271,1,1,11,1,6,10
AGAP004078,3,AGAP004078__SITE01;AGAP004078__SITE02;AGAP004078__SITE05,1,0.529317697228145,277,1,1,11,1,7,10
AGAP004078,3,AGAP004078__SITE01;AGAP004078__SITE04;AGAP004078__SITE05,1,0.529317697228145,277,1,1,11,1,8,10
AGAP004078,3,AGAP004078__SITE01;AGAP004078__SITE03;AGAP004078__SITE05,0.986140724946695,0.310767590618337,277,0.93780193236715,0.909090909090909,11,0.963934105587253,9,10
AGAP004078,3,AGAP004078__SITE01;AGAP004078__SITE02;AGAP004078__SITE03,0.945628997867804,0.62953091684435,212,0.651282051282051,0.909090909090909,11,0.853671105014389,10,10
AGAP004239,2,AGAP004239__SITE04;AGAP004239__SITE05,1,0.898720682302772,189,1,1,11,1,1,10
AGAP004239,2,AGAP004239__SITE03;AGAP004239__SITE04,1,0.897121535181237,215,1,1,11,1,2,10
AGAP004239,2,AGAP004239__SITE02;AGAP004239__SITE03,1,0.942963752665245,320,1,1,11,1,3,10
AGAP004239,2,AGAP004239__SITE01;AGAP004239__SITE03,1,0.942963752665245,325,1,1,11,1,4,10
AGAP004239,2,AGAP004239__SITE03;AGAP004239__SITE05,1,0.907782515991471,381,1,1,11,1,5,10
AGAP004239,2,AGAP004239__SITE02;AGAP004239__SITE04,1,0.933901918976546,512,1,1,11,1,6,10
AGAP004239,2,AGAP004239__SITE01;AGAP004239__SITE04,1,0.933901918976546,517,1,1,11,1,7,10
AGAP004239,2,AGAP004239__SITE02;AGAP004239__SITE05,1,0.94456289978678,678,1,1,11,1,8,10
AGAP004239,2,AGAP004239__SITE01;AGAP004239__SITE05,1,0.94456289978678,683,1,1,11,1,9,10
AGAP004239,2,AGAP004239__SITE01;AGAP004239__SITE02,0.989872068230277,0.989872068230277,28,0.932628205128205,0.909090909090909,11,0.964620793385719,10,10
AGAP004239,3,AGAP004239__SITE01;AGAP004239__SITE02;AGAP004239__SITE03,1,0.942963752665245,325,1,1,11,1,1,10
AGAP004239,3,AGAP004239__SITE03;AGAP004239__SITE04;AGAP004239__SITE05,1,0.85181236673774,381,1,1,11,1,2,10
AGAP004239,3,AGAP004239__SITE02;AGAP004239__SITE03;AGAP004239__SITE04,1,0.886993603411514,512,1,1,11,1,3,10
AGAP004239,3,AGAP004239__SITE01;AGAP004239__SITE02;AGAP004239__SITE04,1,0.933901918976546,517,1,1,11,1,4,10
AGAP004239,3,AGAP004239__SITE01;AGAP004239__SITE03;AGAP004239__SITE04,1,0.886993603411514,517,1,1,11,1,5,10
AGAP004239,3,AGAP004239__SITE02;AGAP004239__SITE03;AGAP004239__SITE05,1,0.897654584221748,678,1,1,11,1,6,10
AGAP004239,3,AGAP004239__SITE02;AGAP004239__SITE04;AGAP004239__SITE05,1,0.888592750533049,678,1,1,11,1,7,10
AGAP004239,3,AGAP004239__SITE01;AGAP004239__SITE02;AGAP004239__SITE05,1,0.94456289978678,683,1,1,11,1,8,10
AGAP004239,3,AGAP004239__SITE01;AGAP004239__SITE03;AGAP004239__SITE05,1,0.897654584221748,683,1,1,11,1,9,10
AGAP004239,3,AGAP004239__SITE01;AGAP004239__SITE04;AGAP004239__SITE05,1,0.888592750533049,683,1,1,11,1,10,10
AGAP004467,2,AGAP004467__SITE01;AGAP004467__SITE02,1,0.86727078891258,66,1,1,11,1,1,10
AGAP004467,2,AGAP004467__SITE01;AGAP004467__SITE03,1,0.86727078891258,69,1,1,11,1,2,10
AGAP004467,2,AGAP004467__SITE03;AGAP004467__SITE04,1,0.848081023454158,71,1,1,11,1,3,10
AGAP004467,2,AGAP004467__SITE02;AGAP004467__SITE04,1,0.848081023454158,74,1,1,11,1,4,10
AGAP004467,2,AGAP004467__SITE03;AGAP004467__SITE05,1,0.850746268656716,82,1,1,11,1,5,10
AGAP004467,2,AGAP004467__SITE02;AGAP004467__SITE05,1,0.850746268656716,85,1,1,11,1,6,10
AGAP004467,2,AGAP004467__SITE01;AGAP004467__SITE04,1,0.953091684434968,117,1,1,11,1,7,10
AGAP004467,2,AGAP004467__SITE01;AGAP004467__SITE05,1,0.955756929637527,128,1,1,11,1,8,10
AGAP004467,2,AGAP004467__SITE04;AGAP004467__SITE05,0.969616204690831,0.966950959488273,34,0.830128205128205,0.909090909090909,11,0.921717275262051,9,10
AGAP004467,2,AGAP004467__SITE02;AGAP004467__SITE03,0.881130063965885,0.881130063965885,26,0.777719221197482,0.363636363636364,11,0.798357441102412,10,10
AGAP004467,3,AGAP004467__SITE01;AGAP004467__SITE02;AGAP004467__SITE03,1,0.86727078891258,69,1,1,11,1,1,10
AGAP004467,3,AGAP004467__SITE02;AGAP004467__SITE03;AGAP004467__SITE04,1,0.848081023454158,74,1,1,11,1,2,10
AGAP004467,3,AGAP004467__SITE03;AGAP004467__SITE04;AGAP004467__SITE05,1,0.848081023454158,82,1,1,11,1,3,10
AGAP004467,3,AGAP004467__SITE02;AGAP004467__SITE03;AGAP004467__SITE05,1,0.850746268656716,85,1,1,11,1,4,10
AGAP004467,3,AGAP004467__SITE02;AGAP004467__SITE04;AGAP004467__SITE05,1,0.848081023454158,85,1,1,11,1,5,10
AGAP004467,3,AGAP004467__SITE01;AGAP004467__SITE02;AGAP004467__SITE04,1,0.834221748400853,117,1,1,11,1,6,10
AGAP004467,3,AGAP004467__SITE01;AGAP004467__SITE03;AGAP004467__SITE04,1,0.834221748400853,117,1,1,11,1,7,10
AGAP004467,3,AGAP004467__SITE01;AGAP004467__SITE02;AGAP004467__SITE05,1,0.836886993603412,128,1,1,11,1,8,10
AGAP004467,3,AGAP004467__SITE01;AGAP004467__SITE03;AGAP004467__SITE05,1,0.836886993603412,128,1,1,11,1,9,10
AGAP004467,3,AGAP004467__SITE01;AGAP004467__SITE04;AGAP004467__SITE05,1,0.953091684434968,128,1,1,11,1,10,10
AGAP004502,2,AGAP004502__SITE02;AGAP004502__SITE03,1,0.98454157782516,38,1,1,11,1,1,10
AGAP004502,2,AGAP004502__SITE01;AGAP004502__SITE02,1,0.997334754797441,96,1,1,11,1,2,10
AGAP004502,2,AGAP004502__SITE01;AGAP004502__SITE03,1,0.981876332622601,111,1,1,11,1,3,10
AGAP004502,2,AGAP004502__SITE03;AGAP004502__SITE04,1,0.984008528784648,198,1,1,11,1,4,10
AGAP004502,2,AGAP004502__SITE02;AGAP004502__SITE04,1,0.999466950959488,213,1,1,11,1,5,10
AGAP004502,2,AGAP004502__SITE04;AGAP004502__SITE05,1,0.994136460554371,218,1,1,11,1,6,10
AGAP004502,2,AGAP004502__SITE01;AGAP004502__SITE04,1,0.99680170575693,286,1,1,11,1,7,10
AGAP004502,2,AGAP004502__SITE03;AGAP004502__SITE05,1,0.979211087420043,393,1,1,11,1,8,10
AGAP004502,2,AGAP004502__SITE02;AGAP004502__SITE05,1,0.994669509594883,408,1,1,11,1,9,10
AGAP004502,2,AGAP004502__SITE01;AGAP004502__SITE05,1,0.992004264392324,481,1,1,11,1,10,10
AGAP004502,3,AGAP004502__SITE01;AGAP004502__SITE02;AGAP004502__SITE03,1,0.981876332622601,111,1,1,11,1,1,10
AGAP004502,3,AGAP004502__SITE02;AGAP004502__SITE03;AGAP004502__SITE04,1,0.984008528784648,213,1,1,11,1,2,10
AGAP004502,3,AGAP004502__SITE01;AGAP004502__SITE02;AGAP004502__SITE04,1,0.99680170575693,286,1,1,11,1,3,10
AGAP004502,3,AGAP004502__SITE01;AGAP004502__SITE03;AGAP004502__SITE04,1,0.98134328358209,286,1,1,11,1,4,10
AGAP004502,3,AGAP004502__SITE03;AGAP004502__SITE04;AGAP004502__SITE05,1,0.978678038379531,393,1,1,11,1,5,10
AGAP004502,3,AGAP004502__SITE02;AGAP004502__SITE03;AGAP004502__SITE05,1,0.979211087420043,408,1,1,11,1,6,10
AGAP004502,3,AGAP004502__SITE02;AGAP004502__SITE04;AGAP004502__SITE05,1,0.994136460554371,408,1,1,11,1,7,10
AGAP004502,3,AGAP004502__SITE01;AGAP004502__SITE02;AGAP004502__SITE05,1,0.992004264392324,481,1,1,11,1,8,10
AGAP004502,3,AGAP004502__SITE01;AGAP004502__SITE03;AGAP004502__SITE05,1,0.976545842217484,481,1,1,11,1,9,10
AGAP004502,3,AGAP004502__SITE01;AGAP004502__SITE04;AGAP004502__SITE05,1,0.991471215351812,481,1,1,11,1,10,10
AGAP004521,2,AGAP004521__SITE02;AGAP004521__SITE03,0.996268656716418,0.814498933901919,164,0.992529461279461,1,11,0.995520032413689,1,10
AGAP004521,2,AGAP004521__SITE02;AGAP004521__SITE04,0.996268656716418,0.814498933901919,168,0.992529461279461,1,11,0.995520032413689,2,10
AGAP004521,2,AGAP004521__SITE02;AGAP004521__SITE05,0.996268656716418,0.815565031982942,177,0.992529461279461,1,11,0.995520032413689,3,10
AGAP004521,2,AGAP004521__SITE01;AGAP004521__SITE03,0.993603411513859,0.578891257995736,324,0.986988824078026,1,11,0.992258694131723,4,10
AGAP004521,2,AGAP004521__SITE01;AGAP004521__SITE04,0.993603411513859,0.578891257995736,328,0.986988824078026,1,11,0.992258694131723,5,10
AGAP004521,2,AGAP004521__SITE01;AGAP004521__SITE05,0.993603411513859,0.579957356076759,337,0.986988824078026,1,11,0.992258694131723,6,10
AGAP004521,2,AGAP004521__SITE04;AGAP004521__SITE05,0.982942430703625,0.981876332622601,32,0.964241448299419,1,11,0.979037892912001,7,10
AGAP004521,2,AGAP004521__SITE03;AGAP004521__SITE05,0.982942430703625,0.981876332622601,36,0.964241448299419,1,11,0.979037892912001,8,10
AGAP004521,2,AGAP004521__SITE03;AGAP004521__SITE04,0.981876332622601,0.981876332622601,27,0.962670180061485,1,11,0.977926853592006,9,10
AGAP004521,2,AGAP004521__SITE01;AGAP004521__SITE02,0.91044776119403,0.509061833688699,183,0.680555555555556,0.454545454545455,11,0.79588986883763,10,10
AGAP004521,3,AGAP004521__SITE02;AGAP004521__SITE03;AGAP004521__SITE04,0.996268656716418,0.814498933901919,168,0.992529461279461,1,11,0.995520032413689,1,10
AGAP004521,3,AGAP004521__SITE02;AGAP004521__SITE03;AGAP004521__SITE05,0.996268656716418,0.814498933901919,177,0.992529461279461,1,11,0.995520032413689,2,10
AGAP004521,3,AGAP004521__SITE02;AGAP004521__SITE04;AGAP004521__SITE05,0.996268656716418,0.814498933901919,177,0.992529461279461,1,11,0.995520032413689,3,10
AGAP004521,3,AGAP004521__SITE01;AGAP004521__SITE02;AGAP004521__SITE03,0.996268656716418,0.497334754797441,324,0.992529461279461,1,11,0.995520032413689,4,10
AGAP004521,3,AGAP004521__SITE01;AGAP004521__SITE02;AGAP004521__SITE04,0.996268656716418,0.497334754797441,328,0.992529461279461,1,11,0.995520032413689,5,10
AGAP004521,3,AGAP004521__SITE01;AGAP004521__SITE02;AGAP004521__SITE05,0.996268656716418,0.498400852878465,337,0.992529461279461,1,11,0.995520032413689,6,10
AGAP004521,3,AGAP004521__SITE01;AGAP004521__SITE03;AGAP004521__SITE04,0.993603411513859,0.578891257995736,328,0.986988824078026,1,11,0.992258694131723,7,10
AGAP004521,3,AGAP004521__SITE01;AGAP004521__SITE03;AGAP004521__SITE05,0.993603411513859,0.578891257995736,337,0.986988824078026,1,11,0.992258694131723,8,10
AGAP004521,3,AGAP004521__SITE01;AGAP004521__SITE04;AGAP004521__SITE05,0.993603411513859,0.578891257995736,337,0.986988824078026,1,11,0.992258694131723,9,10
AGAP004521,3,AGAP004521__SITE03;AGAP004521__SITE04;AGAP004521__SITE05,0.982942430703625,0.981876332622601,36,0.964241448299419,1,11,0.979037892912001,10,10
AGAP004685,2,AGAP004685__SITE04;AGAP004685__SITE05,1,0.999466950959488,423,1,1,11,1,1,10
AGAP004699,2,AGAP004699__SITE04;AGAP004699__SITE05,1,1,65,1,1,11,1,1,10
AGAP004699,2,AGAP004699__SITE02;AGAP004699__SITE03,1,0.998933901918977,140,1,1,11,1,2,10
AGAP004699,2,AGAP004699__SITE01;AGAP004699__SITE03,1,0.998933901918977,143,1,1,11,1,3,10
AGAP004699,2,AGAP004699__SITE03;AGAP004699__SITE04,1,1,386,1,1,11,1,4,10
AGAP004699,2,AGAP004699__SITE03;AGAP004699__SITE05,1,1,428,1,1,11,1,5,10
AGAP004699,2,AGAP004699__SITE02;AGAP004699__SITE04,1,0.998933901918977,503,1,1,11,1,6,10
AGAP004699,2,AGAP004699__SITE01;AGAP004699__SITE04,1,0.998933901918977,506,1,1,11,1,7,10
AGAP004699,2,AGAP004699__SITE02;AGAP004699__SITE05,1,0.998933901918977,545,1,1,11,1,8,10
AGAP004699,2,AGAP004699__SITE01;AGAP004699__SITE05,1,0.998933901918977,548,1,1,11,1,9,10
AGAP004699,2,AGAP004699__SITE01;AGAP004699__SITE02,0.998933901918977,0.998933901918977,26,0.993162393162393,1,11,0.997309059100104,10,10
AGAP004699,3,AGAP004699__SITE01;AGAP004699__SITE02;AGAP004699__SITE03,1,0.998933901918977,143,1,1,11,1,1,10
AGAP004699,3,AGAP004699__SITE03;AGAP004699__SITE04;AGAP004699__SITE05,1,1,428,1,1,11,1,2,10
AGAP004699,3,AGAP004699__SITE02;AGAP004699__SITE03;AGAP004699__SITE04,1,0.998933901918977,503,1,1,11,1,3,10
AGAP004699,3,AGAP004699__SITE01;AGAP004699__SITE02;AGAP004699__SITE04,1,0.998933901918977,506,1,1,11,1,4,10
AGAP004699,3,AGAP004699__SITE01;AGAP004699__SITE03;AGAP004699__SITE04,1,0.998933901918977,506,1,1,11,1,5,10
AGAP004699,3,AGAP004699__SITE02;AGAP004699__SITE03;AGAP004699__SITE05,1,0.998933901918977,545,1,1,11,1,6,10
AGAP004699,3,AGAP004699__SITE02;AGAP004699__SITE04;AGAP004699__SITE05,1,0.998933901918977,545,1,1,11,1,7,10
AGAP004699,3,AGAP004699__SITE01;AGAP004699__SITE02;AGAP004699__SITE05,1,0.998933901918977,548,1,1,11,1,8,10
AGAP004699,3,AGAP004699__SITE01;AGAP004699__SITE03;AGAP004699__SITE05,1,0.998933901918977,548,1,1,11,1,9,10
AGAP004699,3,AGAP004699__SITE01;AGAP004699__SITE04;AGAP004699__SITE05,1,0.998933901918977,548,1,1,11,1,10,10
AGAP004729,2,AGAP004729__SITE04;AGAP004729__SITE05,1,1,32,1,1,11,1,1,10
AGAP004729,2,AGAP004729__SITE03;AGAP004729__SITE04,1,1,33,1,1,11,1,2,10
AGAP004729,2,AGAP004729__SITE02;AGAP004729__SITE03,1,0.998933901918977,41,1,1,11,1,3,10
AGAP004729,2,AGAP004729__SITE03;AGAP004729__SITE05,1,1,42,1,1,11,1,4,10
AGAP004729,2,AGAP004729__SITE01;AGAP004729__SITE03,1,0.999466950959488,50,1,1,11,1,5,10
AGAP004729,2,AGAP004729__SITE02;AGAP004729__SITE04,1,0.998933901918977,51,1,1,11,1,6,10
AGAP004729,2,AGAP004729__SITE01;AGAP004729__SITE04,1,0.999466950959488,60,1,1,11,1,7,10
AGAP004729,2,AGAP004729__SITE02;AGAP004729__SITE05,1,0.998933901918977,60,1,1,11,1,8,10
AGAP004729,2,AGAP004729__SITE01;AGAP004729__SITE05,1,0.999466950959488,69,1,1,11,1,9,10
AGAP004729,2,AGAP004729__SITE01;AGAP004729__SITE02,0.999466950959488,0.998933901918977,32,0.988888888888889,1,11,0.996346837242359,10,10
AGAP004729,3,AGAP004729__SITE03;AGAP004729__SITE04;AGAP004729__SITE05,1,1,42,1,1,11,1,1,10
AGAP004729,3,AGAP004729__SITE01;AGAP004729__SITE02;AGAP004729__SITE03,1,0.998933901918977,50,1,1,11,1,2,10
AGAP004729,3,AGAP004729__SITE02;AGAP004729__SITE03;AGAP004729__SITE04,1,0.998933901918977,51,1,1,11,1,3,10
AGAP004729,3,AGAP004729__SITE01;AGAP004729__SITE02;AGAP004729__SITE04,1,0.998933901918977,60,1,1,11,1,4,10
AGAP004729,3,AGAP004729__SITE01;AGAP004729__SITE03;AGAP004729__SITE04,1,0.999466950959488,60,1,1,11,1,5,10
AGAP004729,3,AGAP004729__SITE02;AGAP004729__SITE03;AGAP004729__SITE05,1,0.998933901918977,60,1,1,11,1,6,10
AGAP004729,3,AGAP004729__SITE02;AGAP004729__SITE04;AGAP004729__SITE05,1,0.998933901918977,60,1,1,11,1,7,10
AGAP004729,3,AGAP004729__SITE01;AGAP004729__SITE02;AGAP004729__SITE05,1,0.998933901918977,69,1,1,11,1,8,10
AGAP004729,3,AGAP004729__SITE01;AGAP004729__SITE03;AGAP004729__SITE05,1,0.999466950959488,69,1,1,11,1,9,10
AGAP004729,3,AGAP004729__SITE01;AGAP004729__SITE04;AGAP004729__SITE05,1,0.999466950959488,69,1,1,11,1,10,10
AGAP004739,2,AGAP004739__SITE03;AGAP004739__SITE04,1,0.989872068230277,27,1,1,11,1,1,10
AGAP004739,2,AGAP004739__SITE02;AGAP004739__SITE04,1,0.989872068230277,28,1,1,11,1,2,10
AGAP004739,2,AGAP004739__SITE01;AGAP004739__SITE04,1,0.989872068230277,38,1,1,11,1,3,10
AGAP004739,2,AGAP004739__SITE04;AGAP004739__SITE05,1,0.995735607675906,164,1,1,11,1,4,10
AGAP004739,2,AGAP004739__SITE03;AGAP004739__SITE05,1,0.994136460554371,168,1,1,11,1,5,10
AGAP004739,2,AGAP004739__SITE02;AGAP004739__SITE05,1,0.994136460554371,169,1,1,11,1,6,10
AGAP004739,2,AGAP004739__SITE01;AGAP004739__SITE05,1,0.994136460554371,179,1,1,11,1,7,10
AGAP004739,2,AGAP004739__SITE02;AGAP004739__SITE03,0.994136460554371,0.994136460554371,24,0.965811965811966,0.909090909090909,11,0.977134556985303,8,10
AGAP004739,2,AGAP004739__SITE01;AGAP004739__SITE02,0.994136460554371,0.994136460554371,33,0.965811965811966,0.909090909090909,11,0.977134556985303,9,10
AGAP004739,2,AGAP004739__SITE01;AGAP004739__SITE03,0.994136460554371,0.994136460554371,34,0.965811965811966,0.909090909090909,11,0.977134556985303,10,10
AGAP004739,3,AGAP004739__SITE02;AGAP004739__SITE03;AGAP004739__SITE04,1,0.989872068230277,28,1,1,11,1,1,10
AGAP004739,3,AGAP004739__SITE01;AGAP004739__SITE02;AGAP004739__SITE04,1,0.989872068230277,38,1,1,11,1,2,10
AGAP004739,3,AGAP004739__SITE01;AGAP004739__SITE03;AGAP004739__SITE04,1,0.989872068230277,38,1,1,11,1,3,10
AGAP004739,3,AGAP004739__SITE03;AGAP004739__SITE04;AGAP004739__SITE05,1,0.989872068230277,168,1,1,11,1,4,10
AGAP004739,3,AGAP004739__SITE02;AGAP004739__SITE03;AGAP004739__SITE05,1,0.994136460554371,169,1,1,11,1,5,10
AGAP004739,3,AGAP004739__SITE02;AGAP004739__SITE04;AGAP004739__SITE05,1,0.989872068230277,169,1,1,11,1,6,10
AGAP004739,3,AGAP004739__SITE01;AGAP004739__SITE02;AGAP004739__SITE05,1,0.994136460554371,179,1,1,11,1,7,10
AGAP004739,3,AGAP004739__SITE01;AGAP004739__SITE03;AGAP004739__SITE05,1,0.994136460554371,179,1,1,11,1,8,10
AGAP004739,3,AGAP004739__SITE01;AGAP004739__SITE04;AGAP004739__SITE05,1,0.989872068230277,179,1,1,11,1,9,10
AGAP004739,3,AGAP004739__SITE01;AGAP004739__SITE02;AGAP004739__SITE03,0.994136460554371,0.994136460554371,34,0.965811965811966,0.909090909090909,11,0.977134556985303,10,10
AGAP004825,2,AGAP004825__SITE02;AGAP004825__SITE03,1,0.740405117270789,77,1,1,11,1,1,10
AGAP004825,2,AGAP004825__SITE02;AGAP004825__SITE04,1,0.874733475479744,93,1,1,11,1,2,10
AGAP004825,2,AGAP004825__SITE04;AGAP004825__SITE05,1,0.976012793176972,201,1,1,11,1,3,10
AGAP004825,2,AGAP004825__SITE02;AGAP004825__SITE05,1,0.890191897654584,271,1,1,11,1,4,10
AGAP004825,2,AGAP004825__SITE03;AGAP004825__SITE05,0.998400852878465,0.843283582089552,217,0.987055555555556,1,11,0.995157178393746,5,10
AGAP004825,2,AGAP004825__SITE03;AGAP004825__SITE04,0.995735607675906,0.830490405117271,39,0.987415799142682,1,11,0.993666104348348,6,10
AGAP004825,3,AGAP004825__SITE02;AGAP004825__SITE03;AGAP004825__SITE04,1,0.724946695095949,93,1,1,11,1,1,10
AGAP004825,3,AGAP004825__SITE03;AGAP004825__SITE04;AGAP004825__SITE05,1,0.827825159914712,217,1,1,11,1,2,10
AGAP004825,3,AGAP004825__SITE02;AGAP004825__SITE03;AGAP004825__SITE05,1,0.73773987206823,271,1,1,11,1,3,10
AGAP004825,3,AGAP004825__SITE02;AGAP004825__SITE04;AGAP004825__SITE05,1,0.87046908315565,271,1,1,11,1,4,10
AGAP004852,2,AGAP004852__SITE03;AGAP004852__SITE04,1,0.980810234541578,33,1,1,11,1,1,10
AGAP004852,2,AGAP004852__SITE04;AGAP004852__SITE05,1,0.990405117270789,107,1,1,11,1,2,10
AGAP004852,2,AGAP004852__SITE03;AGAP004852__SITE05,1,0.971215351812367,117,1,1,11,1,3,10
AGAP004852,2,AGAP004852__SITE02;AGAP004852__SITE03,1,0.974946695095949,188,1,1,11,1,4,10
AGAP004852,2,AGAP004852__SITE02;AGAP004852__SITE04,1,0.994136460554371,198,1,1,11,1,5,10
AGAP004852,2,AGAP004852__SITE01;AGAP004852__SITE03,1,0.957889125799574,202,1,1,11,1,6,10
AGAP004852,2,AGAP004852__SITE01;AGAP004852__SITE04,1,0.977078891257996,212,1,1,11,1,7,10
AGAP004852,2,AGAP004852__SITE02;AGAP004852__SITE05,1,0.98454157782516,282,1,1,11,1,8,10
AGAP004852,2,AGAP004852__SITE01;AGAP004852__SITE05,1,0.967484008528785,296,1,1,11,1,9,10
AGAP004852,2,AGAP004852__SITE01;AGAP004852__SITE02,0.999466950959488,0.971748400852879,37,0.999102132435466,1,11,0.999410810306333,10,10
AGAP004852,3,AGAP004852__SITE03;AGAP004852__SITE04;AGAP004852__SITE05,1,0.971215351812367,117,1,1,11,1,1,10
AGAP004852,3,AGAP004852__SITE02;AGAP004852__SITE03;AGAP004852__SITE04,1,0.974946695095949,198,1,1,11,1,2,10
AGAP004852,3,AGAP004852__SITE01;AGAP004852__SITE02;AGAP004852__SITE03,1,0.952558635394456,202,1,1,11,1,3,10
AGAP004852,3,AGAP004852__SITE01;AGAP004852__SITE02;AGAP004852__SITE04,1,0.971748400852879,212,1,1,11,1,4,10
AGAP004852,3,AGAP004852__SITE01;AGAP004852__SITE03;AGAP004852__SITE04,1,0.957889125799574,212,1,1,11,1,5,10
AGAP004852,3,AGAP004852__SITE02;AGAP004852__SITE03;AGAP004852__SITE05,1,0.965351812366738,282,1,1,11,1,6,10
AGAP004852,3,AGAP004852__SITE02;AGAP004852__SITE04;AGAP004852__SITE05,1,0.98454157782516,282,1,1,11,1,7,10
AGAP004852,3,AGAP004852__SITE01;AGAP004852__SITE02;AGAP004852__SITE05,1,0.962153518123667,296,1,1,11,1,8,10
AGAP004852,3,AGAP004852__SITE01;AGAP004852__SITE03;AGAP004852__SITE05,1,0.948294243070363,296,1,1,11,1,9,10
AGAP004852,3,AGAP004852__SITE01;AGAP004852__SITE04;AGAP004852__SITE05,1,0.967484008528785,296,1,1,11,1,10,10
AGAP004957,2,AGAP004957__SITE03;AGAP004957__SITE04,1,0.966950959488273,50,1,1,11,1,1,10
AGAP004957,2,AGAP004957__SITE02;AGAP004957__SITE04,1,0.966950959488273,51,1,1,11,1,2,10
AGAP004957,2,AGAP004957__SITE04;AGAP004957__SITE05,1,0.968550106609808,51,1,1,11,1,3,10
AGAP004957,2,AGAP004957__SITE03;AGAP004957__SITE05,1,0.990938166311301,78,1,1,11,1,4,10
AGAP004957,2,AGAP004957__SITE02;AGAP004957__SITE05,1,0.990938166311301,79,1,1,11,1,5,10
AGAP004957,2,AGAP004957__SITE01;AGAP004957__SITE02,0.999466950959488,0.677505330490405,193,0.996444444444444,1,11,0.998613503909026,6,10
AGAP004957,2,AGAP004957__SITE01;AGAP004957__SITE03,0.999466950959488,0.677505330490405,194,0.996444444444444,1,11,0.998613503909026,7,10
AGAP004957,2,AGAP004957__SITE01;AGAP004957__SITE04,0.999466950959488,0.655117270788913,221,0.995151515151515,1,11,0.998225625121147,8,10
AGAP004957,2,AGAP004957__SITE01;AGAP004957__SITE05,0.998933901918977,0.679637526652452,249,0.992888888888889,1,11,0.997227007818053,9,10
AGAP004957,2,AGAP004957__SITE02;AGAP004957__SITE03,0.994669509594883,0.994669509594883,24,0.965939393939394,1,11,0.986583523938748,10,10
AGAP004957,3,AGAP004957__SITE02;AGAP004957__SITE03;AGAP004957__SITE04,1,0.966950959488273,51,1,1,11,1,1,10
AGAP004957,3,AGAP004957__SITE03;AGAP004957__SITE04;AGAP004957__SITE05,1,0.963219616204691,78,1,1,11,1,2,10
AGAP004957,3,AGAP004957__SITE02;AGAP004957__SITE03;AGAP004957__SITE05,1,0.990938166311301,79,1,1,11,1,3,10
AGAP004957,3,AGAP004957__SITE02;AGAP004957__SITE04;AGAP004957__SITE05,1,0.963219616204691,79,1,1,11,1,4,10
AGAP004957,3,AGAP004957__SITE01;AGAP004957__SITE02;AGAP004957__SITE04,1,0.650319829424307,221,1,1,11,1,5,10
AGAP004957,3,AGAP004957__SITE01;AGAP004957__SITE03;AGAP004957__SITE04,1,0.650319829424307,221,1,1,11,1,6,10
AGAP004957,3,AGAP004957__SITE01;AGAP004957__SITE02;AGAP004957__SITE05,1,0.674840085287847,249,1,1,11,1,7,10
AGAP004957,3,AGAP004957__SITE01;AGAP004957__SITE03;AGAP004957__SITE05,1,0.674840085287847,249,1,1,11,1,8,10
AGAP004957,3,AGAP004957__SITE01;AGAP004957__SITE04;AGAP004957__SITE05,1,0.652452025586354,249,1,1,11,1,9,10
AGAP004957,3,AGAP004957__SITE01;AGAP004957__SITE02;AGAP004957__SITE03,0.999466950959488,0.677505330490405,194,0.996444444444444,1,11,0.998613503909026,10,10
AGAP005062,2,AGAP005062__SITE04;AGAP005062__SITE05,1,0.979211087420043,44,1,1,11,1,1,10
AGAP005062,2,AGAP005062__SITE03;AGAP005062__SITE05,1,0.979211087420043,45,1,1,11,1,2,10
AGAP005062,2,AGAP005062__SITE02;AGAP005062__SITE03,1,0.987206823027719,47,1,1,11,1,3,10
AGAP005062,2,AGAP005062__SITE02;AGAP005062__SITE04,1,0.987206823027719,48,1,1,11,1,4,10
AGAP005062,2,AGAP005062__SITE02;AGAP005062__SITE05,1,0.974946695095949,69,1,1,11,1,5,10
AGAP005062,2,AGAP005062__SITE01;AGAP005062__SITE02,1,0.991471215351812,245,1,1,11,1,6,10
AGAP005062,2,AGAP005062__SITE01;AGAP005062__SITE03,1,0.995735607675906,269,1,1,11,1,7,10
AGAP005062,2,AGAP005062__SITE01;AGAP005062__SITE04,1,0.995735607675906,270,1,1,11,1,8,10
AGAP005062,2,AGAP005062__SITE01;AGAP005062__SITE05,1,0.983475479744136,291,1,1,11,1,9,10
AGAP005062,2,AGAP005062__SITE03;AGAP005062__SITE04,0.995735607675906,0.995735607675906,24,0.989405162738496,1,11,0.994262913427092,10,10
AGAP005062,3,AGAP005062__SITE03;AGAP005062__SITE04;AGAP005062__SITE05,1,0.979211087420043,45,1,1,11,1,1,10
AGAP005062,3,AGAP005062__SITE02;AGAP005062__SITE03;AGAP005062__SITE04,1,0.987206823027719,48,1,1,11,1,2,10
AGAP005062,3,AGAP005062__SITE02;AGAP005062__SITE03;AGAP005062__SITE05,1,0.970682302771855,69,1,1,11,1,3,10
AGAP005062,3,AGAP005062__SITE02;AGAP005062__SITE04;AGAP005062__SITE05,1,0.970682302771855,69,1,1,11,1,4,10
AGAP005062,3,AGAP005062__SITE01;AGAP005062__SITE02;AGAP005062__SITE03,1,0.987206823027719,269,1,1,11,1,5,10
AGAP005062,3,AGAP005062__SITE01;AGAP005062__SITE02;AGAP005062__SITE04,1,0.987206823027719,270,1,1,11,1,6,10
AGAP005062,3,AGAP005062__SITE01;AGAP005062__SITE03;AGAP005062__SITE04,1,0.995735607675906,270,1,1,11,1,7,10
AGAP005062,3,AGAP005062__SITE01;AGAP005062__SITE02;AGAP005062__SITE05,1,0.974946695095949,291,1,1,11,1,8,10
AGAP005062,3,AGAP005062__SITE01;AGAP005062__SITE03;AGAP005062__SITE05,1,0.979211087420043,291,1,1,11,1,9,10
AGAP005062,3,AGAP005062__SITE01;AGAP005062__SITE04;AGAP005062__SITE05,1,0.979211087420043,291,1,1,11,1,10,10
AGAP005127,2,AGAP005127__SITE02;AGAP005127__SITE03,1,0.98773987206823,65,1,1,11,1,1,10
AGAP005127,2,AGAP005127__SITE01;AGAP005127__SITE02,1,0.96908315565032,96,1,1,11,1,2,10
AGAP005127,2,AGAP005127__SITE01;AGAP005127__SITE03,1,0.966417910447761,138,1,1,11,1,3,10
AGAP005127,2,AGAP005127__SITE03;AGAP005127__SITE04,1,0.973880597014925,206,1,1,11,1,4,10
AGAP005127,2,AGAP005127__SITE03;AGAP005127__SITE05,1,0.988272921108742,243,1,1,11,1,5,10
AGAP005127,2,AGAP005127__SITE02;AGAP005127__SITE04,1,0.976545842217484,248,1,1,11,1,6,10
AGAP005127,2,AGAP005127__SITE02;AGAP005127__SITE05,1,0.990938166311301,285,1,1,11,1,7,10
AGAP005127,2,AGAP005127__SITE01;AGAP005127__SITE04,1,0.955223880597015,321,1,1,11,1,8,10
AGAP005127,2,AGAP005127__SITE01;AGAP005127__SITE05,1,0.969616204690831,358,1,1,11,1,9,10
AGAP005127,2,AGAP005127__SITE04;AGAP005127__SITE05,0.999466950959488,0.977611940298507,60,0.999102132435466,1,11,0.999410810306333,10,10
AGAP005127,3,AGAP005127__SITE01;AGAP005127__SITE02;AGAP005127__SITE03,1,0.961620469083156,138,1,1,11,1,1,10
AGAP005127,3,AGAP005127__SITE03;AGAP005127__SITE04;AGAP005127__SITE05,1,0.970149253731343,243,1,1,11,1,2,10
AGAP005127,3,AGAP005127__SITE02;AGAP005127__SITE03;AGAP005127__SITE04,1,0.96908315565032,248,1,1,11,1,3,10
AGAP005127,3,AGAP005127__SITE02;AGAP005127__SITE03;AGAP005127__SITE05,1,0.983475479744136,285,1,1,11,1,4,10
AGAP005127,3,AGAP005127__SITE02;AGAP005127__SITE04;AGAP005127__SITE05,1,0.972814498933902,285,1,1,11,1,5,10
AGAP005127,3,AGAP005127__SITE01;AGAP005127__SITE02;AGAP005127__SITE04,1,0.950426439232409,321,1,1,11,1,6,10
AGAP005127,3,AGAP005127__SITE01;AGAP005127__SITE03;AGAP005127__SITE04,1,0.947761194029851,321,1,1,11,1,7,10
AGAP005127,3,AGAP005127__SITE01;AGAP005127__SITE02;AGAP005127__SITE05,1,0.964818763326226,358,1,1,11,1,8,10
AGAP005127,3,AGAP005127__SITE01;AGAP005127__SITE03;AGAP005127__SITE05,1,0.962153518123667,358,1,1,11,1,9,10
AGAP005127,3,AGAP005127__SITE01;AGAP005127__SITE04;AGAP005127__SITE05,1,0.951492537313433,358,1,1,11,1,10,10
AGAP005130,2,AGAP005130__SITE02;AGAP005130__SITE03,1,0.995202558635394,52,1,1,11,1,1,10
AGAP005130,2,AGAP005130__SITE02;AGAP005130__SITE04,1,0.995735607675906,59,1,1,11,1,2,10
AGAP005130,2,AGAP005130__SITE01;AGAP005130__SITE02,1,0.96002132196162,124,1,1,11,1,3,10
AGAP005130,2,AGAP005130__SITE01;AGAP005130__SITE03,1,0.961620469083156,153,1,1,11,1,4,10
AGAP005130,2,AGAP005130__SITE01;AGAP005130__SITE04,1,0.962153518123667,160,1,1,11,1,5,10
AGAP005130,2,AGAP005130__SITE04;AGAP005130__SITE05,1,0.965884861407249,321,1,1,11,1,6,10
AGAP005130,2,AGAP005130__SITE03;AGAP005130__SITE05,1,0.965351812366738,328,1,1,11,1,7,10
AGAP005130,2,AGAP005130__SITE01;AGAP005130__SITE05,1,0.930170575692964,458,1,1,11,1,8,10
AGAP005130,2,AGAP005130__SITE02;AGAP005130__SITE05,0.999466950959488,0.964285714285714,357,0.999102132435466,1,11,0.999410810306333,9,10
AGAP005130,2,AGAP005130__SITE03;AGAP005130__SITE04,0.998933901918977,0.998400852878465,30,0.995658810325477,1,11,0.998057984249029,10,10
AGAP005130,3,AGAP005130__SITE02;AGAP005130__SITE03;AGAP005130__SITE04,1,0.995202558635394,59,1,1,11,1,1,10
AGAP005130,3,AGAP005130__SITE01;AGAP005130__SITE02;AGAP005130__SITE03,1,0.958422174840085,153,1,1,11,1,2,10
AGAP005130,3,AGAP005130__SITE01;AGAP005130__SITE02;AGAP005130__SITE04,1,0.958955223880597,160,1,1,11,1,3,10
AGAP005130,3,AGAP005130__SITE01;AGAP005130__SITE03;AGAP005130__SITE04,1,0.961620469083156,160,1,1,11,1,4,10
AGAP005130,3,AGAP005130__SITE03;AGAP005130__SITE04;AGAP005130__SITE05,1,0.965351812366738,328,1,1,11,1,5,10
AGAP005130,3,AGAP005130__SITE02;AGAP005130__SITE03;AGAP005130__SITE05,1,0.962686567164179,357,1,1,11,1,6,10
AGAP005130,3,AGAP005130__SITE02;AGAP005130__SITE04;AGAP005130__SITE05,1,0.963219616204691,357,1,1,11,1,7,10
AGAP005130,3,AGAP005130__SITE01;AGAP005130__SITE02;AGAP005130__SITE05,1,0.927505330490405,458,1,1,11,1,8,10
AGAP005130,3,AGAP005130__SITE01;AGAP005130__SITE03;AGAP005130__SITE05,1,0.928571428571429,458,1,1,11,1,9,10
AGAP005130,3,AGAP005130__SITE01;AGAP005130__SITE04;AGAP005130__SITE05,1,0.92910447761194,458,1,1,11,1,10,10
AGAP005321,2,AGAP005321__SITE01;AGAP005321__SITE04,1,0.977611940298507,127,1,1,11,1,1,10
AGAP005321,2,AGAP005321__SITE01;AGAP005321__SITE05,1,0.977611940298507,128,1,1,11,1,2,10
AGAP005321,2,AGAP005321__SITE01;AGAP005321__SITE02,0.999466950959488,0.935501066098081,119,0.997619047619047,1,11,0.998965884861407,3,10
AGAP005321,2,AGAP005321__SITE01;AGAP005321__SITE03,0.999466950959488,0.935501066098081,120,0.997619047619047,1,11,0.998965884861407,4,10
AGAP005321,2,AGAP005321__SITE03;AGAP005321__SITE04,0.99680170575693,0.930703624733475,30,0.985166666666667,1,11,0.993631023454158,5,10
AGAP005321,2,AGAP005321__SITE02;AGAP005321__SITE04,0.99680170575693,0.930703624733475,31,0.985166666666667,1,11,0.993631023454158,6,10
AGAP005321,2,AGAP005321__SITE03;AGAP005321__SITE05,0.99680170575693,0.930703624733475,31,0.985166666666667,1,11,0.993631023454158,7,10
AGAP005321,2,AGAP005321__SITE02;AGAP005321__SITE05,0.99680170575693,0.930703624733475,32,0.985166666666667,1,11,0.993631023454158,8,10
AGAP005321,2,AGAP005321__SITE04;AGAP005321__SITE05,0.985074626865672,0.985074626865672,24,0.94,0.909090909090909,11,0.963953867028494,9,10
AGAP005321,2,AGAP005321__SITE02;AGAP005321__SITE03,0.942430703624733,0.942430703624733,24,0.804861111111111,0.545454545454545,11,0.861462210053628,10,10
AGAP005321,3,AGAP005321__SITE01;AGAP005321__SITE02;AGAP005321__SITE04,1,0.923773987206823,127,1,1,11,1,1,10
AGAP005321,3,AGAP005321__SITE01;AGAP005321__SITE03;AGAP005321__SITE04,1,0.923773987206823,127,1,1,11,1,2,10
AGAP005321,3,AGAP005321__SITE01;AGAP005321__SITE02;AGAP005321__SITE05,1,0.923773987206823,128,1,1,11,1,3,10
AGAP005321,3,AGAP005321__SITE01;AGAP005321__SITE03;AGAP005321__SITE05,1,0.923773987206823,128,1,1,11,1,4,10
AGAP005321,3,AGAP005321__SITE01;AGAP005321__SITE04;AGAP005321__SITE05,1,0.977611940298507,128,1,1,11,1,5,10
AGAP005321,3,AGAP005321__SITE01;AGAP005321__SITE02;AGAP005321__SITE03,0.999466950959488,0.935501066098081,120,0.997619047619047,1,11,0.998965884861407,6,10
AGAP005321,3,AGAP005321__SITE02;AGAP005321__SITE03;AGAP005321__SITE04,0.99680170575693,0.930703624733475,31,0.985166666666667,1,11,0.993631023454158,7,10
AGAP005321,3,AGAP005321__SITE03;AGAP005321__SITE04;AGAP005321__SITE05,0.99680170575693,0.930703624733475,31,0.985166666666667,1,11,0.993631023454158,8,10
AGAP005321,3,AGAP005321__SITE02;AGAP005321__SITE03;AGAP005321__SITE05,0.99680170575693,0.930703624733475,32,0.985166666666667,1,11,0.993631023454158,9,10
AGAP005321,3,AGAP005321__SITE02;AGAP005321__SITE04;AGAP005321__SITE05,0.99680170575693,0.930703624733475,32,0.985166666666667,1,11,0.993631023454158,10,10
AGAP005406,2,AGAP005406__SITE01;AGAP005406__SITE02,1,0.890191897654584,96,1,1,11,1,1,10
AGAP005406,2,AGAP005406__SITE01;AGAP005406__SITE03,1,0.890191897654584,97,1,1,11,1,2,10
AGAP005406,2,AGAP005406__SITE01;AGAP005406__SITE05,0.999466950959488,0.716950959488273,392,0.996444444444444,1,11,0.998613503909026,3,10
AGAP005406,2,AGAP005406__SITE01;AGAP005406__SITE04,0.991471215351812,0.649253731343284,151,0.964174135723432,1,11,0.984134969928117,4,10
AGAP005406,2,AGAP005406__SITE04;AGAP005406__SITE05,0.983475479744136,0.505863539445629,264,0.947710144927536,0.909090909090909,11,0.965307422233833,5,10
AGAP005406,2,AGAP005406__SITE03;AGAP005406__SITE05,0.980277185501066,0.758528784648188,318,0.880341880341881,0.909090909090909,11,0.943177966312295,6,10
AGAP005406,2,AGAP005406__SITE02;AGAP005406__SITE05,0.980277185501066,0.758528784648188,319,0.880341880341881,0.909090909090909,11,0.943177966312295,7,10
AGAP005406,2,AGAP005406__SITE03;AGAP005406__SITE04,0.979744136460554,0.683368869936034,77,0.926786171574904,0.727272727272727,11,0.938609606076076,8,10
AGAP005406,2,AGAP005406__SITE02;AGAP005406__SITE04,0.979744136460554,0.683368869936034,78,0.926786171574904,0.727272727272727,11,0.938609606076076,9,10
AGAP005406,2,AGAP005406__SITE02;AGAP005406__SITE03,0.956289978678038,0.956289978678038,24,0.837917637917638,0.636363636363636,11,0.888785642218478,10,10
AGAP005406,3,AGAP005406__SITE01;AGAP005406__SITE02;AGAP005406__SITE03,1,0.890191897654584,97,1,1,11,1,1,10
AGAP005406,3,AGAP005406__SITE01;AGAP005406__SITE02;AGAP005406__SITE04,1,0.625799573560768,151,1,1,11,1,2,10
AGAP005406,3,AGAP005406__SITE01;AGAP005406__SITE03;AGAP005406__SITE04,1,0.625799573560768,151,1,1,11,1,3,10
AGAP005406,3,AGAP005406__SITE03;AGAP005406__SITE04;AGAP005406__SITE05,1,0.502132196162047,318,1,1,11,1,4,10
AGAP005406,3,AGAP005406__SITE02;AGAP005406__SITE04;AGAP005406__SITE05,1,0.502132196162047,319,1,1,11,1,5,10
AGAP005406,3,AGAP005406__SITE01;AGAP005406__SITE02;AGAP005406__SITE05,1,0.692963752665245,392,1,1,11,1,6,10
AGAP005406,3,AGAP005406__SITE01;AGAP005406__SITE03;AGAP005406__SITE05,1,0.692963752665245,392,1,1,11,1,7,10
AGAP005406,3,AGAP005406__SITE01;AGAP005406__SITE04;AGAP005406__SITE05,0.999466950959488,0.448294243070363,392,0.996444444444444,1,11,0.998613503909026,8,10
AGAP005406,3,AGAP005406__SITE02;AGAP005406__SITE03;AGAP005406__SITE05,0.980277185501066,0.758528784648188,319,0.880341880341881,0.909090909090909,11,0.943177966312295,9,10
AGAP005406,3,AGAP005406__SITE02;AGAP005406__SITE03;AGAP005406__SITE04,0.979744136460554,0.683368869936034,78,0.926786171574904,0.727272727272727,11,0.938609606076076,10,10
AGAP005763,2,AGAP005763__SITE01;AGAP005763__SITE04,0.997334754797441,0.937100213219616,271,0.991285874619208,1,11,0.995786615264227,1,10
AGAP005763,2,AGAP005763__SITE01;AGAP005763__SITE05,0.997334754797441,0.934434968017058,273,0.991285874619208,1,11,0.995786615264227,2,10
AGAP005763,2,AGAP005763__SITE01;AGAP005763__SITE02,0.994136460554371,0.0495735607675906,47,0.983852813852813,1,11,0.991637720488467,3,10
AGAP005763,2,AGAP005763__SITE01;AGAP005763__SITE03,0.994136460554371,0.0495735607675906,50,0.983852813852813,1,11,0.991637720488467,4,10
AGAP005763,2,AGAP005763__SITE04;AGAP005763__SITE05,0.940831556503198,0.937100213219616,25,0.832463768115942,0.545454545454545,11,0.868783518882156,5,10
AGAP005763,2,AGAP005763__SITE03;AGAP005763__SITE04,0.94136460554371,0.0485074626865672,244,0.827615283267457,0.545454545454545,11,0.867648802851918,6,10
AGAP005763,2,AGAP005763__SITE02;AGAP005763__SITE04,0.94136460554371,0.0485074626865672,247,0.827615283267457,0.545454545454545,11,0.867648802851918,7,10
AGAP005763,2,AGAP005763__SITE03;AGAP005763__SITE05,0.938699360341151,0.0485074626865672,246,0.832463768115942,0.454545454545455,11,0.858413292094019,8,10
AGAP005763,2,AGAP005763__SITE02;AGAP005763__SITE05,0.938699360341151,0.0485074626865672,249,0.832463768115942,0.454545454545455,11,0.858413292094019,9,10
AGAP005763,2,AGAP005763__SITE02;AGAP005763__SITE03,0.0495735607675906,0.0495735607675906,26,0.00624999999999998,0,11,0.0316191364605544,10,10
AGAP005763,3,AGAP005763__SITE01;AGAP005763__SITE02;AGAP005763__SITE04,0.997334754797441,0.0485074626865672,271,0.991285874619208,1,11,0.995786615264227,1,10
AGAP005763,3,AGAP005763__SITE01;AGAP005763__SITE03;AGAP005763__SITE04,0.997334754797441,0.0485074626865672,271,0.991285874619208,1,11,0.995786615264227,2,10
AGAP005763,3,AGAP005763__SITE01;AGAP005763__SITE02;AGAP005763__SITE05,0.997334754797441,0.0485074626865672,273,0.991285874619208,1,11,0.995786615264227,3,10
AGAP005763,3,AGAP005763__SITE01;AGAP005763__SITE03;AGAP005763__SITE05,0.997334754797441,0.0485074626865672,273,0.991285874619208,1,11,0.995786615264227,4,10
AGAP005763,3,AGAP005763__SITE01;AGAP005763__SITE04;AGAP005763__SITE05,0.997334754797441,0.933901918976546,273,0.991285874619208,1,11,0.995786615264227,5,10
AGAP005763,3,AGAP005763__SITE01;AGAP005763__SITE02;AGAP005763__SITE03,0.994136460554371,0.0495735607675906,50,0.983852813852813,1,11,0.991637720488467,6,10
AGAP005763,3,AGAP005763__SITE03;AGAP005763__SITE04;AGAP005763__SITE05,0.941897654584222,0.0485074626865672,246,0.832463768115942,0.545454545454545,11,0.86942317773077,7,10
AGAP005763,3,AGAP005763__SITE02;AGAP005763__SITE04;AGAP005763__SITE05,0.941897654584222,0.0485074626865672,249,0.832463768115942,0.545454545454545,11,0.86942317773077,8,10
AGAP005763,3,AGAP005763__SITE02;AGAP005763__SITE03;AGAP005763__SITE04,0.94136460554371,0.0485074626865672,247,0.827615283267457,0.545454545454545,11,0.867648802851918,9,10
AGAP005763,3,AGAP005763__SITE02;AGAP005763__SITE03;AGAP005763__SITE05,0.938699360341151,0.0485074626865672,249,0.832463768115942,0.454545454545455,11,0.858413292094019,10,10
AGAP005871,2,AGAP005871__SITE01;AGAP005871__SITE02,1,0.938699360341151,40,1,1,11,1,1,10
AGAP005871,2,AGAP005871__SITE01;AGAP005871__SITE03,1,0.300639658848614,78,1,1,11,1,2,10
AGAP005871,2,AGAP005871__SITE01;AGAP005871__SITE04,1,0.714818763326226,255,1,1,11,1,3,10
AGAP005871,2,AGAP005871__SITE01;AGAP005871__SITE05,1,0.479744136460554,265,1,1,11,1,4,10
AGAP005871,2,AGAP005871__SITE02;AGAP005871__SITE04,0.945095948827292,0.709488272921109,238,0.738888888888889,0.454545454545455,11,0.834178781417587,5,10
AGAP005871,2,AGAP005871__SITE02;AGAP005871__SITE03,0.939765458422175,0.300639658848614,61,0.738888888888889,0.454545454545455,11,0.830980487174517,6,10
AGAP005871,2,AGAP005871__SITE02;AGAP005871__SITE05,0.939765458422175,0.479744136460554,248,0.738888888888889,0.454545454545455,11,0.830980487174517,7,10
AGAP005871,2,AGAP005871__SITE03;AGAP005871__SITE04,0.718550106609808,0.297974413646055,200,0.566956521739131,0,11,0.601217020487624,8,10
AGAP005871,2,AGAP005871__SITE04;AGAP005871__SITE05,0.715351812366738,0.480277185501066,33,0.566956521739131,0,11,0.599298043941782,9,10
AGAP005871,2,AGAP005871__SITE03;AGAP005871__SITE05,0.484008528784648,0.297441364605544,210,0.144444444444445,0,11,0.333738450604122,10,10
AGAP005871,3,AGAP005871__SITE01;AGAP005871__SITE02;AGAP005871__SITE03,1,0.300106609808102,78,1,1,11,1,1,10
AGAP005871,3,AGAP005871__SITE01;AGAP005871__SITE02;AGAP005871__SITE04,1,0.708955223880597,255,1,1,11,1,2,10
AGAP005871,3,AGAP005871__SITE01;AGAP005871__SITE03;AGAP005871__SITE04,1,0.297441364605544,255,1,1,11,1,3,10
AGAP005871,3,AGAP005871__SITE01;AGAP005871__SITE02;AGAP005871__SITE05,1,0.479211087420043,265,1,1,11,1,4,10
AGAP005871,3,AGAP005871__SITE01;AGAP005871__SITE03;AGAP005871__SITE05,1,0.296908315565032,265,1,1,11,1,5,10
AGAP005871,3,AGAP005871__SITE01;AGAP005871__SITE04;AGAP005871__SITE05,1,0.479744136460554,265,1,1,11,1,6,10
AGAP005871,3,AGAP005871__SITE02;AGAP005871__SITE03;AGAP005871__SITE04,0.945095948827292,0.297441364605544,238,0.738888888888889,0.454545454545455,11,0.834178781417587,7,10
AGAP005871,3,AGAP005871__SITE02;AGAP005871__SITE04;AGAP005871__SITE05,0.945095948827292,0.479744136460554,248,0.738888888888889,0.454545454545455,11,0.834178781417587,8,10
AGAP005871,3,AGAP005871__SITE02;AGAP005871__SITE03;AGAP005871__SITE05,0.939765458422175,0.296908315565032,248,0.738888888888889,0.454545454545455,11,0.830980487174517,9,10
AGAP005871,3,AGAP005871__SITE03;AGAP005871__SITE04;AGAP005871__SITE05,0.718550106609808,0.297441364605544,210,0.566956521739131,0,11,0.601217020487624,10,10
AGAP005874,2,AGAP005874__SITE02;AGAP005874__SITE03,1,0.995735607675906,93,1,1,11,1,1,10
AGAP005874,2,AGAP005874__SITE03;AGAP005874__SITE05,1,0.797974413646056,138,1,1,11,1,2,10
AGAP005874,2,AGAP005874__SITE02;AGAP005874__SITE05,1,0.794776119402985,208,1,1,11,1,3,10
AGAP005874,2,AGAP005874__SITE03;AGAP005874__SITE04,0.999466950959488,0.513859275053305,57,0.997101449275362,1,11,0.998810605358301,4,10
AGAP005874,2,AGAP005874__SITE01;AGAP005874__SITE03,0.999466950959488,0.906183368869936,102,0.997101449275362,1,11,0.998810605358301,5,10
AGAP005874,2,AGAP005874__SITE02;AGAP005874__SITE04,0.99680170575693,0.513326226012793,127,0.984469696969697,1,11,0.993421932545067,6,10
AGAP005874,2,AGAP005874__SITE01;AGAP005874__SITE02,0.996268656716418,0.906183368869936,32,0.984469696969697,1,11,0.99310210312076,7,10
AGAP005874,2,AGAP005874__SITE01;AGAP005874__SITE05,0.979211087420043,0.725479744136461,217,0.893896713615024,0.727272727272727,11,0.928422939263806,8,10
AGAP005874,2,AGAP005874__SITE04;AGAP005874__SITE05,0.920575692963753,0.391791044776119,104,0.819472315124489,0.363636363636364,11,0.834550746679235,9,10
AGAP005874,2,AGAP005874__SITE01;AGAP005874__SITE04,0.906716417910448,0.513326226012793,136,0.713414141414141,0.454545454545455,11,0.803508638625057,10,10
AGAP005874,3,AGAP005874__SITE01;AGAP005874__SITE02;AGAP005874__SITE03,1,0.906183368869936,102,1,1,11,1,1,10
AGAP005874,3,AGAP005874__SITE02;AGAP005874__SITE03;AGAP005874__SITE04,1,0.513326226012793,127,1,1,11,1,2,10
AGAP005874,3,AGAP005874__SITE03;AGAP005874__SITE04;AGAP005874__SITE05,1,0.391791044776119,138,1,1,11,1,3,10
AGAP005874,3,AGAP005874__SITE02;AGAP005874__SITE03;AGAP005874__SITE05,1,0.794243070362473,208,1,1,11,1,4,10
AGAP005874,3,AGAP005874__SITE02;AGAP005874__SITE04;AGAP005874__SITE05,1,0.391257995735608,208,1,1,11,1,5,10
AGAP005874,3,AGAP005874__SITE01;AGAP005874__SITE02;AGAP005874__SITE05,1,0.725479744136461,217,1,1,11,1,6,10
AGAP005874,3,AGAP005874__SITE01;AGAP005874__SITE03;AGAP005874__SITE05,1,0.725479744136461,217,1,1,11,1,7,10
AGAP005874,3,AGAP005874__SITE01;AGAP005874__SITE03;AGAP005874__SITE04,0.999466950959488,0.513326226012793,136,0.997101449275362,1,11,0.998810605358301,8,10
AGAP005874,3,AGAP005874__SITE01;AGAP005874__SITE02;AGAP005874__SITE04,0.99680170575693,0.513326226012793,136,0.984469696969697,1,11,0.993421932545067,9,10
AGAP005874,3,AGAP005874__SITE01;AGAP005874__SITE04;AGAP005874__SITE05,0.979211087420043,0.391257995735608,217,0.893896713615024,0.727272727272727,11,0.928422939263806,10,10
AGAP005917,2,AGAP005917__SITE02;AGAP005917__SITE05,1,0.982942430703625,93,1,1,11,1,1,10
AGAP005917,2,AGAP005917__SITE01;AGAP005917__SITE02,1,0.993070362473348,482,1,1,11,1,2,10
AGAP005917,2,AGAP005917__SITE01;AGAP005917__SITE05,1,0.978144989339019,552,1,1,11,1,3,10
AGAP005917,2,AGAP005917__SITE02;AGAP005917__SITE03,0.998933901918977,0.0207889125799574,60,0.998204264870932,1,11,0.998821620612666,4,10
AGAP005917,2,AGAP005917__SITE02;AGAP005917__SITE04,0.998933901918977,0.0207889125799574,66,0.998204264870932,1,11,0.998821620612666,5,10
AGAP005917,2,AGAP005917__SITE01;AGAP005917__SITE03,0.994136460554371,0.0207889125799574,519,0.976388888888889,1,11,0.989398542999289,6,10
AGAP005917,2,AGAP005917__SITE01;AGAP005917__SITE04,0.994136460554371,0.0207889125799574,525,0.976388888888889,1,11,0.989398542999289,7,10
AGAP005917,2,AGAP005917__SITE04;AGAP005917__SITE05,0.98454157782516,0.0202558635394456,50,0.973515712682379,1,11,0.98277966049981,8,10
AGAP005917,2,AGAP005917__SITE03;AGAP005917__SITE05,0.98454157782516,0.0202558635394456,56,0.973515712682379,1,11,0.98277966049981,9,10
AGAP005917,2,AGAP005917__SITE03;AGAP005917__SITE04,0.0207889125799574,0.0207889125799574,29,0,0,11,0.0124733475479744,10,10
AGAP005917,3,AGAP005917__SITE02;AGAP005917__SITE03;AGAP005917__SITE05,1,0.0202558635394456,93,1,1,11,1,1,10
AGAP005917,3,AGAP005917__SITE02;AGAP005917__SITE04;AGAP005917__SITE05,1,0.0202558635394456,93,1,1,11,1,2,10
AGAP005917,3,AGAP005917__SITE01;AGAP005917__SITE02;AGAP005917__SITE03,1,0.0207889125799574,519,1,1,11,1,3,10
AGAP005917,3,AGAP005917__SITE01;AGAP005917__SITE02;AGAP005917__SITE04,1,0.0207889125799574,525,1,1,11,1,4,10
AGAP005917,3,AGAP005917__SITE01;AGAP005917__SITE02;AGAP005917__SITE05,1,0.977078891257996,552,1,1,11,1,5,10
AGAP005917,3,AGAP005917__SITE01;AGAP005917__SITE03;AGAP005917__SITE05,1,0.0202558635394456,552,1,1,11,1,6,10
AGAP005917,3,AGAP005917__SITE01;AGAP005917__SITE04;AGAP005917__SITE05,1,0.0202558635394456,552,1,1,11,1,7,10
AGAP005917,3,AGAP005917__SITE02;AGAP005917__SITE03;AGAP005917__SITE04,0.998933901918977,0.0207889125799574,66,0.998204264870932,1,11,0.998821620612666,8,10
AGAP005917,3,AGAP005917__SITE01;AGAP005917__SITE03;AGAP005917__SITE04,0.994136460554371,0.0207889125799574,525,0.976388888888889,1,11,0.989398542999289,9,10
AGAP005917,3,AGAP005917__SITE03;AGAP005917__SITE04;AGAP005917__SITE05,0.98454157782516,0.0202558635394456,56,0.973515712682379,1,11,0.98277966049981,10,10
AGAP005920,2,AGAP005920__SITE02;AGAP005920__SITE03,1,0.968550106609808,73,1,1,11,1,1,10
AGAP005920,2,AGAP005920__SITE02;AGAP005920__SITE04,1,0.989872068230277,82,1,1,11,1,2,10
AGAP005920,2,AGAP005920__SITE04;AGAP005920__SITE05,1,0.989872068230277,299,1,1,11,1,3,10
AGAP005920,2,AGAP005920__SITE03;AGAP005920__SITE05,1,0.968550106609808,308,1,1,11,1,4,10
AGAP005920,2,AGAP005920__SITE02;AGAP005920__SITE05,1,0.992537313432836,358,1,1,11,1,5,10
AGAP005920,2,AGAP005920__SITE03;AGAP005920__SITE04,0.997867803837953,0.968017057569296,32,0.988984146424441,1,11,0.995415926230104,6,10
AGAP005920,3,AGAP005920__SITE02;AGAP005920__SITE03;AGAP005920__SITE04,1,0.964285714285714,82,1,1,11,1,1,10
AGAP005920,3,AGAP005920__SITE03;AGAP005920__SITE04;AGAP005920__SITE05,1,0.964285714285714,308,1,1,11,1,2,10
AGAP005920,3,AGAP005920__SITE02;AGAP005920__SITE03;AGAP005920__SITE05,1,0.964818763326226,358,1,1,11,1,3,10
AGAP005920,3,AGAP005920__SITE02;AGAP005920__SITE04;AGAP005920__SITE05,1,0.986140724946695,358,1,1,11,1,4,10
AGAP005958,2,AGAP005958__SITE02;AGAP005958__SITE03,1,0.983475479744136,244,1,1,11,1,1,10
AGAP005958,2,AGAP005958__SITE01;AGAP005958__SITE03,1,0.964818763326226,736,1,1,11,1,2,10
AGAP005958,2,AGAP005958__SITE02;AGAP005958__SITE04,0.999466950959488,0.952025586353944,418,0.997101449275362,1,11,0.998810605358301,3,10
AGAP005958,2,AGAP005958__SITE02;AGAP005958__SITE05,0.999466950959488,0.953091684434968,421,0.997101449275362,1,11,0.998810605358301,4,10
AGAP005958,2,AGAP005958__SITE01;AGAP005958__SITE02,0.999466950959488,0.968017057569296,515,0.996444444444444,1,11,0.998613503909026,5,10
AGAP005958,2,AGAP005958__SITE03;AGAP005958__SITE04,0.998400852878465,0.950426439232409,197,0.992857142857143,1,11,0.996897654584222,6,10
AGAP005958,2,AGAP005958__SITE03;AGAP005958__SITE05,0.998400852878465,0.951492537313433,200,0.992857142857143,1,11,0.996897654584222,7,10
AGAP005958,2,AGAP005958__SITE01;AGAP005958__SITE04,0.997867803837953,0.934968017057569,910,0.992615283267457,1,11,0.996505267283009,8,10
AGAP005958,2,AGAP005958__SITE01;AGAP005958__SITE05,0.997867803837953,0.936034115138593,913,0.992615283267457,1,11,0.996505267283009,9,10
AGAP005958,2,AGAP005958__SITE04;AGAP005958__SITE05,0.959488272921109,0.958422174840085,26,0.880555555555556,0.454545454545455,11,0.885314175873878,10,10
AGAP005958,3,AGAP005958__SITE02;AGAP005958__SITE03;AGAP005958__SITE04,1,0.944029850746269,418,1,1,11,1,1,10
AGAP005958,3,AGAP005958__SITE02;AGAP005958__SITE03;AGAP005958__SITE05,1,0.945095948827292,421,1,1,11,1,2,10
AGAP005958,3,AGAP005958__SITE01;AGAP005958__SITE02;AGAP005958__SITE03,1,0.958422174840085,736,1,1,11,1,3,10
AGAP005958,3,AGAP005958__SITE01;AGAP005958__SITE02;AGAP005958__SITE04,1,0.92910447761194,910,1,1,11,1,4,10
AGAP005958,3,AGAP005958__SITE01;AGAP005958__SITE03;AGAP005958__SITE04,1,0.926972281449893,910,1,1,11,1,5,10
AGAP005958,3,AGAP005958__SITE01;AGAP005958__SITE02;AGAP005958__SITE05,1,0.930170575692964,913,1,1,11,1,6,10
AGAP005958,3,AGAP005958__SITE01;AGAP005958__SITE03;AGAP005958__SITE05,1,0.928038379530917,913,1,1,11,1,7,10
AGAP005958,3,AGAP005958__SITE02;AGAP005958__SITE04;AGAP005958__SITE05,0.999466950959488,0.952025586353944,421,0.997101449275362,1,11,0.998810605358301,8,10
AGAP005958,3,AGAP005958__SITE03;AGAP005958__SITE04;AGAP005958__SITE05,0.998400852878465,0.950426439232409,200,0.992857142857143,1,11,0.996897654584222,9,10
AGAP005958,3,AGAP005958__SITE01;AGAP005958__SITE04;AGAP005958__SITE05,0.997867803837953,0.934968017057569,913,0.992615283267457,1,11,0.996505267283009,10,10
AGAP005959,2,AGAP005959__SITE02;AGAP005959__SITE03,1,0.975479744136461,37,1,1,11,1,1,10
AGAP005959,2,AGAP005959__SITE01;AGAP005959__SITE03,1,0.858742004264392,132,1,1,11,1,2,10
AGAP005959,2,AGAP005959__SITE01;AGAP005959__SITE02,0.998400852878465,0.844349680170576,118,0.992376759043425,1,11,0.996753539440107,3,10
AGAP005959,2,AGAP005959__SITE03;AGAP005959__SITE04,0.995735607675906,0.12046908315565,210,0.989570757880617,1,11,0.994312591969729,4,10
AGAP005959,2,AGAP005959__SITE03;AGAP005959__SITE05,0.995735607675906,0.119936034115139,219,0.989570757880617,1,11,0.994312591969729,5,10
AGAP005959,2,AGAP005959__SITE02;AGAP005959__SITE04,0.98134328358209,0.118869936034115,224,0.935265700483092,0.909090909090909,11,0.960294771203272,6,10
AGAP005959,2,AGAP005959__SITE02;AGAP005959__SITE05,0.98134328358209,0.118336886993603,233,0.935265700483092,0.909090909090909,11,0.960294771203272,7,10
AGAP005959,2,AGAP005959__SITE01;AGAP005959__SITE04,0.938699360341151,0.0447761194029851,319,0.856196581196581,0.363636363636364,11,0.856442226927301,8,10
AGAP005959,2,AGAP005959__SITE01;AGAP005959__SITE05,0.938699360341151,0.0442430703624733,328,0.856196581196581,0.363636363636364,11,0.856442226927301,9,10
AGAP005959,2,AGAP005959__SITE04;AGAP005959__SITE05,0.12046908315565,0.119936034115139,32,0,0,11,0.07228144989339,10,10
AGAP005959,3,AGAP005959__SITE01;AGAP005959__SITE02;AGAP005959__SITE03,1,0.840085287846482,132,1,1,11,1,1,10
AGAP005959,3,AGAP005959__SITE02;AGAP005959__SITE03;AGAP005959__SITE04,1,0.118869936034115,224,1,1,11,1,2,10
AGAP005959,3,AGAP005959__SITE02;AGAP005959__SITE03;AGAP005959__SITE05,1,0.118336886993603,233,1,1,11,1,3,10
AGAP005959,3,AGAP005959__SITE01;AGAP005959__SITE03;AGAP005959__SITE04,1,0.0447761194029851,319,1,1,11,1,4,10
AGAP005959,3,AGAP005959__SITE01;AGAP005959__SITE03;AGAP005959__SITE05,1,0.0442430703624733,328,1,1,11,1,5,10
AGAP005959,3,AGAP005959__SITE01;AGAP005959__SITE02;AGAP005959__SITE04,0.999466950959488,0.0442430703624733,319,0.999102132435466,1,11,0.999410810306333,6,10
AGAP005959,3,AGAP005959__SITE01;AGAP005959__SITE02;AGAP005959__SITE05,0.999466950959488,0.0437100213219616,328,0.999102132435466,1,11,0.999410810306333,7,10
AGAP005959,3,AGAP005959__SITE03;AGAP005959__SITE04;AGAP005959__SITE05,0.995735607675906,0.119936034115139,219,0.989570757880617,1,11,0.994312591969729,8,10
AGAP005959,3,AGAP005959__SITE02;AGAP005959__SITE04;AGAP005959__SITE05,0.98134328358209,0.118336886993603,233,0.935265700483092,0.909090909090909,11,0.960294771203272,9,10
AGAP005959,3,AGAP005959__SITE01;AGAP005959__SITE04;AGAP005959__SITE05,0.938699360341151,0.0442430703624733,328,0.856196581196581,0.363636363636364,11,0.856442226927301,10,10
AGAP006098,2,AGAP006098__SITE03;AGAP006098__SITE04,0.991471215351812,0.92910447761194,135,0.971805555555556,1,11,0.986424395877754,1,10
AGAP006098,2,AGAP006098__SITE03;AGAP006098__SITE05,0.991471215351812,0.930703624733475,140,0.971805555555556,1,11,0.986424395877754,2,10
AGAP006098,2,AGAP006098__SITE02;AGAP006098__SITE03,0.991471215351812,0.96002132196162,189,0.971805555555556,1,11,0.986424395877754,3,10
AGAP006098,2,AGAP006098__SITE01;AGAP006098__SITE03,0.991471215351812,0.958955223880597,195,0.971805555555556,1,11,0.986424395877754,4,10
AGAP006098,2,AGAP006098__SITE01;AGAP006098__SITE02,0.989339019189765,0.985074626865672,29,0.962429951690821,1,11,0.982332397021105,5,10
AGAP006098,2,AGAP006098__SITE02;AGAP006098__SITE04,0.989339019189765,0.955223880597015,301,0.962429951690821,1,11,0.982332397021105,6,10
AGAP006098,2,AGAP006098__SITE02;AGAP006098__SITE05,0.989339019189765,0.95682302771855,306,0.962429951690821,1,11,0.982332397021105,7,10
AGAP006098,2,AGAP006098__SITE01;AGAP006098__SITE04,0.989339019189765,0.954157782515992,307,0.962429951690821,1,11,0.982332397021105,8,10
AGAP006098,2,AGAP006098__SITE01;AGAP006098__SITE05,0.989339019189765,0.955756929637527,312,0.962429951690821,1,11,0.982332397021105,9,10
AGAP006098,2,AGAP006098__SITE04;AGAP006098__SITE05,0.958422174840085,0.95682302771855,28,0.924463223787168,0.727272727272727,11,0.925119544767474,10,10
AGAP006098,3,AGAP006098__SITE03;AGAP006098__SITE04;AGAP006098__SITE05,0.991471215351812,0.92910447761194,140,0.971805555555556,1,11,0.986424395877754,1,10
AGAP006098,3,AGAP006098__SITE01;AGAP006098__SITE02;AGAP006098__SITE03,0.991471215351812,0.957356076759062,195,0.971805555555556,1,11,0.986424395877754,2,10
AGAP006098,3,AGAP006098__SITE02;AGAP006098__SITE03;AGAP006098__SITE04,0.991471215351812,0.927505330490405,301,0.971805555555556,1,11,0.986424395877754,3,10
AGAP006098,3,AGAP006098__SITE02;AGAP006098__SITE03;AGAP006098__SITE05,0.991471215351812,0.92910447761194,306,0.971805555555556,1,11,0.986424395877754,4,10
AGAP006098,3,AGAP006098__SITE01;AGAP006098__SITE03;AGAP006098__SITE04,0.991471215351812,0.926439232409382,307,0.971805555555556,1,11,0.986424395877754,5,10
AGAP006098,3,AGAP006098__SITE01;AGAP006098__SITE03;AGAP006098__SITE05,0.991471215351812,0.928038379530917,312,0.971805555555556,1,11,0.986424395877754,6,10
AGAP006098,3,AGAP006098__SITE02;AGAP006098__SITE04;AGAP006098__SITE05,0.989339019189765,0.955223880597015,306,0.962429951690821,1,11,0.982332397021105,7,10
AGAP006098,3,AGAP006098__SITE01;AGAP006098__SITE02;AGAP006098__SITE04,0.989339019189765,0.952558635394456,307,0.962429951690821,1,11,0.982332397021105,8,10
AGAP006098,3,AGAP006098__SITE01;AGAP006098__SITE02;AGAP006098__SITE05,0.989339019189765,0.954157782515992,312,0.962429951690821,1,11,0.982332397021105,9,10
AGAP006098,3,AGAP006098__SITE01;AGAP006098__SITE04;AGAP006098__SITE05,0.989339019189765,0.954157782515992,312,0.962429951690821,1,11,0.982332397021105,10,10
AGAP006233,2,AGAP006233__SITE04;AGAP006233__SITE05,1,0.686567164179104,117,1,1,11,1,1,10
AGAP006233,2,AGAP006233__SITE03;AGAP006233__SITE05,1,0.963219616204691,176,1,1,11,1,2,10
AGAP006233,2,AGAP006233__SITE01;AGAP006233__SITE05,1,0.962686567164179,179,1,1,11,1,3,10
AGAP006233,2,AGAP006233__SITE02;AGAP006233__SITE05,1,0.962686567164179,179,1,1,11,1,4,10
AGAP006233,2,AGAP006233__SITE03;AGAP006233__SITE04,0.997867803837953,0.666844349680171,82,0.987055555555556,1,11,0.994837348969438,5,10
AGAP006233,2,AGAP006233__SITE01;AGAP006233__SITE04,0.997867803837953,0.666311300639659,85,0.987055555555556,1,11,0.994837348969438,6,10
AGAP006233,2,AGAP006233__SITE02;AGAP006233__SITE04,0.997867803837953,0.666311300639659,85,0.987055555555556,1,11,0.994837348969438,7,10
AGAP006233,2,AGAP006233__SITE01;AGAP006233__SITE03,0.970682302771855,0.970149253731343,26,0.842222222222222,0.818181818181818,11,0.916894230147961,8,10
AGAP006233,2,AGAP006233__SITE02;AGAP006233__SITE03,0.970682302771855,0.970149253731343,26,0.842222222222222,0.818181818181818,11,0.916894230147961,9,10
AGAP006233,2,AGAP006233__SITE01;AGAP006233__SITE02,0.970149253731343,0.970149253731343,23,0.842222222222222,0.818181818181818,11,0.916574400723654,10,10
AGAP006233,3,AGAP006233__SITE03;AGAP006233__SITE04;AGAP006233__SITE05,1,0.659381663113006,176,1,1,11,1,1,10
AGAP006233,3,AGAP006233__SITE01;AGAP006233__SITE02;AGAP006233__SITE05,1,0.962686567164179,179,1,1,11,1,2,10
AGAP006233,3,AGAP006233__SITE01;AGAP006233__SITE03;AGAP006233__SITE05,1,0.962686567164179,179,1,1,11,1,3,10
AGAP006233,3,AGAP006233__SITE01;AGAP006233__SITE04;AGAP006233__SITE05,1,0.658848614072495,179,1,1,11,1,4,10
AGAP006233,3,AGAP006233__SITE02;AGAP006233__SITE03;AGAP006233__SITE05,1,0.962686567164179,179,1,1,11,1,5,10
AGAP006233,3,AGAP006233__SITE02;AGAP006233__SITE04;AGAP006233__SITE05,1,0.658848614072495,179,1,1,11,1,6,10
AGAP006233,3,AGAP006233__SITE01;AGAP006233__SITE02;AGAP006233__SITE04,0.997867803837953,0.666311300639659,85,0.987055555555556,1,11,0.994837348969438,7,10
AGAP006233,3,AGAP006233__SITE01;AGAP006233__SITE03;AGAP006233__SITE04,0.997867803837953,0.666311300639659,85,0.987055555555556,1,11,0.994837348969438,8,10
AGAP006233,3,AGAP006233__SITE02;AGAP006233__SITE03;AGAP006233__SITE04,0.997867803837953,0.666311300639659,85,0.987055555555556,1,11,0.994837348969438,9,10
AGAP006233,3,AGAP006233__SITE01;AGAP006233__SITE02;AGAP006233__SITE03,0.970682302771855,0.970149253731343,26,0.842222222222222,0.818181818181818,11,0.916894230147961,10,10
AGAP006241,2,AGAP006241__SITE01;AGAP006241__SITE02,1,0.975479744136461,46,1,1,11,1,1,10
AGAP006241,2,AGAP006241__SITE03;AGAP006241__SITE04,1,0.942430703624733,47,1,1,11,1,2,10
AGAP006241,2,AGAP006241__SITE04;AGAP006241__SITE05,1,0.982409381663113,66,1,1,11,1,3,10
AGAP006241,2,AGAP006241__SITE03;AGAP006241__SITE05,1,0.935501066098081,90,1,1,11,1,4,10
AGAP006241,2,AGAP006241__SITE02;AGAP006241__SITE03,1,0.94136460554371,97,1,1,11,1,5,10
AGAP006241,2,AGAP006241__SITE01;AGAP006241__SITE03,1,0.929637526652452,120,1,1,11,1,6,10
AGAP006241,2,AGAP006241__SITE02;AGAP006241__SITE04,1,0.988272921108742,121,1,1,11,1,7,10
AGAP006241,2,AGAP006241__SITE01;AGAP006241__SITE04,1,0.976545842217484,144,1,1,11,1,8,10
AGAP006241,2,AGAP006241__SITE01;AGAP006241__SITE05,0.99680170575693,0.972814498933902,187,0.992126984126984,1,11,0.995719118692253,9,10
AGAP006241,2,AGAP006241__SITE02;AGAP006241__SITE05,0.998400852878465,0.982942430703625,164,0.988732394366197,1,11,0.995660230036938,10,10
AGAP006241,3,AGAP006241__SITE03;AGAP006241__SITE04;AGAP006241__SITE05,1,0.930170575692964,90,1,1,11,1,1,10
AGAP006241,3,AGAP006241__SITE01;AGAP006241__SITE02;AGAP006241__SITE03,1,0.923240938166311,120,1,1,11,1,2,10
AGAP006241,3,AGAP006241__SITE02;AGAP006241__SITE03;AGAP006241__SITE04,1,0.936034115138593,121,1,1,11,1,3,10
AGAP006241,3,AGAP006241__SITE01;AGAP006241__SITE02;AGAP006241__SITE04,1,0.970149253731343,144,1,1,11,1,4,10
AGAP006241,3,AGAP006241__SITE01;AGAP006241__SITE03;AGAP006241__SITE04,1,0.924307036247335,144,1,1,11,1,5,10
AGAP006241,3,AGAP006241__SITE02;AGAP006241__SITE03;AGAP006241__SITE05,1,0.930703624733475,164,1,1,11,1,6,10
AGAP006241,3,AGAP006241__SITE02;AGAP006241__SITE04;AGAP006241__SITE05,1,0.977611940298507,164,1,1,11,1,7,10
AGAP006241,3,AGAP006241__SITE01;AGAP006241__SITE02;AGAP006241__SITE05,1,0.968017057569296,187,1,1,11,1,8,10
AGAP006241,3,AGAP006241__SITE01;AGAP006241__SITE03;AGAP006241__SITE05,1,0.920575692963753,187,1,1,11,1,9,10
AGAP006241,3,AGAP006241__SITE01;AGAP006241__SITE04;AGAP006241__SITE05,1,0.967484008528785,187,1,1,11,1,10,10
AGAP006766,2,AGAP006766__SITE01;AGAP006766__SITE03,1,0.978144989339019,60,1,1,11,1,1,10
AGAP006766,2,AGAP006766__SITE04;AGAP006766__SITE05,1,0.906716417910448,182,1,1,11,1,2,10
AGAP006766,2,AGAP006766__SITE03;AGAP006766__SITE05,1,0.909381663113006,187,1,1,11,1,3,10
AGAP006766,2,AGAP006766__SITE02;AGAP006766__SITE03,0.999466950959488,0.751599147121535,51,0.996444444444444,1,11,0.998613503909026,4,10
AGAP006766,2,AGAP006766__SITE01;AGAP006766__SITE04,0.999466950959488,0.976012793176972,65,0.996244131455399,1,11,0.998553410012313,5,10
AGAP006766,2,AGAP006766__SITE02;AGAP006766__SITE04,0.998933901918977,0.749466950959488,56,0.993133020344288,1,11,0.997300247254672,6,10
AGAP006766,2,AGAP006766__SITE01;AGAP006766__SITE05,0.996268656716418,0.922174840085288,224,0.98713768115942,1,11,0.993902498377677,7,10
AGAP006766,2,AGAP006766__SITE01;AGAP006766__SITE02,0.995202558635394,0.764925373134328,32,0.984239130434783,1,11,0.992393274311671,8,10
AGAP006766,2,AGAP006766__SITE03;AGAP006766__SITE04,0.986673773987207,0.979744136460554,28,0.972773386034256,1,11,0.983836280202601,9,10
AGAP006766,2,AGAP006766__SITE02;AGAP006766__SITE05,0.96908315565032,0.72228144989339,215,0.903434343434344,0.727272727272727,11,0.925207469147768,10,10
AGAP006766,3,AGAP006766__SITE01;AGAP006766__SITE02;AGAP006766__SITE03,1,0.75,60,1,1,11,1,1,10
AGAP006766,3,AGAP006766__SITE01;AGAP006766__SITE03;AGAP006766__SITE04,1,0.973880597014925,65,1,1,11,1,2,10
AGAP006766,3,AGAP006766__SITE03;AGAP006766__SITE04;AGAP006766__SITE05,1,0.904584221748401,187,1,1,11,1,3,10
AGAP006766,3,AGAP006766__SITE02;AGAP006766__SITE03;AGAP006766__SITE05,1,0.707356076759062,215,1,1,11,1,4,10
AGAP006766,3,AGAP006766__SITE02;AGAP006766__SITE04;AGAP006766__SITE05,1,0.705223880597015,215,1,1,11,1,5,10
AGAP006766,3,AGAP006766__SITE01;AGAP006766__SITE03;AGAP006766__SITE05,1,0.906716417910448,224,1,1,11,1,6,10
AGAP006766,3,AGAP006766__SITE01;AGAP006766__SITE04;AGAP006766__SITE05,1,0.904584221748401,224,1,1,11,1,7,10
AGAP006766,3,AGAP006766__SITE02;AGAP006766__SITE03;AGAP006766__SITE04,0.999466950959488,0.747334754797441,56,0.996444444444444,1,11,0.998613503909026,8,10
AGAP006766,3,AGAP006766__SITE01;AGAP006766__SITE02;AGAP006766__SITE04,0.999466950959488,0.747867803837953,65,0.996244131455399,1,11,0.998553410012313,9,10
AGAP006766,3,AGAP006766__SITE01;AGAP006766__SITE02;AGAP006766__SITE05,0.996268656716418,0.720682302771855,224,0.98713768115942,1,11,0.993902498377677,10,10
AGAP006935,2,AGAP006935__SITE01;AGAP006935__SITE02,0.585287846481876,0.584221748400853,26,0.0552995169082124,0.181818181818182,11,0.385944381143408,1,10
AGAP006939,2,AGAP006939__SITE02;AGAP006939__SITE03,1,0.918443496801706,218,1,1,11,1,1,10
AGAP006939,2,AGAP006939__SITE01;AGAP006939__SITE03,1,0.915245202558635,234,1,1,11,1,2,10
AGAP006939,2,AGAP006939__SITE04;AGAP006939__SITE05,0.998400852878465,0.867803837953092,53,0.988260869565218,1,11,0.995518772596644,3,10
AGAP006939,2,AGAP006939__SITE03;AGAP006939__SITE04,0.995735607675906,0.965884861407249,87,0.991631593714927,1,11,0.994930842720022,4,10
AGAP006939,2,AGAP006939__SITE02;AGAP006939__SITE05,0.993603411513859,0.829424307036247,312,0.962222222222222,1,11,0.984828713574982,5,10
AGAP006939,2,AGAP006939__SITE01;AGAP006939__SITE05,0.993603411513859,0.826226012793177,328,0.962222222222222,1,11,0.984828713574982,6,10
AGAP006939,2,AGAP006939__SITE02;AGAP006939__SITE04,0.997867803837953,0.921641791044776,282,0.964130434782609,0.909090909090909,11,0.978868903646645,7,10
AGAP006939,2,AGAP006939__SITE01;AGAP006939__SITE04,0.997867803837953,0.918443496801706,298,0.964130434782609,0.909090909090909,11,0.978868903646645,8,10
AGAP006939,2,AGAP006939__SITE03;AGAP006939__SITE05,0.988272921108742,0.876865671641791,117,0.945772946859903,0.909090909090909,11,0.967604727632307,9,10
AGAP006939,2,AGAP006939__SITE01;AGAP006939__SITE02,0.940298507462687,0.932835820895522,39,0.796444444444444,0.363636363636364,11,0.839476074174582,10,10
AGAP006939,3,AGAP006939__SITE03;AGAP006939__SITE04;AGAP006939__SITE05,1,0.86407249466951,117,1,1,11,1,1,10
AGAP006939,3,AGAP006939__SITE01;AGAP006939__SITE02;AGAP006939__SITE03,1,0.913113006396588,234,1,1,11,1,2,10
AGAP006939,3,AGAP006939__SITE02;AGAP006939__SITE03;AGAP006939__SITE04,1,0.906183368869936,282,1,1,11,1,3,10
AGAP006939,3,AGAP006939__SITE01;AGAP006939__SITE03;AGAP006939__SITE04,1,0.902985074626866,298,1,1,11,1,4,10
AGAP006939,3,AGAP006939__SITE02;AGAP006939__SITE03;AGAP006939__SITE05,1,0.821428571428571,312,1,1,11,1,5,10
AGAP006939,3,AGAP006939__SITE02;AGAP006939__SITE04;AGAP006939__SITE05,1,0.814498933901919,312,1,1,11,1,6,10
AGAP006939,3,AGAP006939__SITE01;AGAP006939__SITE03;AGAP006939__SITE05,1,0.818230277185501,328,1,1,11,1,7,10
AGAP006939,3,AGAP006939__SITE01;AGAP006939__SITE04;AGAP006939__SITE05,1,0.811300639658849,328,1,1,11,1,8,10
AGAP006939,3,AGAP006939__SITE01;AGAP006939__SITE02;AGAP006939__SITE05,0.993603411513859,0.82409381663113,328,0.962222222222222,1,11,0.984828713574982,9,10
AGAP006939,3,AGAP006939__SITE01;AGAP006939__SITE02;AGAP006939__SITE04,0.997867803837953,0.916311300639659,298,0.964130434782609,0.909090909090909,11,0.978868903646645,10,10
AGAP006989,2,AGAP006989__SITE01;AGAP006989__SITE04,0.999466950959488,0.901918976545842,644,0.996444444444444,1,11,0.998613503909026,1,10
AGAP006989,2,AGAP006989__SITE02;AGAP006989__SITE04,0.997867803837953,0.876865671641791,641,0.988193236714976,1,11,0.995178653317264,2,10
AGAP006989,2,AGAP006989__SITE01;AGAP006989__SITE05,0.996268656716418,0.442430703624733,922,0.973535353535354,1,11,0.989821800090457,3,10
AGAP006989,2,AGAP006989__SITE01;AGAP006989__SITE02,0.995202558635394,0.968550106609808,26,0.971944444444444,1,11,0.98870486851457,4,10
AGAP006989,2,AGAP006989__SITE01;AGAP006989__SITE03,0.995202558635394,0.377931769722815,581,0.971944444444444,1,11,0.98870486851457,5,10
AGAP006989,2,AGAP006989__SITE02;AGAP006989__SITE05,0.970149253731343,0.441897654584222,919,0.827657004830918,0.818181818181818,11,0.912204835506263,6,10
AGAP006989,2,AGAP006989__SITE02;AGAP006989__SITE03,0.968550106609808,0.377931769722815,578,0.827657004830918,0.818181818181818,11,0.911245347233342,7,10
AGAP006989,2,AGAP006989__SITE03;AGAP006989__SITE04,0.926972281449893,0.357142857142857,86,0.773429951690821,0.454545454545455,11,0.833666899831728,8,10
AGAP006989,2,AGAP006989__SITE04;AGAP006989__SITE05,0.9227078891258,0.426972281449893,301,0.773429951690821,0.454545454545455,11,0.831108264437272,9,10
AGAP006989,2,AGAP006989__SITE03;AGAP006989__SITE05,0.476012793176972,0.345415778251599,364,0.0911111111111111,0.0909090909090909,11,0.322031918330426,10,10
AGAP006989,3,AGAP006989__SITE01;AGAP006989__SITE02;AGAP006989__SITE04,0.999466950959488,0.876865671641791,644,0.996444444444444,1,11,0.998613503909026,1,10
AGAP006989,3,AGAP006989__SITE01;AGAP006989__SITE03;AGAP006989__SITE04,0.999466950959488,0.357142857142857,644,0.996444444444444,1,11,0.998613503909026,2,10
AGAP006989,3,AGAP006989__SITE01;AGAP006989__SITE04;AGAP006989__SITE05,0.999466950959488,0.42590618336887,922,0.996444444444444,1,11,0.998613503909026,3,10
AGAP006989,3,AGAP006989__SITE02;AGAP006989__SITE03;AGAP006989__SITE04,0.997867803837953,0.357142857142857,641,0.988193236714976,1,11,0.995178653317264,4,10
AGAP006989,3,AGAP006989__SITE02;AGAP006989__SITE04;AGAP006989__SITE05,0.997867803837953,0.425373134328358,919,0.988193236714976,1,11,0.995178653317264,5,10
AGAP006989,3,AGAP006989__SITE01;AGAP006989__SITE02;AGAP006989__SITE05,0.996268656716418,0.441897654584222,922,0.973535353535354,1,11,0.989821800090457,6,10
AGAP006989,3,AGAP006989__SITE01;AGAP006989__SITE03;AGAP006989__SITE05,0.996268656716418,0.345415778251599,922,0.973535353535354,1,11,0.989821800090457,7,10
AGAP006989,3,AGAP006989__SITE01;AGAP006989__SITE02;AGAP006989__SITE03,0.995202558635394,0.377931769722815,581,0.971944444444444,1,11,0.98870486851457,8,10
AGAP006989,3,AGAP006989__SITE02;AGAP006989__SITE03;AGAP006989__SITE05,0.970149253731343,0.345415778251599,919,0.827657004830918,0.818181818181818,11,0.912204835506263,9,10
AGAP006989,3,AGAP006989__SITE03;AGAP006989__SITE04;AGAP006989__SITE05,0.927505330490405,0.329424307036247,364,0.773429951690821,0.454545454545455,11,0.833986729256035,10,10
AGAP007031,2,AGAP007031__SITE02;AGAP007031__SITE03,1,0.943496801705757,76,1,1,11,1,1,10
AGAP007031,2,AGAP007031__SITE01;AGAP007031__SITE03,1,0.94456289978678,78,1,1,11,1,2,10
AGAP007031,2,AGAP007031__SITE02;AGAP007031__SITE04,1,0.945095948827292,78,1,1,11,1,3,10
AGAP007031,2,AGAP007031__SITE01;AGAP007031__SITE04,1,0.946162046908315,80,1,1,11,1,4,10
AGAP007031,2,AGAP007031__SITE04;AGAP007031__SITE05,1,0.981876332622601,283,1,1,11,1,5,10
AGAP007031,2,AGAP007031__SITE03;AGAP007031__SITE05,1,0.980277185501066,285,1,1,11,1,6,10
AGAP007031,2,AGAP007031__SITE02;AGAP007031__SITE05,1,0.949360341151386,338,1,1,11,1,7,10
AGAP007031,2,AGAP007031__SITE01;AGAP007031__SITE05,1,0.950426439232409,340,1,1,11,1,8,10
AGAP007031,2,AGAP007031__SITE03;AGAP007031__SITE04,0.989339019189765,0.986673773987207,25,0.846376811594203,0.909090909090909,11,0.938425545901211,9,10
AGAP007031,2,AGAP007031__SITE01;AGAP007031__SITE02,0.957356076759062,0.956289978678038,25,0.754850427350427,0.909090909090909,11,0.891777865169656,10,10
AGAP007031,3,AGAP007031__SITE01;AGAP007031__SITE02;AGAP007031__SITE03,1,0.943496801705757,78,1,1,11,1,1,10
AGAP007031,3,AGAP007031__SITE02;AGAP007031__SITE03;AGAP007031__SITE04,1,0.942963752665245,78,1,1,11,1,2,10
AGAP007031,3,AGAP007031__SITE01;AGAP007031__SITE02;AGAP007031__SITE04,1,0.945095948827292,80,1,1,11,1,3,10
AGAP007031,3,AGAP007031__SITE01;AGAP007031__SITE03;AGAP007031__SITE04,1,0.944029850746269,80,1,1,11,1,4,10
AGAP007031,3,AGAP007031__SITE03;AGAP007031__SITE04;AGAP007031__SITE05,1,0.979744136460554,285,1,1,11,1,5,10
AGAP007031,3,AGAP007031__SITE02;AGAP007031__SITE03;AGAP007031__SITE05,1,0.936567164179104,338,1,1,11,1,6,10
AGAP007031,3,AGAP007031__SITE02;AGAP007031__SITE04;AGAP007031__SITE05,1,0.93816631130064,338,1,1,11,1,7,10
AGAP007031,3,AGAP007031__SITE01;AGAP007031__SITE02;AGAP007031__SITE05,1,0.949360341151386,340,1,1,11,1,8,10
AGAP007031,3,AGAP007031__SITE01;AGAP007031__SITE03;AGAP007031__SITE05,1,0.937633262260128,340,1,1,11,1,9,10
AGAP007031,3,AGAP007031__SITE01;AGAP007031__SITE04;AGAP007031__SITE05,1,0.939232409381663,340,1,1,11,1,10,10
AGAP007063,2,AGAP007063__SITE01;AGAP007063__SITE02,1,0.886993603411514,60,1,1,11,1,1,10
AGAP007063,2,AGAP007063__SITE01;AGAP007063__SITE03,1,0.869402985074627,77,1,1,11,1,2,10
AGAP007063,2,AGAP007063__SITE02;AGAP007063__SITE03,0.989339019189765,0.967484008528785,40,0.951568075117371,0.909090909090909,11,0.969982924958161,3,10
AGAP007063,2,AGAP007063__SITE02;AGAP007063__SITE04,0.987206823027719,0.087953091684435,105,0.951568075117371,0.909090909090909,11,0.968703607260933,4,10
AGAP007063,2,AGAP007063__SITE02;AGAP007063__SITE05,0.987206823027719,0.087953091684435,122,0.951568075117371,0.909090909090909,11,0.968703607260933,5,10
AGAP007063,2,AGAP007063__SITE03;AGAP007063__SITE04,0.969616204690831,0.087953091684435,88,0.921304347826087,0.818181818181818,11,0.939979208980506,6,10
AGAP007063,2,AGAP007063__SITE03;AGAP007063__SITE05,0.969616204690831,0.087953091684435,105,0.921304347826087,0.818181818181818,11,0.939979208980506,7,10
AGAP007063,2,AGAP007063__SITE01;AGAP007063__SITE04,0.902985074626866,0.0847547974413646,142,0.741584541062802,0.363636363636364,11,0.800630043458597,8,10
AGAP007063,2,AGAP007063__SITE01;AGAP007063__SITE05,0.902985074626866,0.0847547974413646,159,0.741584541062802,0.363636363636364,11,0.800630043458597,9,10
AGAP007063,2,AGAP007063__SITE04;AGAP007063__SITE05,0.087953091684435,0.087953091684435,40,0,0,11,0.052771855010661,10,10
AGAP007063,3,AGAP007063__SITE01;AGAP007063__SITE02;AGAP007063__SITE03,1,0.86727078891258,77,1,1,11,1,1,10
AGAP007063,3,AGAP007063__SITE01;AGAP007063__SITE02;AGAP007063__SITE04,1,0.0847547974413646,142,1,1,11,1,2,10
AGAP007063,3,AGAP007063__SITE01;AGAP007063__SITE03;AGAP007063__SITE04,1,0.0847547974413646,142,1,1,11,1,3,10
AGAP007063,3,AGAP007063__SITE01;AGAP007063__SITE02;AGAP007063__SITE05,1,0.0847547974413646,159,1,1,11,1,4,10
AGAP007063,3,AGAP007063__SITE01;AGAP007063__SITE03;AGAP007063__SITE05,1,0.0847547974413646,159,1,1,11,1,5,10
AGAP007063,3,AGAP007063__SITE02;AGAP007063__SITE03;AGAP007063__SITE04,0.989339019189765,0.087953091684435,105,0.951568075117371,0.909090909090909,11,0.969982924958161,6,10
AGAP007063,3,AGAP007063__SITE02;AGAP007063__SITE03;AGAP007063__SITE05,0.989339019189765,0.087953091684435,122,0.951568075117371,0.909090909090909,11,0.969982924958161,7,10
AGAP007063,3,AGAP007063__SITE02;AGAP007063__SITE04;AGAP007063__SITE05,0.987206823027719,0.087953091684435,122,0.951568075117371,0.909090909090909,11,0.968703607260933,8,10
AGAP007063,3,AGAP007063__SITE03;AGAP007063__SITE04;AGAP007063__SITE05,0.969616204690831,0.087953091684435,105,0.921304347826087,0.818181818181818,11,0.939979208980506,9,10
AGAP007063,3,AGAP007063__SITE01;AGAP007063__SITE04;AGAP007063__SITE05,0.902985074626866,0.0847547974413646,159,0.741584541062802,0.363636363636364,11,0.800630043458597,10,10
AGAP007122,2,AGAP007122__SITE03;AGAP007122__SITE04,1,0.986140724946695,151,1,1,11,1,1,10
AGAP007122,2,AGAP007122__SITE02;AGAP007122__SITE04,1,0.986140724946695,158,1,1,11,1,2,10
AGAP007122,2,AGAP007122__SITE04;AGAP007122__SITE05,1,0.993603411513859,218,1,1,11,1,3,10
AGAP007122,2,AGAP007122__SITE03;AGAP007122__SITE05,1,0.988272921108742,346,1,1,11,1,4,10
AGAP007122,2,AGAP007122__SITE02;AGAP007122__SITE05,1,0.988272921108742,353,1,1,11,1,5,10
AGAP007122,2,AGAP007122__SITE01;AGAP007122__SITE04,1,0.986673773987207,604,1,1,11,1,6,10
AGAP007122,2,AGAP007122__SITE01;AGAP007122__SITE05,1,0.988805970149254,799,1,1,11,1,7,10
AGAP007122,2,AGAP007122__SITE01;AGAP007122__SITE02,0.999466950959488,0.981876332622601,469,0.996444444444444,1,11,0.998613503909026,8,10
AGAP007122,2,AGAP007122__SITE01;AGAP007122__SITE03,0.999466950959488,0.981876332622601,476,0.996444444444444,1,11,0.998613503909026,9,10
AGAP007122,2,AGAP007122__SITE02;AGAP007122__SITE03,0.990405117270789,0.990405117270789,30,0.976173913043478,1,11,0.987095244275517,10,10
AGAP007122,3,AGAP007122__SITE02;AGAP007122__SITE03;AGAP007122__SITE04,1,0.986140724946695,158,1,1,11,1,1,10
AGAP007122,3,AGAP007122__SITE03;AGAP007122__SITE04;AGAP007122__SITE05,1,0.984008528784648,346,1,1,11,1,2,10
AGAP007122,3,AGAP007122__SITE02;AGAP007122__SITE03;AGAP007122__SITE05,1,0.988272921108742,353,1,1,11,1,3,10
AGAP007122,3,AGAP007122__SITE02;AGAP007122__SITE04;AGAP007122__SITE05,1,0.984008528784648,353,1,1,11,1,4,10
AGAP007122,3,AGAP007122__SITE01;AGAP007122__SITE02;AGAP007122__SITE04,1,0.977611940298507,604,1,1,11,1,5,10
AGAP007122,3,AGAP007122__SITE01;AGAP007122__SITE03;AGAP007122__SITE04,1,0.977611940298507,604,1,1,11,1,6,10
AGAP007122,3,AGAP007122__SITE01;AGAP007122__SITE02;AGAP007122__SITE05,1,0.979744136460554,799,1,1,11,1,7,10
AGAP007122,3,AGAP007122__SITE01;AGAP007122__SITE03;AGAP007122__SITE05,1,0.979744136460554,799,1,1,11,1,8,10
AGAP007122,3,AGAP007122__SITE01;AGAP007122__SITE04;AGAP007122__SITE05,1,0.98454157782516,799,1,1,11,1,9,10
AGAP007122,3,AGAP007122__SITE01;AGAP007122__SITE02;AGAP007122__SITE03,0.999466950959488,0.981876332622601,476,0.996444444444444,1,11,0.998613503909026,10,10
AGAP007217,2,AGAP007217__SITE01;AGAP007217__SITE02,1,0.949893390191898,103,1,1,11,1,1,10
AGAP007217,2,AGAP007217__SITE02;AGAP007217__SITE04,1,0.923773987206823,234,1,1,11,1,2,10
AGAP007217,2,AGAP007217__SITE01;AGAP007217__SITE04,1,0.958955223880597,314,1,1,11,1,3,10
AGAP007217,2,AGAP007217__SITE01;AGAP007217__SITE05,1,0.985607675906183,455,1,1,11,1,4,10
AGAP007217,2,AGAP007217__SITE04;AGAP007217__SITE05,0.999466950959488,0.96002132196162,164,0.996444444444444,1,11,0.998613503909026,5,10
AGAP007217,2,AGAP007217__SITE01;AGAP007217__SITE03,0.997334754797441,0.255863539445629,253,0.993908212560386,1,11,0.99657331664658,6,10
AGAP007217,2,AGAP007217__SITE03;AGAP007217__SITE04,0.995202558635394,0.231876332622601,84,0.990603815937149,1,11,0.994302679962381,7,10
AGAP007217,2,AGAP007217__SITE02;AGAP007217__SITE05,0.998933901918977,0.951492537313433,375,0.97699214365881,1,11,0.992457984249029,8,10
AGAP007217,2,AGAP007217__SITE03;AGAP007217__SITE05,0.995202558635394,0.258528784648188,225,0.971527777777778,1,11,0.98857986851457,9,10
AGAP007217,2,AGAP007217__SITE02;AGAP007217__SITE03,0.98134328358209,0.236673773987207,173,0.939123630672927,0.909090909090909,11,0.961452150260223,10,10
AGAP007217,3,AGAP007217__SITE03;AGAP007217__SITE04;AGAP007217__SITE05,1,0.230277185501066,225,1,1,11,1,1,10
AGAP007217,3,AGAP007217__SITE02;AGAP007217__SITE03;AGAP007217__SITE04,1,0.207889125799574,234,1,1,11,1,2,10
AGAP007217,3,AGAP007217__SITE01;AGAP007217__SITE02;AGAP007217__SITE03,1,0.231876332622601,253,1,1,11,1,3,10
AGAP007217,3,AGAP007217__SITE01;AGAP007217__SITE02;AGAP007217__SITE04,1,0.916311300639659,314,1,1,11,1,4,10
AGAP007217,3,AGAP007217__SITE01;AGAP007217__SITE03;AGAP007217__SITE04,1,0.227078891257996,314,1,1,11,1,5,10
AGAP007217,3,AGAP007217__SITE02;AGAP007217__SITE04;AGAP007217__SITE05,1,0.918443496801706,375,1,1,11,1,6,10
AGAP007217,3,AGAP007217__SITE01;AGAP007217__SITE02;AGAP007217__SITE05,1,0.944029850746269,455,1,1,11,1,7,10
AGAP007217,3,AGAP007217__SITE01;AGAP007217__SITE03;AGAP007217__SITE05,1,0.253731343283582,455,1,1,11,1,8,10
AGAP007217,3,AGAP007217__SITE01;AGAP007217__SITE04;AGAP007217__SITE05,1,0.952558635394456,455,1,1,11,1,9,10
AGAP007217,3,AGAP007217__SITE02;AGAP007217__SITE03;AGAP007217__SITE05,0.998933901918977,0.23454157782516,375,0.97699214365881,1,11,0.992457984249029,10,10
AGAP007280,2,AGAP007280__SITE02;AGAP007280__SITE05,1,0.926972281449893,315,1,1,11,1,1,10
AGAP007280,2,AGAP007280__SITE03;AGAP007280__SITE05,0.998933901918977,0.833688699360341,44,0.993452991452991,1,11,0.997396238587284,2,10
AGAP007280,2,AGAP007280__SITE04;AGAP007280__SITE05,0.998933901918977,0.833688699360341,44,0.993452991452991,1,11,0.997396238587284,3,10
AGAP007280,2,AGAP007280__SITE01;AGAP007280__SITE05,0.997867803837953,0.335287846481876,318,0.989876008185867,1,11,0.995683484758532,4,10
AGAP007280,2,AGAP007280__SITE02;AGAP007280__SITE03,0.976545842217484,0.792643923240938,294,0.95800395256917,1,11,0.973328691101241,5,10
AGAP007280,2,AGAP007280__SITE02;AGAP007280__SITE04,0.976545842217484,0.792643923240938,294,0.95800395256917,1,11,0.973328691101241,6,10
AGAP007280,2,AGAP007280__SITE01;AGAP007280__SITE02,0.931769722814499,0.337953091684435,26,0.794768194768195,0.727272727272727,11,0.87021956484643,7,10
AGAP007280,2,AGAP007280__SITE01;AGAP007280__SITE03,0.890191897654584,0.285181236673774,297,0.861840628507295,0.181818181818182,11,0.810849145326757,8,10
AGAP007280,2,AGAP007280__SITE01;AGAP007280__SITE04,0.890191897654584,0.285181236673774,297,0.861840628507295,0.181818181818182,11,0.810849145326757,9,10
AGAP007280,2,AGAP007280__SITE03;AGAP007280__SITE04,0.837420042643923,0.837420042643923,23,0.72989898989899,0.181818181818182,11,0.739603540737869,10,10
AGAP007280,3,AGAP007280__SITE02;AGAP007280__SITE03;AGAP007280__SITE05,1,0.788912579957356,315,1,1,11,1,1,10
AGAP007280,3,AGAP007280__SITE02;AGAP007280__SITE04;AGAP007280__SITE05,1,0.788912579957356,315,1,1,11,1,2,10
AGAP007280,3,AGAP007280__SITE01;AGAP007280__SITE02;AGAP007280__SITE05,1,0.335287846481876,318,1,1,11,1,3,10
AGAP007280,3,AGAP007280__SITE03;AGAP007280__SITE04;AGAP007280__SITE05,0.998933901918977,0.833688699360341,44,0.993452991452991,1,11,0.997396238587284,4,10
AGAP007280,3,AGAP007280__SITE01;AGAP007280__SITE03;AGAP007280__SITE05,0.998933901918977,0.282515991471215,318,0.993452991452991,1,11,0.997396238587284,5,10
AGAP007280,3,AGAP007280__SITE01;AGAP007280__SITE04;AGAP007280__SITE05,0.998933901918977,0.282515991471215,318,0.993452991452991,1,11,0.997396238587284,6,10
AGAP007280,3,AGAP007280__SITE02;AGAP007280__SITE03;AGAP007280__SITE04,0.976545842217484,0.792643923240938,294,0.95800395256917,1,11,0.973328691101241,7,10
AGAP007280,3,AGAP007280__SITE01;AGAP007280__SITE02;AGAP007280__SITE03,0.976545842217484,0.285181236673774,297,0.95800395256917,1,11,0.973328691101241,8,10
AGAP007280,3,AGAP007280__SITE01;AGAP007280__SITE02;AGAP007280__SITE04,0.976545842217484,0.285181236673774,297,0.95800395256917,1,11,0.973328691101241,9,10
AGAP007280,3,AGAP007280__SITE01;AGAP007280__SITE03;AGAP007280__SITE04,0.890191897654584,0.285181236673774,297,0.861840628507295,0.181818181818182,11,0.810849145326757,10,10
AGAP007333,2,AGAP007333__SITE02;AGAP007333__SITE03,1,0.976545842217484,77,1,1,11,1,1,10
AGAP007333,2,AGAP007333__SITE01;AGAP007333__SITE02,1,0.866737739872068,169,1,1,11,1,2,10
AGAP007333,2,AGAP007333__SITE03;AGAP007333__SITE04,1,0.976012793176972,171,1,1,11,1,3,10
AGAP007333,2,AGAP007333__SITE03;AGAP007333__SITE05,1,0.976012793176972,173,1,1,11,1,4,10
AGAP007333,2,AGAP007333__SITE02;AGAP007333__SITE04,1,0.989872068230277,225,1,1,11,1,5,10
AGAP007333,2,AGAP007333__SITE02;AGAP007333__SITE05,1,0.989872068230277,227,1,1,11,1,6,10
AGAP007333,2,AGAP007333__SITE01;AGAP007333__SITE04,1,0.866204690831557,371,1,1,11,1,7,10
AGAP007333,2,AGAP007333__SITE01;AGAP007333__SITE05,1,0.866204690831557,373,1,1,11,1,8,10
AGAP007333,2,AGAP007333__SITE01;AGAP007333__SITE03,0.999466950959488,0.853411513859275,223,0.997101449275362,1,11,0.998810605358301,9,10
AGAP007333,2,AGAP007333__SITE04;AGAP007333__SITE05,0.994669509594883,0.994669509594883,25,0.987055555555556,1,11,0.992918372423597,10,10
AGAP007333,3,AGAP007333__SITE03;AGAP007333__SITE04;AGAP007333__SITE05,1,0.976012793176972,173,1,1,11,1,1,10
AGAP007333,3,AGAP007333__SITE01;AGAP007333__SITE02;AGAP007333__SITE03,1,0.84861407249467,223,1,1,11,1,2,10
AGAP007333,3,AGAP007333__SITE02;AGAP007333__SITE03;AGAP007333__SITE04,1,0.971215351812367,225,1,1,11,1,3,10
AGAP007333,3,AGAP007333__SITE02;AGAP007333__SITE03;AGAP007333__SITE05,1,0.971215351812367,227,1,1,11,1,4,10
AGAP007333,3,AGAP007333__SITE02;AGAP007333__SITE04;AGAP007333__SITE05,1,0.989872068230277,227,1,1,11,1,5,10
AGAP007333,3,AGAP007333__SITE01;AGAP007333__SITE02;AGAP007333__SITE04,1,0.861407249466951,371,1,1,11,1,6,10
AGAP007333,3,AGAP007333__SITE01;AGAP007333__SITE03;AGAP007333__SITE04,1,0.848081023454158,371,1,1,11,1,7,10
AGAP007333,3,AGAP007333__SITE01;AGAP007333__SITE02;AGAP007333__SITE05,1,0.861407249466951,373,1,1,11,1,8,10
AGAP007333,3,AGAP007333__SITE01;AGAP007333__SITE03;AGAP007333__SITE05,1,0.848081023454158,373,1,1,11,1,9,10
AGAP007333,3,AGAP007333__SITE01;AGAP007333__SITE04;AGAP007333__SITE05,1,0.866204690831557,373,1,1,11,1,10,10
AGAP007413,2,AGAP007413__SITE03;AGAP007413__SITE04,1,0.98134328358209,135,1,1,11,1,1,10
AGAP007413,2,AGAP007413__SITE02;AGAP007413__SITE04,1,0.946162046908315,144,1,1,11,1,2,10
AGAP007413,2,AGAP007413__SITE01;AGAP007413__SITE03,0.998933901918977,0.909381663113006,91,0.996315815156395,1,11,0.998255085698304,3,10
AGAP007413,2,AGAP007413__SITE01;AGAP007413__SITE04,0.998933901918977,0.907782515991471,203,0.975694444444444,1,11,0.992068674484719,4,10
AGAP007413,2,AGAP007413__SITE02;AGAP007413__SITE03,0.994136460554371,0.95362473347548,32,0.985082125603865,1,11,0.992006514013782,5,10
AGAP007413,2,AGAP007413__SITE03;AGAP007413__SITE05,0.993603411513859,0.556503198294243,145,0.984080808080808,1,11,0.991386289332558,6,10
AGAP007413,2,AGAP007413__SITE04;AGAP007413__SITE05,0.990938166311301,0.557569296375267,33,0.942948717948718,0.909090909090909,11,0.968356606080487,7,10
AGAP007413,2,AGAP007413__SITE02;AGAP007413__SITE05,0.980810234541578,0.534115138592751,154,0.953606837606837,0.909090909090909,11,0.965477282916089,8,10
AGAP007413,2,AGAP007413__SITE01;AGAP007413__SITE02,0.981876332622601,0.891257995735608,82,0.946021427711569,0.818181818181818,11,0.954750409705213,9,10
AGAP007413,2,AGAP007413__SITE01;AGAP007413__SITE05,0.934968017057569,0.540511727078891,213,0.806280193236715,0.636363636363636,11,0.86650123184192,10,10
AGAP007413,3,AGAP007413__SITE02;AGAP007413__SITE03;AGAP007413__SITE04,1,0.943496801705757,144,1,1,11,1,1,10
AGAP007413,3,AGAP007413__SITE03;AGAP007413__SITE04;AGAP007413__SITE05,1,0.55543710021322,145,1,1,11,1,2,10
AGAP007413,3,AGAP007413__SITE02;AGAP007413__SITE04;AGAP007413__SITE05,1,0.533049040511727,154,1,1,11,1,3,10
AGAP007413,3,AGAP007413__SITE01;AGAP007413__SITE02;AGAP007413__SITE04,1,0.882196162046908,203,1,1,11,1,4,10
AGAP007413,3,AGAP007413__SITE01;AGAP007413__SITE03;AGAP007413__SITE04,1,0.900319829424307,203,1,1,11,1,5,10
AGAP007413,3,AGAP007413__SITE01;AGAP007413__SITE03;AGAP007413__SITE05,0.999466950959488,0.538912579957356,213,0.997101449275362,1,11,0.998810605358301,6,10
AGAP007413,3,AGAP007413__SITE01;AGAP007413__SITE02;AGAP007413__SITE03,0.998933901918977,0.888592750533049,91,0.996315815156395,1,11,0.998255085698304,7,10
AGAP007413,3,AGAP007413__SITE02;AGAP007413__SITE03;AGAP007413__SITE05,0.995735607675906,0.533582089552239,154,0.987816425120773,1,11,0.993786292141776,8,10
AGAP007413,3,AGAP007413__SITE01;AGAP007413__SITE04;AGAP007413__SITE05,0.998933901918977,0.539445628997868,213,0.975694444444444,1,11,0.992068674484719,9,10
AGAP007413,3,AGAP007413__SITE01;AGAP007413__SITE02;AGAP007413__SITE05,0.988805970149254,0.522921108742004,213,0.96305525460455,1,11,0.982200158470917,10,10
AGAP007570,2,AGAP007570__SITE01;AGAP007570__SITE05,0.999466950959488,0.84861407249467,361,0.999102132435466,1,11,0.999410810306333,1,10
AGAP007570,2,AGAP007570__SITE01;AGAP007570__SITE03,0.98773987206823,0.751066098081023,149,0.961138888888889,0.909090909090909,11,0.971894680816695,2,10
AGAP007570,2,AGAP007570__SITE01;AGAP007570__SITE04,0.98773987206823,0.782515991471215,161,0.961138888888889,0.909090909090909,11,0.971894680816695,3,10
AGAP007570,2,AGAP007570__SITE04;AGAP007570__SITE05,0.983475479744136,0.873667377398721,223,0.913727699530516,0.909090909090909,11,0.955112688614727,4,10
AGAP007570,2,AGAP007570__SITE03;AGAP007570__SITE05,0.982942430703625,0.842750533049041,235,0.913727699530516,0.909090909090909,11,0.954792859190421,5,10
AGAP007570,2,AGAP007570__SITE02;AGAP007570__SITE05,0.976545842217484,0.682835820895522,356,0.910616588419405,0.909090909090909,11,0.950021572765403,6,10
AGAP007570,2,AGAP007570__SITE02;AGAP007570__SITE04,0.917910447761194,0.6636460554371,156,0.724676056338028,0.727272727272727,11,0.840876358285398,7,10
AGAP007570,2,AGAP007570__SITE01;AGAP007570__SITE02,0.881663113006397,0.690831556503198,28,0.813286713286713,0.181818181818182,11,0.79116569997167,8,10
AGAP007570,2,AGAP007570__SITE02;AGAP007570__SITE03,0.896055437100213,0.654051172707889,144,0.69849765258216,0.363636363636364,11,0.783546194398412,9,10
AGAP007570,2,AGAP007570__SITE03;AGAP007570__SITE04,0.890191897654584,0.857675906183369,35,0.66351799687011,0.454545454545455,11,0.778625083108329,10,10
AGAP007570,3,AGAP007570__SITE01;AGAP007570__SITE03;AGAP007570__SITE05,1,0.736140724946695,361,1,1,11,1,1,10
AGAP007570,3,AGAP007570__SITE01;AGAP007570__SITE04;AGAP007570__SITE05,1,0.767057569296375,361,1,1,11,1,2,10
AGAP007570,3,AGAP007570__SITE01;AGAP007570__SITE02;AGAP007570__SITE05,0.999466950959488,0.681769722814499,361,0.999102132435466,1,11,0.999410810306333,3,10
AGAP007570,3,AGAP007570__SITE01;AGAP007570__SITE02;AGAP007570__SITE03,0.98773987206823,0.652985074626866,149,0.961138888888889,0.909090909090909,11,0.971894680816695,4,10
AGAP007570,3,AGAP007570__SITE01;AGAP007570__SITE02;AGAP007570__SITE04,0.98773987206823,0.662579957356077,161,0.961138888888889,0.909090909090909,11,0.971894680816695,5,10
AGAP007570,3,AGAP007570__SITE01;AGAP007570__SITE03;AGAP007570__SITE04,0.98773987206823,0.750533049040512,161,0.961138888888889,0.909090909090909,11,0.971894680816695,6,10
AGAP007570,3,AGAP007570__SITE03;AGAP007570__SITE04;AGAP007570__SITE05,0.983475479744136,0.842217484008529,235,0.913727699530516,0.909090909090909,11,0.955112688614727,7,10
AGAP007570,3,AGAP007570__SITE02;AGAP007570__SITE04;AGAP007570__SITE05,0.983475479744136,0.654584221748401,356,0.913727699530516,0.909090909090909,11,0.955112688614727,8,10
AGAP007570,3,AGAP007570__SITE02;AGAP007570__SITE03;AGAP007570__SITE05,0.982942430703625,0.64498933901919,356,0.913727699530516,0.909090909090909,11,0.954792859190421,9,10
AGAP007570,3,AGAP007570__SITE02;AGAP007570__SITE03;AGAP007570__SITE04,0.917910447761194,0.653518123667377,156,0.724676056338028,0.727272727272727,11,0.840876358285398,10,10
AGAP007729,2,AGAP007729__SITE03;AGAP007729__SITE04,1,0.998933901918977,29,1,1,11,1,1,10
AGAP007729,2,AGAP007729__SITE04;AGAP007729__SITE05,1,0.997867803837953,89,1,1,11,1,2,10
AGAP007729,2,AGAP007729__SITE03;AGAP007729__SITE05,1,0.998933901918977,95,1,1,11,1,3,10
AGAP007729,2,AGAP007729__SITE02;AGAP007729__SITE03,1,0.997867803837953,613,1,1,11,1,4,10
AGAP007729,2,AGAP007729__SITE02;AGAP007729__SITE04,1,0.99680170575693,619,1,1,11,1,5,10
AGAP007729,2,AGAP007729__SITE01;AGAP007729__SITE02,1,0.973880597014925,636,1,1,11,1,6,10
AGAP007729,2,AGAP007729__SITE02;AGAP007729__SITE05,1,0.99680170575693,685,1,1,11,1,7,10
AGAP007729,2,AGAP007729__SITE01;AGAP007729__SITE03,1,0.976012793176972,1226,1,1,11,1,8,10
AGAP007729,2,AGAP007729__SITE01;AGAP007729__SITE04,1,0.974946695095949,1232,1,1,11,1,9,10
AGAP007729,2,AGAP007729__SITE01;AGAP007729__SITE05,1,0.974946695095949,1298,1,1,11,1,10,10
AGAP007729,3,AGAP007729__SITE03;AGAP007729__SITE04;AGAP007729__SITE05,1,0.997867803837953,95,1,1,11,1,1,10
AGAP007729,3,AGAP007729__SITE02;AGAP007729__SITE03;AGAP007729__SITE04,1,0.99680170575693,619,1,1,11,1,2,10
AGAP007729,3,AGAP007729__SITE02;AGAP007729__SITE03;AGAP007729__SITE05,1,0.99680170575693,685,1,1,11,1,3,10
AGAP007729,3,AGAP007729__SITE02;AGAP007729__SITE04;AGAP007729__SITE05,1,0.995735607675906,685,1,1,11,1,4,10
AGAP007729,3,AGAP007729__SITE01;AGAP007729__SITE02;AGAP007729__SITE03,1,0.973880597014925,1226,1,1,11,1,5,10
AGAP007729,3,AGAP007729__SITE01;AGAP007729__SITE02;AGAP007729__SITE04,1,0.972814498933902,1232,1,1,11,1,6,10
AGAP007729,3,AGAP007729__SITE01;AGAP007729__SITE03;AGAP007729__SITE04,1,0.974946695095949,1232,1,1,11,1,7,10
AGAP007729,3,AGAP007729__SITE01;AGAP007729__SITE02;AGAP007729__SITE05,1,0.972814498933902,1298,1,1,11,1,8,10
AGAP007729,3,AGAP007729__SITE01;AGAP007729__SITE03;AGAP007729__SITE05,1,0.974946695095949,1298,1,1,11,1,9,10
AGAP007729,3,AGAP007729__SITE01;AGAP007729__SITE04;AGAP007729__SITE05,1,0.973880597014925,1298,1,1,11,1,10,10
AGAP007775,2,AGAP007775__SITE04;AGAP007775__SITE05,0.998933901918977,0.834754797441365,92,0.99683341350008,1,11,0.99841036520141,1,10
AGAP007775,2,AGAP007775__SITE03;AGAP007775__SITE05,0.998933901918977,0.834754797441365,101,0.99683341350008,1,11,0.99841036520141,2,10
AGAP007775,2,AGAP007775__SITE02;AGAP007775__SITE05,0.960554371002132,0.0389125799573561,140,0.917606837606838,0.636363636363636,11,0.915251037519694,3,10
AGAP007775,2,AGAP007775__SITE01;AGAP007775__SITE05,0.960554371002132,0,205,0.917606837606838,0.636363636363636,11,0.915251037519694,4,10
AGAP007775,2,AGAP007775__SITE03;AGAP007775__SITE04,0.875266524520256,0.871002132196162,32,0.75,0.454545454545455,11,0.795614460166699,5,10
AGAP007775,2,AGAP007775__SITE02;AGAP007775__SITE03,0.873134328358209,0.0389125799573561,62,0.75,0.454545454545455,11,0.794335142469471,6,10
AGAP007775,2,AGAP007775__SITE01;AGAP007775__SITE03,0.873134328358209,0,127,0.75,0.454545454545455,11,0.794335142469471,7,10
AGAP007775,2,AGAP007775__SITE02;AGAP007775__SITE04,0.873134328358209,0.0389125799573561,71,0.743333333333333,0.454545454545455,11,0.792335142469471,8,10
AGAP007775,2,AGAP007775__SITE01;AGAP007775__SITE04,0.873134328358209,0,136,0.743333333333333,0.454545454545455,11,0.792335142469471,9,10
AGAP007775,2,AGAP007775__SITE01;AGAP007775__SITE02,0.0389125799573561,0,88,0,0,11,0.0233475479744137,10,10
AGAP007775,3,AGAP007775__SITE03;AGAP007775__SITE04;AGAP007775__SITE05,0.998933901918977,0.832622601279318,101,0.99683341350008,1,11,0.99841036520141,1,10
AGAP007775,3,AGAP007775__SITE02;AGAP007775__SITE03;AGAP007775__SITE05,0.998933901918977,0.0389125799573561,140,0.99683341350008,1,11,0.99841036520141,2,10
AGAP007775,3,AGAP007775__SITE02;AGAP007775__SITE04;AGAP007775__SITE05,0.998933901918977,0.0389125799573561,140,0.99683341350008,1,11,0.99841036520141,3,10
AGAP007775,3,AGAP007775__SITE01;AGAP007775__SITE03;AGAP007775__SITE05,0.998933901918977,0,205,0.99683341350008,1,11,0.99841036520141,4,10
AGAP007775,3,AGAP007775__SITE01;AGAP007775__SITE04;AGAP007775__SITE05,0.998933901918977,0,205,0.99683341350008,1,11,0.99841036520141,5,10
AGAP007775,3,AGAP007775__SITE01;AGAP007775__SITE02;AGAP007775__SITE05,0.960554371002132,0,205,0.917606837606838,0.636363636363636,11,0.915251037519694,6,10
AGAP007775,3,AGAP007775__SITE02;AGAP007775__SITE03;AGAP007775__SITE04,0.875266524520256,0.0389125799573561,71,0.75,0.454545454545455,11,0.795614460166699,7,10
AGAP007775,3,AGAP007775__SITE01;AGAP007775__SITE03;AGAP007775__SITE04,0.875266524520256,0,136,0.75,0.454545454545455,11,0.795614460166699,8,10
AGAP007775,3,AGAP007775__SITE01;AGAP007775__SITE02;AGAP007775__SITE03,0.873134328358209,0,127,0.75,0.454545454545455,11,0.794335142469471,9,10
AGAP007775,3,AGAP007775__SITE01;AGAP007775__SITE02;AGAP007775__SITE04,0.873134328358209,0,136,0.743333333333333,0.454545454545455,11,0.792335142469471,10,10
AGAP007855,2,AGAP007855__SITE01;AGAP007855__SITE02,1,0.976545842217484,61,1,1,11,1,1,10
AGAP007855,2,AGAP007855__SITE01;AGAP007855__SITE03,1,0.976545842217484,62,1,1,11,1,2,10
AGAP007855,2,AGAP007855__SITE01;AGAP007855__SITE04,1,0.969616204690831,105,1,1,11,1,3,10
AGAP007855,2,AGAP007855__SITE01;AGAP007855__SITE05,0.999466950959488,0.96908315565032,109,0.997619047619047,1,11,0.998965884861407,4,10
AGAP007855,2,AGAP007855__SITE03;AGAP007855__SITE04,0.998400852878465,0.988272921108742,66,0.995238095238095,1,11,0.997611940298508,5,10
AGAP007855,2,AGAP007855__SITE02;AGAP007855__SITE04,0.998400852878465,0.988272921108742,67,0.995238095238095,1,11,0.997611940298508,6,10
AGAP007855,2,AGAP007855__SITE03;AGAP007855__SITE05,0.998400852878465,0.987206823027719,70,0.995238095238095,1,11,0.997611940298508,7,10
AGAP007855,2,AGAP007855__SITE02;AGAP007855__SITE05,0.998400852878465,0.987206823027719,71,0.995238095238095,1,11,0.997611940298508,8,10
AGAP007855,2,AGAP007855__SITE02;AGAP007855__SITE03,0.99680170575693,0.99680170575693,24,0.989690556357223,1,11,0.994988190361325,9,10
AGAP007855,2,AGAP007855__SITE04;AGAP007855__SITE05,0.989872068230277,0.988805970149254,27,0.97625,1,11,0.986798240938166,10,10
AGAP007855,3,AGAP007855__SITE01;AGAP007855__SITE02;AGAP007855__SITE03,1,0.976545842217484,62,1,1,11,1,1,10
AGAP007855,3,AGAP007855__SITE01;AGAP007855__SITE02;AGAP007855__SITE04,1,0.968017057569296,105,1,1,11,1,2,10
AGAP007855,3,AGAP007855__SITE01;AGAP007855__SITE03;AGAP007855__SITE04,1,0.968017057569296,105,1,1,11,1,3,10
AGAP007855,3,AGAP007855__SITE01;AGAP007855__SITE02;AGAP007855__SITE05,1,0.967484008528785,109,1,1,11,1,4,10
AGAP007855,3,AGAP007855__SITE01;AGAP007855__SITE03;AGAP007855__SITE05,1,0.967484008528785,109,1,1,11,1,5,10
AGAP007855,3,AGAP007855__SITE01;AGAP007855__SITE04;AGAP007855__SITE05,1,0.96908315565032,109,1,1,11,1,6,10
AGAP007855,3,AGAP007855__SITE02;AGAP007855__SITE03;AGAP007855__SITE04,0.998400852878465,0.988272921108742,67,0.995238095238095,1,11,0.997611940298508,7,10
AGAP007855,3,AGAP007855__SITE03;AGAP007855__SITE04;AGAP007855__SITE05,0.998400852878465,0.987206823027719,70,0.995238095238095,1,11,0.997611940298508,8,10
AGAP007855,3,AGAP007855__SITE02;AGAP007855__SITE03;AGAP007855__SITE05,0.998400852878465,0.987206823027719,71,0.995238095238095,1,11,0.997611940298508,9,10
AGAP007855,3,AGAP007855__SITE02;AGAP007855__SITE04;AGAP007855__SITE05,0.998400852878465,0.987206823027719,71,0.995238095238095,1,11,0.997611940298508,10,10
AGAP007896,2,AGAP007896__SITE04;AGAP007896__SITE05,0.988805970149254,0.863539445628998,54,0.956746031746032,1,11,0.980307391613362,1,10
AGAP007896,2,AGAP007896__SITE03;AGAP007896__SITE05,0.966950959488273,0.105543710021322,326,0.852777777777778,0.818181818181818,11,0.917822090844479,2,10
AGAP007896,2,AGAP007896__SITE02;AGAP007896__SITE05,0.966950959488273,0.105543710021322,327,0.852777777777778,0.818181818181818,11,0.917822090844479,3,10
AGAP007896,2,AGAP007896__SITE01;AGAP007896__SITE05,0.966950959488273,0.105543710021322,343,0.852777777777778,0.818181818181818,11,0.917822090844479,4,10
AGAP007896,2,AGAP007896__SITE03;AGAP007896__SITE04,0.916311300639659,0.0852878464818763,295,0.848611111111111,0.272727272727273,11,0.831642840989856,5,10
AGAP007896,2,AGAP007896__SITE02;AGAP007896__SITE04,0.916311300639659,0.0852878464818763,296,0.848611111111111,0.272727272727273,11,0.831642840989856,6,10
AGAP007896,2,AGAP007896__SITE01;AGAP007896__SITE04,0.916311300639659,0.0852878464818763,312,0.848611111111111,0.272727272727273,11,0.831642840989856,7,10
AGAP007896,2,AGAP007896__SITE02;AGAP007896__SITE03,0.110874200426439,0.110874200426439,24,0.0194444444444445,0,11,0.0723578535891967,8,10
AGAP007896,2,AGAP007896__SITE01;AGAP007896__SITE02,0.110874200426439,0.110874200426439,39,0.0194444444444445,0,11,0.0723578535891967,9,10
AGAP007896,2,AGAP007896__SITE01;AGAP007896__SITE03,0.110874200426439,0.110874200426439,40,0.0194444444444445,0,11,0.0723578535891967,10,10
AGAP007896,3,AGAP007896__SITE03;AGAP007896__SITE04;AGAP007896__SITE05,0.990938166311301,0.082089552238806,326,0.963194444444444,1,11,0.983521233120114,1,10
AGAP007896,3,AGAP007896__SITE02;AGAP007896__SITE04;AGAP007896__SITE05,0.990938166311301,0.082089552238806,327,0.963194444444444,1,11,0.983521233120114,2,10
AGAP007896,3,AGAP007896__SITE01;AGAP007896__SITE04;AGAP007896__SITE05,0.990938166311301,0.082089552238806,343,0.963194444444444,1,11,0.983521233120114,3,10
AGAP007896,3,AGAP007896__SITE02;AGAP007896__SITE03;AGAP007896__SITE05,0.966950959488273,0.105543710021322,327,0.852777777777778,0.818181818181818,11,0.917822090844479,4,10
AGAP007896,3,AGAP007896__SITE01;AGAP007896__SITE02;AGAP007896__SITE05,0.966950959488273,0.105543710021322,343,0.852777777777778,0.818181818181818,11,0.917822090844479,5,10
AGAP007896,3,AGAP007896__SITE01;AGAP007896__SITE03;AGAP007896__SITE05,0.966950959488273,0.105543710021322,343,0.852777777777778,0.818181818181818,11,0.917822090844479,6,10
AGAP007896,3,AGAP007896__SITE02;AGAP007896__SITE03;AGAP007896__SITE04,0.916311300639659,0.0852878464818763,296,0.848611111111111,0.272727272727273,11,0.831642840989856,7,10
AGAP007896,3,AGAP007896__SITE01;AGAP007896__SITE02;AGAP007896__SITE04,0.916311300639659,0.0852878464818763,312,0.848611111111111,0.272727272727273,11,0.831642840989856,8,10
AGAP007896,3,AGAP007896__SITE01;AGAP007896__SITE03;AGAP007896__SITE04,0.916311300639659,0.0852878464818763,312,0.848611111111111,0.272727272727273,11,0.831642840989856,9,10
AGAP007896,3,AGAP007896__SITE01;AGAP007896__SITE02;AGAP007896__SITE03,0.110874200426439,0.110874200426439,40,0.0194444444444445,0,11,0.0723578535891967,10,10
AGAP007938,2,AGAP007938__SITE01;AGAP007938__SITE04,1,0.98773987206823,45,1,1,11,1,1,10
AGAP007938,2,AGAP007938__SITE02;AGAP007938__SITE05,1,0.986673773987207,54,1,1,11,1,2,10
AGAP007938,2,AGAP007938__SITE01;AGAP007938__SITE05,1,0.987206823027719,60,1,1,11,1,3,10
AGAP007938,2,AGAP007938__SITE02;AGAP007938__SITE04,0.999466950959488,0.98773987206823,39,0.996444444444444,1,11,0.998613503909026,4,10
AGAP007938,2,AGAP007938__SITE01;AGAP007938__SITE03,0.997334754797441,0.989339019189765,41,0.982424242424242,1,11,0.993128125605737,5,10
AGAP007938,2,AGAP007938__SITE02;AGAP007938__SITE03,0.99680170575693,0.989339019189765,35,0.982424242424242,1,11,0.992808296181431,6,10
AGAP007938,2,AGAP007938__SITE01;AGAP007938__SITE02,0.994136460554371,0.993603411513859,29,0.980381593714927,1,11,0.990596354447101,7,10
AGAP007938,2,AGAP007938__SITE03;AGAP007938__SITE05,0.996268656716418,0.989339019189765,42,0.972705314009662,1,11,0.989572788232749,8,10
AGAP007938,2,AGAP007938__SITE03;AGAP007938__SITE04,0.995202558635394,0.990938166311301,27,0.972705314009662,1,11,0.988933129384135,9,10
AGAP007938,2,AGAP007938__SITE04;AGAP007938__SITE05,0.994669509594883,0.992004264392324,38,0.969292929292929,1,11,0.987589584544809,10,10
AGAP007938,3,AGAP007938__SITE01;AGAP007938__SITE02;AGAP007938__SITE04,1,0.98773987206823,45,1,1,11,1,1,10
AGAP007938,3,AGAP007938__SITE01;AGAP007938__SITE03;AGAP007938__SITE04,1,0.98773987206823,45,1,1,11,1,2,10
AGAP007938,3,AGAP007938__SITE02;AGAP007938__SITE03;AGAP007938__SITE05,1,0.986140724946695,54,1,1,11,1,3,10
AGAP007938,3,AGAP007938__SITE02;AGAP007938__SITE04;AGAP007938__SITE05,1,0.986140724946695,54,1,1,11,1,4,10
AGAP007938,3,AGAP007938__SITE01;AGAP007938__SITE02;AGAP007938__SITE05,1,0.986673773987207,60,1,1,11,1,5,10
AGAP007938,3,AGAP007938__SITE01;AGAP007938__SITE03;AGAP007938__SITE05,1,0.986140724946695,60,1,1,11,1,6,10
AGAP007938,3,AGAP007938__SITE01;AGAP007938__SITE04;AGAP007938__SITE05,1,0.986140724946695,60,1,1,11,1,7,10
AGAP007938,3,AGAP007938__SITE02;AGAP007938__SITE03;AGAP007938__SITE04,0.999466950959488,0.98773987206823,39,0.996444444444444,1,11,0.998613503909026,8,10
AGAP007938,3,AGAP007938__SITE01;AGAP007938__SITE02;AGAP007938__SITE03,0.997334754797441,0.989339019189765,41,0.982424242424242,1,11,0.993128125605737,9,10
AGAP007938,3,AGAP007938__SITE03;AGAP007938__SITE04;AGAP007938__SITE05,0.996268656716418,0.989339019189765,42,0.972705314009662,1,11,0.989572788232749,10,10
AGAP007965,2,AGAP007965__SITE02;AGAP007965__SITE04,1,0.95362473347548,367,1,1,11,1,1,10
AGAP007965,2,AGAP007965__SITE01;AGAP007965__SITE04,0.997334754797441,0.532515991471215,424,0.991091787439613,1,11,0.995728389110349,2,10
AGAP007965,2,AGAP007965__SITE04;AGAP007965__SITE05,0.993603411513859,0.361940298507463,113,0.987816425120773,1,11,0.992506974444547,3,10
AGAP007965,2,AGAP007965__SITE02;AGAP007965__SITE03,0.993603411513859,0.607675906183369,180,0.981167227833894,1,11,0.990512215258484,4,10
AGAP007965,2,AGAP007965__SITE02;AGAP007965__SITE05,0.988805970149254,0.363006396588486,457,0.968944444444445,1,11,0.983966915422886,5,10
AGAP007965,2,AGAP007965__SITE01;AGAP007965__SITE02,0.986140724946695,0.53997867803838,80,0.969786756453423,1,11,0.982620461904044,6,10
AGAP007965,2,AGAP007965__SITE03;AGAP007965__SITE04,0.986140724946695,0.618869936034115,210,0.958153364632238,1,11,0.979130444357688,7,10
AGAP007965,2,AGAP007965__SITE01;AGAP007965__SITE03,0.841684434968017,0.335820895522388,237,0.766081449414783,0.0909090909090909,11,0.743926004896154,8,10
AGAP007965,2,AGAP007965__SITE03;AGAP007965__SITE05,0.781982942430704,0.221215351812367,300,0.655169082125604,0.0909090909090909,11,0.674831399187013,9,10
AGAP007965,2,AGAP007965__SITE01;AGAP007965__SITE05,0.713752665245203,0.214285714285714,514,0.368269230769231,0,11,0.538732368377891,10,10
AGAP007965,3,AGAP007965__SITE02;AGAP007965__SITE03;AGAP007965__SITE04,1,0.600213219616205,367,1,1,11,1,1,10
AGAP007965,3,AGAP007965__SITE01;AGAP007965__SITE02;AGAP007965__SITE04,1,0.521321961620469,424,1,1,11,1,2,10
AGAP007965,3,AGAP007965__SITE02;AGAP007965__SITE04;AGAP007965__SITE05,1,0.348081023454158,457,1,1,11,1,3,10
AGAP007965,3,AGAP007965__SITE03;AGAP007965__SITE04;AGAP007965__SITE05,0.999466950959488,0.219616204690832,300,0.999102132435466,1,11,0.999410810306333,4,10
AGAP007965,3,AGAP007965__SITE01;AGAP007965__SITE03;AGAP007965__SITE04,0.998933901918977,0.329957356076759,424,0.995658810325477,1,11,0.998057984249029,5,10
AGAP007965,3,AGAP007965__SITE01;AGAP007965__SITE04;AGAP007965__SITE05,0.998933901918977,0.200959488272921,514,0.994202898550725,1,11,0.997621210716604,6,10
AGAP007965,3,AGAP007965__SITE01;AGAP007965__SITE02;AGAP007965__SITE03,0.997334754797441,0.328358208955224,237,0.993101594979529,1,11,0.996331331372323,7,10
AGAP007965,3,AGAP007965__SITE02;AGAP007965__SITE03;AGAP007965__SITE05,0.99680170575693,0.210554371002132,457,0.991865130174989,1,11,0.995640562506655,8,10
AGAP007965,3,AGAP007965__SITE01;AGAP007965__SITE02;AGAP007965__SITE05,0.994669509594883,0.208955223880597,514,0.984175084175084,1,11,0.992054231009455,9,10
AGAP007965,3,AGAP007965__SITE01;AGAP007965__SITE03;AGAP007965__SITE05,0.902985074626866,0.119936034115139,514,0.86331569664903,0.272727272727273,11,0.828058481043556,10,10
AGAP007999,2,AGAP007999__SITE01;AGAP007999__SITE02,1,0.949360341151386,155,1,1,11,1,1,10
AGAP007999,2,AGAP007999__SITE01;AGAP007999__SITE03,1,0.949893390191898,156,1,1,11,1,2,10
AGAP007999,2,AGAP007999__SITE03;AGAP007999__SITE05,1,0.98773987206823,164,1,1,11,1,3,10
AGAP007999,2,AGAP007999__SITE02;AGAP007999__SITE05,1,0.987206823027719,165,1,1,11,1,4,10
AGAP007999,2,AGAP007999__SITE01;AGAP007999__SITE05,1,0.949360341151386,297,1,1,11,1,5,10
AGAP007999,2,AGAP007999__SITE03;AGAP007999__SITE04,0.999466950959488,0.606076759061834,141,0.999102132435466,1,11,0.999410810306333,6,10
AGAP007999,2,AGAP007999__SITE02;AGAP007999__SITE04,0.999466950959488,0.605543710021322,142,0.999102132435466,1,11,0.999410810306333,7,10
AGAP007999,2,AGAP007999__SITE02;AGAP007999__SITE03,0.994136460554371,0.993603411513859,24,0.989548260381594,1,11,0.993346354447101,8,10
AGAP007999,2,AGAP007999__SITE04;AGAP007999__SITE05,0.996268656716418,0.608742004264392,46,0.972705314009662,1,11,0.989572788232749,9,10
AGAP007999,2,AGAP007999__SITE01;AGAP007999__SITE04,0.989339019189765,0.577825159914712,274,0.974047619047619,1,11,0.985817697228145,10,10
AGAP007999,3,AGAP007999__SITE01;AGAP007999__SITE02;AGAP007999__SITE03,1,0.949360341151386,156,1,1,11,1,1,10
AGAP007999,3,AGAP007999__SITE03;AGAP007999__SITE04;AGAP007999__SITE05,1,0.603411513859275,164,1,1,11,1,2,10
AGAP007999,3,AGAP007999__SITE02;AGAP007999__SITE03;AGAP007999__SITE05,1,0.987206823027719,165,1,1,11,1,3,10
AGAP007999,3,AGAP007999__SITE02;AGAP007999__SITE04;AGAP007999__SITE05,1,0.602878464818763,165,1,1,11,1,4,10
AGAP007999,3,AGAP007999__SITE01;AGAP007999__SITE02;AGAP007999__SITE04,1,0.571961620469083,274,1,1,11,1,5,10
AGAP007999,3,AGAP007999__SITE01;AGAP007999__SITE03;AGAP007999__SITE04,1,0.572494669509595,274,1,1,11,1,6,10
AGAP007999,3,AGAP007999__SITE01;AGAP007999__SITE02;AGAP007999__SITE05,1,0.942963752665245,297,1,1,11,1,7,10
AGAP007999,3,AGAP007999__SITE01;AGAP007999__SITE03;AGAP007999__SITE05,1,0.943496801705757,297,1,1,11,1,8,10
AGAP007999,3,AGAP007999__SITE01;AGAP007999__SITE04;AGAP007999__SITE05,1,0.575159914712154,297,1,1,11,1,9,10
AGAP007999,3,AGAP007999__SITE02;AGAP007999__SITE03;AGAP007999__SITE04,0.999466950959488,0.605543710021322,142,0.999102132435466,1,11,0.999410810306333,10,10
AGAP008015,2,AGAP008015__SITE02;AGAP008015__SITE04,1,0.87046908315565,167,1,1,11,1,1,10
AGAP008015,2,AGAP008015__SITE04;AGAP008015__SITE05,1,0.860341151385928,225,1,1,11,1,2,10
AGAP008015,2,AGAP008015__SITE01;AGAP008015__SITE04,0.999466950959488,0.915245202558635,504,0.999102132435466,1,11,0.999410810306333,3,10
AGAP008015,2,AGAP008015__SITE01;AGAP008015__SITE03,0.998933901918977,0.90138592750533,498,0.996315815156395,1,11,0.998255085698304,4,10
AGAP008015,2,AGAP008015__SITE03;AGAP008015__SITE04,0.997334754797441,0.979744136460554,29,0.993908212560386,1,11,0.99657331664658,5,10
AGAP008015,2,AGAP008015__SITE01;AGAP008015__SITE05,0.994669509594883,0.788912579957356,706,0.97990406205348,1,11,0.990772924372974,6,10
AGAP008015,2,AGAP008015__SITE03;AGAP008015__SITE05,0.993603411513859,0.852345415778252,231,0.972735808792147,1,11,0.98798278954596,7,10
AGAP008015,2,AGAP008015__SITE02;AGAP008015__SITE03,0.994669509594883,0.861407249466951,161,0.968493384549723,1,11,0.987349721121847,8,10
AGAP008015,2,AGAP008015__SITE01;AGAP008015__SITE02,0.984008528784648,0.809701492537313,360,0.944987922705314,0.909090909090909,11,0.964810584991474,9,10
AGAP008015,2,AGAP008015__SITE02;AGAP008015__SITE05,0.968017057569296,0.771321961620469,369,0.871153846153846,0.909090909090909,11,0.933065479296822,10,10
AGAP008015,3,AGAP008015__SITE02;AGAP008015__SITE03;AGAP008015__SITE04,1,0.859808102345416,167,1,1,11,1,1,10
AGAP008015,3,AGAP008015__SITE03;AGAP008015__SITE04;AGAP008015__SITE05,1,0.850746268656716,231,1,1,11,1,2,10
AGAP008015,3,AGAP008015__SITE02;AGAP008015__SITE04;AGAP008015__SITE05,1,0.767057569296375,369,1,1,11,1,3,10
AGAP008015,3,AGAP008015__SITE01;AGAP008015__SITE02;AGAP008015__SITE03,1,0.797441364605544,498,1,1,11,1,4,10
AGAP008015,3,AGAP008015__SITE01;AGAP008015__SITE02;AGAP008015__SITE04,1,0.805970149253731,504,1,1,11,1,5,10
AGAP008015,3,AGAP008015__SITE01;AGAP008015__SITE04;AGAP008015__SITE05,1,0.785181236673774,706,1,1,11,1,6,10
AGAP008015,3,AGAP008015__SITE01;AGAP008015__SITE03;AGAP008015__SITE04,0.999466950959488,0.899786780383795,504,0.999102132435466,1,11,0.999410810306333,7,10
AGAP008015,3,AGAP008015__SITE01;AGAP008015__SITE02;AGAP008015__SITE05,0.999466950959488,0.711087420042644,706,0.999102132435466,1,11,0.999410810306333,8,10
AGAP008015,3,AGAP008015__SITE01;AGAP008015__SITE03;AGAP008015__SITE05,0.999466950959488,0.777185501066098,706,0.997101449275362,1,11,0.998810605358301,9,10
AGAP008015,3,AGAP008015__SITE02;AGAP008015__SITE03;AGAP008015__SITE05,0.996268656716418,0.760660980810235,369,0.972735808792147,1,11,0.989581936667495,10,10
AGAP008118,2,AGAP008118__SITE01;AGAP008118__SITE03,1,0.968017057569296,129,1,1,11,1,1,10
AGAP008118,2,AGAP008118__SITE03;AGAP008118__SITE04,1,0.989872068230277,336,1,1,11,1,2,10
AGAP008118,2,AGAP008118__SITE01;AGAP008118__SITE04,1,0.962153518123667,442,1,1,11,1,3,10
AGAP008118,2,AGAP008118__SITE03;AGAP008118__SITE05,1,0.916844349680171,526,1,1,11,1,4,10
AGAP008118,2,AGAP008118__SITE04;AGAP008118__SITE05,0.998933901918977,0.912046908315565,213,0.998204264870932,1,11,0.998821620612666,5,10
AGAP008118,2,AGAP008118__SITE02;AGAP008118__SITE03,0.997867803837953,0.412046908315565,49,0.992701863354037,1,11,0.996531241308983,6,10
AGAP008118,2,AGAP008118__SITE01;AGAP008118__SITE05,0.995202558635394,0.893923240938166,632,0.982572463768116,1,11,0.991893274311671,7,10
AGAP008118,2,AGAP008118__SITE02;AGAP008118__SITE04,0.993070362473348,0.410980810234542,362,0.979399061032864,1,11,0.989661935793868,8,10
AGAP008118,2,AGAP008118__SITE01;AGAP008118__SITE02,0.975479744136461,0.406716417910448,103,0.939710144927536,0.909090909090909,11,0.958109980869228,9,10
AGAP008118,2,AGAP008118__SITE02;AGAP008118__SITE05,0.936567164179104,0.394456289978678,552,0.875757575757576,0.363636363636364,11,0.861031207598371,10,10
AGAP008118,3,AGAP008118__SITE01;AGAP008118__SITE02;AGAP008118__SITE03,1,0.406716417910448,129,1,1,11,1,1,10
AGAP008118,3,AGAP008118__SITE02;AGAP008118__SITE03;AGAP008118__SITE04,1,0.410980810234542,362,1,1,11,1,2,10
AGAP008118,3,AGAP008118__SITE01;AGAP008118__SITE02;AGAP008118__SITE04,1,0.405650319829424,442,1,1,11,1,3,10
AGAP008118,3,AGAP008118__SITE01;AGAP008118__SITE03;AGAP008118__SITE04,1,0.96002132196162,442,1,1,11,1,4,10
AGAP008118,3,AGAP008118__SITE03;AGAP008118__SITE04;AGAP008118__SITE05,1,0.909914712153518,526,1,1,11,1,5,10
AGAP008118,3,AGAP008118__SITE02;AGAP008118__SITE03;AGAP008118__SITE05,1,0.394456289978678,552,1,1,11,1,6,10
AGAP008118,3,AGAP008118__SITE01;AGAP008118__SITE03;AGAP008118__SITE05,1,0.891791044776119,632,1,1,11,1,7,10
AGAP008118,3,AGAP008118__SITE01;AGAP008118__SITE04;AGAP008118__SITE05,1,0.886993603411514,632,1,1,11,1,8,10
AGAP008118,3,AGAP008118__SITE02;AGAP008118__SITE04;AGAP008118__SITE05,0.999466950959488,0.393923240938166,552,0.999102132435466,1,11,0.999410810306333,9,10
AGAP008118,3,AGAP008118__SITE01;AGAP008118__SITE02;AGAP008118__SITE05,0.995735607675906,0.389658848614073,632,0.984163372859025,1,11,0.992690376463251,10,10
AGAP008191,2,AGAP008191__SITE01;AGAP008191__SITE02,1,0.886460554371002,196,1,1,11,1,1,10
AGAP008191,2,AGAP008191__SITE02;AGAP008191__SITE03,0.988805970149254,0.00213219616204691,72,0.982077721661055,1,11,0.987906898587869,2,10
AGAP008191,2,AGAP008191__SITE02;AGAP008191__SITE04,0.988805970149254,0.00213219616204691,74,0.982077721661055,1,11,0.987906898587869,3,10
AGAP008191,2,AGAP008191__SITE02;AGAP008191__SITE05,0.988805970149254,0.00213219616204691,75,0.982077721661055,1,11,0.987906898587869,4,10
AGAP008191,2,AGAP008191__SITE01;AGAP008191__SITE03,0.897654584221748,0.00213219616204691,245,0.861322463768116,0.363636363636364,11,0.83335312602712,5,10
AGAP008191,2,AGAP008191__SITE01;AGAP008191__SITE04,0.897654584221748,0.00213219616204691,247,0.861322463768116,0.363636363636364,11,0.83335312602712,6,10
AGAP008191,2,AGAP008191__SITE01;AGAP008191__SITE05,0.897654584221748,0.00213219616204691,248,0.861322463768116,0.363636363636364,11,0.83335312602712,7,10
AGAP008191,2,AGAP008191__SITE04;AGAP008191__SITE05,0.00213219616204691,0.00213219616204691,24,0,0,11,0.00127931769722815,8,10
AGAP008191,2,AGAP008191__SITE03;AGAP008191__SITE04,0.00213219616204691,0.00213219616204691,25,0,0,11,0.00127931769722815,9,10
AGAP008191,2,AGAP008191__SITE03;AGAP008191__SITE05,0.00213219616204691,0.00213219616204691,26,0,0,11,0.00127931769722815,10,10
AGAP008191,3,AGAP008191__SITE01;AGAP008191__SITE02;AGAP008191__SITE03,1,0.00213219616204691,245,1,1,11,1,1,10
AGAP008191,3,AGAP008191__SITE01;AGAP008191__SITE02;AGAP008191__SITE04,1,0.00213219616204691,247,1,1,11,1,2,10
AGAP008191,3,AGAP008191__SITE01;AGAP008191__SITE02;AGAP008191__SITE05,1,0.00213219616204691,248,1,1,11,1,3,10
AGAP008191,3,AGAP008191__SITE02;AGAP008191__SITE03;AGAP008191__SITE04,0.988805970149254,0.00213219616204691,74,0.982077721661055,1,11,0.987906898587869,4,10
AGAP008191,3,AGAP008191__SITE02;AGAP008191__SITE03;AGAP008191__SITE05,0.988805970149254,0.00213219616204691,75,0.982077721661055,1,11,0.987906898587869,5,10
AGAP008191,3,AGAP008191__SITE02;AGAP008191__SITE04;AGAP008191__SITE05,0.988805970149254,0.00213219616204691,75,0.982077721661055,1,11,0.987906898587869,6,10
AGAP008191,3,AGAP008191__SITE01;AGAP008191__SITE03;AGAP008191__SITE04,0.897654584221748,0.00213219616204691,247,0.861322463768116,0.363636363636364,11,0.83335312602712,7,10
AGAP008191,3,AGAP008191__SITE01;AGAP008191__SITE03;AGAP008191__SITE05,0.897654584221748,0.00213219616204691,248,0.861322463768116,0.363636363636364,11,0.83335312602712,8,10
AGAP008191,3,AGAP008191__SITE01;AGAP008191__SITE04;AGAP008191__SITE05,0.897654584221748,0.00213219616204691,248,0.861322463768116,0.363636363636364,11,0.83335312602712,9,10
AGAP008191,3,AGAP008191__SITE03;AGAP008191__SITE04;AGAP008191__SITE05,0.00213219616204691,0.00213219616204691,26,0,0,11,0.00127931769722815,10,10
AGAP008381,2,AGAP008381__SITE03;AGAP008381__SITE05,0.986140724946695,0.526652452025586,135,0.975501042167709,1,11,0.98433474761833,1,10
AGAP008381,2,AGAP008381__SITE02;AGAP008381__SITE05,0.986140724946695,0.526119402985075,138,0.975501042167709,1,11,0.98433474761833,2,10
AGAP008381,2,AGAP008381__SITE01;AGAP008381__SITE05,0.986140724946695,0.52771855010661,139,0.975501042167709,1,11,0.98433474761833,3,10
AGAP008381,2,AGAP008381__SITE04;AGAP008381__SITE05,0.96908315565032,0.767057569296375,122,0.926682206682207,0.818181818181818,11,0.941272737213036,4,10
AGAP008381,2,AGAP008381__SITE01;AGAP008381__SITE04,0.90138592750533,0.62046908315565,40,0.8425,0.181818181818182,11,0.811763374685016,5,10
AGAP008381,2,AGAP008381__SITE03;AGAP008381__SITE04,0.899786780383795,0.621002132196162,36,0.836071428571429,0.181818181818182,11,0.808875314983524,6,10
AGAP008381,2,AGAP008381__SITE02;AGAP008381__SITE04,0.899786780383795,0.62046908315565,39,0.836071428571429,0.181818181818182,11,0.808875314983524,7,10
AGAP008381,2,AGAP008381__SITE01;AGAP008381__SITE03,0.650319829424307,0.64818763326226,27,0.5175,0,11,0.545441897654584,8,10
AGAP008381,2,AGAP008381__SITE01;AGAP008381__SITE02,0.649786780383795,0.64818763326226,24,0.5175,0,11,0.545122068230277,9,10
AGAP008381,2,AGAP008381__SITE02;AGAP008381__SITE03,0.648720682302772,0.64818763326226,26,0.5175,0,11,0.544482409381663,10,10
AGAP008381,3,AGAP008381__SITE03;AGAP008381__SITE04;AGAP008381__SITE05,0.992537313432836,0.522388059701493,135,0.979429212762547,1,11,0.989351151888466,1,10
AGAP008381,3,AGAP008381__SITE02;AGAP008381__SITE04;AGAP008381__SITE05,0.992537313432836,0.521855010660981,138,0.979429212762547,1,11,0.989351151888466,2,10
AGAP008381,3,AGAP008381__SITE01;AGAP008381__SITE04;AGAP008381__SITE05,0.992537313432836,0.521855010660981,139,0.979429212762547,1,11,0.989351151888466,3,10
AGAP008381,3,AGAP008381__SITE02;AGAP008381__SITE03;AGAP008381__SITE05,0.986140724946695,0.526119402985075,138,0.975501042167709,1,11,0.98433474761833,4,10
AGAP008381,3,AGAP008381__SITE01;AGAP008381__SITE02;AGAP008381__SITE05,0.986140724946695,0.526119402985075,139,0.975501042167709,1,11,0.98433474761833,5,10
AGAP008381,3,AGAP008381__SITE01;AGAP008381__SITE03;AGAP008381__SITE05,0.986140724946695,0.526119402985075,139,0.975501042167709,1,11,0.98433474761833,6,10
AGAP008381,3,AGAP008381__SITE01;AGAP008381__SITE02;AGAP008381__SITE04,0.90138592750533,0.62046908315565,40,0.8425,0.181818181818182,11,0.811763374685016,7,10
AGAP008381,3,AGAP008381__SITE01;AGAP008381__SITE03;AGAP008381__SITE04,0.90138592750533,0.62046908315565,40,0.8425,0.181818181818182,11,0.811763374685016,8,10
AGAP008381,3,AGAP008381__SITE02;AGAP008381__SITE03;AGAP008381__SITE04,0.899786780383795,0.62046908315565,39,0.836071428571429,0.181818181818182,11,0.808875314983524,9,10
AGAP008381,3,AGAP008381__SITE01;AGAP008381__SITE02;AGAP008381__SITE03,0.650319829424307,0.64818763326226,27,0.5175,0,11,0.545441897654584,10,10
AGAP008578,2,AGAP008578__SITE04;AGAP008578__SITE05,1,0.992004264392324,45,1,1,11,1,1,10
AGAP008578,2,AGAP008578__SITE03;AGAP008578__SITE05,1,0.976012793176972,53,1,1,11,1,2,10
AGAP008578,2,AGAP008578__SITE02;AGAP008578__SITE03,1,0.964818763326226,190,1,1,11,1,3,10
AGAP008578,2,AGAP008578__SITE01;AGAP008578__SITE03,1,0.963752665245203,193,1,1,11,1,4,10
AGAP008578,2,AGAP008578__SITE02;AGAP008578__SITE04,1,0.980810234541578,198,1,1,11,1,5,10
AGAP008578,2,AGAP008578__SITE01;AGAP008578__SITE04,1,0.979744136460554,201,1,1,11,1,6,10
AGAP008578,2,AGAP008578__SITE02;AGAP008578__SITE05,1,0.98134328358209,220,1,1,11,1,7,10
AGAP008578,2,AGAP008578__SITE01;AGAP008578__SITE05,1,0.980277185501066,223,1,1,11,1,8,10
AGAP008578,2,AGAP008578__SITE03;AGAP008578__SITE04,0.998400852878465,0.977078891257996,31,0.997306397306397,1,11,0.998232430918998,9,10
AGAP008578,2,AGAP008578__SITE01;AGAP008578__SITE02,0.985074626865672,0.984008528784648,26,0.913247863247863,0.818181818181818,11,0.946837316911944,10,10
AGAP008578,3,AGAP008578__SITE03;AGAP008578__SITE04;AGAP008578__SITE05,1,0.973347547974414,53,1,1,11,1,1,10
AGAP008578,3,AGAP008578__SITE01;AGAP008578__SITE02;AGAP008578__SITE03,1,0.963752665245203,193,1,1,11,1,2,10
AGAP008578,3,AGAP008578__SITE02;AGAP008578__SITE03;AGAP008578__SITE04,1,0.962153518123667,198,1,1,11,1,3,10
AGAP008578,3,AGAP008578__SITE01;AGAP008578__SITE02;AGAP008578__SITE04,1,0.979744136460554,201,1,1,11,1,4,10
AGAP008578,3,AGAP008578__SITE01;AGAP008578__SITE03;AGAP008578__SITE04,1,0.961087420042644,201,1,1,11,1,5,10
AGAP008578,3,AGAP008578__SITE02;AGAP008578__SITE03;AGAP008578__SITE05,1,0.961087420042644,220,1,1,11,1,6,10
AGAP008578,3,AGAP008578__SITE02;AGAP008578__SITE04;AGAP008578__SITE05,1,0.977078891257996,220,1,1,11,1,7,10
AGAP008578,3,AGAP008578__SITE01;AGAP008578__SITE02;AGAP008578__SITE05,1,0.980277185501066,223,1,1,11,1,8,10
AGAP008578,3,AGAP008578__SITE01;AGAP008578__SITE03;AGAP008578__SITE05,1,0.96002132196162,223,1,1,11,1,9,10
AGAP008578,3,AGAP008578__SITE01;AGAP008578__SITE04;AGAP008578__SITE05,1,0.976012793176972,223,1,1,11,1,10,10
AGAP009048,2,AGAP009048__SITE04;AGAP009048__SITE05,1,0.932302771855011,49,1,1,11,1,1,10
AGAP009048,2,AGAP009048__SITE03;AGAP009048__SITE05,1,0.931236673773987,55,1,1,11,1,2,10
AGAP009048,2,AGAP009048__SITE02;AGAP009048__SITE05,1,0.92590618336887,114,1,1,11,1,3,10
AGAP009048,2,AGAP009048__SITE01;AGAP009048__SITE05,1,0.915245202558635,126,1,1,11,1,4,10
AGAP009048,2,AGAP009048__SITE02;AGAP009048__SITE03,0.993070362473348,0.98134328358209,82,0.982572463768116,1,11,0.990613956614444,5,10
AGAP009048,2,AGAP009048__SITE02;AGAP009048__SITE04,0.993070362473348,0.982409381663113,88,0.982572463768116,1,11,0.990613956614444,6,10
AGAP009048,2,AGAP009048__SITE01;AGAP009048__SITE03,0.993070362473348,0.970682302771855,94,0.982572463768116,1,11,0.990613956614444,7,10
AGAP009048,2,AGAP009048__SITE01;AGAP009048__SITE04,0.993070362473348,0.971748400852879,100,0.982572463768116,1,11,0.990613956614444,8,10
AGAP009048,2,AGAP009048__SITE03;AGAP009048__SITE04,0.990938166311301,0.989872068230277,29,0.975632850241545,1,11,0.987252754859244,9,10
AGAP009048,2,AGAP009048__SITE01;AGAP009048__SITE02,0.988272921108742,0.970149253731343,35,0.976521739130435,1,11,0.985920274404376,10,10
AGAP009048,3,AGAP009048__SITE03;AGAP009048__SITE04;AGAP009048__SITE05,1,0.931236673773987,55,1,1,11,1,1,10
AGAP009048,3,AGAP009048__SITE02;AGAP009048__SITE03;AGAP009048__SITE05,1,0.9227078891258,114,1,1,11,1,2,10
AGAP009048,3,AGAP009048__SITE02;AGAP009048__SITE04;AGAP009048__SITE05,1,0.923773987206823,114,1,1,11,1,3,10
AGAP009048,3,AGAP009048__SITE01;AGAP009048__SITE02;AGAP009048__SITE05,1,0.911513859275053,126,1,1,11,1,4,10
AGAP009048,3,AGAP009048__SITE01;AGAP009048__SITE03;AGAP009048__SITE05,1,0.912046908315565,126,1,1,11,1,5,10
AGAP009048,3,AGAP009048__SITE01;AGAP009048__SITE04;AGAP009048__SITE05,1,0.913113006396588,126,1,1,11,1,6,10
AGAP009048,3,AGAP009048__SITE02;AGAP009048__SITE03;AGAP009048__SITE04,0.993070362473348,0.98134328358209,88,0.982572463768116,1,11,0.990613956614444,7,10
AGAP009048,3,AGAP009048__SITE01;AGAP009048__SITE02;AGAP009048__SITE03,0.993070362473348,0.966950959488273,94,0.982572463768116,1,11,0.990613956614444,8,10
AGAP009048,3,AGAP009048__SITE01;AGAP009048__SITE02;AGAP009048__SITE04,0.993070362473348,0.968017057569296,100,0.982572463768116,1,11,0.990613956614444,9,10
AGAP009048,3,AGAP009048__SITE01;AGAP009048__SITE03;AGAP009048__SITE04,0.993070362473348,0.970682302771855,100,0.982572463768116,1,11,0.990613956614444,10,10
AGAP009091,2,AGAP009091__SITE01;AGAP009091__SITE02,1,0.975479744136461,84,1,1,11,1,1,10
AGAP009091,2,AGAP009091__SITE03;AGAP009091__SITE05,1,0.977611940298507,207,1,1,11,1,2,10
AGAP009091,2,AGAP009091__SITE01;AGAP009091__SITE03,1,0.971748400852879,209,1,1,11,1,3,10
AGAP009091,2,AGAP009091__SITE02;AGAP009091__SITE05,1,0.98134328358209,332,1,1,11,1,4,10
AGAP009091,2,AGAP009091__SITE01;AGAP009091__SITE05,1,0.971748400852879,393,1,1,11,1,5,10
AGAP009091,2,AGAP009091__SITE04;AGAP009091__SITE05,0.997867803837953,0.762793176972282,139,0.995223063973064,1,11,0.997287601494691,6,10
AGAP009091,2,AGAP009091__SITE02;AGAP009091__SITE03,0.998400852878465,0.982942430703625,148,0.99358024691358,1,11,0.997114585801153,7,10
AGAP009091,2,AGAP009091__SITE02;AGAP009091__SITE04,0.997334754797441,0.767057569296375,216,0.993133020344288,1,11,0.996340758981751,8,10
AGAP009091,2,AGAP009091__SITE03;AGAP009091__SITE04,0.995735607675906,0.764925373134328,91,0.980491452991453,1,11,0.991588800502979,9,10
AGAP009091,2,AGAP009091__SITE01;AGAP009091__SITE04,0.992004264392324,0.762793176972282,277,0.975724637681159,1,11,0.987919949939742,10,10
AGAP009091,3,AGAP009091__SITE03;AGAP009091__SITE04;AGAP009091__SITE05,1,0.755863539445629,207,1,1,11,1,1,10
AGAP009091,3,AGAP009091__SITE01;AGAP009091__SITE02;AGAP009091__SITE03,1,0.965884861407249,209,1,1,11,1,2,10
AGAP009091,3,AGAP009091__SITE02;AGAP009091__SITE03;AGAP009091__SITE04,1,0.761727078891258,216,1,1,11,1,3,10
AGAP009091,3,AGAP009091__SITE01;AGAP009091__SITE02;AGAP009091__SITE04,1,0.757995735607676,277,1,1,11,1,4,10
AGAP009091,3,AGAP009091__SITE01;AGAP009091__SITE03;AGAP009091__SITE04,1,0.755863539445629,277,1,1,11,1,5,10
AGAP009091,3,AGAP009091__SITE02;AGAP009091__SITE03;AGAP009091__SITE05,1,0.971748400852879,332,1,1,11,1,6,10
AGAP009091,3,AGAP009091__SITE02;AGAP009091__SITE04;AGAP009091__SITE05,1,0.757995735607676,332,1,1,11,1,7,10
AGAP009091,3,AGAP009091__SITE01;AGAP009091__SITE02;AGAP009091__SITE05,1,0.964285714285714,393,1,1,11,1,8,10
AGAP009091,3,AGAP009091__SITE01;AGAP009091__SITE03;AGAP009091__SITE05,1,0.960554371002132,393,1,1,11,1,9,10
AGAP009091,3,AGAP009091__SITE01;AGAP009091__SITE04;AGAP009091__SITE05,1,0.753731343283582,393,1,1,11,1,10,10
AGAP009232,2,AGAP009232__SITE01;AGAP009232__SITE04,1,0.932835820895522,228,1,1,11,1,1,10
AGAP009232,2,AGAP009232__SITE01;AGAP009232__SITE05,1,0.969616204690831,233,1,1,11,1,2,10
AGAP009232,2,AGAP009232__SITE01;AGAP009232__SITE02,0.995202558635394,0.608742004264392,83,0.976655982905983,1,11,0.990118330053031,3,10
AGAP009232,2,AGAP009232__SITE01;AGAP009232__SITE03,0.995202558635394,0.608742004264392,84,0.976655982905983,1,11,0.990118330053031,4,10
AGAP009232,2,AGAP009232__SITE03;AGAP009232__SITE05,0.986673773987207,0.60501066098081,172,0.943840579710145,0.909090909090909,11,0.966065529214459,5,10
AGAP009232,2,AGAP009232__SITE02;AGAP009232__SITE05,0.986673773987207,0.60501066098081,173,0.943840579710145,0.909090909090909,11,0.966065529214459,6,10
AGAP009232,2,AGAP009232__SITE04;AGAP009232__SITE05,0.979211087420043,0.94136460554371,28,0.943661971830986,0.909090909090909,11,0.961534334910412,7,10
AGAP009232,2,AGAP009232__SITE03;AGAP009232__SITE04,0.950959488272921,0.603944562899787,167,0.894347826086957,0.727272727272727,11,0.911607313517112,8,10
AGAP009232,2,AGAP009232__SITE02;AGAP009232__SITE04,0.950959488272921,0.603944562899787,168,0.894347826086957,0.727272727272727,11,0.911607313517112,9,10
AGAP009232,2,AGAP009232__SITE02;AGAP009232__SITE03,0.613006396588486,0.613006396588486,24,0.49556623931624,0,11,0.516473709747964,10,10
AGAP009232,3,AGAP009232__SITE01;AGAP009232__SITE02;AGAP009232__SITE04,1,0.599680170575693,228,1,1,11,1,1,10
AGAP009232,3,AGAP009232__SITE01;AGAP009232__SITE03;AGAP009232__SITE04,1,0.599680170575693,228,1,1,11,1,2,10
AGAP009232,3,AGAP009232__SITE01;AGAP009232__SITE02;AGAP009232__SITE05,1,0.600746268656716,233,1,1,11,1,3,10
AGAP009232,3,AGAP009232__SITE01;AGAP009232__SITE03;AGAP009232__SITE05,1,0.600746268656716,233,1,1,11,1,4,10
AGAP009232,3,AGAP009232__SITE01;AGAP009232__SITE04;AGAP009232__SITE05,1,0.932302771855011,233,1,1,11,1,5,10
AGAP009232,3,AGAP009232__SITE01;AGAP009232__SITE02;AGAP009232__SITE03,0.995202558635394,0.608742004264392,84,0.976655982905983,1,11,0.990118330053031,6,10
AGAP009232,3,AGAP009232__SITE03;AGAP009232__SITE04;AGAP009232__SITE05,0.987206823027719,0.603944562899787,172,0.943840579710145,0.909090909090909,11,0.966385358638766,7,10
AGAP009232,3,AGAP009232__SITE02;AGAP009232__SITE04;AGAP009232__SITE05,0.987206823027719,0.603944562899787,173,0.943840579710145,0.909090909090909,11,0.966385358638766,8,10
AGAP009232,3,AGAP009232__SITE02;AGAP009232__SITE03;AGAP009232__SITE05,0.986673773987207,0.60501066098081,173,0.943840579710145,0.909090909090909,11,0.966065529214459,9,10
AGAP009232,3,AGAP009232__SITE02;AGAP009232__SITE03;AGAP009232__SITE04,0.950959488272921,0.603944562899787,168,0.894347826086957,0.727272727272727,11,0.911607313517112,10,10
AGAP009338,2,AGAP009338__SITE03;AGAP009338__SITE05,1,0.775586353944563,167,1,1,11,1,1,10
AGAP009338,2,AGAP009338__SITE02;AGAP009338__SITE05,1,0.806503198294243,175,1,1,11,1,2,10
AGAP009338,2,AGAP009338__SITE01;AGAP009338__SITE05,0.998933901918977,0.784115138592751,337,0.996315815156395,1,11,0.998255085698304,3,10
AGAP009338,2,AGAP009338__SITE01;AGAP009338__SITE02,0.978144989339019,0.771321961620469,185,0.947222222222222,0.909090909090909,11,0.961962751179169,4,10
AGAP009338,2,AGAP009338__SITE01;AGAP009338__SITE03,0.952558635394456,0.765991471215352,193,0.905132850241546,0.636363636363636,11,0.906711399945501,5,10
AGAP009338,2,AGAP009338__SITE04;AGAP009338__SITE05,0.920042643923241,0.00692963752665245,127,0.720549981419546,0.545454545454545,11,0.822736035325263,6,10
AGAP009338,2,AGAP009338__SITE02;AGAP009338__SITE03,0.892324093816631,0.849680170575693,31,0.817850241545894,0.181818181818182,11,0.798931346935565,7,10
AGAP009338,2,AGAP009338__SITE02;AGAP009338__SITE04,0.888059701492537,0.00533049040511727,71,0.817850241545894,0.181818181818182,11,0.796372711541109,8,10
AGAP009338,2,AGAP009338__SITE01;AGAP009338__SITE04,0.866737739872068,0.00319829424307036,233,0.80296201451131,0.181818181818182,11,0.779113066458452,9,10
AGAP009338,2,AGAP009338__SITE03;AGAP009338__SITE04,0.857142857142857,0.00533049040511727,63,0.752149758454106,0.181818181818182,11,0.758112460003764,10,10
AGAP009338,3,AGAP009338__SITE03;AGAP009338__SITE04;AGAP009338__SITE05,1,0.00533049040511727,167,1,1,11,1,1,10
AGAP009338,3,AGAP009338__SITE02;AGAP009338__SITE03;AGAP009338__SITE05,1,0.769722814498934,175,1,1,11,1,2,10
AGAP009338,3,AGAP009338__SITE02;AGAP009338__SITE04;AGAP009338__SITE05,1,0.00533049040511727,175,1,1,11,1,3,10
AGAP009338,3,AGAP009338__SITE01;AGAP009338__SITE02;AGAP009338__SITE05,1,0.692430703624734,337,1,1,11,1,4,10
AGAP009338,3,AGAP009338__SITE01;AGAP009338__SITE03;AGAP009338__SITE05,1,0.687100213219616,337,1,1,11,1,5,10
AGAP009338,3,AGAP009338__SITE01;AGAP009338__SITE04;AGAP009338__SITE05,0.998933901918977,0.00319829424307036,337,0.996315815156395,1,11,0.998255085698304,6,10
AGAP009338,3,AGAP009338__SITE01;AGAP009338__SITE02;AGAP009338__SITE03,0.978678038379531,0.760660980810235,193,0.947222222222222,0.909090909090909,11,0.962282580603476,7,10
AGAP009338,3,AGAP009338__SITE01;AGAP009338__SITE02;AGAP009338__SITE04,0.978678038379531,0.00213219616204691,233,0.947222222222222,0.909090909090909,11,0.962282580603476,8,10
AGAP009338,3,AGAP009338__SITE01;AGAP009338__SITE03;AGAP009338__SITE04,0.953091684434968,0.00213219616204691,233,0.905132850241546,0.636363636363636,11,0.907031229369808,9,10
AGAP009338,3,AGAP009338__SITE02;AGAP009338__SITE03;AGAP009338__SITE04,0.893923240938166,0.00533049040511727,71,0.817850241545894,0.181818181818182,11,0.799890835208486,10,10
AGAP009488,2,AGAP009488__SITE04;AGAP009488__SITE05,1,0.981876332622601,120,1,1,11,1,1,10
AGAP009488,2,AGAP009488__SITE03;AGAP009488__SITE05,1,0.981876332622601,121,1,1,11,1,2,10
AGAP009488,2,AGAP009488__SITE02;AGAP009488__SITE03,1,0.992004264392324,209,1,1,11,1,3,10
AGAP009488,2,AGAP009488__SITE02;AGAP009488__SITE04,1,0.992004264392324,210,1,1,11,1,4,10
AGAP009488,2,AGAP009488__SITE01;AGAP009488__SITE02,1,0.940831556503198,240,1,1,11,1,5,10
AGAP009488,2,AGAP009488__SITE02;AGAP009488__SITE05,1,0.98773987206823,307,1,1,11,1,6,10
AGAP009488,2,AGAP009488__SITE01;AGAP009488__SITE05,0.999466950959488,0.931236673773987,524,0.997619047619047,1,11,0.998965884861407,7,10
AGAP009488,2,AGAP009488__SITE01;AGAP009488__SITE03,0.999466950959488,0.935501066098081,426,0.995151515151515,1,11,0.998225625121147,8,10
AGAP009488,2,AGAP009488__SITE01;AGAP009488__SITE04,0.999466950959488,0.935501066098081,427,0.995151515151515,1,11,0.998225625121147,9,10
AGAP009488,2,AGAP009488__SITE03;AGAP009488__SITE04,0.993070362473348,0.993070362473348,24,0.969076682316119,1,11,0.986565222178845,10,10
AGAP009488,3,AGAP009488__SITE03;AGAP009488__SITE04;AGAP009488__SITE05,1,0.981876332622601,121,1,1,11,1,1,10
AGAP009488,3,AGAP009488__SITE02;AGAP009488__SITE03;AGAP009488__SITE04,1,0.992004264392324,210,1,1,11,1,2,10
AGAP009488,3,AGAP009488__SITE02;AGAP009488__SITE03;AGAP009488__SITE05,1,0.980810234541578,307,1,1,11,1,3,10
AGAP009488,3,AGAP009488__SITE02;AGAP009488__SITE04;AGAP009488__SITE05,1,0.980810234541578,307,1,1,11,1,4,10
AGAP009488,3,AGAP009488__SITE01;AGAP009488__SITE02;AGAP009488__SITE03,1,0.934434968017058,426,1,1,11,1,5,10
AGAP009488,3,AGAP009488__SITE01;AGAP009488__SITE02;AGAP009488__SITE04,1,0.934434968017058,427,1,1,11,1,6,10
AGAP009488,3,AGAP009488__SITE01;AGAP009488__SITE02;AGAP009488__SITE05,1,0.930170575692964,524,1,1,11,1,7,10
AGAP009488,3,AGAP009488__SITE01;AGAP009488__SITE03;AGAP009488__SITE05,1,0.924840085287846,524,1,1,11,1,8,10
AGAP009488,3,AGAP009488__SITE01;AGAP009488__SITE04;AGAP009488__SITE05,1,0.924840085287846,524,1,1,11,1,9,10
AGAP009488,3,AGAP009488__SITE01;AGAP009488__SITE03;AGAP009488__SITE04,0.999466950959488,0.935501066098081,427,0.995151515151515,1,11,0.998225625121147,10,10
AGAP009515,2,AGAP009515__SITE04;AGAP009515__SITE05,1,0.997867803837953,66,1,1,11,1,1,10
AGAP009515,2,AGAP009515__SITE03;AGAP009515__SITE04,1,0.953091684434968,101,1,1,11,1,2,10
AGAP009515,2,AGAP009515__SITE02;AGAP009515__SITE04,1,0.992537313432836,108,1,1,11,1,3,10
AGAP009515,2,AGAP009515__SITE03;AGAP009515__SITE05,1,0.950959488272921,144,1,1,11,1,4,10
AGAP009515,2,AGAP009515__SITE02;AGAP009515__SITE05,1,0.990405117270789,151,1,1,11,1,5,10
AGAP009515,2,AGAP009515__SITE02;AGAP009515__SITE03,0.997334754797441,0.948294243070363,30,0.989377151799687,1,11,0.995213998418371,6,10
AGAP009515,3,AGAP009515__SITE02;AGAP009515__SITE03;AGAP009515__SITE04,1,0.948294243070363,108,1,1,11,1,1,10
AGAP009515,3,AGAP009515__SITE03;AGAP009515__SITE04;AGAP009515__SITE05,1,0.950959488272921,144,1,1,11,1,2,10
AGAP009515,3,AGAP009515__SITE02;AGAP009515__SITE03;AGAP009515__SITE05,1,0.946162046908315,151,1,1,11,1,3,10
AGAP009515,3,AGAP009515__SITE02;AGAP009515__SITE04;AGAP009515__SITE05,1,0.990405117270789,151,1,1,11,1,4,10
AGAP009600,2,AGAP009600__SITE03;AGAP009600__SITE05,1,0.908848614072495,34,1,1,11,1,1,10
AGAP009600,2,AGAP009600__SITE02;AGAP009600__SITE03,1,0.918443496801706,75,1,1,11,1,2,10
AGAP009600,2,AGAP009600__SITE02;AGAP009600__SITE04,1,0.906183368869936,77,1,1,11,1,3,10
AGAP009600,2,AGAP009600__SITE02;AGAP009600__SITE05,1,0.985074626865672,86,1,1,11,1,4,10
AGAP009600,2,AGAP009600__SITE01;AGAP009600__SITE02,1,0.946162046908315,155,1,1,11,1,5,10
AGAP009600,2,AGAP009600__SITE01;AGAP009600__SITE05,1,0.936567164179104,218,1,1,11,1,6,10
AGAP009600,2,AGAP009600__SITE01;AGAP009600__SITE03,0.998400852878465,0.871535181236674,207,0.995530181037427,1,11,0.997699566038307,7,10
AGAP009600,2,AGAP009600__SITE01;AGAP009600__SITE04,0.998400852878465,0.859275053304904,209,0.995530181037427,1,11,0.997699566038307,8,10
AGAP009600,2,AGAP009600__SITE04;AGAP009600__SITE05,0.98773987206823,0.908848614072495,32,0.940338164251208,0.909090909090909,11,0.965654463425391,9,10
AGAP009600,2,AGAP009600__SITE03;AGAP009600__SITE04,0.921108742004264,0.908848614072495,25,0.82548309178744,0.454545454545455,11,0.845764718193336,10,10
AGAP009600,3,AGAP009600__SITE03;AGAP009600__SITE04;AGAP009600__SITE05,1,0.908848614072495,34,1,1,11,1,1,10
AGAP009600,3,AGAP009600__SITE02;AGAP009600__SITE03;AGAP009600__SITE04,1,0.906183368869936,77,1,1,11,1,2,10
AGAP009600,3,AGAP009600__SITE02;AGAP009600__SITE03;AGAP009600__SITE05,1,0.906183368869936,86,1,1,11,1,3,10
AGAP009600,3,AGAP009600__SITE02;AGAP009600__SITE04;AGAP009600__SITE05,1,0.906183368869936,86,1,1,11,1,4,10
AGAP009600,3,AGAP009600__SITE01;AGAP009600__SITE02;AGAP009600__SITE03,1,0.868869936034115,207,1,1,11,1,5,10
AGAP009600,3,AGAP009600__SITE01;AGAP009600__SITE02;AGAP009600__SITE04,1,0.856609808102346,209,1,1,11,1,6,10
AGAP009600,3,AGAP009600__SITE01;AGAP009600__SITE02;AGAP009600__SITE05,1,0.933901918976546,218,1,1,11,1,7,10
AGAP009600,3,AGAP009600__SITE01;AGAP009600__SITE03;AGAP009600__SITE05,1,0.859275053304904,218,1,1,11,1,8,10
AGAP009600,3,AGAP009600__SITE01;AGAP009600__SITE04;AGAP009600__SITE05,1,0.859275053304904,218,1,1,11,1,9,10
AGAP009600,3,AGAP009600__SITE01;AGAP009600__SITE03;AGAP009600__SITE04,0.998400852878465,0.859275053304904,209,0.995530181037427,1,11,0.997699566038307,10,10
AGAP009782,2,AGAP009782__SITE03;AGAP009782__SITE04,1,0.972814498933902,89,1,1,11,1,1,10
AGAP009782,2,AGAP009782__SITE03;AGAP009782__SITE05,1,0.76865671641791,138,1,1,11,1,2,10
AGAP009782,2,AGAP009782__SITE02;AGAP009782__SITE03,0.996268656716418,0.00106609808102345,88,0.988984146424441,1,11,0.994456437957183,3,10
AGAP009782,2,AGAP009782__SITE01;AGAP009782__SITE03,0.996268656716418,0.00106609808102345,91,0.988984146424441,1,11,0.994456437957183,4,10
AGAP009782,2,AGAP009782__SITE04;AGAP009782__SITE05,0.978678038379531,0.770255863539446,72,0.875269416573765,0.909090909090909,11,0.940696738908939,5,10
AGAP009782,2,AGAP009782__SITE02;AGAP009782__SITE04,0.976545842217484,0.00106609808102345,154,0.872733184689707,0.909090909090909,11,0.938656551646493,6,10
AGAP009782,2,AGAP009782__SITE01;AGAP009782__SITE04,0.976545842217484,0.00106609808102345,157,0.872733184689707,0.909090909090909,11,0.938656551646493,7,10
AGAP009782,2,AGAP009782__SITE02;AGAP009782__SITE05,0.772388059701493,0.00106609808102345,203,0.666666666666667,0,11,0.663432835820896,8,10
AGAP009782,2,AGAP009782__SITE01;AGAP009782__SITE05,0.772388059701493,0.00106609808102345,206,0.666666666666667,0,11,0.663432835820896,9,10
AGAP009782,2,AGAP009782__SITE01;AGAP009782__SITE02,0.00106609808102345,0.00106609808102345,26,0,0,11,0.00063965884861407,10,10
AGAP009782,3,AGAP009782__SITE03;AGAP009782__SITE04;AGAP009782__SITE05,1,0.766524520255864,138,1,1,11,1,1,10
AGAP009782,3,AGAP009782__SITE02;AGAP009782__SITE03;AGAP009782__SITE04,1,0.00106609808102345,154,1,1,11,1,2,10
AGAP009782,3,AGAP009782__SITE01;AGAP009782__SITE03;AGAP009782__SITE04,1,0.00106609808102345,157,1,1,11,1,3,10
AGAP009782,3,AGAP009782__SITE02;AGAP009782__SITE03;AGAP009782__SITE05,1,0.00106609808102345,203,1,1,11,1,4,10
AGAP009782,3,AGAP009782__SITE01;AGAP009782__SITE03;AGAP009782__SITE05,1,0.00106609808102345,206,1,1,11,1,5,10
AGAP009782,3,AGAP009782__SITE01;AGAP009782__SITE02;AGAP009782__SITE03,0.996268656716418,0.00106609808102345,91,0.988984146424441,1,11,0.994456437957183,6,10
AGAP009782,3,AGAP009782__SITE02;AGAP009782__SITE04;AGAP009782__SITE05,0.978678038379531,0.00106609808102345,203,0.875269416573765,0.909090909090909,11,0.940696738908939,7,10
AGAP009782,3,AGAP009782__SITE01;AGAP009782__SITE04;AGAP009782__SITE05,0.978678038379531,0.00106609808102345,206,0.875269416573765,0.909090909090909,11,0.940696738908939,8,10
AGAP009782,3,AGAP009782__SITE01;AGAP009782__SITE02;AGAP009782__SITE04,0.976545842217484,0.00106609808102345,157,0.872733184689707,0.909090909090909,11,0.938656551646493,9,10
AGAP009782,3,AGAP009782__SITE01;AGAP009782__SITE02;AGAP009782__SITE05,0.772388059701493,0.00106609808102345,206,0.666666666666667,0,11,0.663432835820896,10,10
AGAP009792,2,AGAP009792__SITE02;AGAP009792__SITE05,1,0.923773987206823,194,1,1,11,1,1,10
AGAP009792,2,AGAP009792__SITE01;AGAP009792__SITE05,1,0.889125799573561,204,1,1,11,1,2,10
AGAP009792,2,AGAP009792__SITE01;AGAP009792__SITE04,0.998933901918977,0.641791044776119,203,0.998204264870932,1,11,0.998821620612666,3,10
AGAP009792,2,AGAP009792__SITE02;AGAP009792__SITE04,0.998400852878465,0.676972281449893,193,0.994672863217464,1,11,0.997442370692318,4,10
AGAP009792,2,AGAP009792__SITE01;AGAP009792__SITE02,0.992004264392324,0.956289978678038,33,0.98212072414971,1,11,0.989838775880307,5,10
AGAP009792,2,AGAP009792__SITE02;AGAP009792__SITE03,0.992004264392324,0.284648187633262,108,0.98212072414971,1,11,0.989838775880307,6,10
AGAP009792,2,AGAP009792__SITE01;AGAP009792__SITE03,0.968017057569296,0.273987206823028,118,0.944343434343434,0.909090909090909,11,0.955022355753699,7,10
AGAP009792,2,AGAP009792__SITE04;AGAP009792__SITE05,0.932302771855011,0.683901918976546,24,0.76875,0.454545454545455,11,0.835461208567552,8,10
AGAP009792,2,AGAP009792__SITE03;AGAP009792__SITE05,0.932302771855011,0.285181236673774,109,0.76875,0.454545454545455,11,0.835461208567552,9,10
AGAP009792,2,AGAP009792__SITE03;AGAP009792__SITE04,0.701492537313433,0.267590618336887,108,0.619280303030303,0,11,0.606679613297151,10,10
AGAP009792,3,AGAP009792__SITE02;AGAP009792__SITE03;AGAP009792__SITE05,1,0.284648187633262,194,1,1,11,1,1,10
AGAP009792,3,AGAP009792__SITE02;AGAP009792__SITE04;AGAP009792__SITE05,1,0.676972281449893,194,1,1,11,1,2,10
AGAP009792,3,AGAP009792__SITE01;AGAP009792__SITE02;AGAP009792__SITE05,1,0.888592750533049,204,1,1,11,1,3,10
AGAP009792,3,AGAP009792__SITE01;AGAP009792__SITE03;AGAP009792__SITE05,1,0.273987206823028,204,1,1,11,1,4,10
AGAP009792,3,AGAP009792__SITE01;AGAP009792__SITE04;AGAP009792__SITE05,1,0.641791044776119,204,1,1,11,1,5,10
AGAP009792,3,AGAP009792__SITE01;AGAP009792__SITE02;AGAP009792__SITE04,0.998933901918977,0.641791044776119,203,0.998204264870932,1,11,0.998821620612666,6,10
AGAP009792,3,AGAP009792__SITE01;AGAP009792__SITE03;AGAP009792__SITE04,0.998933901918977,0.256396588486141,203,0.998204264870932,1,11,0.998821620612666,7,10
AGAP009792,3,AGAP009792__SITE02;AGAP009792__SITE03;AGAP009792__SITE04,0.998400852878465,0.267057569296375,193,0.994672863217464,1,11,0.997442370692318,8,10
AGAP009792,3,AGAP009792__SITE01;AGAP009792__SITE02;AGAP009792__SITE03,0.992537313432836,0.273987206823028,118,0.98212072414971,1,11,0.990158605304615,9,10
AGAP009792,3,AGAP009792__SITE03;AGAP009792__SITE04;AGAP009792__SITE05,0.932302771855011,0.267590618336887,109,0.76875,0.454545454545455,11,0.835461208567552,10,10
AGAP009921,2,AGAP009921__SITE03;AGAP009921__SITE04,1,0.963219616204691,55,1,1,11,1,1,10
AGAP009921,2,AGAP009921__SITE01;AGAP009921__SITE02,1,0.993603411513859,56,1,1,11,1,2,10
AGAP009921,2,AGAP009921__SITE04;AGAP009921__SITE05,1,0.952025586353944,65,1,1,11,1,3,10
AGAP009921,2,AGAP009921__SITE03;AGAP009921__SITE05,1,0.985607675906183,97,1,1,11,1,4,10
AGAP009921,2,AGAP009921__SITE02;AGAP009921__SITE03,1,0.997334754797441,1471,1,1,11,1,5,10
AGAP009921,2,AGAP009921__SITE02;AGAP009921__SITE04,1,0.963752665245203,1503,1,1,11,1,6,10
AGAP009921,2,AGAP009921__SITE01;AGAP009921__SITE04,1,0.959488272921109,1536,1,1,11,1,7,10
AGAP009921,2,AGAP009921__SITE01;AGAP009921__SITE05,1,0.981876332622601,1578,1,1,11,1,8,10
AGAP009921,2,AGAP009921__SITE01;AGAP009921__SITE03,0.999466950959488,0.993603411513859,1504,0.996444444444444,1,11,0.998613503909026,9,10
AGAP009921,2,AGAP009921__SITE02;AGAP009921__SITE05,0.999466950959488,0.986673773987207,1545,0.996244131455399,1,11,0.998553410012313,10,10
AGAP009921,3,AGAP009921__SITE03;AGAP009921__SITE04;AGAP009921__SITE05,1,0.950426439232409,97,1,1,11,1,1,10
AGAP009921,3,AGAP009921__SITE02;AGAP009921__SITE03;AGAP009921__SITE04,1,0.962153518123667,1503,1,1,11,1,2,10
AGAP009921,3,AGAP009921__SITE01;AGAP009921__SITE02;AGAP009921__SITE03,1,0.992537313432836,1504,1,1,11,1,3,10
AGAP009921,3,AGAP009921__SITE01;AGAP009921__SITE02;AGAP009921__SITE04,1,0.958422174840085,1536,1,1,11,1,4,10
AGAP009921,3,AGAP009921__SITE01;AGAP009921__SITE03;AGAP009921__SITE04,1,0.958422174840085,1536,1,1,11,1,5,10
AGAP009921,3,AGAP009921__SITE02;AGAP009921__SITE03;AGAP009921__SITE05,1,0.985074626865672,1545,1,1,11,1,6,10
AGAP009921,3,AGAP009921__SITE02;AGAP009921__SITE04;AGAP009921__SITE05,1,0.951492537313433,1545,1,1,11,1,7,10
AGAP009921,3,AGAP009921__SITE01;AGAP009921__SITE02;AGAP009921__SITE05,1,0.98134328358209,1578,1,1,11,1,8,10
AGAP009921,3,AGAP009921__SITE01;AGAP009921__SITE03;AGAP009921__SITE05,1,0.980810234541578,1578,1,1,11,1,9,10
AGAP009921,3,AGAP009921__SITE01;AGAP009921__SITE04;AGAP009921__SITE05,1,0.946695095948827,1578,1,1,11,1,10,10
AGAP009936,2,AGAP009936__SITE03;AGAP009936__SITE04,1,0.988272921108742,34,1,1,11,1,1,10
AGAP009936,2,AGAP009936__SITE02;AGAP009936__SITE04,1,0.988272921108742,35,1,1,11,1,2,10
AGAP009936,2,AGAP009936__SITE03;AGAP009936__SITE05,1,0.98773987206823,37,1,1,11,1,3,10
AGAP009936,2,AGAP009936__SITE02;AGAP009936__SITE05,1,0.98773987206823,38,1,1,11,1,4,10
AGAP009936,2,AGAP009936__SITE01;AGAP009936__SITE02,1,0.766524520255864,79,1,1,11,1,5,10
AGAP009936,2,AGAP009936__SITE01;AGAP009936__SITE03,1,0.766524520255864,80,1,1,11,1,6,10
AGAP009936,2,AGAP009936__SITE01;AGAP009936__SITE04,1,0.760127931769723,91,1,1,11,1,7,10
AGAP009936,2,AGAP009936__SITE01;AGAP009936__SITE05,1,0.759594882729211,94,1,1,11,1,8,10
AGAP009936,2,AGAP009936__SITE02;AGAP009936__SITE03,0.997334754797441,0.997334754797441,24,0.989570757880617,1,11,0.99527208024265,9,10
AGAP009936,2,AGAP009936__SITE04;AGAP009936__SITE05,0.990938166311301,0.990405117270789,26,0.946303418803419,0.909090909090909,11,0.969363016336897,10,10
AGAP009936,3,AGAP009936__SITE02;AGAP009936__SITE03;AGAP009936__SITE04,1,0.988272921108742,35,1,1,11,1,1,10
AGAP009936,3,AGAP009936__SITE03;AGAP009936__SITE04;AGAP009936__SITE05,1,0.98773987206823,37,1,1,11,1,2,10
AGAP009936,3,AGAP009936__SITE02;AGAP009936__SITE03;AGAP009936__SITE05,1,0.98773987206823,38,1,1,11,1,3,10
AGAP009936,3,AGAP009936__SITE02;AGAP009936__SITE04;AGAP009936__SITE05,1,0.98773987206823,38,1,1,11,1,4,10
AGAP009936,3,AGAP009936__SITE01;AGAP009936__SITE02;AGAP009936__SITE03,1,0.766524520255864,80,1,1,11,1,5,10
AGAP009936,3,AGAP009936__SITE01;AGAP009936__SITE02;AGAP009936__SITE04,1,0.757462686567164,91,1,1,11,1,6,10
AGAP009936,3,AGAP009936__SITE01;AGAP009936__SITE03;AGAP009936__SITE04,1,0.757462686567164,91,1,1,11,1,7,10
AGAP009936,3,AGAP009936__SITE01;AGAP009936__SITE02;AGAP009936__SITE05,1,0.756929637526652,94,1,1,11,1,8,10
AGAP009936,3,AGAP009936__SITE01;AGAP009936__SITE03;AGAP009936__SITE05,1,0.756929637526652,94,1,1,11,1,9,10
AGAP009936,3,AGAP009936__SITE01;AGAP009936__SITE04;AGAP009936__SITE05,1,0.759594882729211,94,1,1,11,1,10,10
AGAP010175,2,AGAP010175__SITE03;AGAP010175__SITE04,1,0.990405117270789,96,1,1,11,1,1,10
AGAP010175,2,AGAP010175__SITE02;AGAP010175__SITE04,1,0.990405117270789,102,1,1,11,1,2,10
AGAP010175,2,AGAP010175__SITE01;AGAP010175__SITE02,1,0.937100213219616,125,1,1,11,1,3,10
AGAP010175,2,AGAP010175__SITE01;AGAP010175__SITE03,1,0.937100213219616,131,1,1,11,1,4,10
AGAP010175,2,AGAP010175__SITE04;AGAP010175__SITE05,1,0.972814498933902,201,1,1,11,1,5,10
AGAP010175,2,AGAP010175__SITE01;AGAP010175__SITE04,1,0.942430703624733,204,1,1,11,1,6,10
AGAP010175,2,AGAP010175__SITE03;AGAP010175__SITE05,1,0.967484008528785,274,1,1,11,1,7,10
AGAP010175,2,AGAP010175__SITE02;AGAP010175__SITE05,1,0.967484008528785,280,1,1,11,1,8,10
AGAP010175,2,AGAP010175__SITE01;AGAP010175__SITE05,0.995202558635394,0.924307036247335,382,0.96277422108408,0.909090909090909,11,0.976862892415551,9,10
AGAP010175,2,AGAP010175__SITE02;AGAP010175__SITE03,0.992537313432836,0.992537313432836,29,0.949227486128895,0.909090909090909,11,0.971199724807461,10,10
AGAP010175,3,AGAP010175__SITE02;AGAP010175__SITE03;AGAP010175__SITE04,1,0.990405117270789,102,1,1,11,1,1,10
AGAP010175,3,AGAP010175__SITE01;AGAP010175__SITE02;AGAP010175__SITE03,1,0.937100213219616,131,1,1,11,1,2,10
AGAP010175,3,AGAP010175__SITE01;AGAP010175__SITE02;AGAP010175__SITE04,1,0.934968017057569,204,1,1,11,1,3,10
AGAP010175,3,AGAP010175__SITE01;AGAP010175__SITE03;AGAP010175__SITE04,1,0.934968017057569,204,1,1,11,1,4,10
AGAP010175,3,AGAP010175__SITE03;AGAP010175__SITE04;AGAP010175__SITE05,1,0.965351812366738,274,1,1,11,1,5,10
AGAP010175,3,AGAP010175__SITE02;AGAP010175__SITE03;AGAP010175__SITE05,1,0.967484008528785,280,1,1,11,1,6,10
AGAP010175,3,AGAP010175__SITE02;AGAP010175__SITE04;AGAP010175__SITE05,1,0.965351812366738,280,1,1,11,1,7,10
AGAP010175,3,AGAP010175__SITE01;AGAP010175__SITE02;AGAP010175__SITE05,1,0.916844349680171,382,1,1,11,1,8,10
AGAP010175,3,AGAP010175__SITE01;AGAP010175__SITE03;AGAP010175__SITE05,1,0.916844349680171,382,1,1,11,1,9,10
AGAP010175,3,AGAP010175__SITE01;AGAP010175__SITE04;AGAP010175__SITE05,1,0.922174840085288,382,1,1,11,1,10,10
AGAP010197,2,AGAP010197__SITE01;AGAP010197__SITE02,1,0.997867803837953,40,1,1,11,1,1,10
AGAP010197,2,AGAP010197__SITE02;AGAP010197__SITE03,1,0.914712153518124,81,1,1,11,1,2,10
AGAP010197,2,AGAP010197__SITE01;AGAP010197__SITE03,1,0.914712153518124,98,1,1,11,1,3,10
AGAP010197,2,AGAP010197__SITE02;AGAP010197__SITE04,0.998933901918977,0.142324093816631,98,0.998204264870932,1,11,0.998821620612666,4,10
AGAP010197,2,AGAP010197__SITE02;AGAP010197__SITE05,0.998933901918977,0.142324093816631,99,0.998204264870932,1,11,0.998821620612666,5,10
AGAP010197,2,AGAP010197__SITE01;AGAP010197__SITE04,0.998933901918977,0.142324093816631,115,0.992270531400967,1,11,0.997041500571676,6,10
AGAP010197,2,AGAP010197__SITE01;AGAP010197__SITE05,0.998933901918977,0.142324093816631,116,0.992270531400967,1,11,0.997041500571676,7,10
AGAP010197,2,AGAP010197__SITE03;AGAP010197__SITE04,0.915778251599147,0.142324093816631,40,0.859722222222223,0.272727272727273,11,0.834656344898882,8,10
AGAP010197,2,AGAP010197__SITE03;AGAP010197__SITE05,0.915778251599147,0.142324093816631,41,0.859722222222223,0.272727272727273,11,0.834656344898882,9,10
AGAP010197,2,AGAP010197__SITE04;AGAP010197__SITE05,0.142324093816631,0.142324093816631,24,0.0554577464788732,0,11,0.102031780233641,10,10
AGAP010197,3,AGAP010197__SITE01;AGAP010197__SITE02;AGAP010197__SITE03,1,0.9136460554371,98,1,1,11,1,1,10
AGAP010197,3,AGAP010197__SITE02;AGAP010197__SITE03;AGAP010197__SITE04,1,0.142324093816631,98,1,1,11,1,2,10
AGAP010197,3,AGAP010197__SITE02;AGAP010197__SITE03;AGAP010197__SITE05,1,0.142324093816631,99,1,1,11,1,3,10
AGAP010197,3,AGAP010197__SITE01;AGAP010197__SITE02;AGAP010197__SITE04,1,0.142324093816631,115,1,1,11,1,4,10
AGAP010197,3,AGAP010197__SITE01;AGAP010197__SITE03;AGAP010197__SITE04,1,0.142324093816631,115,1,1,11,1,5,10
AGAP010197,3,AGAP010197__SITE01;AGAP010197__SITE02;AGAP010197__SITE05,1,0.142324093816631,116,1,1,11,1,6,10
AGAP010197,3,AGAP010197__SITE01;AGAP010197__SITE03;AGAP010197__SITE05,1,0.142324093816631,116,1,1,11,1,7,10
AGAP010197,3,AGAP010197__SITE02;AGAP010197__SITE04;AGAP010197__SITE05,0.998933901918977,0.142324093816631,99,0.998204264870932,1,11,0.998821620612666,8,10
AGAP010197,3,AGAP010197__SITE01;AGAP010197__SITE04;AGAP010197__SITE05,0.998933901918977,0.142324093816631,116,0.992270531400967,1,11,0.997041500571676,9,10
AGAP010197,3,AGAP010197__SITE03;AGAP010197__SITE04;AGAP010197__SITE05,0.915778251599147,0.142324093816631,41,0.859722222222223,0.272727272727273,11,0.834656344898882,10,10
AGAP010219,2,AGAP010219__SITE04;AGAP010219__SITE05,1,0.968017057569296,47,1,1,11,1,1,10
AGAP010219,2,AGAP010219__SITE01;AGAP010219__SITE02,1,0.951492537313433,98,1,1,11,1,2,10
AGAP010219,2,AGAP010219__SITE02;AGAP010219__SITE03,1,0.971215351812367,113,1,1,11,1,3,10
AGAP010219,2,AGAP010219__SITE01;AGAP010219__SITE03,1,0.970682302771855,188,1,1,11,1,4,10
AGAP010219,2,AGAP010219__SITE03;AGAP010219__SITE04,1,0.963752665245203,219,1,1,11,1,5,10
AGAP010219,2,AGAP010219__SITE03;AGAP010219__SITE05,1,0.994669509594883,243,1,1,11,1,6,10
AGAP010219,2,AGAP010219__SITE02;AGAP010219__SITE04,1,0.94456289978678,309,1,1,11,1,7,10
AGAP010219,2,AGAP010219__SITE02;AGAP010219__SITE05,1,0.975479744136461,333,1,1,11,1,8,10
AGAP010219,2,AGAP010219__SITE01;AGAP010219__SITE04,1,0.944029850746269,384,1,1,11,1,9,10
AGAP010219,2,AGAP010219__SITE01;AGAP010219__SITE05,1,0.974946695095949,408,1,1,11,1,10,10
AGAP010219,3,AGAP010219__SITE01;AGAP010219__SITE02;AGAP010219__SITE03,1,0.946695095948827,188,1,1,11,1,1,10
AGAP010219,3,AGAP010219__SITE03;AGAP010219__SITE04;AGAP010219__SITE05,1,0.963219616204691,243,1,1,11,1,2,10
AGAP010219,3,AGAP010219__SITE02;AGAP010219__SITE03;AGAP010219__SITE04,1,0.939765458422175,309,1,1,11,1,3,10
AGAP010219,3,AGAP010219__SITE02;AGAP010219__SITE03;AGAP010219__SITE05,1,0.970682302771855,333,1,1,11,1,4,10
AGAP010219,3,AGAP010219__SITE02;AGAP010219__SITE04;AGAP010219__SITE05,1,0.944029850746269,333,1,1,11,1,5,10
AGAP010219,3,AGAP010219__SITE01;AGAP010219__SITE02;AGAP010219__SITE04,1,0.920042643923241,384,1,1,11,1,6,10
AGAP010219,3,AGAP010219__SITE01;AGAP010219__SITE03;AGAP010219__SITE04,1,0.939232409381663,384,1,1,11,1,7,10
AGAP010219,3,AGAP010219__SITE01;AGAP010219__SITE02;AGAP010219__SITE05,1,0.950959488272921,408,1,1,11,1,8,10
AGAP010219,3,AGAP010219__SITE01;AGAP010219__SITE03;AGAP010219__SITE05,1,0.970149253731343,408,1,1,11,1,9,10
AGAP010219,3,AGAP010219__SITE01;AGAP010219__SITE04;AGAP010219__SITE05,1,0.943496801705757,408,1,1,11,1,10,10
AGAP010220,2,AGAP010220__SITE01;AGAP010220__SITE02,1,0.950959488272921,46,1,1,11,1,1,10
AGAP010220,2,AGAP010220__SITE01;AGAP010220__SITE03,1,0.950959488272921,47,1,1,11,1,2,10
AGAP010220,2,AGAP010220__SITE03;AGAP010220__SITE04,1,0.791577825159915,65,1,1,11,1,3,10
AGAP010220,2,AGAP010220__SITE02;AGAP010220__SITE04,1,0.791577825159915,66,1,1,11,1,4,10
AGAP010220,2,AGAP010220__SITE03;AGAP010220__SITE05,1,0.791577825159915,76,1,1,11,1,5,10
AGAP010220,2,AGAP010220__SITE02;AGAP010220__SITE05,1,0.791577825159915,77,1,1,11,1,6,10
AGAP010220,2,AGAP010220__SITE01;AGAP010220__SITE04,1,0.835287846481876,89,1,1,11,1,7,10
AGAP010220,2,AGAP010220__SITE01;AGAP010220__SITE05,1,0.835287846481876,100,1,1,11,1,8,10
AGAP010220,2,AGAP010220__SITE02;AGAP010220__SITE03,0.95362473347548,0.95362473347548,24,0.785044814340589,0.636363636363636,11,0.871324648023828,9,10
AGAP010220,2,AGAP010220__SITE04;AGAP010220__SITE05,0.837953091684435,0.837953091684435,34,0.682936507936508,0.454545454545455,11,0.753107352846159,10,10
AGAP010220,3,AGAP010220__SITE01;AGAP010220__SITE02;AGAP010220__SITE03,1,0.950959488272921,47,1,1,11,1,1,10
AGAP010220,3,AGAP010220__SITE02;AGAP010220__SITE03;AGAP010220__SITE04,1,0.791577825159915,66,1,1,11,1,2,10
AGAP010220,3,AGAP010220__SITE03;AGAP010220__SITE04;AGAP010220__SITE05,1,0.791577825159915,76,1,1,11,1,3,10
AGAP010220,3,AGAP010220__SITE02;AGAP010220__SITE03;AGAP010220__SITE05,1,0.791577825159915,77,1,1,11,1,4,10
AGAP010220,3,AGAP010220__SITE02;AGAP010220__SITE04;AGAP010220__SITE05,1,0.791577825159915,77,1,1,11,1,5,10
AGAP010220,3,AGAP010220__SITE01;AGAP010220__SITE02;AGAP010220__SITE04,1,0.788912579957356,89,1,1,11,1,6,10
AGAP010220,3,AGAP010220__SITE01;AGAP010220__SITE03;AGAP010220__SITE04,1,0.788912579957356,89,1,1,11,1,7,10
AGAP010220,3,AGAP010220__SITE01;AGAP010220__SITE02;AGAP010220__SITE05,1,0.788912579957356,100,1,1,11,1,8,10
AGAP010220,3,AGAP010220__SITE01;AGAP010220__SITE03;AGAP010220__SITE05,1,0.788912579957356,100,1,1,11,1,9,10
AGAP010220,3,AGAP010220__SITE01;AGAP010220__SITE04;AGAP010220__SITE05,1,0.835287846481876,100,1,1,11,1,10,10
AGAP010313,2,AGAP010313__SITE04;AGAP010313__SITE05,1,0.998400852878465,42,1,1,11,1,1,10
AGAP010313,2,AGAP010313__SITE03;AGAP010313__SITE04,1,0.998400852878465,119,1,1,11,1,2,10
AGAP010313,2,AGAP010313__SITE02;AGAP010313__SITE04,1,0.998400852878465,127,1,1,11,1,3,10
AGAP010313,2,AGAP010313__SITE03;AGAP010313__SITE05,1,0.998933901918977,138,1,1,11,1,4,10
AGAP010313,2,AGAP010313__SITE02;AGAP010313__SITE05,1,0.998933901918977,146,1,1,11,1,5,10
AGAP010313,2,AGAP010313__SITE01;AGAP010313__SITE02,1,0.998933901918977,208,1,1,11,1,6,10
AGAP010313,2,AGAP010313__SITE01;AGAP010313__SITE03,1,0.998933901918977,216,1,1,11,1,7,10
AGAP010313,2,AGAP010313__SITE01;AGAP010313__SITE04,1,0.998400852878465,312,1,1,11,1,8,10
AGAP010313,2,AGAP010313__SITE01;AGAP010313__SITE05,1,0.998933901918977,331,1,1,11,1,9,10
AGAP010313,2,AGAP010313__SITE02;AGAP010313__SITE03,0.999466950959488,0.999466950959488,31,0.997619047619047,1,11,0.998965884861407,10,10
AGAP010313,3,AGAP010313__SITE02;AGAP010313__SITE03;AGAP010313__SITE04,1,0.998400852878465,127,1,1,11,1,1,10
AGAP010313,3,AGAP010313__SITE03;AGAP010313__SITE04;AGAP010313__SITE05,1,0.997867803837953,138,1,1,11,1,2,10
AGAP010313,3,AGAP010313__SITE02;AGAP010313__SITE03;AGAP010313__SITE05,1,0.998933901918977,146,1,1,11,1,3,10
AGAP010313,3,AGAP010313__SITE02;AGAP010313__SITE04;AGAP010313__SITE05,1,0.997867803837953,146,1,1,11,1,4,10
AGAP010313,3,AGAP010313__SITE01;AGAP010313__SITE02;AGAP010313__SITE03,1,0.998933901918977,216,1,1,11,1,5,10
AGAP010313,3,AGAP010313__SITE01;AGAP010313__SITE02;AGAP010313__SITE04,1,0.997867803837953,312,1,1,11,1,6,10
AGAP010313,3,AGAP010313__SITE01;AGAP010313__SITE03;AGAP010313__SITE04,1,0.997867803837953,312,1,1,11,1,7,10
AGAP010313,3,AGAP010313__SITE01;AGAP010313__SITE02;AGAP010313__SITE05,1,0.998400852878465,331,1,1,11,1,8,10
AGAP010313,3,AGAP010313__SITE01;AGAP010313__SITE03;AGAP010313__SITE05,1,0.998400852878465,331,1,1,11,1,9,10
AGAP010313,3,AGAP010313__SITE01;AGAP010313__SITE04;AGAP010313__SITE05,1,0.997867803837953,331,1,1,11,1,10,10
AGAP010380,2,AGAP010380__SITE01;AGAP010380__SITE02,1,1,54,1,1,11,1,1,10
AGAP010380,2,AGAP010380__SITE02;AGAP010380__SITE03,1,0.969616204690831,75,1,1,11,1,2,10
AGAP010380,2,AGAP010380__SITE01;AGAP010380__SITE03,1,0.969616204690831,106,1,1,11,1,3,10
AGAP010380,2,AGAP010380__SITE03;AGAP010380__SITE04,1,0.960554371002132,710,1,1,11,1,4,10
AGAP010380,2,AGAP010380__SITE02;AGAP010380__SITE04,1,0.990938166311301,762,1,1,11,1,5,10
AGAP010380,2,AGAP010380__SITE01;AGAP010380__SITE04,1,0.990938166311301,793,1,1,11,1,6,10
AGAP010380,2,AGAP010380__SITE02;AGAP010380__SITE05,1,0.311300639658849,819,1,1,11,1,7,10
AGAP010380,2,AGAP010380__SITE01;AGAP010380__SITE05,1,0.311300639658849,850,1,1,11,1,8,10
AGAP010380,2,AGAP010380__SITE04;AGAP010380__SITE05,0.992004264392324,0.310234541577825,80,0.949025641025641,0.909090909090909,11,0.970819341852178,9,10
AGAP010380,2,AGAP010380__SITE03;AGAP010380__SITE05,0.969616204690831,0.311300639658849,767,0.84241452991453,0.909090909090909,11,0.925403172697948,10,10
AGAP010380,3,AGAP010380__SITE01;AGAP010380__SITE02;AGAP010380__SITE03,1,0.969616204690831,106,1,1,11,1,1,10
AGAP010380,3,AGAP010380__SITE02;AGAP010380__SITE03;AGAP010380__SITE04,1,0.960554371002132,762,1,1,11,1,2,10
AGAP010380,3,AGAP010380__SITE03;AGAP010380__SITE04;AGAP010380__SITE05,1,0.310234541577825,767,1,1,11,1,3,10
AGAP010380,3,AGAP010380__SITE01;AGAP010380__SITE02;AGAP010380__SITE04,1,0.990938166311301,793,1,1,11,1,4,10
AGAP010380,3,AGAP010380__SITE01;AGAP010380__SITE03;AGAP010380__SITE04,1,0.960554371002132,793,1,1,11,1,5,10
AGAP010380,3,AGAP010380__SITE02;AGAP010380__SITE03;AGAP010380__SITE05,1,0.311300639658849,819,1,1,11,1,6,10
AGAP010380,3,AGAP010380__SITE02;AGAP010380__SITE04;AGAP010380__SITE05,1,0.310234541577825,819,1,1,11,1,7,10
AGAP010380,3,AGAP010380__SITE01;AGAP010380__SITE02;AGAP010380__SITE05,1,0.311300639658849,850,1,1,11,1,8,10
AGAP010380,3,AGAP010380__SITE01;AGAP010380__SITE03;AGAP010380__SITE05,1,0.311300639658849,850,1,1,11,1,9,10
AGAP010380,3,AGAP010380__SITE01;AGAP010380__SITE04;AGAP010380__SITE05,1,0.310234541577825,850,1,1,11,1,10,10
AGAP010453,2,AGAP010453__SITE02;AGAP010453__SITE03,1,0.950959488272921,48,1,1,11,1,1,10
AGAP010453,2,AGAP010453__SITE02;AGAP010453__SITE04,1,0.950959488272921,64,1,1,11,1,2,10
AGAP010453,2,AGAP010453__SITE02;AGAP010453__SITE05,1,0.965884861407249,176,1,1,11,1,3,10
AGAP010453,2,AGAP010453__SITE01;AGAP010453__SITE02,1,0.953091684434968,211,1,1,11,1,4,10
AGAP010453,2,AGAP010453__SITE01;AGAP010453__SITE03,1,0.968017057569296,236,1,1,11,1,5,10
AGAP010453,2,AGAP010453__SITE01;AGAP010453__SITE04,1,0.968017057569296,252,1,1,11,1,6,10
AGAP010453,2,AGAP010453__SITE01;AGAP010453__SITE05,1,0.982942430703625,364,1,1,11,1,7,10
AGAP010453,2,AGAP010453__SITE04;AGAP010453__SITE05,0.997867803837953,0.982942430703625,135,0.988245838668374,1,11,0.995194433903284,8,10
AGAP010453,2,AGAP010453__SITE03;AGAP010453__SITE05,0.997867803837953,0.982942430703625,151,0.988245838668374,1,11,0.995194433903284,9,10
AGAP010453,2,AGAP010453__SITE03;AGAP010453__SITE04,0.982942430703625,0.982942430703625,39,0.888194444444444,0.909090909090909,11,0.947132882664599,10,10
AGAP010453,3,AGAP010453__SITE02;AGAP010453__SITE03;AGAP010453__SITE04,1,0.950959488272921,64,1,1,11,1,1,10
AGAP010453,3,AGAP010453__SITE02;AGAP010453__SITE03;AGAP010453__SITE05,1,0.950959488272921,176,1,1,11,1,2,10
AGAP010453,3,AGAP010453__SITE02;AGAP010453__SITE04;AGAP010453__SITE05,1,0.950959488272921,176,1,1,11,1,3,10
AGAP010453,3,AGAP010453__SITE01;AGAP010453__SITE02;AGAP010453__SITE03,1,0.936034115138593,236,1,1,11,1,4,10
AGAP010453,3,AGAP010453__SITE01;AGAP010453__SITE02;AGAP010453__SITE04,1,0.936034115138593,252,1,1,11,1,5,10
AGAP010453,3,AGAP010453__SITE01;AGAP010453__SITE03;AGAP010453__SITE04,1,0.968017057569296,252,1,1,11,1,6,10
AGAP010453,3,AGAP010453__SITE01;AGAP010453__SITE02;AGAP010453__SITE05,1,0.950959488272921,364,1,1,11,1,7,10
AGAP010453,3,AGAP010453__SITE01;AGAP010453__SITE03;AGAP010453__SITE05,1,0.968017057569296,364,1,1,11,1,8,10
AGAP010453,3,AGAP010453__SITE01;AGAP010453__SITE04;AGAP010453__SITE05,1,0.968017057569296,364,1,1,11,1,9,10
AGAP010453,3,AGAP010453__SITE03;AGAP010453__SITE04;AGAP010453__SITE05,0.997867803837953,0.982942430703625,151,0.988245838668374,1,11,0.995194433903284,10,10
AGAP010711,2,AGAP010711__SITE03;AGAP010711__SITE04,1,0.979744136460554,212,1,1,11,1,1,10
AGAP010711,2,AGAP010711__SITE03;AGAP010711__SITE05,1,0.979744136460554,212,1,1,11,1,2,10
AGAP010711,2,AGAP010711__SITE02;AGAP010711__SITE03,1,0.988805970149254,237,1,1,11,1,3,10
AGAP010711,2,AGAP010711__SITE01;AGAP010711__SITE03,1,0.988805970149254,238,1,1,11,1,4,10
AGAP010711,2,AGAP010711__SITE02;AGAP010711__SITE04,1,0.985607675906183,426,1,1,11,1,5,10
AGAP010711,2,AGAP010711__SITE02;AGAP010711__SITE05,1,0.985607675906183,426,1,1,11,1,6,10
AGAP010711,2,AGAP010711__SITE01;AGAP010711__SITE04,1,0.985607675906183,427,1,1,11,1,7,10
AGAP010711,2,AGAP010711__SITE01;AGAP010711__SITE05,1,0.985607675906183,427,1,1,11,1,8,10
AGAP010711,2,AGAP010711__SITE01;AGAP010711__SITE02,0.997334754797441,0.997334754797441,24,0.982905982905983,1,11,0.993272647750259,9,10
AGAP010711,2,AGAP010711__SITE04;AGAP010711__SITE05,0.988272921108742,0.988272921108742,23,0.94498506188647,0.909090909090909,11,0.967368362140277,10,10
AGAP010711,3,AGAP010711__SITE03;AGAP010711__SITE04;AGAP010711__SITE05,1,0.979744136460554,212,1,1,11,1,1,10
AGAP010711,3,AGAP010711__SITE01;AGAP010711__SITE02;AGAP010711__SITE03,1,0.988805970149254,238,1,1,11,1,2,10
AGAP010711,3,AGAP010711__SITE02;AGAP010711__SITE03;AGAP010711__SITE04,1,0.977078891257996,426,1,1,11,1,3,10
AGAP010711,3,AGAP010711__SITE02;AGAP010711__SITE03;AGAP010711__SITE05,1,0.977078891257996,426,1,1,11,1,4,10
AGAP010711,3,AGAP010711__SITE02;AGAP010711__SITE04;AGAP010711__SITE05,1,0.985607675906183,426,1,1,11,1,5,10
AGAP010711,3,AGAP010711__SITE01;AGAP010711__SITE02;AGAP010711__SITE04,1,0.985607675906183,427,1,1,11,1,6,10
AGAP010711,3,AGAP010711__SITE01;AGAP010711__SITE02;AGAP010711__SITE05,1,0.985607675906183,427,1,1,11,1,7,10
AGAP010711,3,AGAP010711__SITE01;AGAP010711__SITE03;AGAP010711__SITE04,1,0.977078891257996,427,1,1,11,1,8,10
AGAP010711,3,AGAP010711__SITE01;AGAP010711__SITE03;AGAP010711__SITE05,1,0.977078891257996,427,1,1,11,1,9,10
AGAP010711,3,AGAP010711__SITE01;AGAP010711__SITE04;AGAP010711__SITE05,1,0.985607675906183,427,1,1,11,1,10,10
AGAP010722,2,AGAP010722__SITE01;AGAP010722__SITE02,1,0.495735607675906,52,1,1,11,1,1,10
AGAP010722,2,AGAP010722__SITE02;AGAP010722__SITE03,1,0.967484008528785,86,1,1,11,1,2,10
AGAP010722,2,AGAP010722__SITE02;AGAP010722__SITE04,1,0.942430703624733,92,1,1,11,1,3,10
AGAP010722,2,AGAP010722__SITE04;AGAP010722__SITE05,0.998933901918977,0.613539445628998,48,0.99683341350008,1,11,0.99841036520141,4,10
AGAP010722,2,AGAP010722__SITE01;AGAP010722__SITE04,0.998933901918977,0.497867803837953,121,0.994361111111111,1,11,0.997668674484719,5,10
AGAP010722,2,AGAP010722__SITE03;AGAP010722__SITE04,0.997867803837953,0.970682302771855,29,0.993908212560386,1,11,0.996893146070888,6,10
AGAP010722,2,AGAP010722__SITE01;AGAP010722__SITE03,0.998400852878465,0.523454157782516,115,0.990805555555555,1,11,0.996282178393746,7,10
AGAP010722,2,AGAP010722__SITE03;AGAP010722__SITE05,0.997867803837953,0.639658848614073,54,0.990805555555555,1,11,0.995962348969438,8,10
AGAP010722,2,AGAP010722__SITE02;AGAP010722__SITE05,0.993070362473348,0.618336886993603,117,0.956739223218097,1,11,0.982863984449438,9,10
AGAP010722,2,AGAP010722__SITE01;AGAP010722__SITE05,0.707889125799574,0.457889125799574,146,0.438181818181818,0,11,0.55618802093429,10,10
AGAP010722,3,AGAP010722__SITE02;AGAP010722__SITE03;AGAP010722__SITE04,1,0.94136460554371,92,1,1,11,1,1,10
AGAP010722,3,AGAP010722__SITE01;AGAP010722__SITE02;AGAP010722__SITE03,1,0.494136460554371,115,1,1,11,1,2,10
AGAP010722,3,AGAP010722__SITE02;AGAP010722__SITE03;AGAP010722__SITE05,1,0.61727078891258,117,1,1,11,1,3,10
AGAP010722,3,AGAP010722__SITE02;AGAP010722__SITE04;AGAP010722__SITE05,1,0.591151385927505,117,1,1,11,1,4,10
AGAP010722,3,AGAP010722__SITE01;AGAP010722__SITE02;AGAP010722__SITE04,1,0.468550106609808,121,1,1,11,1,5,10
AGAP010722,3,AGAP010722__SITE01;AGAP010722__SITE02;AGAP010722__SITE05,1,0.435501066098081,146,1,1,11,1,6,10
AGAP010722,3,AGAP010722__SITE01;AGAP010722__SITE03;AGAP010722__SITE04,0.999466950959488,0.497867803837953,121,0.997619047619047,1,11,0.998965884861407,7,10
AGAP010722,3,AGAP010722__SITE01;AGAP010722__SITE04;AGAP010722__SITE05,0.999466950959488,0.431236673773987,146,0.997619047619047,1,11,0.998965884861407,8,10
AGAP010722,3,AGAP010722__SITE03;AGAP010722__SITE04;AGAP010722__SITE05,0.998933901918977,0.613539445628998,54,0.99683341350008,1,11,0.99841036520141,9,10
AGAP010722,3,AGAP010722__SITE01;AGAP010722__SITE03;AGAP010722__SITE05,0.998400852878465,0.45682302771855,146,0.990805555555555,1,11,0.996282178393746,10,10
AGAP011204,2,AGAP011204__SITE02;AGAP011204__SITE04,0.987206823027719,0.696162046908316,47,0.964311594202899,1,11,0.981617572077501,1,10
AGAP011204,2,AGAP011204__SITE01;AGAP011204__SITE04,0.986673773987207,0.702558635394456,53,0.962228260869565,1,11,0.980672742653194,2,10
AGAP011204,2,AGAP011204__SITE04;AGAP011204__SITE05,0.982409381663113,0.700959488272921,58,0.953985507246377,0.909090909090909,11,0.966550372080872,3,10
AGAP011204,2,AGAP011204__SITE02;AGAP011204__SITE05,0.971748400852879,0.865138592750533,82,0.900483091787439,0.727272727272727,11,0.925921240775232,4,10
AGAP011204,2,AGAP011204__SITE01;AGAP011204__SITE05,0.971748400852879,0.871002132196162,88,0.900483091787439,0.727272727272727,11,0.925921240775232,5,10
AGAP011204,2,AGAP011204__SITE03;AGAP011204__SITE05,0.962686567164179,0.663113006396588,70,0.900483091787439,0.727272727272727,11,0.920484140562012,6,10
AGAP011204,2,AGAP011204__SITE01;AGAP011204__SITE03,0.932302771855011,0.699360341151386,41,0.835537439613526,0.363636363636364,11,0.846406531360701,7,10
AGAP011204,2,AGAP011204__SITE01;AGAP011204__SITE02,0.92590618336887,0.916844349680171,29,0.83762077294686,0.272727272727273,11,0.834102669178107,8,10
AGAP011204,2,AGAP011204__SITE02;AGAP011204__SITE03,0.925373134328358,0.700426439232409,35,0.83762077294686,0.181818181818182,11,0.824691930662891,9,10
AGAP011204,2,AGAP011204__SITE03;AGAP011204__SITE04,0.769722814498934,0.702558635394456,35,0.566183574879227,0.181818181818182,11,0.649870579344947,10,10
AGAP011204,3,AGAP011204__SITE02;AGAP011204__SITE04;AGAP011204__SITE05,0.995202558635394,0.655650319829424,82,0.976944444444445,1,11,0.99020486851457,1,10
AGAP011204,3,AGAP011204__SITE01;AGAP011204__SITE04;AGAP011204__SITE05,0.995202558635394,0.662046908315565,88,0.976944444444445,1,11,0.99020486851457,2,10
AGAP011204,3,AGAP011204__SITE02;AGAP011204__SITE03;AGAP011204__SITE04,0.987206823027719,0.695628997867804,47,0.964311594202899,1,11,0.981617572077501,3,10
AGAP011204,3,AGAP011204__SITE01;AGAP011204__SITE02;AGAP011204__SITE04,0.987206823027719,0.695095948827292,53,0.964311594202899,1,11,0.981617572077501,4,10
AGAP011204,3,AGAP011204__SITE01;AGAP011204__SITE03;AGAP011204__SITE04,0.986673773987207,0.694562899786781,53,0.962228260869565,1,11,0.980672742653194,5,10
AGAP011204,3,AGAP011204__SITE03;AGAP011204__SITE04;AGAP011204__SITE05,0.986140724946695,0.662046908315565,70,0.962916666666666,1,11,0.980559434968017,6,10
AGAP011204,3,AGAP011204__SITE02;AGAP011204__SITE03;AGAP011204__SITE05,0.971748400852879,0.656183368869936,82,0.900483091787439,0.727272727272727,11,0.925921240775232,7,10
AGAP011204,3,AGAP011204__SITE01;AGAP011204__SITE02;AGAP011204__SITE05,0.971748400852879,0.863539445628998,88,0.900483091787439,0.727272727272727,11,0.925921240775232,8,10
AGAP011204,3,AGAP011204__SITE01;AGAP011204__SITE03;AGAP011204__SITE05,0.971748400852879,0.655117270788913,88,0.900483091787439,0.727272727272727,11,0.925921240775232,9,10
AGAP011204,3,AGAP011204__SITE01;AGAP011204__SITE02;AGAP011204__SITE03,0.932835820895522,0.699360341151386,41,0.83762077294686,0.363636363636364,11,0.847351360785007,10,10
AGAP011377,2,AGAP011377__SITE04;AGAP011377__SITE05,0.999466950959488,0.8363539445629,53,0.997619047619047,1,11,0.998965884861407,1,10
AGAP011377,2,AGAP011377__SITE03;AGAP011377__SITE05,0.965884861407249,0.399786780383795,78,0.914761904761905,0.909090909090909,11,0.944868579182012,2,10
AGAP011377,2,AGAP011377__SITE02;AGAP011377__SITE05,0.965351812366738,0.180703624733475,135,0.914761904761905,0.909090909090909,11,0.944548749757705,3,10
AGAP011377,2,AGAP011377__SITE01;AGAP011377__SITE05,0.962153518123667,0.0698294243070362,404,0.907619047619047,0.909090909090909,11,0.940486916069005,4,10
AGAP011377,2,AGAP011377__SITE03;AGAP011377__SITE04,0.953091684434968,0.32409381663113,48,0.898333333333333,0.545454545454545,11,0.895900465206435,5,10
AGAP011377,2,AGAP011377__SITE02;AGAP011377__SITE04,0.884328358208955,0.173240938166311,105,0.795555555555556,0.363636363636364,11,0.805627317955676,6,10
AGAP011377,2,AGAP011377__SITE01;AGAP011377__SITE04,0.873667377398721,0.0698294243070362,374,0.776111111111111,0.272727272727273,11,0.784306487045293,7,10
AGAP011377,2,AGAP011377__SITE01;AGAP011377__SITE03,0.43816631130064,0.035181236673774,349,0.291741904417961,0,11,0.350422358105772,8,10
AGAP011377,2,AGAP011377__SITE02;AGAP011377__SITE03,0.412046908315565,0.175373134328358,80,0.194185626579993,0,11,0.305483832963337,9,10
AGAP011377,2,AGAP011377__SITE01;AGAP011377__SITE02,0.221215351812367,0.0325159914712154,292,0.0583333333333333,0,11,0.15022921108742,10,10
AGAP011377,3,AGAP011377__SITE03;AGAP011377__SITE04;AGAP011377__SITE05,0.999466950959488,0.320362473347548,78,0.997619047619047,1,11,0.998965884861407,1,10
AGAP011377,3,AGAP011377__SITE02;AGAP011377__SITE04;AGAP011377__SITE05,0.999466950959488,0.170042643923241,135,0.997619047619047,1,11,0.998965884861407,2,10
AGAP011377,3,AGAP011377__SITE01;AGAP011377__SITE04;AGAP011377__SITE05,0.999466950959488,0.0698294243070362,404,0.997619047619047,1,11,0.998965884861407,3,10
AGAP011377,3,AGAP011377__SITE02;AGAP011377__SITE03;AGAP011377__SITE05,0.965884861407249,0.172174840085288,135,0.914761904761905,0.909090909090909,11,0.944868579182012,4,10
AGAP011377,3,AGAP011377__SITE01;AGAP011377__SITE03;AGAP011377__SITE05,0.965884861407249,0.035181236673774,404,0.914761904761905,0.909090909090909,11,0.944868579182012,5,10
AGAP011377,3,AGAP011377__SITE01;AGAP011377__SITE02;AGAP011377__SITE05,0.965351812366738,0.0325159914712154,404,0.914761904761905,0.909090909090909,11,0.944548749757705,6,10
AGAP011377,3,AGAP011377__SITE02;AGAP011377__SITE03;AGAP011377__SITE04,0.954690831556503,0.166311300639659,105,0.901122334455668,0.636363636363636,11,0.906787562906966,7,10
AGAP011377,3,AGAP011377__SITE01;AGAP011377__SITE03;AGAP011377__SITE04,0.953091684434968,0.035181236673774,374,0.898333333333333,0.545454545454545,11,0.895900465206435,8,10
AGAP011377,3,AGAP011377__SITE01;AGAP011377__SITE02;AGAP011377__SITE04,0.884328358208955,0.0325159914712154,374,0.795555555555556,0.363636363636364,11,0.805627317955676,9,10
AGAP011377,3,AGAP011377__SITE01;AGAP011377__SITE02;AGAP011377__SITE03,0.446162046908316,0.0319829424307036,349,0.291741904417961,0,11,0.355219799470378,10,10
AGAP011849,2,AGAP011849__SITE04;AGAP011849__SITE05,1,0.893390191897655,250,1,1,11,1,1,10
AGAP011849,2,AGAP011849__SITE03;AGAP011849__SITE05,1,0.893923240938166,253,1,1,11,1,2,10
AGAP011849,2,AGAP011849__SITE01;AGAP011849__SITE05,1,0.991471215351812,328,1,1,11,1,3,10
AGAP011849,2,AGAP011849__SITE01;AGAP011849__SITE03,0.999466950959488,0.892324093816631,98,0.997619047619047,1,11,0.998965884861407,4,10
AGAP011849,2,AGAP011849__SITE01;AGAP011849__SITE04,0.999466950959488,0.891791044776119,101,0.997619047619047,1,11,0.998965884861407,5,10
AGAP011849,2,AGAP011849__SITE02;AGAP011849__SITE05,0.99680170575693,0.0687633262260128,318,0.985501165501166,1,11,0.993731373104508,6,10
AGAP011849,2,AGAP011849__SITE01;AGAP011849__SITE02,0.994669509594883,0.0687633262260128,33,0.984253968253968,1,11,0.99207789623312,7,10
AGAP011849,2,AGAP011849__SITE02;AGAP011849__SITE03,0.898720682302772,0.0671641791044776,88,0.813194444444444,0.0909090909090909,11,0.792281651805905,8,10
AGAP011849,2,AGAP011849__SITE02;AGAP011849__SITE04,0.89818763326226,0.0671641791044776,91,0.813194444444444,0.0909090909090909,11,0.791961822381598,9,10
AGAP011849,2,AGAP011849__SITE03;AGAP011849__SITE04,0.897654584221748,0.896055437100213,26,0.813194444444444,0.0909090909090909,11,0.791641992957291,10,10
AGAP011849,3,AGAP011849__SITE03;AGAP011849__SITE04;AGAP011849__SITE05,1,0.892857142857143,253,1,1,11,1,1,10
AGAP011849,3,AGAP011849__SITE02;AGAP011849__SITE03;AGAP011849__SITE05,1,0.0671641791044776,318,1,1,11,1,2,10
AGAP011849,3,AGAP011849__SITE02;AGAP011849__SITE04;AGAP011849__SITE05,1,0.0671641791044776,318,1,1,11,1,3,10
AGAP011849,3,AGAP011849__SITE01;AGAP011849__SITE02;AGAP011849__SITE05,1,0.0687633262260128,328,1,1,11,1,4,10
AGAP011849,3,AGAP011849__SITE01;AGAP011849__SITE03;AGAP011849__SITE05,1,0.889125799573561,328,1,1,11,1,5,10
AGAP011849,3,AGAP011849__SITE01;AGAP011849__SITE04;AGAP011849__SITE05,1,0.888592750533049,328,1,1,11,1,6,10
AGAP011849,3,AGAP011849__SITE01;AGAP011849__SITE02;AGAP011849__SITE03,0.999466950959488,0.0671641791044776,98,0.997619047619047,1,11,0.998965884861407,7,10
AGAP011849,3,AGAP011849__SITE01;AGAP011849__SITE02;AGAP011849__SITE04,0.999466950959488,0.0671641791044776,101,0.997619047619047,1,11,0.998965884861407,8,10
AGAP011849,3,AGAP011849__SITE01;AGAP011849__SITE03;AGAP011849__SITE04,0.999466950959488,0.891257995735608,101,0.997619047619047,1,11,0.998965884861407,9,10
AGAP011849,3,AGAP011849__SITE02;AGAP011849__SITE03;AGAP011849__SITE04,0.899253731343284,0.0671641791044776,91,0.813194444444444,0.0909090909090909,11,0.792601481230213,10,10
AGAP011938,2,AGAP011938__SITE02;AGAP011938__SITE03,1,0.893390191897655,320,1,1,11,1,1,10
AGAP011938,2,AGAP011938__SITE01;AGAP011938__SITE03,1,0.893390191897655,321,1,1,11,1,2,10
AGAP011938,2,AGAP011938__SITE03;AGAP011938__SITE05,1,0.950959488272921,567,1,1,11,1,3,10
AGAP011938,2,AGAP011938__SITE02;AGAP011938__SITE05,1,0.934968017057569,864,1,1,11,1,4,10
AGAP011938,2,AGAP011938__SITE01;AGAP011938__SITE05,1,0.934968017057569,865,1,1,11,1,5,10
AGAP011938,2,AGAP011938__SITE04;AGAP011938__SITE05,0.998400852878465,0.681236673773987,96,0.996047779381113,1,11,0.997854845541413,6,10
AGAP011938,2,AGAP011938__SITE02;AGAP011938__SITE04,0.987206823027719,0.634861407249467,791,0.943055555555556,0.909090909090909,11,0.966149851392389,7,10
AGAP011938,2,AGAP011938__SITE01;AGAP011938__SITE04,0.987206823027719,0.634861407249467,792,0.943055555555556,0.909090909090909,11,0.966149851392389,8,10
AGAP011938,2,AGAP011938__SITE03;AGAP011938__SITE04,0.977078891257996,0.660980810234542,494,0.647222222222222,0.909090909090909,11,0.871323092330555,9,10
AGAP011938,2,AGAP011938__SITE01;AGAP011938__SITE02,0.938699360341151,0.938699360341151,24,0.824600520252694,0.545454545454545,11,0.865145226825953,10,10
AGAP011938,3,AGAP011938__SITE01;AGAP011938__SITE02;AGAP011938__SITE03,1,0.893390191897655,321,1,1,11,1,1,10
AGAP011938,3,AGAP011938__SITE03;AGAP011938__SITE04;AGAP011938__SITE05,1,0.658848614072495,567,1,1,11,1,2,10
AGAP011938,3,AGAP011938__SITE02;AGAP011938__SITE03;AGAP011938__SITE04,1,0.612473347547974,791,1,1,11,1,3,10
AGAP011938,3,AGAP011938__SITE01;AGAP011938__SITE03;AGAP011938__SITE04,1,0.612473347547974,792,1,1,11,1,4,10
AGAP011938,3,AGAP011938__SITE02;AGAP011938__SITE03;AGAP011938__SITE05,1,0.889658848614073,864,1,1,11,1,5,10
AGAP011938,3,AGAP011938__SITE02;AGAP011938__SITE04;AGAP011938__SITE05,1,0.63272921108742,864,1,1,11,1,6,10
AGAP011938,3,AGAP011938__SITE01;AGAP011938__SITE02;AGAP011938__SITE05,1,0.934968017057569,865,1,1,11,1,7,10
AGAP011938,3,AGAP011938__SITE01;AGAP011938__SITE03;AGAP011938__SITE05,1,0.889658848614073,865,1,1,11,1,8,10
AGAP011938,3,AGAP011938__SITE01;AGAP011938__SITE04;AGAP011938__SITE05,1,0.63272921108742,865,1,1,11,1,9,10
AGAP011938,3,AGAP011938__SITE01;AGAP011938__SITE02;AGAP011938__SITE04,0.987206823027719,0.634861407249467,792,0.943055555555556,0.909090909090909,11,0.966149851392389,10,10
AGAP011966,2,AGAP011966__SITE01;AGAP011966__SITE04,1,0.980810234541578,121,1,1,11,1,1,10
AGAP011966,2,AGAP011966__SITE03;AGAP011966__SITE04,0.995735607675906,0.437633262260128,108,0.988722222222223,1,11,0.99405803127221,2,10
AGAP011966,2,AGAP011966__SITE02;AGAP011966__SITE04,0.995735607675906,0.434434968017058,112,0.988722222222223,1,11,0.99405803127221,3,10
AGAP011966,2,AGAP011966__SITE04;AGAP011966__SITE05,0.993070362473348,0.0490405117270789,89,0.986634920634921,1,11,0.991832693674485,4,10
AGAP011966,2,AGAP011966__SITE01;AGAP011966__SITE03,0.992004264392324,0.436034115138593,36,0.985019274874348,1,11,0.990708341097699,5,10
AGAP011966,2,AGAP011966__SITE01;AGAP011966__SITE02,0.988805970149254,0.436034115138593,32,0.972639437856829,1,11,0.985075413446601,6,10
AGAP011966,2,AGAP011966__SITE01;AGAP011966__SITE05,0.98773987206823,0.0490405117270789,187,0.965144927536232,1,11,0.982187401501808,7,10
AGAP011966,2,AGAP011966__SITE03;AGAP011966__SITE05,0.446162046908316,0.0431769722814499,174,0.303038839095177,0,11,0.358608879873543,8,10
AGAP011966,2,AGAP011966__SITE02;AGAP011966__SITE05,0.442963752665245,0.0431769722814499,178,0.303038839095177,0,11,0.3566899033277,9,10
AGAP011966,2,AGAP011966__SITE02;AGAP011966__SITE03,0.440298507462687,0.437100213219616,27,0.299752454118651,0,11,0.354104840713208,10,10
AGAP011966,3,AGAP011966__SITE01;AGAP011966__SITE02;AGAP011966__SITE04,1,0.433368869936034,121,1,1,11,1,1,10
AGAP011966,3,AGAP011966__SITE01;AGAP011966__SITE03;AGAP011966__SITE04,1,0.433368869936034,121,1,1,11,1,2,10
AGAP011966,3,AGAP011966__SITE01;AGAP011966__SITE04;AGAP011966__SITE05,1,0.0490405117270789,187,1,1,11,1,3,10
AGAP011966,3,AGAP011966__SITE02;AGAP011966__SITE03;AGAP011966__SITE04,0.995735607675906,0.434434968017058,112,0.988722222222223,1,11,0.99405803127221,4,10
AGAP011966,3,AGAP011966__SITE03;AGAP011966__SITE04;AGAP011966__SITE05,0.995735607675906,0.0431769722814499,174,0.988722222222223,1,11,0.99405803127221,5,10
AGAP011966,3,AGAP011966__SITE02;AGAP011966__SITE04;AGAP011966__SITE05,0.995735607675906,0.0431769722814499,178,0.988722222222223,1,11,0.99405803127221,6,10
AGAP011966,3,AGAP011966__SITE01;AGAP011966__SITE02;AGAP011966__SITE03,0.992004264392324,0.436034115138593,36,0.985019274874348,1,11,0.990708341097699,7,10
AGAP011966,3,AGAP011966__SITE01;AGAP011966__SITE03;AGAP011966__SITE05,0.992004264392324,0.0431769722814499,187,0.985019274874348,1,11,0.990708341097699,8,10
AGAP011966,3,AGAP011966__SITE01;AGAP011966__SITE02;AGAP011966__SITE05,0.988805970149254,0.0431769722814499,187,0.972639437856829,1,11,0.985075413446601,9,10
AGAP011966,3,AGAP011966__SITE02;AGAP011966__SITE03;AGAP011966__SITE05,0.446162046908316,0.0431769722814499,178,0.303038839095177,0,11,0.358608879873543,10,10
AGAP012142,2,AGAP012142__SITE03;AGAP012142__SITE04,1,0.858208955223881,136,1,1,11,1,1,10
AGAP012142,2,AGAP012142__SITE01;AGAP012142__SITE03,1,0.985074626865672,206,1,1,11,1,2,10
AGAP012142,2,AGAP012142__SITE03;AGAP012142__SITE05,1,0.972814498933902,331,1,1,11,1,3,10
AGAP012142,2,AGAP012142__SITE01;AGAP012142__SITE05,1,0.958955223880597,514,1,1,11,1,4,10
AGAP012142,2,AGAP012142__SITE02;AGAP012142__SITE03,0.999466950959488,0.122601279317697,141,0.999102132435466,1,11,0.999410810306333,5,10
AGAP012142,2,AGAP012142__SITE01;AGAP012142__SITE04,0.999466950959488,0.844882729211087,319,0.999102132435466,1,11,0.999410810306333,6,10
AGAP012142,2,AGAP012142__SITE04;AGAP012142__SITE05,0.995202558635394,0.836886993603412,218,0.984080808080808,1,11,0.992345777605479,7,10
AGAP012142,2,AGAP012142__SITE02;AGAP012142__SITE05,0.982942430703625,0.113006396588486,449,0.969001122334456,1,11,0.980465795122512,8,10
AGAP012142,2,AGAP012142__SITE01;AGAP012142__SITE02,0.985607675906183,0.122601279317697,88,0.950615942028986,0.909090909090909,11,0.967458479061496,9,10
AGAP012142,2,AGAP012142__SITE02;AGAP012142__SITE04,0.882196162046908,0.0991471215351812,254,0.829166666666667,0.0909090909090909,11,0.787158606319054,10,10
AGAP012142,3,AGAP012142__SITE01;AGAP012142__SITE02;AGAP012142__SITE03,1,0.122601279317697,206,1,1,11,1,1,10
AGAP012142,3,AGAP012142__SITE02;AGAP012142__SITE03;AGAP012142__SITE04,1,0.0991471215351812,254,1,1,11,1,2,10
AGAP012142,3,AGAP012142__SITE01;AGAP012142__SITE03;AGAP012142__SITE04,1,0.844349680170576,319,1,1,11,1,3,10
AGAP012142,3,AGAP012142__SITE03;AGAP012142__SITE04;AGAP012142__SITE05,1,0.8363539445629,331,1,1,11,1,4,10
AGAP012142,3,AGAP012142__SITE02;AGAP012142__SITE03;AGAP012142__SITE05,1,0.113006396588486,449,1,1,11,1,5,10
AGAP012142,3,AGAP012142__SITE01;AGAP012142__SITE02;AGAP012142__SITE05,1,0.113006396588486,514,1,1,11,1,6,10
AGAP012142,3,AGAP012142__SITE01;AGAP012142__SITE03;AGAP012142__SITE05,1,0.958422174840085,514,1,1,11,1,7,10
AGAP012142,3,AGAP012142__SITE01;AGAP012142__SITE04;AGAP012142__SITE05,1,0.823027718550107,514,1,1,11,1,8,10
AGAP012142,3,AGAP012142__SITE01;AGAP012142__SITE02;AGAP012142__SITE04,0.999466950959488,0.0991471215351812,319,0.999102132435466,1,11,0.999410810306333,9,10
AGAP012142,3,AGAP012142__SITE02;AGAP012142__SITE04;AGAP012142__SITE05,0.996268656716418,0.0906183368869936,449,0.990984848484849,1,11,0.995056648575305,10,10
AGAP012424,2,AGAP012424__SITE04;AGAP012424__SITE05,1,1,30,1,1,11,1,1,10
AGAP012424,2,AGAP012424__SITE02;AGAP012424__SITE03,1,0.989339019189765,52,1,1,11,1,2,10
AGAP012424,2,AGAP012424__SITE01;AGAP012424__SITE02,1,0.985607675906183,525,1,1,11,1,3,10
AGAP012424,2,AGAP012424__SITE01;AGAP012424__SITE03,1,0.992004264392324,554,1,1,11,1,4,10
AGAP012424,2,AGAP012424__SITE03;AGAP012424__SITE04,1,0.997867803837953,11429,1,1,11,1,5,10
AGAP012424,2,AGAP012424__SITE03;AGAP012424__SITE05,1,0.997867803837953,11436,1,1,11,1,6,10
AGAP012424,2,AGAP012424__SITE02;AGAP012424__SITE04,1,0.991471215351812,11458,1,1,11,1,7,10
AGAP012424,2,AGAP012424__SITE02;AGAP012424__SITE05,1,0.991471215351812,11465,1,1,11,1,8,10
AGAP012424,2,AGAP012424__SITE01;AGAP012424__SITE04,1,0.994136460554371,11960,1,1,11,1,9,10
AGAP012424,2,AGAP012424__SITE01;AGAP012424__SITE05,1,0.994136460554371,11967,1,1,11,1,10,10
AGAP012424,3,AGAP012424__SITE01;AGAP012424__SITE02;AGAP012424__SITE03,1,0.983475479744136,554,1,1,11,1,1,10
AGAP012424,3,AGAP012424__SITE03;AGAP012424__SITE04;AGAP012424__SITE05,1,0.997867803837953,11436,1,1,11,1,2,10
AGAP012424,3,AGAP012424__SITE02;AGAP012424__SITE03;AGAP012424__SITE04,1,0.989339019189765,11458,1,1,11,1,3,10
AGAP012424,3,AGAP012424__SITE02;AGAP012424__SITE03;AGAP012424__SITE05,1,0.989339019189765,11465,1,1,11,1,4,10
AGAP012424,3,AGAP012424__SITE02;AGAP012424__SITE04;AGAP012424__SITE05,1,0.991471215351812,11465,1,1,11,1,5,10
AGAP012424,3,AGAP012424__SITE01;AGAP012424__SITE02;AGAP012424__SITE04,1,0.985607675906183,11960,1,1,11,1,6,10
AGAP012424,3,AGAP012424__SITE01;AGAP012424__SITE03;AGAP012424__SITE04,1,0.992004264392324,11960,1,1,11,1,7,10
AGAP012424,3,AGAP012424__SITE01;AGAP012424__SITE02;AGAP012424__SITE05,1,0.985607675906183,11967,1,1,11,1,8,10
AGAP012424,3,AGAP012424__SITE01;AGAP012424__SITE03;AGAP012424__SITE05,1,0.992004264392324,11967,1,1,11,1,9,10
AGAP012424,3,AGAP012424__SITE01;AGAP012424__SITE04;AGAP012424__SITE05,1,0.994136460554371,11967,1,1,11,1,10,10
AGAP012991,2,AGAP012991__SITE03;AGAP012991__SITE04,1,0.9596018735363,33,1,1,11,1,1,10
AGAP012991,2,AGAP012991__SITE02;AGAP012991__SITE04,1,0.959016393442623,43,1,1,11,1,2,10
AGAP012991,2,AGAP012991__SITE04;AGAP012991__SITE05,1,0.911592505854801,63,1,1,11,1,3,10
AGAP012991,2,AGAP012991__SITE01;AGAP012991__SITE02,1,0.989461358313817,73,1,1,11,1,4,10
AGAP012991,2,AGAP012991__SITE03;AGAP012991__SITE05,1,0.949648711943794,73,1,1,11,1,5,10
AGAP012991,2,AGAP012991__SITE01;AGAP012991__SITE03,1,0.990046838407494,83,1,1,11,1,6,10
AGAP012991,2,AGAP012991__SITE02;AGAP012991__SITE05,1,0.949063231850117,83,1,1,11,1,7,10
AGAP012991,2,AGAP012991__SITE01;AGAP012991__SITE04,1,0.951990632318501,93,1,1,11,1,8,10
AGAP012991,2,AGAP012991__SITE01;AGAP012991__SITE05,1,0.942037470725995,133,1,1,11,1,9,10
AGAP012991,2,AGAP012991__SITE02;AGAP012991__SITE03,0.998829039812646,0.99824355971897,33,0.992592592592593,1,11,0.997075201665365,10,10
AGAP012991,3,AGAP012991__SITE02;AGAP012991__SITE03;AGAP012991__SITE04,1,0.959016393442623,43,1,1,11,1,1,10
AGAP012991,3,AGAP012991__SITE03;AGAP012991__SITE04;AGAP012991__SITE05,1,0.910421545667447,73,1,1,11,1,2,10
AGAP012991,3,AGAP012991__SITE01;AGAP012991__SITE02;AGAP012991__SITE03,1,0.989461358313817,83,1,1,11,1,3,10
AGAP012991,3,AGAP012991__SITE02;AGAP012991__SITE03;AGAP012991__SITE05,1,0.949063231850117,83,1,1,11,1,4,10
AGAP012991,3,AGAP012991__SITE02;AGAP012991__SITE04;AGAP012991__SITE05,1,0.909836065573771,83,1,1,11,1,5,10
AGAP012991,3,AGAP012991__SITE01;AGAP012991__SITE02;AGAP012991__SITE04,1,0.950234192037471,93,1,1,11,1,6,10
AGAP012991,3,AGAP012991__SITE01;AGAP012991__SITE03;AGAP012991__SITE04,1,0.950819672131147,93,1,1,11,1,7,10
AGAP012991,3,AGAP012991__SITE01;AGAP012991__SITE02;AGAP012991__SITE05,1,0.940281030444965,133,1,1,11,1,8,10
AGAP012991,3,AGAP012991__SITE01;AGAP012991__SITE03;AGAP012991__SITE05,1,0.940866510538642,133,1,1,11,1,9,10
AGAP012991,3,AGAP012991__SITE01;AGAP012991__SITE04;AGAP012991__SITE05,1,0.902810304449649,133,1,1,11,1,10,10
AGAP028779,2,AGAP028779__SITE04;AGAP028779__SITE05,0.999466950959488,0.999466950959488,24,0.999102132435466,1,11,0.999410810306333,1,10
AGAP028779,2,AGAP028779__SITE01;AGAP028779__SITE04,0.999466950959488,0.949360341151386,40,0.999102132435466,1,11,0.999410810306333,2,10
AGAP028779,2,AGAP028779__SITE03;AGAP028779__SITE04,0.999466950959488,0.949360341151386,40,0.999102132435466,1,11,0.999410810306333,3,10
AGAP028779,2,AGAP028779__SITE01;AGAP028779__SITE05,0.999466950959488,0.949360341151386,41,0.999102132435466,1,11,0.999410810306333,4,10
AGAP028779,2,AGAP028779__SITE02;AGAP028779__SITE04,0.999466950959488,0.949360341151386,41,0.999102132435466,1,11,0.999410810306333,5,10
AGAP028779,2,AGAP028779__SITE03;AGAP028779__SITE05,0.999466950959488,0.949360341151386,41,0.999102132435466,1,11,0.999410810306333,6,10
AGAP028779,2,AGAP028779__SITE02;AGAP028779__SITE05,0.999466950959488,0.949360341151386,42,0.999102132435466,1,11,0.999410810306333,7,10
AGAP028779,2,AGAP028779__SITE01;AGAP028779__SITE03,0.949360341151386,0.949360341151386,23,0.766666666666666,0.636363636363636,11,0.863252568327195,8,10
AGAP028779,2,AGAP028779__SITE01;AGAP028779__SITE02,0.949360341151386,0.949360341151386,24,0.766666666666666,0.636363636363636,11,0.863252568327195,9,10
AGAP028779,2,AGAP028779__SITE02;AGAP028779__SITE03,0.949360341151386,0.949360341151386,24,0.766666666666666,0.636363636363636,11,0.863252568327195,10,10
AGAP028779,3,AGAP028779__SITE01;AGAP028779__SITE03;AGAP028779__SITE04,0.999466950959488,0.949360341151386,40,0.999102132435466,1,11,0.999410810306333,1,10
AGAP028779,3,AGAP028779__SITE01;AGAP028779__SITE02;AGAP028779__SITE04,0.999466950959488,0.949360341151386,41,0.999102132435466,1,11,0.999410810306333,2,10
AGAP028779,3,AGAP028779__SITE01;AGAP028779__SITE03;AGAP028779__SITE05,0.999466950959488,0.949360341151386,41,0.999102132435466,1,11,0.999410810306333,3,10
AGAP028779,3,AGAP028779__SITE01;AGAP028779__SITE04;AGAP028779__SITE05,0.999466950959488,0.949360341151386,41,0.999102132435466,1,11,0.999410810306333,4,10
AGAP028779,3,AGAP028779__SITE02;AGAP028779__SITE03;AGAP028779__SITE04,0.999466950959488,0.949360341151386,41,0.999102132435466,1,11,0.999410810306333,5,10
AGAP028779,3,AGAP028779__SITE03;AGAP028779__SITE04;AGAP028779__SITE05,0.999466950959488,0.949360341151386,41,0.999102132435466,1,11,0.999410810306333,6,10
AGAP028779,3,AGAP028779__SITE01;AGAP028779__SITE02;AGAP028779__SITE05,0.999466950959488,0.949360341151386,42,0.999102132435466,1,11,0.999410810306333,7,10
AGAP028779,3,AGAP028779__SITE02;AGAP028779__SITE03;AGAP028779__SITE05,0.999466950959488,0.949360341151386,42,0.999102132435466,1,11,0.999410810306333,8,10
AGAP028779,3,AGAP028779__SITE02;AGAP028779__SITE04;AGAP028779__SITE05,0.999466950959488,0.949360341151386,42,0.999102132435466,1,11,0.999410810306333,9,10
AGAP028779,3,AGAP028779__SITE01;AGAP028779__SITE02;AGAP028779__SITE03,0.949360341151386,0.949360341151386,24,0.766666666666666,0.636363636363636,11,0.863252568327195,10,10
AGAP029982,2,AGAP029982__SITE02;AGAP029982__SITE03,1,0.965351812366738,76,1,1,11,1,1,10
AGAP029982,2,AGAP029982__SITE01;AGAP029982__SITE02,1,0.980810234541578,309,1,1,11,1,2,10
AGAP029982,2,AGAP029982__SITE01;AGAP029982__SITE03,1,0.976012793176972,362,1,1,11,1,3,10
AGAP029982,3,AGAP029982__SITE01;AGAP029982__SITE02;AGAP029982__SITE03,1,0.961087420042644,362,1,1,11,1,1,10
AGAP000099,2,AGAP000099__SITE03;AGAP000099__SITE04,1,0.983021077283372,97,1,1,9,1,1,20
AGAP000099,2,AGAP000099__SITE04;AGAP000099__SITE05,1,0.992388758782201,165,1,1,9,1,2,20
AGAP000099,2,AGAP000099__SITE03;AGAP000099__SITE05,1,0.981264637002342,239,1,1,9,1,3,20
AGAP000099,2,AGAP000099__SITE02;AGAP000099__SITE03,1,0.968969555035129,316,1,1,9,1,4,20
AGAP000099,2,AGAP000099__SITE01;AGAP000099__SITE03,1,0.968969555035129,321,1,1,9,1,5,20
AGAP000099,2,AGAP000099__SITE02;AGAP000099__SITE04,1,0.980093676814988,390,1,1,9,1,6,20
AGAP000099,2,AGAP000099__SITE01;AGAP000099__SITE04,1,0.980093676814988,395,1,1,9,1,7,20
AGAP000099,2,AGAP000099__SITE02;AGAP000099__SITE05,1,0.978337236533958,532,1,1,9,1,8,20
AGAP000099,2,AGAP000099__SITE01;AGAP000099__SITE05,1,0.978337236533958,537,1,1,9,1,9,20
AGAP000099,2,AGAP000099__SITE01;AGAP000099__SITE02,0.983021077283372,0.983021077283372,28,0.962549751243781,1,9,0.978577571743157,10,20
AGAP000099,3,AGAP000099__SITE03;AGAP000099__SITE04;AGAP000099__SITE05,1,0.978337236533958,239,1,1,9,1,1,20
AGAP000099,3,AGAP000099__SITE01;AGAP000099__SITE02;AGAP000099__SITE03,1,0.968969555035129,321,1,1,9,1,2,20
AGAP000099,3,AGAP000099__SITE02;AGAP000099__SITE03;AGAP000099__SITE04,1,0.966042154566745,390,1,1,9,1,3,20
AGAP000099,3,AGAP000099__SITE01;AGAP000099__SITE02;AGAP000099__SITE04,1,0.980093676814988,395,1,1,9,1,4,20
AGAP000099,3,AGAP000099__SITE01;AGAP000099__SITE03;AGAP000099__SITE04,1,0.966042154566745,395,1,1,9,1,5,20
AGAP000099,3,AGAP000099__SITE02;AGAP000099__SITE03;AGAP000099__SITE05,1,0.964285714285714,532,1,1,9,1,6,20
AGAP000099,3,AGAP000099__SITE02;AGAP000099__SITE04;AGAP000099__SITE05,1,0.975409836065574,532,1,1,9,1,7,20
AGAP000099,3,AGAP000099__SITE01;AGAP000099__SITE02;AGAP000099__SITE05,1,0.978337236533958,537,1,1,9,1,8,20
AGAP000099,3,AGAP000099__SITE01;AGAP000099__SITE03;AGAP000099__SITE05,1,0.964285714285714,537,1,1,9,1,9,20
AGAP000099,3,AGAP000099__SITE01;AGAP000099__SITE04;AGAP000099__SITE05,1,0.975409836065574,537,1,1,9,1,10,20
AGAP000399,2,AGAP000399__SITE04;AGAP000399__SITE05,1,0.991217798594848,370,1,1,9,1,1,20
AGAP000399,2,AGAP000399__SITE03;AGAP000399__SITE05,1,0.984777517564403,448,1,1,9,1,2,20
AGAP000399,2,AGAP000399__SITE02;AGAP000399__SITE03,1,0.988290398126464,656,1,1,9,1,3,20
AGAP000399,2,AGAP000399__SITE02;AGAP000399__SITE04,1,0.994730679156909,734,1,1,9,1,4,20
AGAP000399,2,AGAP000399__SITE02;AGAP000399__SITE05,1,0.995316159250585,1081,1,1,9,1,5,20
AGAP000399,2,AGAP000399__SITE01;AGAP000399__SITE02,1,0.986533957845433,7465,1,1,9,1,6,20
AGAP000399,2,AGAP000399__SITE01;AGAP000399__SITE03,1,0.975995316159251,8098,1,1,9,1,7,20
AGAP000399,2,AGAP000399__SITE01;AGAP000399__SITE04,1,0.982435597189695,8176,1,1,9,1,8,20
AGAP000399,2,AGAP000399__SITE01;AGAP000399__SITE05,1,0.983021077283372,8523,1,1,9,1,9,20
AGAP000399,2,AGAP000399__SITE03;AGAP000399__SITE04,0.999414519906323,0.984777517564403,101,0.998550724637681,1,9,0.999213929335098,10,20
AGAP000399,3,AGAP000399__SITE03;AGAP000399__SITE04;AGAP000399__SITE05,1,0.980679156908665,448,1,1,9,1,1,20
AGAP000399,3,AGAP000399__SITE02;AGAP000399__SITE03;AGAP000399__SITE04,1,0.984192037470726,734,1,1,9,1,2,20
AGAP000399,3,AGAP000399__SITE02;AGAP000399__SITE03;AGAP000399__SITE05,1,0.984192037470726,1081,1,1,9,1,3,20
AGAP000399,3,AGAP000399__SITE02;AGAP000399__SITE04;AGAP000399__SITE05,1,0.990632318501171,1081,1,1,9,1,4,20
AGAP000399,3,AGAP000399__SITE01;AGAP000399__SITE02;AGAP000399__SITE03,1,0.975409836065574,8098,1,1,9,1,5,20
AGAP000399,3,AGAP000399__SITE01;AGAP000399__SITE02;AGAP000399__SITE04,1,0.981850117096019,8176,1,1,9,1,6,20
AGAP000399,3,AGAP000399__SITE01;AGAP000399__SITE03;AGAP000399__SITE04,1,0.971896955503513,8176,1,1,9,1,7,20
AGAP000399,3,AGAP000399__SITE01;AGAP000399__SITE02;AGAP000399__SITE05,1,0.982435597189695,8523,1,1,9,1,8,20
AGAP000399,3,AGAP000399__SITE01;AGAP000399__SITE03;AGAP000399__SITE05,1,0.971896955503513,8523,1,1,9,1,9,20
AGAP000399,3,AGAP000399__SITE01;AGAP000399__SITE04;AGAP000399__SITE05,1,0.978337236533958,8523,1,1,9,1,10,20
AGAP000627,2,AGAP000627__SITE04;AGAP000627__SITE05,1,0.995901639344262,64,1,1,9,1,1,20
AGAP000627,2,AGAP000627__SITE03;AGAP000627__SITE05,1,0.995316159250585,65,1,1,9,1,2,20
AGAP000627,2,AGAP000627__SITE02;AGAP000627__SITE05,1,0.997072599531616,68,1,1,9,1,3,20
AGAP000627,2,AGAP000627__SITE01;AGAP000627__SITE05,1,0.997072599531616,70,1,1,9,1,4,20
AGAP000627,2,AGAP000627__SITE02;AGAP000627__SITE04,0.999414519906323,0.997072599531616,27,0.998550724637681,1,9,0.999213929335098,5,20
AGAP000627,2,AGAP000627__SITE01;AGAP000627__SITE04,0.999414519906323,0.997072599531616,29,0.998550724637681,1,9,0.999213929335098,6,20
AGAP000627,2,AGAP000627__SITE01;AGAP000627__SITE02,0.998829039812646,0.998829039812646,25,0.997101449275362,1,9,0.998427858670196,7,20
AGAP000627,2,AGAP000627__SITE02;AGAP000627__SITE03,0.998829039812646,0.997072599531616,26,0.997101449275362,1,9,0.998427858670196,8,20
AGAP000627,2,AGAP000627__SITE01;AGAP000627__SITE03,0.998829039812646,0.997072599531616,28,0.997101449275362,1,9,0.998427858670196,9,20
AGAP000627,2,AGAP000627__SITE03;AGAP000627__SITE04,0.997658079625293,0.997072599531616,24,0.993336886993603,1,9,0.996595913873257,10,20
AGAP000627,3,AGAP000627__SITE03;AGAP000627__SITE04;AGAP000627__SITE05,1,0.995316159250585,65,1,1,9,1,1,20
AGAP000627,3,AGAP000627__SITE02;AGAP000627__SITE03;AGAP000627__SITE05,1,0.995316159250585,68,1,1,9,1,2,20
AGAP000627,3,AGAP000627__SITE02;AGAP000627__SITE04;AGAP000627__SITE05,1,0.995316159250585,68,1,1,9,1,3,20
AGAP000627,3,AGAP000627__SITE01;AGAP000627__SITE02;AGAP000627__SITE05,1,0.997072599531616,70,1,1,9,1,4,20
AGAP000627,3,AGAP000627__SITE01;AGAP000627__SITE03;AGAP000627__SITE05,1,0.995316159250585,70,1,1,9,1,5,20
AGAP000627,3,AGAP000627__SITE01;AGAP000627__SITE04;AGAP000627__SITE05,1,0.995316159250585,70,1,1,9,1,6,20
AGAP000627,3,AGAP000627__SITE02;AGAP000627__SITE03;AGAP000627__SITE04,0.999414519906323,0.997072599531616,27,0.998550724637681,1,9,0.999213929335098,7,20
AGAP000627,3,AGAP000627__SITE01;AGAP000627__SITE02;AGAP000627__SITE04,0.999414519906323,0.997072599531616,29,0.998550724637681,1,9,0.999213929335098,8,20
AGAP000627,3,AGAP000627__SITE01;AGAP000627__SITE03;AGAP000627__SITE04,0.999414519906323,0.997072599531616,29,0.998550724637681,1,9,0.999213929335098,9,20
AGAP000627,3,AGAP000627__SITE01;AGAP000627__SITE02;AGAP000627__SITE03,0.998829039812646,0.997072599531616,28,0.997101449275362,1,9,0.998427858670196,10,20
AGAP000999,2,AGAP000999__SITE01;AGAP000999__SITE02,0.992388758782201,0.988875878220141,35,0.951410425323469,0.888888888888889,9,0.96974527175525,1,20
AGAP001015,2,AGAP001015__SITE03;AGAP001015__SITE04,1,0.958430913348946,343,1,1,9,1,1,20
AGAP001015,2,AGAP001015__SITE04;AGAP001015__SITE05,1,0.964871194379391,579,1,1,9,1,2,20
AGAP001015,2,AGAP001015__SITE02;AGAP001015__SITE03,1,0.990046838407494,638,1,1,9,1,3,20
AGAP001015,2,AGAP001015__SITE01;AGAP001015__SITE03,1,0.978922716627635,646,1,1,9,1,4,20
AGAP001015,2,AGAP001015__SITE03;AGAP001015__SITE05,1,0.992388758782201,899,1,1,9,1,5,20
AGAP001015,2,AGAP001015__SITE02;AGAP001015__SITE04,1,0.962529274004684,958,1,1,9,1,6,20
AGAP001015,2,AGAP001015__SITE02;AGAP001015__SITE05,1,0.996487119437939,1514,1,1,9,1,7,20
AGAP001015,2,AGAP001015__SITE01;AGAP001015__SITE05,1,0.98536299765808,1522,1,1,9,1,8,20
AGAP001015,2,AGAP001015__SITE01;AGAP001015__SITE02,0.999414519906323,0.983606557377049,31,0.990833333333333,1,9,0.996898711943794,9,20
AGAP001015,2,AGAP001015__SITE01;AGAP001015__SITE04,0.988290398126464,0.963114754098361,966,0.905982905982906,0.888888888888889,9,0.953657999559639,10,20
AGAP001015,3,AGAP001015__SITE01;AGAP001015__SITE02;AGAP001015__SITE03,1,0.976580796252927,646,1,1,9,1,1,20
AGAP001015,3,AGAP001015__SITE03;AGAP001015__SITE04;AGAP001015__SITE05,1,0.957845433255269,899,1,1,9,1,2,20
AGAP001015,3,AGAP001015__SITE02;AGAP001015__SITE03;AGAP001015__SITE04,1,0.955503512880562,958,1,1,9,1,3,20
AGAP001015,3,AGAP001015__SITE01;AGAP001015__SITE02;AGAP001015__SITE04,1,0.960772833723653,966,1,1,9,1,4,20
AGAP001015,3,AGAP001015__SITE01;AGAP001015__SITE03;AGAP001015__SITE04,1,0.956088992974239,966,1,1,9,1,5,20
AGAP001015,3,AGAP001015__SITE02;AGAP001015__SITE03;AGAP001015__SITE05,1,0.989461358313817,1514,1,1,9,1,6,20
AGAP001015,3,AGAP001015__SITE02;AGAP001015__SITE04;AGAP001015__SITE05,1,0.961943793911007,1514,1,1,9,1,7,20
AGAP001015,3,AGAP001015__SITE01;AGAP001015__SITE02;AGAP001015__SITE05,1,0.983021077283372,1522,1,1,9,1,8,20
AGAP001015,3,AGAP001015__SITE01;AGAP001015__SITE03;AGAP001015__SITE05,1,0.978337236533958,1522,1,1,9,1,9,20
AGAP001015,3,AGAP001015__SITE01;AGAP001015__SITE04;AGAP001015__SITE05,1,0.962529274004684,1522,1,1,9,1,10,20
AGAP001099,2,AGAP001099__SITE03;AGAP001099__SITE04,1,0.998400852878465,155,1,1,10,1,1,20
AGAP001099,2,AGAP001099__SITE02;AGAP001099__SITE04,1,0.998400852878465,161,1,1,10,1,2,20
AGAP001099,2,AGAP001099__SITE01;AGAP001099__SITE04,1,0.997334754797441,164,1,1,10,1,3,20
AGAP001099,2,AGAP001099__SITE04;AGAP001099__SITE05,1,0.883262260127932,219,1,1,10,1,4,20
AGAP001099,2,AGAP001099__SITE03;AGAP001099__SITE05,1,0.881663113006397,351,1,1,10,1,5,20
AGAP001099,2,AGAP001099__SITE02;AGAP001099__SITE05,1,0.881663113006397,357,1,1,10,1,6,20
AGAP001099,2,AGAP001099__SITE01;AGAP001099__SITE05,1,0.880597014925373,360,1,1,10,1,7,20
AGAP001099,2,AGAP001099__SITE01;AGAP001099__SITE02,0.998933901918977,0.99680170575693,26,0.997867564534231,1,10,0.998720610511656,8,20
AGAP001099,2,AGAP001099__SITE01;AGAP001099__SITE03,0.998933901918977,0.99680170575693,32,0.997867564534231,1,10,0.998720610511656,9,20
AGAP001099,2,AGAP001099__SITE02;AGAP001099__SITE03,0.998400852878465,0.998400852878465,29,0.995938051146384,1,10,0.997821927070994,10,20
AGAP001099,3,AGAP001099__SITE02;AGAP001099__SITE03;AGAP001099__SITE04,1,0.998400852878465,161,1,1,10,1,1,20
AGAP001099,3,AGAP001099__SITE01;AGAP001099__SITE02;AGAP001099__SITE04,1,0.99680170575693,164,1,1,10,1,2,20
AGAP001099,3,AGAP001099__SITE01;AGAP001099__SITE03;AGAP001099__SITE04,1,0.99680170575693,164,1,1,10,1,3,20
AGAP001099,3,AGAP001099__SITE03;AGAP001099__SITE04;AGAP001099__SITE05,1,0.881663113006397,351,1,1,10,1,4,20
AGAP001099,3,AGAP001099__SITE02;AGAP001099__SITE03;AGAP001099__SITE05,1,0.881663113006397,357,1,1,10,1,5,20
AGAP001099,3,AGAP001099__SITE02;AGAP001099__SITE04;AGAP001099__SITE05,1,0.881663113006397,357,1,1,10,1,6,20
AGAP001099,3,AGAP001099__SITE01;AGAP001099__SITE02;AGAP001099__SITE05,1,0.880063965884861,360,1,1,10,1,7,20
AGAP001099,3,AGAP001099__SITE01;AGAP001099__SITE03;AGAP001099__SITE05,1,0.880063965884861,360,1,1,10,1,8,20
AGAP001099,3,AGAP001099__SITE01;AGAP001099__SITE04;AGAP001099__SITE05,1,0.880597014925373,360,1,1,10,1,9,20
AGAP001099,3,AGAP001099__SITE01;AGAP001099__SITE02;AGAP001099__SITE03,0.998933901918977,0.99680170575693,32,0.997867564534231,1,10,0.998720610511656,10,20
AGAP001108,2,AGAP001108__SITE01;AGAP001108__SITE02,1,0.965351812366738,56,1,1,10,1,1,20
AGAP001108,2,AGAP001108__SITE01;AGAP001108__SITE03,1,0.689232409381663,59,1,1,10,1,2,20
AGAP001108,2,AGAP001108__SITE01;AGAP001108__SITE04,1,0.689232409381663,65,1,1,10,1,3,20
AGAP001108,2,AGAP001108__SITE02;AGAP001108__SITE05,1,0.960554371002132,158,1,1,10,1,4,20
AGAP001108,2,AGAP001108__SITE01;AGAP001108__SITE05,1,0.994136460554371,191,1,1,10,1,5,20
AGAP001108,2,AGAP001108__SITE04;AGAP001108__SITE05,0.994669509594883,0.689765458422175,149,0.987762345679012,1,10,0.993130409460633,6,20
AGAP001108,2,AGAP001108__SITE03;AGAP001108__SITE05,0.994669509594883,0.689765458422175,155,0.987762345679012,1,10,0.993130409460633,7,20
AGAP001108,2,AGAP001108__SITE02;AGAP001108__SITE03,0.967484008528785,0.68816631130064,26,0.935500841750842,0.8,10,0.941140657642523,8,20
AGAP001108,2,AGAP001108__SITE02;AGAP001108__SITE04,0.967484008528785,0.68816631130064,32,0.935500841750842,0.8,10,0.941140657642523,9,20
AGAP001108,2,AGAP001108__SITE03;AGAP001108__SITE04,0.689765458422175,0.689765458422175,29,0.604111111111111,0,10,0.595092608386638,10,20
AGAP001108,3,AGAP001108__SITE01;AGAP001108__SITE02;AGAP001108__SITE03,1,0.687633262260128,59,1,1,10,1,1,20
AGAP001108,3,AGAP001108__SITE01;AGAP001108__SITE02;AGAP001108__SITE04,1,0.687633262260128,65,1,1,10,1,2,20
AGAP001108,3,AGAP001108__SITE01;AGAP001108__SITE03;AGAP001108__SITE04,1,0.689232409381663,65,1,1,10,1,3,20
AGAP001108,3,AGAP001108__SITE02;AGAP001108__SITE03;AGAP001108__SITE05,1,0.68816631130064,158,1,1,10,1,4,20
AGAP001108,3,AGAP001108__SITE02;AGAP001108__SITE04;AGAP001108__SITE05,1,0.68816631130064,158,1,1,10,1,5,20
AGAP001108,3,AGAP001108__SITE01;AGAP001108__SITE02;AGAP001108__SITE05,1,0.96002132196162,191,1,1,10,1,6,20
AGAP001108,3,AGAP001108__SITE01;AGAP001108__SITE03;AGAP001108__SITE05,1,0.689232409381663,191,1,1,10,1,7,20
AGAP001108,3,AGAP001108__SITE01;AGAP001108__SITE04;AGAP001108__SITE05,1,0.689232409381663,191,1,1,10,1,8,20
AGAP001108,3,AGAP001108__SITE03;AGAP001108__SITE04;AGAP001108__SITE05,0.994669509594883,0.689765458422175,155,0.987762345679012,1,10,0.993130409460633,9,20
AGAP001108,3,AGAP001108__SITE02;AGAP001108__SITE03;AGAP001108__SITE04,0.967484008528785,0.68816631130064,32,0.935500841750842,0.8,10,0.941140657642523,10,20
AGAP001135,2,AGAP001135__SITE01;AGAP001135__SITE03,1,0.979211087420043,164,1,1,10,1,1,20
AGAP001135,2,AGAP001135__SITE01;AGAP001135__SITE04,1,0.697228144989339,216,1,1,10,1,2,20
AGAP001135,2,AGAP001135__SITE01;AGAP001135__SITE05,1,0.886460554371002,240,1,1,10,1,3,20
AGAP001135,2,AGAP001135__SITE01;AGAP001135__SITE02,0.999466950959488,0.8363539445629,56,0.998933782267115,1,10,0.999360305255827,4,20
AGAP001135,2,AGAP001135__SITE03;AGAP001135__SITE05,0.999466950959488,0.872601279317697,99,0.995777777777777,1,10,0.998413503909026,5,20
AGAP001135,2,AGAP001135__SITE03;AGAP001135__SITE04,0.998933901918977,0.683901918976546,75,0.993947417316983,1,10,0.997544566346481,6,20
AGAP001135,2,AGAP001135__SITE02;AGAP001135__SITE03,0.998933901918977,0.822494669509595,131,0.993947417316983,1,10,0.997544566346481,7,20
AGAP001135,2,AGAP001135__SITE02;AGAP001135__SITE05,0.996268656716418,0.732409381663113,207,0.991609939979505,1,10,0.995244176023702,8,20
AGAP001135,2,AGAP001135__SITE04;AGAP001135__SITE05,0.949893390191898,0.640191897654584,47,0.903098591549296,0.6,10,0.900865611579928,9,20
AGAP001135,2,AGAP001135__SITE02;AGAP001135__SITE04,0.873667377398721,0.665778251599147,183,0.704162021553326,0.1,10,0.74544903290523,10,20
AGAP001135,3,AGAP001135__SITE03;AGAP001135__SITE04;AGAP001135__SITE05,1,0.624200426439233,99,1,1,10,1,1,20
AGAP001135,3,AGAP001135__SITE01;AGAP001135__SITE02;AGAP001135__SITE03,1,0.819829424307036,164,1,1,10,1,2,20
AGAP001135,3,AGAP001135__SITE02;AGAP001135__SITE03;AGAP001135__SITE05,1,0.716417910447761,207,1,1,10,1,3,20
AGAP001135,3,AGAP001135__SITE02;AGAP001135__SITE04;AGAP001135__SITE05,1,0.609275053304904,207,1,1,10,1,4,20
AGAP001135,3,AGAP001135__SITE01;AGAP001135__SITE02;AGAP001135__SITE04,1,0.663113006396588,216,1,1,10,1,5,20
AGAP001135,3,AGAP001135__SITE01;AGAP001135__SITE03;AGAP001135__SITE04,1,0.680703624733476,216,1,1,10,1,6,20
AGAP001135,3,AGAP001135__SITE01;AGAP001135__SITE02;AGAP001135__SITE05,1,0.729744136460554,240,1,1,10,1,7,20
AGAP001135,3,AGAP001135__SITE01;AGAP001135__SITE03;AGAP001135__SITE05,1,0.869402985074627,240,1,1,10,1,8,20
AGAP001135,3,AGAP001135__SITE01;AGAP001135__SITE04;AGAP001135__SITE05,1,0.636993603411514,240,1,1,10,1,9,20
AGAP001135,3,AGAP001135__SITE02;AGAP001135__SITE03;AGAP001135__SITE04,0.998933901918977,0.649253731343284,183,0.993947417316983,1,10,0.997544566346481,10,20
AGAP001526,2,AGAP001526__SITE03;AGAP001526__SITE04,1,0.952025586353944,231,1,1,10,1,1,20
AGAP001526,2,AGAP001526__SITE03;AGAP001526__SITE05,0.999466950959488,0.945628997867804,237,0.997172619047619,1,10,0.998831956289978,2,20
AGAP001526,2,AGAP001526__SITE01;AGAP001526__SITE02,0.998933901918977,0.493070362473348,48,0.997867564534231,1,10,0.998720610511656,3,20
AGAP001526,2,AGAP001526__SITE01;AGAP001526__SITE04,0.999466950959488,0.962686567164179,294,0.994242424242424,1,10,0.99795289784842,4,20
AGAP001526,2,AGAP001526__SITE01;AGAP001526__SITE05,0.999466950959488,0.955756929637527,300,0.994242424242424,1,10,0.99795289784842,5,20
AGAP001526,2,AGAP001526__SITE01;AGAP001526__SITE03,0.999466950959488,0.956289978678038,86,0.992083333333333,1,10,0.997305170575693,6,20
AGAP001526,2,AGAP001526__SITE02;AGAP001526__SITE04,0.99680170575693,0.491471215351812,269,0.994706119162641,1,10,0.99649285920295,7,20
AGAP001526,2,AGAP001526__SITE02;AGAP001526__SITE05,0.993603411513859,0.48773987206823,275,0.984763198757764,1,10,0.991591006535645,8,20
AGAP001526,2,AGAP001526__SITE02;AGAP001526__SITE03,0.989339019189765,0.492537313432836,61,0.979690255731922,1,10,0.987510488233436,9,20
AGAP001526,2,AGAP001526__SITE04;AGAP001526__SITE05,0.982409381663113,0.96908315565032,29,0.901912078531797,0.8,10,0.940019252557407,10,20
AGAP001526,3,AGAP001526__SITE01;AGAP001526__SITE02;AGAP001526__SITE03,1,0.477078891257996,86,1,1,10,1,1,20
AGAP001526,3,AGAP001526__SITE03;AGAP001526__SITE04;AGAP001526__SITE05,1,0.942430703624733,237,1,1,10,1,2,20
AGAP001526,3,AGAP001526__SITE02;AGAP001526__SITE03;AGAP001526__SITE04,1,0.474946695095949,269,1,1,10,1,3,20
AGAP001526,3,AGAP001526__SITE01;AGAP001526__SITE02;AGAP001526__SITE04,1,0.476012793176972,294,1,1,10,1,4,20
AGAP001526,3,AGAP001526__SITE01;AGAP001526__SITE03;AGAP001526__SITE04,1,0.936034115138593,294,1,1,10,1,5,20
AGAP001526,3,AGAP001526__SITE01;AGAP001526__SITE02;AGAP001526__SITE05,1,0.47228144989339,300,1,1,10,1,6,20
AGAP001526,3,AGAP001526__SITE01;AGAP001526__SITE03;AGAP001526__SITE05,1,0.929637526652452,300,1,1,10,1,7,20
AGAP001526,3,AGAP001526__SITE02;AGAP001526__SITE03;AGAP001526__SITE05,0.999466950959488,0.471215351812367,275,0.997172619047619,1,10,0.998831956289978,8,20
AGAP001526,3,AGAP001526__SITE01;AGAP001526__SITE04;AGAP001526__SITE05,0.999466950959488,0.952558635394456,300,0.994242424242424,1,10,0.99795289784842,9,20
AGAP001526,3,AGAP001526__SITE02;AGAP001526__SITE04;AGAP001526__SITE05,0.997334754797441,0.485074626865672,275,0.994921066252587,1,10,0.996877172754241,10,20
AGAP002004,2,AGAP002004__SITE02;AGAP002004__SITE03,1,0.979744136460554,92,1,1,10,1,1,20
AGAP002004,2,AGAP002004__SITE01;AGAP002004__SITE02,1,0.960554371002132,234,1,1,10,1,2,20
AGAP002004,2,AGAP002004__SITE02;AGAP002004__SITE04,1,0.963219616204691,285,1,1,10,1,3,20
AGAP002004,2,AGAP002004__SITE01;AGAP002004__SITE03,1,0.948827292110874,303,1,1,10,1,4,20
AGAP002004,2,AGAP002004__SITE03;AGAP002004__SITE05,1,0.946162046908315,414,1,1,10,1,5,20
AGAP002004,2,AGAP002004__SITE02;AGAP002004__SITE05,1,0.957889125799574,483,1,1,10,1,6,20
AGAP002004,2,AGAP002004__SITE01;AGAP002004__SITE04,1,0.932302771855011,496,1,1,10,1,7,20
AGAP002004,2,AGAP002004__SITE01;AGAP002004__SITE05,1,0.926972281449893,694,1,1,10,1,8,20
AGAP002004,2,AGAP002004__SITE03;AGAP002004__SITE04,0.999466950959488,0.952025586353944,216,0.994242424242424,1,10,0.99795289784842,9,20
AGAP002004,2,AGAP002004__SITE04;AGAP002004__SITE05,0.996268656716418,0.933368869936034,221,0.991609939979505,1,10,0.995244176023702,10,20
AGAP002004,3,AGAP002004__SITE02;AGAP002004__SITE03;AGAP002004__SITE04,1,0.947761194029851,285,1,1,10,1,1,20
AGAP002004,3,AGAP002004__SITE01;AGAP002004__SITE02;AGAP002004__SITE03,1,0.94456289978678,303,1,1,10,1,2,20
AGAP002004,3,AGAP002004__SITE03;AGAP002004__SITE04;AGAP002004__SITE05,1,0.917910447761194,414,1,1,10,1,3,20
AGAP002004,3,AGAP002004__SITE02;AGAP002004__SITE03;AGAP002004__SITE05,1,0.941897654584222,483,1,1,10,1,4,20
AGAP002004,3,AGAP002004__SITE02;AGAP002004__SITE04;AGAP002004__SITE05,1,0.92910447761194,483,1,1,10,1,5,20
AGAP002004,3,AGAP002004__SITE01;AGAP002004__SITE02;AGAP002004__SITE04,1,0.928038379530917,496,1,1,10,1,6,20
AGAP002004,3,AGAP002004__SITE01;AGAP002004__SITE03;AGAP002004__SITE04,1,0.916844349680171,496,1,1,10,1,7,20
AGAP002004,3,AGAP002004__SITE01;AGAP002004__SITE02;AGAP002004__SITE05,1,0.9227078891258,694,1,1,10,1,8,20
AGAP002004,3,AGAP002004__SITE01;AGAP002004__SITE03;AGAP002004__SITE05,1,0.910980810234541,694,1,1,10,1,9,20
AGAP002004,3,AGAP002004__SITE01;AGAP002004__SITE04;AGAP002004__SITE05,1,0.89818763326226,694,1,1,10,1,10,20
AGAP002171,2,AGAP002171__SITE01;AGAP002171__SITE02,0.993603411513859,0.312366737739872,231,0.980666666666667,1,10,0.990362046908315,1,20
AGAP002171,2,AGAP002171__SITE01;AGAP002171__SITE03,0.993603411513859,0.284648187633262,243,0.980666666666667,1,10,0.990362046908315,2,20
AGAP002171,2,AGAP002171__SITE01;AGAP002171__SITE04,0.993603411513859,0.285181236673774,246,0.980666666666667,1,10,0.990362046908315,3,20
AGAP002171,2,AGAP002171__SITE01;AGAP002171__SITE05,0.993603411513859,0.267057569296375,249,0.980666666666667,1,10,0.990362046908315,4,20
AGAP002171,2,AGAP002171__SITE02;AGAP002171__SITE04,0.346481876332623,0.255330490405117,38,0.169825899843505,0,10,0.258836895752625,5,20
AGAP002171,2,AGAP002171__SITE02;AGAP002171__SITE03,0.345948827292111,0.255330490405117,35,0.169825899843505,0,10,0.258517066328318,6,20
AGAP002171,2,AGAP002171__SITE02;AGAP002171__SITE05,0.345948827292111,0.23773987206823,41,0.169825899843505,0,10,0.258517066328318,7,20
AGAP002171,2,AGAP002171__SITE03;AGAP002171__SITE04,0.287313432835821,0.286780383795309,26,0.15691510172144,0,10,0.219462590217924,8,20
AGAP002171,2,AGAP002171__SITE04;AGAP002171__SITE05,0.287313432835821,0.269189765458422,26,0.15691510172144,0,10,0.219462590217924,9,20
AGAP002171,2,AGAP002171__SITE03;AGAP002171__SITE05,0.287313432835821,0.26865671641791,29,0.15691510172144,0,10,0.219462590217924,10,20
AGAP002171,3,AGAP002171__SITE01;AGAP002171__SITE02;AGAP002171__SITE03,0.993603411513859,0.25319829424307,243,0.980666666666667,1,10,0.990362046908315,1,20
AGAP002171,3,AGAP002171__SITE01;AGAP002171__SITE02;AGAP002171__SITE04,0.993603411513859,0.25319829424307,246,0.980666666666667,1,10,0.990362046908315,2,20
AGAP002171,3,AGAP002171__SITE01;AGAP002171__SITE03;AGAP002171__SITE04,0.993603411513859,0.284648187633262,246,0.980666666666667,1,10,0.990362046908315,3,20
AGAP002171,3,AGAP002171__SITE01;AGAP002171__SITE02;AGAP002171__SITE05,0.993603411513859,0.235607675906183,249,0.980666666666667,1,10,0.990362046908315,4,20
AGAP002171,3,AGAP002171__SITE01;AGAP002171__SITE03;AGAP002171__SITE05,0.993603411513859,0.266524520255864,249,0.980666666666667,1,10,0.990362046908315,5,20
AGAP002171,3,AGAP002171__SITE01;AGAP002171__SITE04;AGAP002171__SITE05,0.993603411513859,0.267057569296375,249,0.980666666666667,1,10,0.990362046908315,6,20
AGAP002171,3,AGAP002171__SITE02;AGAP002171__SITE03;AGAP002171__SITE04,0.346481876332623,0.255330490405117,38,0.169825899843505,0,10,0.258836895752625,7,20
AGAP002171,3,AGAP002171__SITE02;AGAP002171__SITE03;AGAP002171__SITE05,0.346481876332623,0.23773987206823,41,0.169825899843505,0,10,0.258836895752625,8,20
AGAP002171,3,AGAP002171__SITE02;AGAP002171__SITE04;AGAP002171__SITE05,0.346481876332623,0.23773987206823,41,0.169825899843505,0,10,0.258836895752625,9,20
AGAP002171,3,AGAP002171__SITE03;AGAP002171__SITE04;AGAP002171__SITE05,0.287313432835821,0.26865671641791,29,0.15691510172144,0,10,0.219462590217924,10,20
AGAP002300,2,AGAP002300__SITE04;AGAP002300__SITE05,1,0.988805970149254,71,1,1,10,1,1,20
AGAP002300,2,AGAP002300__SITE03;AGAP002300__SITE05,1,0.989872068230277,72,1,1,10,1,2,20
AGAP002300,2,AGAP002300__SITE01;AGAP002300__SITE03,1,0.912046908315565,9690,1,1,10,1,3,20
AGAP002300,2,AGAP002300__SITE01;AGAP002300__SITE04,1,0.910980810234541,9691,1,1,10,1,4,20
AGAP002300,2,AGAP002300__SITE01;AGAP002300__SITE05,1,0.917910447761194,9739,1,1,10,1,5,20
AGAP002300,2,AGAP002300__SITE02;AGAP002300__SITE05,0.998400852878465,0.276119402985075,9695,0.995322886989554,1,10,0.997637377823945,6,20
AGAP002300,2,AGAP002300__SITE02;AGAP002300__SITE03,0.993603411513859,0.275053304904051,9646,0.972142425810904,1,10,0.987804774651587,7,20
AGAP002300,2,AGAP002300__SITE02;AGAP002300__SITE04,0.993070362473348,0.27452025586354,9647,0.972142425810904,1,10,0.98748494522728,8,20
AGAP002300,2,AGAP002300__SITE03;AGAP002300__SITE04,0.992004264392324,0.990938166311301,24,0.971888820847792,1,10,0.986769204889732,9,20
AGAP002300,2,AGAP002300__SITE01;AGAP002300__SITE02,0.941897654584222,0.254797441364606,67,0.875939345142244,0.5,10,0.877920396293206,10,20
AGAP002300,3,AGAP002300__SITE03;AGAP002300__SITE04;AGAP002300__SITE05,1,0.988805970149254,72,1,1,10,1,1,20
AGAP002300,3,AGAP002300__SITE01;AGAP002300__SITE02;AGAP002300__SITE03,1,0.25319829424307,9690,1,1,10,1,2,20
AGAP002300,3,AGAP002300__SITE01;AGAP002300__SITE02;AGAP002300__SITE04,1,0.252665245202559,9691,1,1,10,1,3,20
AGAP002300,3,AGAP002300__SITE01;AGAP002300__SITE03;AGAP002300__SITE04,1,0.910980810234541,9691,1,1,10,1,4,20
AGAP002300,3,AGAP002300__SITE02;AGAP002300__SITE03;AGAP002300__SITE05,1,0.27452025586354,9695,1,1,10,1,5,20
AGAP002300,3,AGAP002300__SITE02;AGAP002300__SITE04;AGAP002300__SITE05,1,0.273987206823028,9695,1,1,10,1,6,20
AGAP002300,3,AGAP002300__SITE01;AGAP002300__SITE02;AGAP002300__SITE05,1,0.254264392324094,9739,1,1,10,1,7,20
AGAP002300,3,AGAP002300__SITE01;AGAP002300__SITE03;AGAP002300__SITE05,1,0.909914712153518,9739,1,1,10,1,8,20
AGAP002300,3,AGAP002300__SITE01;AGAP002300__SITE04;AGAP002300__SITE05,1,0.908848614072495,9739,1,1,10,1,9,20
AGAP002300,3,AGAP002300__SITE02;AGAP002300__SITE03;AGAP002300__SITE04,0.993603411513859,0.27452025586354,9647,0.972142425810904,1,10,0.987804774651587,10,20
AGAP002475,2,AGAP002475__SITE01;AGAP002475__SITE05,1,0.862473347547974,460,1,1,10,1,1,20
AGAP002475,2,AGAP002475__SITE01;AGAP002475__SITE04,0.999466950959488,0.893923240938166,319,0.996557971014493,1,10,0.998647561880041,2,20
AGAP002475,2,AGAP002475__SITE04;AGAP002475__SITE05,0.997334754797441,0.769189765458422,164,0.988073192239859,1,10,0.994822810550422,3,20
AGAP002475,2,AGAP002475__SITE01;AGAP002475__SITE02,0.995735607675906,0.316631130063966,77,0.979775176514307,1,10,0.991373917559836,4,20
AGAP002475,2,AGAP002475__SITE01;AGAP002475__SITE03,0.995735607675906,0.316631130063966,78,0.979775176514307,1,10,0.991373917559836,5,20
AGAP002475,2,AGAP002475__SITE03;AGAP002475__SITE04,0.931769722814499,0.284648187633262,264,0.861482720178373,0.5,10,0.867506649742211,6,20
AGAP002475,2,AGAP002475__SITE02;AGAP002475__SITE04,0.931769722814499,0.284648187633262,265,0.861482720178373,0.5,10,0.867506649742211,7,20
AGAP002475,2,AGAP002475__SITE03;AGAP002475__SITE05,0.897121535181237,0.288379530916844,405,0.774443342151675,0.7,10,0.840605923754245,8,20
AGAP002475,2,AGAP002475__SITE02;AGAP002475__SITE05,0.897121535181237,0.288379530916844,406,0.774443342151675,0.7,10,0.840605923754245,9,20
AGAP002475,2,AGAP002475__SITE02;AGAP002475__SITE03,0.317697228144989,0.317697228144989,24,0.0720238095238093,0,10,0.212225479744136,10,20
AGAP002475,3,AGAP002475__SITE01;AGAP002475__SITE02;AGAP002475__SITE05,1,0.287313432835821,460,1,1,10,1,1,20
AGAP002475,3,AGAP002475__SITE01;AGAP002475__SITE03;AGAP002475__SITE05,1,0.287313432835821,460,1,1,10,1,2,20
AGAP002475,3,AGAP002475__SITE01;AGAP002475__SITE04;AGAP002475__SITE05,1,0.764392324093817,460,1,1,10,1,3,20
AGAP002475,3,AGAP002475__SITE03;AGAP002475__SITE04;AGAP002475__SITE05,0.999466950959488,0.257462686567164,405,0.997172619047619,1,10,0.998831956289978,4,20
AGAP002475,3,AGAP002475__SITE02;AGAP002475__SITE04;AGAP002475__SITE05,0.999466950959488,0.257462686567164,406,0.997172619047619,1,10,0.998831956289978,5,20
AGAP002475,3,AGAP002475__SITE01;AGAP002475__SITE02;AGAP002475__SITE04,0.999466950959488,0.283582089552239,319,0.996557971014493,1,10,0.998647561880041,6,20
AGAP002475,3,AGAP002475__SITE01;AGAP002475__SITE03;AGAP002475__SITE04,0.999466950959488,0.283582089552239,319,0.996557971014493,1,10,0.998647561880041,7,20
AGAP002475,3,AGAP002475__SITE01;AGAP002475__SITE02;AGAP002475__SITE03,0.995735607675906,0.316631130063966,78,0.979775176514307,1,10,0.991373917559836,8,20
AGAP002475,3,AGAP002475__SITE02;AGAP002475__SITE03;AGAP002475__SITE04,0.931769722814499,0.284648187633262,265,0.861482720178373,0.5,10,0.867506649742211,9,20
AGAP002475,3,AGAP002475__SITE02;AGAP002475__SITE03;AGAP002475__SITE05,0.897121535181237,0.288379530916844,406,0.774443342151675,0.7,10,0.840605923754245,10,20
AGAP003594,2,AGAP003594__SITE02;AGAP003594__SITE03,1,0.963752665245203,51,1,1,10,1,1,20
AGAP003594,2,AGAP003594__SITE02;AGAP003594__SITE04,1,0.963752665245203,51,1,1,10,1,2,20
AGAP003594,2,AGAP003594__SITE01;AGAP003594__SITE02,1,0.971748400852879,69,1,1,10,1,3,20
AGAP003594,2,AGAP003594__SITE03;AGAP003594__SITE05,1,0.909914712153518,126,1,1,10,1,4,20
AGAP003594,2,AGAP003594__SITE04;AGAP003594__SITE05,1,0.909914712153518,126,1,1,10,1,5,20
AGAP003594,2,AGAP003594__SITE01;AGAP003594__SITE05,1,0.917910447761194,200,1,1,10,1,6,20
AGAP003594,2,AGAP003594__SITE01;AGAP003594__SITE03,0.994136460554371,0.982942430703625,97,0.988271604938271,1,10,0.992963357814104,7,20
AGAP003594,2,AGAP003594__SITE01;AGAP003594__SITE04,0.994136460554371,0.982942430703625,97,0.988271604938271,1,10,0.992963357814104,8,20
AGAP003594,2,AGAP003594__SITE03;AGAP003594__SITE04,0.98454157782516,0.98454157782516,23,0.968442760942761,1,10,0.981257774977924,9,20
AGAP003594,2,AGAP003594__SITE02;AGAP003594__SITE05,0.989872068230277,0.914712153518124,154,0.939039692701664,0.8,10,0.955635148748665,10,20
AGAP003594,3,AGAP003594__SITE02;AGAP003594__SITE03;AGAP003594__SITE04,1,0.963752665245203,51,1,1,10,1,1,20
AGAP003594,3,AGAP003594__SITE01;AGAP003594__SITE02;AGAP003594__SITE03,1,0.962153518123667,97,1,1,10,1,2,20
AGAP003594,3,AGAP003594__SITE01;AGAP003594__SITE02;AGAP003594__SITE04,1,0.962153518123667,97,1,1,10,1,3,20
AGAP003594,3,AGAP003594__SITE03;AGAP003594__SITE04;AGAP003594__SITE05,1,0.909914712153518,126,1,1,10,1,4,20
AGAP003594,3,AGAP003594__SITE02;AGAP003594__SITE03;AGAP003594__SITE05,1,0.899253731343284,154,1,1,10,1,5,20
AGAP003594,3,AGAP003594__SITE02;AGAP003594__SITE04;AGAP003594__SITE05,1,0.899253731343284,154,1,1,10,1,6,20
AGAP003594,3,AGAP003594__SITE01;AGAP003594__SITE02;AGAP003594__SITE05,1,0.90724946695096,200,1,1,10,1,7,20
AGAP003594,3,AGAP003594__SITE01;AGAP003594__SITE03;AGAP003594__SITE05,1,0.908315565031983,200,1,1,10,1,8,20
AGAP003594,3,AGAP003594__SITE01;AGAP003594__SITE04;AGAP003594__SITE05,1,0.908315565031983,200,1,1,10,1,9,20
AGAP003594,3,AGAP003594__SITE01;AGAP003594__SITE03;AGAP003594__SITE04,0.994136460554371,0.982942430703625,97,0.988271604938271,1,10,0.992963357814104,10,20
AGAP003595,2,AGAP003595__SITE03;AGAP003595__SITE04,1,0.947228144989339,78,1,1,10,1,1,20
AGAP003595,2,AGAP003595__SITE04;AGAP003595__SITE05,1,0.986140724946695,211,1,1,10,1,2,20
AGAP003595,2,AGAP003595__SITE01;AGAP003595__SITE04,1,0.978144989339019,227,1,1,10,1,3,20
AGAP003595,2,AGAP003595__SITE03;AGAP003595__SITE05,1,0.947228144989339,266,1,1,10,1,4,20
AGAP003595,2,AGAP003595__SITE02;AGAP003595__SITE04,0.999466950959488,0.931769722814499,226,0.995940170940171,1,10,0.998462221857744,5,20
AGAP003595,2,AGAP003595__SITE02;AGAP003595__SITE05,0.998933901918977,0.932302771855011,414,0.993095461658842,1,10,0.997288979649039,6,20
AGAP003595,2,AGAP003595__SITE01;AGAP003595__SITE05,0.998933901918977,0.979211087420043,415,0.993095461658842,1,10,0.997288979649039,7,20
AGAP003595,2,AGAP003595__SITE02;AGAP003595__SITE03,0.998400852878465,0.893923240938166,171,0.990446428571429,1,10,0.996174440298508,8,20
AGAP003595,2,AGAP003595__SITE01;AGAP003595__SITE03,0.998400852878465,0.940831556503198,172,0.990446428571429,1,10,0.996174440298508,9,20
AGAP003595,2,AGAP003595__SITE01;AGAP003595__SITE02,0.986673773987207,0.936567164179104,24,0.968560250391237,1,10,0.982572339509695,10,20
AGAP003595,3,AGAP003595__SITE02;AGAP003595__SITE03;AGAP003595__SITE04,1,0.887526652452026,226,1,1,10,1,1,20
AGAP003595,3,AGAP003595__SITE01;AGAP003595__SITE02;AGAP003595__SITE04,1,0.930170575692964,227,1,1,10,1,2,20
AGAP003595,3,AGAP003595__SITE01;AGAP003595__SITE03;AGAP003595__SITE04,1,0.933901918976546,227,1,1,10,1,3,20
AGAP003595,3,AGAP003595__SITE03;AGAP003595__SITE04;AGAP003595__SITE05,1,0.940298507462687,266,1,1,10,1,4,20
AGAP003595,3,AGAP003595__SITE02;AGAP003595__SITE03;AGAP003595__SITE05,1,0.888059701492537,414,1,1,10,1,5,20
AGAP003595,3,AGAP003595__SITE02;AGAP003595__SITE04;AGAP003595__SITE05,1,0.92590618336887,414,1,1,10,1,6,20
AGAP003595,3,AGAP003595__SITE01;AGAP003595__SITE03;AGAP003595__SITE05,1,0.934968017057569,415,1,1,10,1,7,20
AGAP003595,3,AGAP003595__SITE01;AGAP003595__SITE04;AGAP003595__SITE05,1,0.97228144989339,415,1,1,10,1,8,20
AGAP003595,3,AGAP003595__SITE01;AGAP003595__SITE02;AGAP003595__SITE05,0.998933901918977,0.930703624733475,415,0.993095461658842,1,10,0.997288979649039,9,20
AGAP003595,3,AGAP003595__SITE01;AGAP003595__SITE02;AGAP003595__SITE03,0.998400852878465,0.892324093816631,172,0.990446428571429,1,10,0.996174440298508,10,20
AGAP003769,2,AGAP003769__SITE01;AGAP003769__SITE02,1,0.952558635394456,34,1,1,10,1,1,20
AGAP003769,2,AGAP003769__SITE01;AGAP003769__SITE04,1,0.880063965884861,126,1,1,10,1,2,20
AGAP003769,2,AGAP003769__SITE01;AGAP003769__SITE05,1,0.944029850746269,142,1,1,10,1,3,20
AGAP003769,2,AGAP003769__SITE02;AGAP003769__SITE03,0.999466950959488,0.968017057569296,64,0.995777777777777,1,10,0.998413503909026,4,20
AGAP003769,2,AGAP003769__SITE03;AGAP003769__SITE04,0.999466950959488,0.895522388059702,74,0.995777777777777,1,10,0.998413503909026,5,20
AGAP003769,2,AGAP003769__SITE03;AGAP003769__SITE05,0.999466950959488,0.959488272921109,90,0.995777777777777,1,10,0.998413503909026,6,20
AGAP003769,2,AGAP003769__SITE02;AGAP003769__SITE04,0.99680170575693,0.889125799573561,115,0.977838383838384,1,10,0.991432538605673,7,20
AGAP003769,2,AGAP003769__SITE04;AGAP003769__SITE05,0.989872068230277,0.887526652452026,39,0.939039692701664,0.8,10,0.955635148748665,8,20
AGAP003769,2,AGAP003769__SITE01;AGAP003769__SITE03,0.988805970149254,0.972814498933902,75,0.940861111111111,0.8,10,0.955541915422886,9,20
AGAP003769,2,AGAP003769__SITE02;AGAP003769__SITE05,0.98454157782516,0.965351812366738,131,0.899838383838384,0.8,10,0.940676461846611,10,20
AGAP003769,3,AGAP003769__SITE01;AGAP003769__SITE02;AGAP003769__SITE03,1,0.952558635394456,75,1,1,10,1,1,20
AGAP003769,3,AGAP003769__SITE01;AGAP003769__SITE02;AGAP003769__SITE04,1,0.862473347547974,126,1,1,10,1,2,20
AGAP003769,3,AGAP003769__SITE01;AGAP003769__SITE03;AGAP003769__SITE04,1,0.880063965884861,126,1,1,10,1,3,20
AGAP003769,3,AGAP003769__SITE01;AGAP003769__SITE02;AGAP003769__SITE05,1,0.938699360341151,142,1,1,10,1,4,20
AGAP003769,3,AGAP003769__SITE01;AGAP003769__SITE03;AGAP003769__SITE05,1,0.944029850746269,142,1,1,10,1,5,20
AGAP003769,3,AGAP003769__SITE01;AGAP003769__SITE04;AGAP003769__SITE05,1,0.860874200426439,142,1,1,10,1,6,20
AGAP003769,3,AGAP003769__SITE03;AGAP003769__SITE04;AGAP003769__SITE05,0.999466950959488,0.876332622601279,90,0.995777777777777,1,10,0.998413503909026,7,20
AGAP003769,3,AGAP003769__SITE02;AGAP003769__SITE03;AGAP003769__SITE04,0.999466950959488,0.877931769722814,115,0.995777777777777,1,10,0.998413503909026,8,20
AGAP003769,3,AGAP003769__SITE02;AGAP003769__SITE03;AGAP003769__SITE05,0.999466950959488,0.954157782515992,131,0.995777777777777,1,10,0.998413503909026,9,20
AGAP003769,3,AGAP003769__SITE02;AGAP003769__SITE04;AGAP003769__SITE05,0.997334754797441,0.88272921108742,131,0.98014511310286,1,10,0.992444386809322,10,20
AGAP004036,2,AGAP004036__SITE04;AGAP004036__SITE05,0.999466950959488,0.892857142857143,83,0.997172619047619,1,10,0.998831956289978,1,20
AGAP004036,2,AGAP004036__SITE03;AGAP004036__SITE05,0.999466950959488,0.893390191897655,84,0.997172619047619,1,10,0.998831956289978,2,20
AGAP004036,2,AGAP004036__SITE02;AGAP004036__SITE03,0.998400852878465,0.335287846481876,46,0.991660264618011,1,10,0.996538591112482,3,20
AGAP004036,2,AGAP004036__SITE01;AGAP004036__SITE03,0.998400852878465,0.760127931769723,125,0.991660264618011,1,10,0.996538591112482,4,20
AGAP004036,2,AGAP004036__SITE01;AGAP004036__SITE04,0.998400852878465,0.759594882729211,126,0.991660264618011,1,10,0.996538591112482,5,20
AGAP004036,2,AGAP004036__SITE02;AGAP004036__SITE04,0.997867803837953,0.335287846481876,47,0.985902688860435,1,10,0.994491488960902,6,20
AGAP004036,2,AGAP004036__SITE03;AGAP004036__SITE04,0.987206823027719,0.986673773987207,24,0.948460144927536,0.9,10,0.966862137294892,7,20
AGAP004036,2,AGAP004036__SITE01;AGAP004036__SITE05,0.973347547974414,0.70362473347548,186,0.944406365239698,0.9,10,0.957330438356558,8,20
AGAP004036,2,AGAP004036__SITE02;AGAP004036__SITE05,0.965351812366738,0.286780383795309,107,0.926625881834215,0.9,10,0.947198851970307,9,20
AGAP004036,2,AGAP004036__SITE01;AGAP004036__SITE02,0.773454157782516,0.344349680170576,102,0.66316856452726,0.2,10,0.683023064027688,10,20
AGAP004036,3,AGAP004036__SITE03;AGAP004036__SITE04;AGAP004036__SITE05,0.999466950959488,0.892857142857143,84,0.997172619047619,1,10,0.998831956289978,1,20
AGAP004036,3,AGAP004036__SITE02;AGAP004036__SITE03;AGAP004036__SITE05,0.999466950959488,0.275586353944563,107,0.997172619047619,1,10,0.998831956289978,2,20
AGAP004036,3,AGAP004036__SITE02;AGAP004036__SITE04;AGAP004036__SITE05,0.999466950959488,0.275586353944563,107,0.997172619047619,1,10,0.998831956289978,3,20
AGAP004036,3,AGAP004036__SITE01;AGAP004036__SITE03;AGAP004036__SITE05,0.999466950959488,0.692430703624734,186,0.997172619047619,1,10,0.998831956289978,4,20
AGAP004036,3,AGAP004036__SITE01;AGAP004036__SITE04;AGAP004036__SITE05,0.999466950959488,0.691897654584222,186,0.997172619047619,1,10,0.998831956289978,5,20
AGAP004036,3,AGAP004036__SITE02;AGAP004036__SITE03;AGAP004036__SITE04,0.998400852878465,0.335287846481876,47,0.991660264618011,1,10,0.996538591112482,6,20
AGAP004036,3,AGAP004036__SITE01;AGAP004036__SITE02;AGAP004036__SITE03,0.998400852878465,0.333155650319829,125,0.991660264618011,1,10,0.996538591112482,7,20
AGAP004036,3,AGAP004036__SITE01;AGAP004036__SITE02;AGAP004036__SITE04,0.998400852878465,0.333155650319829,126,0.991660264618011,1,10,0.996538591112482,8,20
AGAP004036,3,AGAP004036__SITE01;AGAP004036__SITE03;AGAP004036__SITE04,0.998400852878465,0.759594882729211,126,0.991660264618011,1,10,0.996538591112482,9,20
AGAP004036,3,AGAP004036__SITE01;AGAP004036__SITE02;AGAP004036__SITE05,0.973347547974414,0.284648187633262,186,0.944406365239698,0.9,10,0.957330438356558,10,20
AGAP004038,2,AGAP004038__SITE01;AGAP004038__SITE02,1,0.888059701492537,69,1,1,10,1,1,20
AGAP004038,2,AGAP004038__SITE01;AGAP004038__SITE05,1,0.821428571428571,403,1,1,10,1,2,20
AGAP004038,2,AGAP004038__SITE02;AGAP004038__SITE05,0.997334754797441,0.722814498933902,357,0.997867564534231,1,10,0.997761122238734,3,20
AGAP004038,2,AGAP004038__SITE01;AGAP004038__SITE03,0.994669509594883,0.0106609808102345,229,0.978596364511857,1,10,0.990380615110487,4,20
AGAP004038,2,AGAP004038__SITE02;AGAP004038__SITE03,0.893390191897655,0.0106609808102345,183,0.604956501831502,0.5,10,0.767521065688044,5,20
AGAP004038,2,AGAP004038__SITE03;AGAP004038__SITE05,0.826759061833689,0.0106609808102345,197,0.646757246376812,0.2,10,0.710082611013257,6,20
AGAP004038,3,AGAP004038__SITE01;AGAP004038__SITE02;AGAP004038__SITE03,1,0.0106609808102345,229,1,1,10,1,1,20
AGAP004038,3,AGAP004038__SITE01;AGAP004038__SITE02;AGAP004038__SITE05,1,0.717484008528785,403,1,1,10,1,2,20
AGAP004038,3,AGAP004038__SITE01;AGAP004038__SITE03;AGAP004038__SITE05,1,0.0106609808102345,403,1,1,10,1,3,20
AGAP004038,3,AGAP004038__SITE02;AGAP004038__SITE03;AGAP004038__SITE05,0.997334754797441,0.0106609808102345,357,0.997867564534231,1,10,0.997761122238734,4,20
AGAP004050,2,AGAP004050__SITE01;AGAP004050__SITE02,1,1,26,1,1,10,1,1,20
AGAP004050,2,AGAP004050__SITE02;AGAP004050__SITE03,1,0.909914712153518,218,1,1,10,1,2,20
AGAP004050,2,AGAP004050__SITE02;AGAP004050__SITE04,1,0.909914712153518,219,1,1,10,1,3,20
AGAP004050,2,AGAP004050__SITE01;AGAP004050__SITE03,1,0.909914712153518,221,1,1,10,1,4,20
AGAP004050,2,AGAP004050__SITE01;AGAP004050__SITE04,1,0.909914712153518,222,1,1,10,1,5,20
AGAP004050,2,AGAP004050__SITE02;AGAP004050__SITE05,1,0.610341151385928,865,1,1,10,1,6,20
AGAP004050,2,AGAP004050__SITE01;AGAP004050__SITE05,1,0.610341151385928,868,1,1,10,1,7,20
AGAP004050,2,AGAP004050__SITE04;AGAP004050__SITE05,0.982942430703625,0.537313432835821,669,0.941647256728778,0.9,10,0.962259635440808,8,20
AGAP004050,2,AGAP004050__SITE03;AGAP004050__SITE05,0.982942430703625,0.537313432835821,670,0.941647256728778,0.9,10,0.962259635440808,9,20
AGAP004050,2,AGAP004050__SITE03;AGAP004050__SITE04,0.909914712153518,0.909914712153518,24,0.830015432098765,0.5,10,0.84495345692174,10,20
AGAP004050,3,AGAP004050__SITE02;AGAP004050__SITE03;AGAP004050__SITE04,1,0.909914712153518,219,1,1,10,1,1,20
AGAP004050,3,AGAP004050__SITE01;AGAP004050__SITE02;AGAP004050__SITE03,1,0.909914712153518,221,1,1,10,1,2,20
AGAP004050,3,AGAP004050__SITE01;AGAP004050__SITE02;AGAP004050__SITE04,1,0.909914712153518,222,1,1,10,1,3,20
AGAP004050,3,AGAP004050__SITE01;AGAP004050__SITE03;AGAP004050__SITE04,1,0.909914712153518,222,1,1,10,1,4,20
AGAP004050,3,AGAP004050__SITE02;AGAP004050__SITE03;AGAP004050__SITE05,1,0.537313432835821,865,1,1,10,1,5,20
AGAP004050,3,AGAP004050__SITE02;AGAP004050__SITE04;AGAP004050__SITE05,1,0.537313432835821,865,1,1,10,1,6,20
AGAP004050,3,AGAP004050__SITE01;AGAP004050__SITE02;AGAP004050__SITE05,1,0.610341151385928,868,1,1,10,1,7,20
AGAP004050,3,AGAP004050__SITE01;AGAP004050__SITE03;AGAP004050__SITE05,1,0.537313432835821,868,1,1,10,1,8,20
AGAP004050,3,AGAP004050__SITE01;AGAP004050__SITE04;AGAP004050__SITE05,1,0.537313432835821,868,1,1,10,1,9,20
AGAP004050,3,AGAP004050__SITE03;AGAP004050__SITE04;AGAP004050__SITE05,0.982942430703625,0.537313432835821,670,0.941647256728778,0.9,10,0.962259635440808,10,20
AGAP004057,2,AGAP004057__SITE04;AGAP004057__SITE05,0.995202558635394,0.63592750533049,74,0.97263198757764,1,10,0.988911131454528,1,20
AGAP004057,2,AGAP004057__SITE03;AGAP004057__SITE05,0.995202558635394,0.634861407249467,95,0.97263198757764,1,10,0.988911131454528,2,20
AGAP004057,2,AGAP004057__SITE02;AGAP004057__SITE05,0.985607675906183,0.17910447761194,139,0.940812629399586,0.9,10,0.963608394363586,3,20
AGAP004057,2,AGAP004057__SITE01;AGAP004057__SITE05,0.985607675906183,0.17910447761194,140,0.940812629399586,0.9,10,0.963608394363586,4,20
AGAP004057,2,AGAP004057__SITE02;AGAP004057__SITE04,0.649786780383795,0.174840085287846,88,0.428894927536232,0.2,10,0.538540546491147,5,20
AGAP004057,2,AGAP004057__SITE01;AGAP004057__SITE04,0.649786780383795,0.174840085287846,89,0.428894927536232,0.2,10,0.538540546491147,6,20
AGAP004057,2,AGAP004057__SITE02;AGAP004057__SITE03,0.64818763326226,0.175373134328358,67,0.428894927536232,0.2,10,0.537581058218226,7,20
AGAP004057,2,AGAP004057__SITE01;AGAP004057__SITE03,0.64818763326226,0.175373134328358,68,0.428894927536232,0.2,10,0.537581058218226,8,20
AGAP004057,2,AGAP004057__SITE03;AGAP004057__SITE04,0.647121535181237,0.642857142857143,44,0.428894927536232,0.2,10,0.536941399369612,9,20
AGAP004057,2,AGAP004057__SITE01;AGAP004057__SITE02,0.17910447761194,0.17910447761194,24,0,0,10,0.107462686567164,10,20
AGAP004057,3,AGAP004057__SITE03;AGAP004057__SITE04;AGAP004057__SITE05,0.995202558635394,0.633262260127932,95,0.97263198757764,1,10,0.988911131454528,1,20
AGAP004057,3,AGAP004057__SITE02;AGAP004057__SITE03;AGAP004057__SITE05,0.995202558635394,0.175373134328358,139,0.97263198757764,1,10,0.988911131454528,2,20
AGAP004057,3,AGAP004057__SITE02;AGAP004057__SITE04;AGAP004057__SITE05,0.995202558635394,0.174840085287846,139,0.97263198757764,1,10,0.988911131454528,3,20
AGAP004057,3,AGAP004057__SITE01;AGAP004057__SITE03;AGAP004057__SITE05,0.995202558635394,0.175373134328358,140,0.97263198757764,1,10,0.988911131454528,4,20
AGAP004057,3,AGAP004057__SITE01;AGAP004057__SITE04;AGAP004057__SITE05,0.995202558635394,0.174840085287846,140,0.97263198757764,1,10,0.988911131454528,5,20
AGAP004057,3,AGAP004057__SITE01;AGAP004057__SITE02;AGAP004057__SITE05,0.985607675906183,0.17910447761194,140,0.940812629399586,0.9,10,0.963608394363586,6,20
AGAP004057,3,AGAP004057__SITE02;AGAP004057__SITE03;AGAP004057__SITE04,0.650852878464819,0.174840085287846,88,0.428894927536232,0.2,10,0.539180205339761,7,20
AGAP004057,3,AGAP004057__SITE01;AGAP004057__SITE03;AGAP004057__SITE04,0.650852878464819,0.174840085287846,89,0.428894927536232,0.2,10,0.539180205339761,8,20
AGAP004057,3,AGAP004057__SITE01;AGAP004057__SITE02;AGAP004057__SITE04,0.649786780383795,0.174840085287846,89,0.428894927536232,0.2,10,0.538540546491147,9,20
AGAP004057,3,AGAP004057__SITE01;AGAP004057__SITE02;AGAP004057__SITE03,0.64818763326226,0.175373134328358,68,0.428894927536232,0.2,10,0.537581058218226,10,20
AGAP004078,2,AGAP004078__SITE03;AGAP004078__SITE04,1,0.639658848614073,82,1,1,10,1,1,20
AGAP004078,2,AGAP004078__SITE02;AGAP004078__SITE04,1,0.934434968017058,255,1,1,10,1,2,20
AGAP004078,2,AGAP004078__SITE02;AGAP004078__SITE05,1,0.531982942430704,261,1,1,10,1,3,20
AGAP004078,2,AGAP004078__SITE01;AGAP004078__SITE04,1,0.899253731343284,271,1,1,10,1,4,20
AGAP004078,2,AGAP004078__SITE04;AGAP004078__SITE05,0.988805970149254,0.5863539445629,29,0.930225352112676,0.9,10,0.962351187723355,5,20
AGAP004078,2,AGAP004078__SITE01;AGAP004078__SITE05,0.967484008528785,0.529317697228145,277,0.936357536719855,0.8,10,0.941397666133228,6,20
AGAP004078,2,AGAP004078__SITE03;AGAP004078__SITE05,0.923773987206823,0.313432835820896,88,0.844021739130435,0.4,10,0.847470914063224,7,20
AGAP004078,2,AGAP004078__SITE01;AGAP004078__SITE02,0.945628997867804,0.91044776119403,39,0.585897435897436,0.9,10,0.833146629489913,8,20
AGAP004078,2,AGAP004078__SITE02;AGAP004078__SITE03,0.945628997867804,0.650852878464819,196,0.585897435897436,0.9,10,0.833146629489913,9,20
AGAP004078,2,AGAP004078__SITE01;AGAP004078__SITE03,0.931769722814499,0.62953091684435,212,0.571948160535117,0.9,10,0.820646281849234,10,20
AGAP004078,3,AGAP004078__SITE03;AGAP004078__SITE04;AGAP004078__SITE05,1,0.313432835820896,88,1,1,10,1,1,20
AGAP004078,3,AGAP004078__SITE02;AGAP004078__SITE03;AGAP004078__SITE04,1,0.639658848614073,255,1,1,10,1,2,20
AGAP004078,3,AGAP004078__SITE02;AGAP004078__SITE03;AGAP004078__SITE05,1,0.313432835820896,261,1,1,10,1,3,20
AGAP004078,3,AGAP004078__SITE02;AGAP004078__SITE04;AGAP004078__SITE05,1,0.531982942430704,261,1,1,10,1,4,20
AGAP004078,3,AGAP004078__SITE01;AGAP004078__SITE02;AGAP004078__SITE04,1,0.899253731343284,271,1,1,10,1,5,20
AGAP004078,3,AGAP004078__SITE01;AGAP004078__SITE03;AGAP004078__SITE04,1,0.618336886993603,271,1,1,10,1,6,20
AGAP004078,3,AGAP004078__SITE01;AGAP004078__SITE02;AGAP004078__SITE05,1,0.529317697228145,277,1,1,10,1,7,20
AGAP004078,3,AGAP004078__SITE01;AGAP004078__SITE04;AGAP004078__SITE05,1,0.529317697228145,277,1,1,10,1,8,20
AGAP004078,3,AGAP004078__SITE01;AGAP004078__SITE03;AGAP004078__SITE05,0.986140724946695,0.310767590618337,277,0.966739130434782,1,10,0.981706174098452,9,20
AGAP004078,3,AGAP004078__SITE01;AGAP004078__SITE02;AGAP004078__SITE03,0.945628997867804,0.62953091684435,212,0.585897435897436,0.9,10,0.833146629489913,10,20
AGAP004239,2,AGAP004239__SITE04;AGAP004239__SITE05,1,0.898720682302772,189,1,1,10,1,1,20
AGAP004239,2,AGAP004239__SITE03;AGAP004239__SITE04,1,0.897121535181237,215,1,1,10,1,2,20
AGAP004239,2,AGAP004239__SITE02;AGAP004239__SITE03,1,0.942963752665245,320,1,1,10,1,3,20
AGAP004239,2,AGAP004239__SITE01;AGAP004239__SITE03,1,0.942963752665245,325,1,1,10,1,4,20
AGAP004239,2,AGAP004239__SITE03;AGAP004239__SITE05,1,0.907782515991471,381,1,1,10,1,5,20
AGAP004239,2,AGAP004239__SITE02;AGAP004239__SITE04,1,0.933901918976546,512,1,1,10,1,6,20
AGAP004239,2,AGAP004239__SITE01;AGAP004239__SITE04,1,0.933901918976546,517,1,1,10,1,7,20
AGAP004239,2,AGAP004239__SITE02;AGAP004239__SITE05,1,0.94456289978678,678,1,1,10,1,8,20
AGAP004239,2,AGAP004239__SITE01;AGAP004239__SITE05,1,0.94456289978678,683,1,1,10,1,9,20
AGAP004239,2,AGAP004239__SITE01;AGAP004239__SITE02,0.989872068230277,0.989872068230277,28,0.922339743589744,0.9,10,0.960625164015089,10,20
AGAP004239,3,AGAP004239__SITE01;AGAP004239__SITE02;AGAP004239__SITE03,1,0.942963752665245,325,1,1,10,1,1,20
AGAP004239,3,AGAP004239__SITE03;AGAP004239__SITE04;AGAP004239__SITE05,1,0.85181236673774,381,1,1,10,1,2,20
AGAP004239,3,AGAP004239__SITE02;AGAP004239__SITE03;AGAP004239__SITE04,1,0.886993603411514,512,1,1,10,1,3,20
AGAP004239,3,AGAP004239__SITE01;AGAP004239__SITE02;AGAP004239__SITE04,1,0.933901918976546,517,1,1,10,1,4,20
AGAP004239,3,AGAP004239__SITE01;AGAP004239__SITE03;AGAP004239__SITE04,1,0.886993603411514,517,1,1,10,1,5,20
AGAP004239,3,AGAP004239__SITE02;AGAP004239__SITE03;AGAP004239__SITE05,1,0.897654584221748,678,1,1,10,1,6,20
AGAP004239,3,AGAP004239__SITE02;AGAP004239__SITE04;AGAP004239__SITE05,1,0.888592750533049,678,1,1,10,1,7,20
AGAP004239,3,AGAP004239__SITE01;AGAP004239__SITE02;AGAP004239__SITE05,1,0.94456289978678,683,1,1,10,1,8,20
AGAP004239,3,AGAP004239__SITE01;AGAP004239__SITE03;AGAP004239__SITE05,1,0.897654584221748,683,1,1,10,1,9,20
AGAP004239,3,AGAP004239__SITE01;AGAP004239__SITE04;AGAP004239__SITE05,1,0.888592750533049,683,1,1,10,1,10,20
AGAP004467,2,AGAP004467__SITE01;AGAP004467__SITE02,1,0.86727078891258,66,1,1,10,1,1,20
AGAP004467,2,AGAP004467__SITE01;AGAP004467__SITE03,1,0.86727078891258,69,1,1,10,1,2,20
AGAP004467,2,AGAP004467__SITE03;AGAP004467__SITE04,1,0.848081023454158,71,1,1,10,1,3,20
AGAP004467,2,AGAP004467__SITE02;AGAP004467__SITE04,1,0.848081023454158,74,1,1,10,1,4,20
AGAP004467,2,AGAP004467__SITE03;AGAP004467__SITE05,1,0.850746268656716,82,1,1,10,1,5,20
AGAP004467,2,AGAP004467__SITE02;AGAP004467__SITE05,1,0.850746268656716,85,1,1,10,1,6,20
AGAP004467,2,AGAP004467__SITE01;AGAP004467__SITE04,1,0.953091684434968,117,1,1,10,1,7,20
AGAP004467,2,AGAP004467__SITE01;AGAP004467__SITE05,1,0.955756929637527,128,1,1,10,1,8,20
AGAP004467,2,AGAP004467__SITE04;AGAP004467__SITE05,0.969616204690831,0.966950959488273,34,0.806089743589743,0.9,10,0.913596645891421,9,20
AGAP004467,2,AGAP004467__SITE02;AGAP004467__SITE03,0.881130063965885,0.881130063965885,26,0.76634460547504,0.3,10,0.788581420022043,10,20
AGAP004467,3,AGAP004467__SITE01;AGAP004467__SITE02;AGAP004467__SITE03,1,0.86727078891258,69,1,1,10,1,1,20
AGAP004467,3,AGAP004467__SITE02;AGAP004467__SITE03;AGAP004467__SITE04,1,0.848081023454158,74,1,1,10,1,2,20
AGAP004467,3,AGAP004467__SITE03;AGAP004467__SITE04;AGAP004467__SITE05,1,0.848081023454158,82,1,1,10,1,3,20
AGAP004467,3,AGAP004467__SITE02;AGAP004467__SITE03;AGAP004467__SITE05,1,0.850746268656716,85,1,1,10,1,4,20
AGAP004467,3,AGAP004467__SITE02;AGAP004467__SITE04;AGAP004467__SITE05,1,0.848081023454158,85,1,1,10,1,5,20
AGAP004467,3,AGAP004467__SITE01;AGAP004467__SITE02;AGAP004467__SITE04,1,0.834221748400853,117,1,1,10,1,6,20
AGAP004467,3,AGAP004467__SITE01;AGAP004467__SITE03;AGAP004467__SITE04,1,0.834221748400853,117,1,1,10,1,7,20
AGAP004467,3,AGAP004467__SITE01;AGAP004467__SITE02;AGAP004467__SITE05,1,0.836886993603412,128,1,1,10,1,8,20
AGAP004467,3,AGAP004467__SITE01;AGAP004467__SITE03;AGAP004467__SITE05,1,0.836886993603412,128,1,1,10,1,9,20
AGAP004467,3,AGAP004467__SITE01;AGAP004467__SITE04;AGAP004467__SITE05,1,0.953091684434968,128,1,1,10,1,10,20
AGAP004502,2,AGAP004502__SITE02;AGAP004502__SITE03,1,0.98454157782516,38,1,1,10,1,1,20
AGAP004502,2,AGAP004502__SITE01;AGAP004502__SITE02,1,0.997334754797441,96,1,1,10,1,2,20
AGAP004502,2,AGAP004502__SITE01;AGAP004502__SITE03,1,0.981876332622601,111,1,1,10,1,3,20
AGAP004502,2,AGAP004502__SITE03;AGAP004502__SITE04,1,0.984008528784648,198,1,1,10,1,4,20
AGAP004502,2,AGAP004502__SITE02;AGAP004502__SITE04,1,0.999466950959488,213,1,1,10,1,5,20
AGAP004502,2,AGAP004502__SITE04;AGAP004502__SITE05,1,0.994136460554371,218,1,1,10,1,6,20
AGAP004502,2,AGAP004502__SITE01;AGAP004502__SITE04,1,0.99680170575693,286,1,1,10,1,7,20
AGAP004502,2,AGAP004502__SITE03;AGAP004502__SITE05,1,0.979211087420043,393,1,1,10,1,8,20
AGAP004502,2,AGAP004502__SITE02;AGAP004502__SITE05,1,0.994669509594883,408,1,1,10,1,9,20
AGAP004502,2,AGAP004502__SITE01;AGAP004502__SITE05,1,0.992004264392324,481,1,1,10,1,10,20
AGAP004502,3,AGAP004502__SITE01;AGAP004502__SITE02;AGAP004502__SITE03,1,0.981876332622601,111,1,1,10,1,1,20
AGAP004502,3,AGAP004502__SITE02;AGAP004502__SITE03;AGAP004502__SITE04,1,0.984008528784648,213,1,1,10,1,2,20
AGAP004502,3,AGAP004502__SITE01;AGAP004502__SITE02;AGAP004502__SITE04,1,0.99680170575693,286,1,1,10,1,3,20
AGAP004502,3,AGAP004502__SITE01;AGAP004502__SITE03;AGAP004502__SITE04,1,0.98134328358209,286,1,1,10,1,4,20
AGAP004502,3,AGAP004502__SITE03;AGAP004502__SITE04;AGAP004502__SITE05,1,0.978678038379531,393,1,1,10,1,5,20
AGAP004502,3,AGAP004502__SITE02;AGAP004502__SITE03;AGAP004502__SITE05,1,0.979211087420043,408,1,1,10,1,6,20
AGAP004502,3,AGAP004502__SITE02;AGAP004502__SITE04;AGAP004502__SITE05,1,0.994136460554371,408,1,1,10,1,7,20
AGAP004502,3,AGAP004502__SITE01;AGAP004502__SITE02;AGAP004502__SITE05,1,0.992004264392324,481,1,1,10,1,8,20
AGAP004502,3,AGAP004502__SITE01;AGAP004502__SITE03;AGAP004502__SITE05,1,0.976545842217484,481,1,1,10,1,9,20
AGAP004502,3,AGAP004502__SITE01;AGAP004502__SITE04;AGAP004502__SITE05,1,0.991471215351812,481,1,1,10,1,10,20
AGAP004521,2,AGAP004521__SITE02;AGAP004521__SITE03,0.996268656716418,0.814498933901919,164,0.991965788840789,1,10,0.995350930682087,1,20
AGAP004521,2,AGAP004521__SITE02;AGAP004521__SITE04,0.996268656716418,0.814498933901919,168,0.991965788840789,1,10,0.995350930682087,2,20
AGAP004521,2,AGAP004521__SITE02;AGAP004521__SITE05,0.996268656716418,0.815565031982942,177,0.991965788840789,1,10,0.995350930682087,3,20
AGAP004521,2,AGAP004521__SITE01;AGAP004521__SITE03,0.993603411513859,0.578891257995736,324,0.986758824552251,1,10,0.992189694273991,4,20
AGAP004521,2,AGAP004521__SITE01;AGAP004521__SITE04,0.993603411513859,0.578891257995736,328,0.986758824552251,1,10,0.992189694273991,5,20
AGAP004521,2,AGAP004521__SITE01;AGAP004521__SITE05,0.993603411513859,0.579957356076759,337,0.986758824552251,1,10,0.992189694273991,6,20
AGAP004521,2,AGAP004521__SITE04;AGAP004521__SITE05,0.982942430703625,0.981876332622601,32,0.962587224906066,1,10,0.978541625893995,7,20
AGAP004521,2,AGAP004521__SITE03;AGAP004521__SITE05,0.982942430703625,0.981876332622601,36,0.962587224906066,1,10,0.978541625893995,8,20
AGAP004521,2,AGAP004521__SITE03;AGAP004521__SITE04,0.981876332622601,0.981876332622601,27,0.961352657004831,1,10,0.97753159667501,9,20
AGAP004521,2,AGAP004521__SITE01;AGAP004521__SITE02,0.91044776119403,0.509061833688699,183,0.677579365079365,0.4,10,0.789542466240228,10,20
AGAP004521,3,AGAP004521__SITE02;AGAP004521__SITE03;AGAP004521__SITE04,0.996268656716418,0.814498933901919,168,0.991965788840789,1,10,0.995350930682087,1,20
AGAP004521,3,AGAP004521__SITE02;AGAP004521__SITE03;AGAP004521__SITE05,0.996268656716418,0.814498933901919,177,0.991965788840789,1,10,0.995350930682087,2,20
AGAP004521,3,AGAP004521__SITE02;AGAP004521__SITE04;AGAP004521__SITE05,0.996268656716418,0.814498933901919,177,0.991965788840789,1,10,0.995350930682087,3,20
AGAP004521,3,AGAP004521__SITE01;AGAP004521__SITE02;AGAP004521__SITE03,0.996268656716418,0.497334754797441,324,0.991965788840789,1,10,0.995350930682087,4,20
AGAP004521,3,AGAP004521__SITE01;AGAP004521__SITE02;AGAP004521__SITE04,0.996268656716418,0.497334754797441,328,0.991965788840789,1,10,0.995350930682087,5,20
AGAP004521,3,AGAP004521__SITE01;AGAP004521__SITE02;AGAP004521__SITE05,0.996268656716418,0.498400852878465,337,0.991965788840789,1,10,0.995350930682087,6,20
AGAP004521,3,AGAP004521__SITE01;AGAP004521__SITE03;AGAP004521__SITE04,0.993603411513859,0.578891257995736,328,0.986758824552251,1,10,0.992189694273991,7,20
AGAP004521,3,AGAP004521__SITE01;AGAP004521__SITE03;AGAP004521__SITE05,0.993603411513859,0.578891257995736,337,0.986758824552251,1,10,0.992189694273991,8,20
AGAP004521,3,AGAP004521__SITE01;AGAP004521__SITE04;AGAP004521__SITE05,0.993603411513859,0.578891257995736,337,0.986758824552251,1,10,0.992189694273991,9,20
AGAP004521,3,AGAP004521__SITE03;AGAP004521__SITE04;AGAP004521__SITE05,0.982942430703625,0.981876332622601,36,0.962587224906066,1,10,0.978541625893995,10,20
AGAP004685,2,AGAP004685__SITE04;AGAP004685__SITE05,1,0.999466950959488,423,1,1,10,1,1,20
AGAP004699,2,AGAP004699__SITE04;AGAP004699__SITE05,1,1,65,1,1,10,1,1,20
AGAP004699,2,AGAP004699__SITE02;AGAP004699__SITE03,1,0.998933901918977,140,1,1,10,1,2,20
AGAP004699,2,AGAP004699__SITE01;AGAP004699__SITE03,1,0.998933901918977,143,1,1,10,1,3,20
AGAP004699,2,AGAP004699__SITE03;AGAP004699__SITE04,1,1,386,1,1,10,1,4,20
AGAP004699,2,AGAP004699__SITE03;AGAP004699__SITE05,1,1,428,1,1,10,1,5,20
AGAP004699,2,AGAP004699__SITE02;AGAP004699__SITE04,1,0.998933901918977,503,1,1,10,1,6,20
AGAP004699,2,AGAP004699__SITE01;AGAP004699__SITE04,1,0.998933901918977,506,1,1,10,1,7,20
AGAP004699,2,AGAP004699__SITE02;AGAP004699__SITE05,1,0.998933901918977,545,1,1,10,1,8,20
AGAP004699,2,AGAP004699__SITE01;AGAP004699__SITE05,1,0.998933901918977,548,1,1,10,1,9,20
AGAP004699,2,AGAP004699__SITE01;AGAP004699__SITE02,0.998933901918977,0.998933901918977,26,0.991880341880342,1,10,0.996924443715489,10,20
AGAP004699,3,AGAP004699__SITE01;AGAP004699__SITE02;AGAP004699__SITE03,1,0.998933901918977,143,1,1,10,1,1,20
AGAP004699,3,AGAP004699__SITE03;AGAP004699__SITE04;AGAP004699__SITE05,1,1,428,1,1,10,1,2,20
AGAP004699,3,AGAP004699__SITE02;AGAP004699__SITE03;AGAP004699__SITE04,1,0.998933901918977,503,1,1,10,1,3,20
AGAP004699,3,AGAP004699__SITE01;AGAP004699__SITE02;AGAP004699__SITE04,1,0.998933901918977,506,1,1,10,1,4,20
AGAP004699,3,AGAP004699__SITE01;AGAP004699__SITE03;AGAP004699__SITE04,1,0.998933901918977,506,1,1,10,1,5,20
AGAP004699,3,AGAP004699__SITE02;AGAP004699__SITE03;AGAP004699__SITE05,1,0.998933901918977,545,1,1,10,1,6,20
AGAP004699,3,AGAP004699__SITE02;AGAP004699__SITE04;AGAP004699__SITE05,1,0.998933901918977,545,1,1,10,1,7,20
AGAP004699,3,AGAP004699__SITE01;AGAP004699__SITE02;AGAP004699__SITE05,1,0.998933901918977,548,1,1,10,1,8,20
AGAP004699,3,AGAP004699__SITE01;AGAP004699__SITE03;AGAP004699__SITE05,1,0.998933901918977,548,1,1,10,1,9,20
AGAP004699,3,AGAP004699__SITE01;AGAP004699__SITE04;AGAP004699__SITE05,1,0.998933901918977,548,1,1,10,1,10,20
AGAP004729,2,AGAP004729__SITE04;AGAP004729__SITE05,1,1,32,1,1,10,1,1,20
AGAP004729,2,AGAP004729__SITE03;AGAP004729__SITE04,1,1,33,1,1,10,1,2,20
AGAP004729,2,AGAP004729__SITE02;AGAP004729__SITE03,1,0.998933901918977,41,1,1,10,1,3,20
AGAP004729,2,AGAP004729__SITE03;AGAP004729__SITE05,1,1,42,1,1,10,1,4,20
AGAP004729,2,AGAP004729__SITE01;AGAP004729__SITE03,1,0.999466950959488,50,1,1,10,1,5,20
AGAP004729,2,AGAP004729__SITE02;AGAP004729__SITE04,1,0.998933901918977,51,1,1,10,1,6,20
AGAP004729,2,AGAP004729__SITE01;AGAP004729__SITE04,1,0.999466950959488,60,1,1,10,1,7,20
AGAP004729,2,AGAP004729__SITE02;AGAP004729__SITE05,1,0.998933901918977,60,1,1,10,1,8,20
AGAP004729,2,AGAP004729__SITE01;AGAP004729__SITE05,1,0.999466950959488,69,1,1,10,1,9,20
AGAP004729,2,AGAP004729__SITE01;AGAP004729__SITE02,0.999466950959488,0.998933901918977,32,0.986805555555556,1,10,0.99572183724236,10,20
AGAP004729,3,AGAP004729__SITE03;AGAP004729__SITE04;AGAP004729__SITE05,1,1,42,1,1,10,1,1,20
AGAP004729,3,AGAP004729__SITE01;AGAP004729__SITE02;AGAP004729__SITE03,1,0.998933901918977,50,1,1,10,1,2,20
AGAP004729,3,AGAP004729__SITE02;AGAP004729__SITE03;AGAP004729__SITE04,1,0.998933901918977,51,1,1,10,1,3,20
AGAP004729,3,AGAP004729__SITE01;AGAP004729__SITE02;AGAP004729__SITE04,1,0.998933901918977,60,1,1,10,1,4,20
AGAP004729,3,AGAP004729__SITE01;AGAP004729__SITE03;AGAP004729__SITE04,1,0.999466950959488,60,1,1,10,1,5,20
AGAP004729,3,AGAP004729__SITE02;AGAP004729__SITE03;AGAP004729__SITE05,1,0.998933901918977,60,1,1,10,1,6,20
AGAP004729,3,AGAP004729__SITE02;AGAP004729__SITE04;AGAP004729__SITE05,1,0.998933901918977,60,1,1,10,1,7,20
AGAP004729,3,AGAP004729__SITE01;AGAP004729__SITE02;AGAP004729__SITE05,1,0.998933901918977,69,1,1,10,1,8,20
AGAP004729,3,AGAP004729__SITE01;AGAP004729__SITE03;AGAP004729__SITE05,1,0.999466950959488,69,1,1,10,1,9,20
AGAP004729,3,AGAP004729__SITE01;AGAP004729__SITE04;AGAP004729__SITE05,1,0.999466950959488,69,1,1,10,1,10,20
AGAP004739,2,AGAP004739__SITE03;AGAP004739__SITE04,1,0.989872068230277,27,1,1,10,1,1,20
AGAP004739,2,AGAP004739__SITE02;AGAP004739__SITE04,1,0.989872068230277,28,1,1,10,1,2,20
AGAP004739,2,AGAP004739__SITE01;AGAP004739__SITE04,1,0.989872068230277,38,1,1,10,1,3,20
AGAP004739,2,AGAP004739__SITE04;AGAP004739__SITE05,1,0.995735607675906,164,1,1,10,1,4,20
AGAP004739,2,AGAP004739__SITE03;AGAP004739__SITE05,1,0.994136460554371,168,1,1,10,1,5,20
AGAP004739,2,AGAP004739__SITE02;AGAP004739__SITE05,1,0.994136460554371,169,1,1,10,1,6,20
AGAP004739,2,AGAP004739__SITE01;AGAP004739__SITE05,1,0.994136460554371,179,1,1,10,1,7,20
AGAP004739,2,AGAP004739__SITE02;AGAP004739__SITE03,0.994136460554371,0.994136460554371,24,0.959401709401709,0.9,10,0.974302389153135,8,20
AGAP004739,2,AGAP004739__SITE01;AGAP004739__SITE02,0.994136460554371,0.994136460554371,33,0.959401709401709,0.9,10,0.974302389153135,9,20
AGAP004739,2,AGAP004739__SITE01;AGAP004739__SITE03,0.994136460554371,0.994136460554371,34,0.959401709401709,0.9,10,0.974302389153135,10,20
AGAP004739,3,AGAP004739__SITE02;AGAP004739__SITE03;AGAP004739__SITE04,1,0.989872068230277,28,1,1,10,1,1,20
AGAP004739,3,AGAP004739__SITE01;AGAP004739__SITE02;AGAP004739__SITE04,1,0.989872068230277,38,1,1,10,1,2,20
AGAP004739,3,AGAP004739__SITE01;AGAP004739__SITE03;AGAP004739__SITE04,1,0.989872068230277,38,1,1,10,1,3,20
AGAP004739,3,AGAP004739__SITE03;AGAP004739__SITE04;AGAP004739__SITE05,1,0.989872068230277,168,1,1,10,1,4,20
AGAP004739,3,AGAP004739__SITE02;AGAP004739__SITE03;AGAP004739__SITE05,1,0.994136460554371,169,1,1,10,1,5,20
AGAP004739,3,AGAP004739__SITE02;AGAP004739__SITE04;AGAP004739__SITE05,1,0.989872068230277,169,1,1,10,1,6,20
AGAP004739,3,AGAP004739__SITE01;AGAP004739__SITE02;AGAP004739__SITE05,1,0.994136460554371,179,1,1,10,1,7,20
AGAP004739,3,AGAP004739__SITE01;AGAP004739__SITE03;AGAP004739__SITE05,1,0.994136460554371,179,1,1,10,1,8,20
AGAP004739,3,AGAP004739__SITE01;AGAP004739__SITE04;AGAP004739__SITE05,1,0.989872068230277,179,1,1,10,1,9,20
AGAP004739,3,AGAP004739__SITE01;AGAP004739__SITE02;AGAP004739__SITE03,0.994136460554371,0.994136460554371,34,0.959401709401709,0.9,10,0.974302389153135,10,20
AGAP004825,2,AGAP004825__SITE02;AGAP004825__SITE03,1,0.740405117270789,77,1,1,10,1,1,20
AGAP004825,2,AGAP004825__SITE02;AGAP004825__SITE04,1,0.874733475479744,93,1,1,10,1,2,20
AGAP004825,2,AGAP004825__SITE04;AGAP004825__SITE05,1,0.976012793176972,201,1,1,10,1,3,20
AGAP004825,2,AGAP004825__SITE02;AGAP004825__SITE05,1,0.890191897654584,271,1,1,10,1,4,20
AGAP004825,2,AGAP004825__SITE03;AGAP004825__SITE05,0.998400852878465,0.843283582089552,217,0.986972222222222,1,10,0.995132178393746,5,20
AGAP004825,2,AGAP004825__SITE03;AGAP004825__SITE04,0.995735607675906,0.830490405117271,39,0.987094304960196,1,10,0.993569656093602,6,20
AGAP004825,3,AGAP004825__SITE02;AGAP004825__SITE03;AGAP004825__SITE04,1,0.724946695095949,93,1,1,10,1,1,20
AGAP004825,3,AGAP004825__SITE03;AGAP004825__SITE04;AGAP004825__SITE05,1,0.827825159914712,217,1,1,10,1,2,20
AGAP004825,3,AGAP004825__SITE02;AGAP004825__SITE03;AGAP004825__SITE05,1,0.73773987206823,271,1,1,10,1,3,20
AGAP004825,3,AGAP004825__SITE02;AGAP004825__SITE04;AGAP004825__SITE05,1,0.87046908315565,271,1,1,10,1,4,20
AGAP004852,2,AGAP004852__SITE03;AGAP004852__SITE04,1,0.980810234541578,33,1,1,10,1,1,20
AGAP004852,2,AGAP004852__SITE04;AGAP004852__SITE05,1,0.990405117270789,107,1,1,10,1,2,20
AGAP004852,2,AGAP004852__SITE03;AGAP004852__SITE05,1,0.971215351812367,117,1,1,10,1,3,20
AGAP004852,2,AGAP004852__SITE02;AGAP004852__SITE03,1,0.974946695095949,188,1,1,10,1,4,20
AGAP004852,2,AGAP004852__SITE02;AGAP004852__SITE04,1,0.994136460554371,198,1,1,10,1,5,20
AGAP004852,2,AGAP004852__SITE01;AGAP004852__SITE03,1,0.957889125799574,202,1,1,10,1,6,20
AGAP004852,2,AGAP004852__SITE01;AGAP004852__SITE04,1,0.977078891257996,212,1,1,10,1,7,20
AGAP004852,2,AGAP004852__SITE02;AGAP004852__SITE05,1,0.98454157782516,282,1,1,10,1,8,20
AGAP004852,2,AGAP004852__SITE01;AGAP004852__SITE05,1,0.967484008528785,296,1,1,10,1,9,20
AGAP004852,2,AGAP004852__SITE01;AGAP004852__SITE02,0.999466950959488,0.971748400852879,37,0.998933782267115,1,10,0.999360305255827,10,20
AGAP004852,3,AGAP004852__SITE03;AGAP004852__SITE04;AGAP004852__SITE05,1,0.971215351812367,117,1,1,10,1,1,20
AGAP004852,3,AGAP004852__SITE02;AGAP004852__SITE03;AGAP004852__SITE04,1,0.974946695095949,198,1,1,10,1,2,20
AGAP004852,3,AGAP004852__SITE01;AGAP004852__SITE02;AGAP004852__SITE03,1,0.952558635394456,202,1,1,10,1,3,20
AGAP004852,3,AGAP004852__SITE01;AGAP004852__SITE02;AGAP004852__SITE04,1,0.971748400852879,212,1,1,10,1,4,20
AGAP004852,3,AGAP004852__SITE01;AGAP004852__SITE03;AGAP004852__SITE04,1,0.957889125799574,212,1,1,10,1,5,20
AGAP004852,3,AGAP004852__SITE02;AGAP004852__SITE03;AGAP004852__SITE05,1,0.965351812366738,282,1,1,10,1,6,20
AGAP004852,3,AGAP004852__SITE02;AGAP004852__SITE04;AGAP004852__SITE05,1,0.98454157782516,282,1,1,10,1,7,20
AGAP004852,3,AGAP004852__SITE01;AGAP004852__SITE02;AGAP004852__SITE05,1,0.962153518123667,296,1,1,10,1,8,20
AGAP004852,3,AGAP004852__SITE01;AGAP004852__SITE03;AGAP004852__SITE05,1,0.948294243070363,296,1,1,10,1,9,20
AGAP004852,3,AGAP004852__SITE01;AGAP004852__SITE04;AGAP004852__SITE05,1,0.967484008528785,296,1,1,10,1,10,20
AGAP004957,2,AGAP004957__SITE03;AGAP004957__SITE04,1,0.966950959488273,50,1,1,10,1,1,20
AGAP004957,2,AGAP004957__SITE02;AGAP004957__SITE04,1,0.966950959488273,51,1,1,10,1,2,20
AGAP004957,2,AGAP004957__SITE04;AGAP004957__SITE05,1,0.968550106609808,51,1,1,10,1,3,20
AGAP004957,2,AGAP004957__SITE03;AGAP004957__SITE05,1,0.990938166311301,78,1,1,10,1,4,20
AGAP004957,2,AGAP004957__SITE02;AGAP004957__SITE05,1,0.990938166311301,79,1,1,10,1,5,20
AGAP004957,2,AGAP004957__SITE01;AGAP004957__SITE02,0.999466950959488,0.677505330490405,193,0.995777777777777,1,10,0.998413503909026,6,20
AGAP004957,2,AGAP004957__SITE01;AGAP004957__SITE03,0.999466950959488,0.677505330490405,194,0.995777777777777,1,10,0.998413503909026,7,20
AGAP004957,2,AGAP004957__SITE01;AGAP004957__SITE04,0.999466950959488,0.655117270788913,221,0.994242424242424,1,10,0.99795289784842,8,20
AGAP004957,2,AGAP004957__SITE01;AGAP004957__SITE05,0.998933901918977,0.679637526652452,249,0.991555555555556,1,10,0.996827007818053,9,20
AGAP004957,2,AGAP004957__SITE02;AGAP004957__SITE03,0.994669509594883,0.994669509594883,24,0.964666666666667,1,10,0.98620170575693,10,20
AGAP004957,3,AGAP004957__SITE02;AGAP004957__SITE03;AGAP004957__SITE04,1,0.966950959488273,51,1,1,10,1,1,20
AGAP004957,3,AGAP004957__SITE03;AGAP004957__SITE04;AGAP004957__SITE05,1,0.963219616204691,78,1,1,10,1,2,20
AGAP004957,3,AGAP004957__SITE02;AGAP004957__SITE03;AGAP004957__SITE05,1,0.990938166311301,79,1,1,10,1,3,20
AGAP004957,3,AGAP004957__SITE02;AGAP004957__SITE04;AGAP004957__SITE05,1,0.963219616204691,79,1,1,10,1,4,20
AGAP004957,3,AGAP004957__SITE01;AGAP004957__SITE02;AGAP004957__SITE04,1,0.650319829424307,221,1,1,10,1,5,20
AGAP004957,3,AGAP004957__SITE01;AGAP004957__SITE03;AGAP004957__SITE04,1,0.650319829424307,221,1,1,10,1,6,20
AGAP004957,3,AGAP004957__SITE01;AGAP004957__SITE02;AGAP004957__SITE05,1,0.674840085287847,249,1,1,10,1,7,20
AGAP004957,3,AGAP004957__SITE01;AGAP004957__SITE03;AGAP004957__SITE05,1,0.674840085287847,249,1,1,10,1,8,20
AGAP004957,3,AGAP004957__SITE01;AGAP004957__SITE04;AGAP004957__SITE05,1,0.652452025586354,249,1,1,10,1,9,20
AGAP004957,3,AGAP004957__SITE01;AGAP004957__SITE02;AGAP004957__SITE03,0.999466950959488,0.677505330490405,194,0.995777777777777,1,10,0.998413503909026,10,20
AGAP005062,2,AGAP005062__SITE04;AGAP005062__SITE05,1,0.979211087420043,44,1,1,10,1,1,20
AGAP005062,2,AGAP005062__SITE03;AGAP005062__SITE05,1,0.979211087420043,45,1,1,10,1,2,20
AGAP005062,2,AGAP005062__SITE02;AGAP005062__SITE03,1,0.987206823027719,47,1,1,10,1,3,20
AGAP005062,2,AGAP005062__SITE02;AGAP005062__SITE04,1,0.987206823027719,48,1,1,10,1,4,20
AGAP005062,2,AGAP005062__SITE02;AGAP005062__SITE05,1,0.974946695095949,69,1,1,10,1,5,20
AGAP005062,2,AGAP005062__SITE01;AGAP005062__SITE02,1,0.991471215351812,245,1,1,10,1,6,20
AGAP005062,2,AGAP005062__SITE01;AGAP005062__SITE03,1,0.995735607675906,269,1,1,10,1,7,20
AGAP005062,2,AGAP005062__SITE01;AGAP005062__SITE04,1,0.995735607675906,270,1,1,10,1,8,20
AGAP005062,2,AGAP005062__SITE01;AGAP005062__SITE05,1,0.983475479744136,291,1,1,10,1,9,20
AGAP005062,2,AGAP005062__SITE03;AGAP005062__SITE04,0.995735607675906,0.995735607675906,24,0.988996913580247,1,10,0.994140438679618,10,20
AGAP005062,3,AGAP005062__SITE03;AGAP005062__SITE04;AGAP005062__SITE05,1,0.979211087420043,45,1,1,10,1,1,20
AGAP005062,3,AGAP005062__SITE02;AGAP005062__SITE03;AGAP005062__SITE04,1,0.987206823027719,48,1,1,10,1,2,20
AGAP005062,3,AGAP005062__SITE02;AGAP005062__SITE03;AGAP005062__SITE05,1,0.970682302771855,69,1,1,10,1,3,20
AGAP005062,3,AGAP005062__SITE02;AGAP005062__SITE04;AGAP005062__SITE05,1,0.970682302771855,69,1,1,10,1,4,20
AGAP005062,3,AGAP005062__SITE01;AGAP005062__SITE02;AGAP005062__SITE03,1,0.987206823027719,269,1,1,10,1,5,20
AGAP005062,3,AGAP005062__SITE01;AGAP005062__SITE02;AGAP005062__SITE04,1,0.987206823027719,270,1,1,10,1,6,20
AGAP005062,3,AGAP005062__SITE01;AGAP005062__SITE03;AGAP005062__SITE04,1,0.995735607675906,270,1,1,10,1,7,20
AGAP005062,3,AGAP005062__SITE01;AGAP005062__SITE02;AGAP005062__SITE05,1,0.974946695095949,291,1,1,10,1,8,20
AGAP005062,3,AGAP005062__SITE01;AGAP005062__SITE03;AGAP005062__SITE05,1,0.979211087420043,291,1,1,10,1,9,20
AGAP005062,3,AGAP005062__SITE01;AGAP005062__SITE04;AGAP005062__SITE05,1,0.979211087420043,291,1,1,10,1,10,20
AGAP005127,2,AGAP005127__SITE02;AGAP005127__SITE03,1,0.98773987206823,65,1,1,10,1,1,20
AGAP005127,2,AGAP005127__SITE01;AGAP005127__SITE02,1,0.96908315565032,96,1,1,10,1,2,20
AGAP005127,2,AGAP005127__SITE01;AGAP005127__SITE03,1,0.966417910447761,138,1,1,10,1,3,20
AGAP005127,2,AGAP005127__SITE03;AGAP005127__SITE04,1,0.973880597014925,206,1,1,10,1,4,20
AGAP005127,2,AGAP005127__SITE03;AGAP005127__SITE05,1,0.988272921108742,243,1,1,10,1,5,20
AGAP005127,2,AGAP005127__SITE02;AGAP005127__SITE04,1,0.976545842217484,248,1,1,10,1,6,20
AGAP005127,2,AGAP005127__SITE02;AGAP005127__SITE05,1,0.990938166311301,285,1,1,10,1,7,20
AGAP005127,2,AGAP005127__SITE01;AGAP005127__SITE04,1,0.955223880597015,321,1,1,10,1,8,20
AGAP005127,2,AGAP005127__SITE01;AGAP005127__SITE05,1,0.969616204690831,358,1,1,10,1,9,20
AGAP005127,2,AGAP005127__SITE04;AGAP005127__SITE05,0.999466950959488,0.977611940298507,60,0.998933782267115,1,10,0.999360305255827,10,20
AGAP005127,3,AGAP005127__SITE01;AGAP005127__SITE02;AGAP005127__SITE03,1,0.961620469083156,138,1,1,10,1,1,20
AGAP005127,3,AGAP005127__SITE03;AGAP005127__SITE04;AGAP005127__SITE05,1,0.970149253731343,243,1,1,10,1,2,20
AGAP005127,3,AGAP005127__SITE02;AGAP005127__SITE03;AGAP005127__SITE04,1,0.96908315565032,248,1,1,10,1,3,20
AGAP005127,3,AGAP005127__SITE02;AGAP005127__SITE03;AGAP005127__SITE05,1,0.983475479744136,285,1,1,10,1,4,20
AGAP005127,3,AGAP005127__SITE02;AGAP005127__SITE04;AGAP005127__SITE05,1,0.972814498933902,285,1,1,10,1,5,20
AGAP005127,3,AGAP005127__SITE01;AGAP005127__SITE02;AGAP005127__SITE04,1,0.950426439232409,321,1,1,10,1,6,20
AGAP005127,3,AGAP005127__SITE01;AGAP005127__SITE03;AGAP005127__SITE04,1,0.947761194029851,321,1,1,10,1,7,20
AGAP005127,3,AGAP005127__SITE01;AGAP005127__SITE02;AGAP005127__SITE05,1,0.964818763326226,358,1,1,10,1,8,20
AGAP005127,3,AGAP005127__SITE01;AGAP005127__SITE03;AGAP005127__SITE05,1,0.962153518123667,358,1,1,10,1,9,20
AGAP005127,3,AGAP005127__SITE01;AGAP005127__SITE04;AGAP005127__SITE05,1,0.951492537313433,358,1,1,10,1,10,20
AGAP005130,2,AGAP005130__SITE02;AGAP005130__SITE03,1,0.995202558635394,52,1,1,10,1,1,20
AGAP005130,2,AGAP005130__SITE02;AGAP005130__SITE04,1,0.995735607675906,59,1,1,10,1,2,20
AGAP005130,2,AGAP005130__SITE01;AGAP005130__SITE02,1,0.96002132196162,124,1,1,10,1,3,20
AGAP005130,2,AGAP005130__SITE01;AGAP005130__SITE03,1,0.961620469083156,153,1,1,10,1,4,20
AGAP005130,2,AGAP005130__SITE01;AGAP005130__SITE04,1,0.962153518123667,160,1,1,10,1,5,20
AGAP005130,2,AGAP005130__SITE04;AGAP005130__SITE05,1,0.965884861407249,321,1,1,10,1,6,20
AGAP005130,2,AGAP005130__SITE03;AGAP005130__SITE05,1,0.965351812366738,328,1,1,10,1,7,20
AGAP005130,2,AGAP005130__SITE01;AGAP005130__SITE05,1,0.930170575692964,458,1,1,10,1,8,20
AGAP005130,2,AGAP005130__SITE02;AGAP005130__SITE05,0.999466950959488,0.964285714285714,357,0.998933782267115,1,10,0.999360305255827,9,20
AGAP005130,2,AGAP005130__SITE03;AGAP005130__SITE04,0.998933901918977,0.998400852878465,30,0.99516049382716,1,10,0.997908489299534,10,20
AGAP005130,3,AGAP005130__SITE02;AGAP005130__SITE03;AGAP005130__SITE04,1,0.995202558635394,59,1,1,10,1,1,20
AGAP005130,3,AGAP005130__SITE01;AGAP005130__SITE02;AGAP005130__SITE03,1,0.958422174840085,153,1,1,10,1,2,20
AGAP005130,3,AGAP005130__SITE01;AGAP005130__SITE02;AGAP005130__SITE04,1,0.958955223880597,160,1,1,10,1,3,20
AGAP005130,3,AGAP005130__SITE01;AGAP005130__SITE03;AGAP005130__SITE04,1,0.961620469083156,160,1,1,10,1,4,20
AGAP005130,3,AGAP005130__SITE03;AGAP005130__SITE04;AGAP005130__SITE05,1,0.965351812366738,328,1,1,10,1,5,20
AGAP005130,3,AGAP005130__SITE02;AGAP005130__SITE03;AGAP005130__SITE05,1,0.962686567164179,357,1,1,10,1,6,20
AGAP005130,3,AGAP005130__SITE02;AGAP005130__SITE04;AGAP005130__SITE05,1,0.963219616204691,357,1,1,10,1,7,20
AGAP005130,3,AGAP005130__SITE01;AGAP005130__SITE02;AGAP005130__SITE05,1,0.927505330490405,458,1,1,10,1,8,20
AGAP005130,3,AGAP005130__SITE01;AGAP005130__SITE03;AGAP005130__SITE05,1,0.928571428571429,458,1,1,10,1,9,20
AGAP005130,3,AGAP005130__SITE01;AGAP005130__SITE04;AGAP005130__SITE05,1,0.92910447761194,458,1,1,10,1,10,20
AGAP005321,2,AGAP005321__SITE01;AGAP005321__SITE04,1,0.977611940298507,127,1,1,10,1,1,20
AGAP005321,2,AGAP005321__SITE01;AGAP005321__SITE05,1,0.977611940298507,128,1,1,10,1,2,20
AGAP005321,2,AGAP005321__SITE01;AGAP005321__SITE02,0.999466950959488,0.935501066098081,119,0.997172619047619,1,10,0.998831956289978,3,20
AGAP005321,2,AGAP005321__SITE01;AGAP005321__SITE03,0.999466950959488,0.935501066098081,120,0.997172619047619,1,10,0.998831956289978,4,20
AGAP005321,2,AGAP005321__SITE03;AGAP005321__SITE04,0.99680170575693,0.930703624733475,30,0.984059523809524,1,10,0.993298880597015,5,20
AGAP005321,2,AGAP005321__SITE02;AGAP005321__SITE04,0.99680170575693,0.930703624733475,31,0.984059523809524,1,10,0.993298880597015,6,20
AGAP005321,2,AGAP005321__SITE03;AGAP005321__SITE05,0.99680170575693,0.930703624733475,31,0.984059523809524,1,10,0.993298880597015,7,20
AGAP005321,2,AGAP005321__SITE02;AGAP005321__SITE05,0.99680170575693,0.930703624733475,32,0.984059523809524,1,10,0.993298880597015,8,20
AGAP005321,2,AGAP005321__SITE04;AGAP005321__SITE05,0.985074626865672,0.985074626865672,24,0.935,0.9,10,0.961544776119403,9,20
AGAP005321,2,AGAP005321__SITE02;AGAP005321__SITE03,0.942430703624733,0.942430703624733,24,0.915415564373897,0.6,10,0.900083091487009,10,20
AGAP005321,3,AGAP005321__SITE01;AGAP005321__SITE02;AGAP005321__SITE04,1,0.923773987206823,127,1,1,10,1,1,20
AGAP005321,3,AGAP005321__SITE01;AGAP005321__SITE03;AGAP005321__SITE04,1,0.923773987206823,127,1,1,10,1,2,20
AGAP005321,3,AGAP005321__SITE01;AGAP005321__SITE02;AGAP005321__SITE05,1,0.923773987206823,128,1,1,10,1,3,20
AGAP005321,3,AGAP005321__SITE01;AGAP005321__SITE03;AGAP005321__SITE05,1,0.923773987206823,128,1,1,10,1,4,20
AGAP005321,3,AGAP005321__SITE01;AGAP005321__SITE04;AGAP005321__SITE05,1,0.977611940298507,128,1,1,10,1,5,20
AGAP005321,3,AGAP005321__SITE01;AGAP005321__SITE02;AGAP005321__SITE03,0.999466950959488,0.935501066098081,120,0.997172619047619,1,10,0.998831956289978,6,20
AGAP005321,3,AGAP005321__SITE02;AGAP005321__SITE03;AGAP005321__SITE04,0.99680170575693,0.930703624733475,31,0.984059523809524,1,10,0.993298880597015,7,20
AGAP005321,3,AGAP005321__SITE03;AGAP005321__SITE04;AGAP005321__SITE05,0.99680170575693,0.930703624733475,31,0.984059523809524,1,10,0.993298880597015,8,20
AGAP005321,3,AGAP005321__SITE02;AGAP005321__SITE03;AGAP005321__SITE05,0.99680170575693,0.930703624733475,32,0.984059523809524,1,10,0.993298880597015,9,20
AGAP005321,3,AGAP005321__SITE02;AGAP005321__SITE04;AGAP005321__SITE05,0.99680170575693,0.930703624733475,32,0.984059523809524,1,10,0.993298880597015,10,20
AGAP005406,2,AGAP005406__SITE01;AGAP005406__SITE02,1,0.890191897654584,96,1,1,10,1,1,20
AGAP005406,2,AGAP005406__SITE01;AGAP005406__SITE03,1,0.890191897654584,97,1,1,10,1,2,20
AGAP005406,2,AGAP005406__SITE01;AGAP005406__SITE05,0.999466950959488,0.716950959488273,392,0.995777777777777,1,10,0.998413503909026,3,20
AGAP005406,2,AGAP005406__SITE01;AGAP005406__SITE04,0.991471215351812,0.649253731343284,151,0.964058898847631,1,10,0.984100398865377,4,20
AGAP005406,2,AGAP005406__SITE04;AGAP005406__SITE05,0.983475479744136,0.505863539445629,264,0.946057971014493,0.9,10,0.963902679150829,5,20
AGAP005406,2,AGAP005406__SITE03;AGAP005406__SITE05,0.980277185501066,0.758528784648188,318,0.857905982905983,0.9,10,0.935538106172434,6,20
AGAP005406,2,AGAP005406__SITE02;AGAP005406__SITE05,0.980277185501066,0.758528784648188,319,0.857905982905983,0.9,10,0.935538106172434,7,20
AGAP005406,2,AGAP005406__SITE03;AGAP005406__SITE04,0.979744136460554,0.683368869936034,77,0.9249423815621,0.7,10,0.935329196344962,8,20
AGAP005406,2,AGAP005406__SITE02;AGAP005406__SITE04,0.979744136460554,0.683368869936034,78,0.9249423815621,0.7,10,0.935329196344962,9,20
AGAP005406,2,AGAP005406__SITE02;AGAP005406__SITE03,0.956289978678038,0.956289978678038,24,0.82457264957265,0.6,10,0.881145782078618,10,20
AGAP005406,3,AGAP005406__SITE01;AGAP005406__SITE02;AGAP005406__SITE03,1,0.890191897654584,97,1,1,10,1,1,20
AGAP005406,3,AGAP005406__SITE01;AGAP005406__SITE02;AGAP005406__SITE04,1,0.625799573560768,151,1,1,10,1,2,20
AGAP005406,3,AGAP005406__SITE01;AGAP005406__SITE03;AGAP005406__SITE04,1,0.625799573560768,151,1,1,10,1,3,20
AGAP005406,3,AGAP005406__SITE03;AGAP005406__SITE04;AGAP005406__SITE05,1,0.502132196162047,318,1,1,10,1,4,20
AGAP005406,3,AGAP005406__SITE02;AGAP005406__SITE04;AGAP005406__SITE05,1,0.502132196162047,319,1,1,10,1,5,20
AGAP005406,3,AGAP005406__SITE01;AGAP005406__SITE02;AGAP005406__SITE05,1,0.692963752665245,392,1,1,10,1,6,20
AGAP005406,3,AGAP005406__SITE01;AGAP005406__SITE03;AGAP005406__SITE05,1,0.692963752665245,392,1,1,10,1,7,20
AGAP005406,3,AGAP005406__SITE01;AGAP005406__SITE04;AGAP005406__SITE05,0.999466950959488,0.448294243070363,392,0.995777777777777,1,10,0.998413503909026,8,20
AGAP005406,3,AGAP005406__SITE02;AGAP005406__SITE03;AGAP005406__SITE05,0.980277185501066,0.758528784648188,319,0.857905982905983,0.9,10,0.935538106172434,9,20
AGAP005406,3,AGAP005406__SITE02;AGAP005406__SITE03;AGAP005406__SITE04,0.979744136460554,0.683368869936034,78,0.9249423815621,0.7,10,0.935329196344962,10,20
AGAP005763,2,AGAP005763__SITE01;AGAP005763__SITE04,0.997334754797441,0.937100213219616,271,0.990283289241623,1,10,0.995485839650951,1,20
AGAP005763,2,AGAP005763__SITE01;AGAP005763__SITE05,0.997334754797441,0.934434968017058,273,0.990283289241623,1,10,0.995485839650951,2,20
AGAP005763,2,AGAP005763__SITE01;AGAP005763__SITE02,0.994136460554371,0.0495735607675906,47,0.982529761904762,1,10,0.991240804904051,3,20
AGAP005763,2,AGAP005763__SITE01;AGAP005763__SITE03,0.994136460554371,0.0495735607675906,50,0.982529761904762,1,10,0.991240804904051,4,20
AGAP005763,2,AGAP005763__SITE04;AGAP005763__SITE05,0.940831556503198,0.937100213219616,25,0.825507246376811,0.6,10,0.872151107814962,5,20
AGAP005763,2,AGAP005763__SITE03;AGAP005763__SITE04,0.94136460554371,0.0485074626865672,244,0.819749670619236,0.6,10,0.870743664511997,6,20
AGAP005763,2,AGAP005763__SITE02;AGAP005763__SITE04,0.94136460554371,0.0485074626865672,247,0.819749670619236,0.6,10,0.870743664511997,7,20
AGAP005763,2,AGAP005763__SITE03;AGAP005763__SITE05,0.938699360341151,0.0485074626865672,246,0.825507246376811,0.5,10,0.860871790117734,8,20
AGAP005763,2,AGAP005763__SITE02;AGAP005763__SITE05,0.938699360341151,0.0485074626865672,249,0.825507246376811,0.5,10,0.860871790117734,9,20
AGAP005763,2,AGAP005763__SITE02;AGAP005763__SITE03,0.0495735607675906,0.0495735607675906,26,0.00491071428571427,0,10,0.0312173507462686,10,20
AGAP005763,3,AGAP005763__SITE01;AGAP005763__SITE02;AGAP005763__SITE04,0.997334754797441,0.0485074626865672,271,0.990283289241623,1,10,0.995485839650951,1,20
AGAP005763,3,AGAP005763__SITE01;AGAP005763__SITE03;AGAP005763__SITE04,0.997334754797441,0.0485074626865672,271,0.990283289241623,1,10,0.995485839650951,2,20
AGAP005763,3,AGAP005763__SITE01;AGAP005763__SITE02;AGAP005763__SITE05,0.997334754797441,0.0485074626865672,273,0.990283289241623,1,10,0.995485839650951,3,20
AGAP005763,3,AGAP005763__SITE01;AGAP005763__SITE03;AGAP005763__SITE05,0.997334754797441,0.0485074626865672,273,0.990283289241623,1,10,0.995485839650951,4,20
AGAP005763,3,AGAP005763__SITE01;AGAP005763__SITE04;AGAP005763__SITE05,0.997334754797441,0.933901918976546,273,0.990283289241623,1,10,0.995485839650951,5,20
AGAP005763,3,AGAP005763__SITE01;AGAP005763__SITE02;AGAP005763__SITE03,0.994136460554371,0.0495735607675906,50,0.982529761904762,1,10,0.991240804904051,6,20
AGAP005763,3,AGAP005763__SITE03;AGAP005763__SITE04;AGAP005763__SITE05,0.941897654584222,0.0485074626865672,246,0.825507246376811,0.6,10,0.872790766663577,7,20
AGAP005763,3,AGAP005763__SITE02;AGAP005763__SITE04;AGAP005763__SITE05,0.941897654584222,0.0485074626865672,249,0.825507246376811,0.6,10,0.872790766663577,8,20
AGAP005763,3,AGAP005763__SITE02;AGAP005763__SITE03;AGAP005763__SITE04,0.94136460554371,0.0485074626865672,247,0.819749670619236,0.6,10,0.870743664511997,9,20
AGAP005763,3,AGAP005763__SITE02;AGAP005763__SITE03;AGAP005763__SITE05,0.938699360341151,0.0485074626865672,249,0.825507246376811,0.5,10,0.860871790117734,10,20
AGAP005871,2,AGAP005871__SITE01;AGAP005871__SITE02,1,0.938699360341151,40,1,1,10,1,1,20
AGAP005871,2,AGAP005871__SITE01;AGAP005871__SITE03,1,0.300639658848614,78,1,1,10,1,2,20
AGAP005871,2,AGAP005871__SITE01;AGAP005871__SITE04,1,0.714818763326226,255,1,1,10,1,3,20
AGAP005871,2,AGAP005871__SITE01;AGAP005871__SITE05,1,0.479744136460554,265,1,1,10,1,4,20
AGAP005871,2,AGAP005871__SITE02;AGAP005871__SITE04,0.945095948827292,0.709488272921109,238,0.796588164251208,0.5,10,0.856034018571738,5,20
AGAP005871,2,AGAP005871__SITE02;AGAP005871__SITE03,0.939765458422175,0.300639658848614,61,0.782638888888889,0.5,10,0.848650941719972,6,20
AGAP005871,2,AGAP005871__SITE02;AGAP005871__SITE05,0.939765458422175,0.479744136460554,248,0.782638888888889,0.5,10,0.848650941719972,7,20
AGAP005871,2,AGAP005871__SITE03;AGAP005871__SITE04,0.718550106609808,0.297974413646055,200,0.560760869565218,0,10,0.59935832483545,8,20
AGAP005871,2,AGAP005871__SITE04;AGAP005871__SITE05,0.715351812366738,0.480277185501066,33,0.560760869565218,0,10,0.597439348289608,9,20
AGAP005871,2,AGAP005871__SITE03;AGAP005871__SITE05,0.484008528784648,0.297441364605544,210,0.140277777777778,0,10,0.332488450604122,10,20
AGAP005871,3,AGAP005871__SITE01;AGAP005871__SITE02;AGAP005871__SITE03,1,0.300106609808102,78,1,1,10,1,1,20
AGAP005871,3,AGAP005871__SITE01;AGAP005871__SITE02;AGAP005871__SITE04,1,0.708955223880597,255,1,1,10,1,2,20
AGAP005871,3,AGAP005871__SITE01;AGAP005871__SITE03;AGAP005871__SITE04,1,0.297441364605544,255,1,1,10,1,3,20
AGAP005871,3,AGAP005871__SITE01;AGAP005871__SITE02;AGAP005871__SITE05,1,0.479211087420043,265,1,1,10,1,4,20
AGAP005871,3,AGAP005871__SITE01;AGAP005871__SITE03;AGAP005871__SITE05,1,0.296908315565032,265,1,1,10,1,5,20
AGAP005871,3,AGAP005871__SITE01;AGAP005871__SITE04;AGAP005871__SITE05,1,0.479744136460554,265,1,1,10,1,6,20
AGAP005871,3,AGAP005871__SITE02;AGAP005871__SITE03;AGAP005871__SITE04,0.945095948827292,0.297441364605544,238,0.796588164251208,0.5,10,0.856034018571738,7,20
AGAP005871,3,AGAP005871__SITE02;AGAP005871__SITE04;AGAP005871__SITE05,0.945095948827292,0.479744136460554,248,0.796588164251208,0.5,10,0.856034018571738,8,20
AGAP005871,3,AGAP005871__SITE02;AGAP005871__SITE03;AGAP005871__SITE05,0.939765458422175,0.296908315565032,248,0.782638888888889,0.5,10,0.848650941719972,9,20
AGAP005871,3,AGAP005871__SITE03;AGAP005871__SITE04;AGAP005871__SITE05,0.718550106609808,0.297441364605544,210,0.560760869565218,0,10,0.59935832483545,10,20
AGAP005874,2,AGAP005874__SITE02;AGAP005874__SITE03,1,0.995735607675906,93,1,1,10,1,1,20
AGAP005874,2,AGAP005874__SITE03;AGAP005874__SITE05,1,0.797974413646056,138,1,1,10,1,2,20
AGAP005874,2,AGAP005874__SITE02;AGAP005874__SITE05,1,0.794776119402985,208,1,1,10,1,3,20
AGAP005874,2,AGAP005874__SITE03;AGAP005874__SITE04,0.999466950959488,0.513859275053305,57,0.996557971014493,1,10,0.998647561880041,4,20
AGAP005874,2,AGAP005874__SITE01;AGAP005874__SITE03,0.999466950959488,0.906183368869936,102,0.996557971014493,1,10,0.998647561880041,5,20
AGAP005874,2,AGAP005874__SITE02;AGAP005874__SITE04,0.99680170575693,0.513326226012793,127,0.983901515151515,1,10,0.993251477999613,6,20
AGAP005874,2,AGAP005874__SITE01;AGAP005874__SITE02,0.996268656716418,0.906183368869936,32,0.983901515151515,1,10,0.992931648575305,7,20
AGAP005874,2,AGAP005874__SITE01;AGAP005874__SITE05,0.979211087420043,0.725479744136461,217,0.924478873239437,0.8,10,0.944870314423857,8,20
AGAP005874,2,AGAP005874__SITE04;AGAP005874__SITE05,0.920575692963753,0.391791044776119,104,0.810079895949461,0.4,10,0.83536938456309,9,20
AGAP005874,2,AGAP005874__SITE01;AGAP005874__SITE04,0.906716417910448,0.513326226012793,136,0.709111111111111,0.5,10,0.806763184079602,10,20
AGAP005874,3,AGAP005874__SITE01;AGAP005874__SITE02;AGAP005874__SITE03,1,0.906183368869936,102,1,1,10,1,1,20
AGAP005874,3,AGAP005874__SITE02;AGAP005874__SITE03;AGAP005874__SITE04,1,0.513326226012793,127,1,1,10,1,2,20
AGAP005874,3,AGAP005874__SITE03;AGAP005874__SITE04;AGAP005874__SITE05,1,0.391791044776119,138,1,1,10,1,3,20
AGAP005874,3,AGAP005874__SITE02;AGAP005874__SITE03;AGAP005874__SITE05,1,0.794243070362473,208,1,1,10,1,4,20
AGAP005874,3,AGAP005874__SITE02;AGAP005874__SITE04;AGAP005874__SITE05,1,0.391257995735608,208,1,1,10,1,5,20
AGAP005874,3,AGAP005874__SITE01;AGAP005874__SITE02;AGAP005874__SITE05,1,0.725479744136461,217,1,1,10,1,6,20
AGAP005874,3,AGAP005874__SITE01;AGAP005874__SITE03;AGAP005874__SITE05,1,0.725479744136461,217,1,1,10,1,7,20
AGAP005874,3,AGAP005874__SITE01;AGAP005874__SITE03;AGAP005874__SITE04,0.999466950959488,0.513326226012793,136,0.996557971014493,1,10,0.998647561880041,8,20
AGAP005874,3,AGAP005874__SITE01;AGAP005874__SITE02;AGAP005874__SITE04,0.99680170575693,0.513326226012793,136,0.983901515151515,1,10,0.993251477999613,9,20
AGAP005874,3,AGAP005874__SITE01;AGAP005874__SITE04;AGAP005874__SITE05,0.979211087420043,0.391257995735608,217,0.924478873239437,0.8,10,0.944870314423857,10,20
AGAP005917,2,AGAP005917__SITE02;AGAP005917__SITE05,1,0.982942430703625,93,1,1,10,1,1,20
AGAP005917,2,AGAP005917__SITE01;AGAP005917__SITE02,1,0.993070362473348,482,1,1,10,1,2,20
AGAP005917,2,AGAP005917__SITE01;AGAP005917__SITE05,1,0.978144989339019,552,1,1,10,1,3,20
AGAP005917,2,AGAP005917__SITE02;AGAP005917__SITE03,0.998933901918977,0.0207889125799574,60,0.997867564534231,1,10,0.998720610511656,4,20
AGAP005917,2,AGAP005917__SITE02;AGAP005917__SITE04,0.998933901918977,0.0207889125799574,66,0.997867564534231,1,10,0.998720610511656,5,20
AGAP005917,2,AGAP005917__SITE01;AGAP005917__SITE03,0.994136460554371,0.0207889125799574,519,0.974305555555556,1,10,0.988773542999289,6,20
AGAP005917,2,AGAP005917__SITE01;AGAP005917__SITE04,0.994136460554371,0.0207889125799574,525,0.974305555555556,1,10,0.988773542999289,7,20
AGAP005917,2,AGAP005917__SITE04;AGAP005917__SITE05,0.98454157782516,0.0202558635394456,50,0.970893658810325,1,10,0.981993044338193,8,20
AGAP005917,2,AGAP005917__SITE03;AGAP005917__SITE05,0.98454157782516,0.0202558635394456,56,0.970893658810325,1,10,0.981993044338193,9,20
AGAP005917,2,AGAP005917__SITE03;AGAP005917__SITE04,0.0207889125799574,0.0207889125799574,29,0,0,10,0.0124733475479744,10,20
AGAP005917,3,AGAP005917__SITE02;AGAP005917__SITE03;AGAP005917__SITE05,1,0.0202558635394456,93,1,1,10,1,1,20
AGAP005917,3,AGAP005917__SITE02;AGAP005917__SITE04;AGAP005917__SITE05,1,0.0202558635394456,93,1,1,10,1,2,20
AGAP005917,3,AGAP005917__SITE01;AGAP005917__SITE02;AGAP005917__SITE03,1,0.0207889125799574,519,1,1,10,1,3,20
AGAP005917,3,AGAP005917__SITE01;AGAP005917__SITE02;AGAP005917__SITE04,1,0.0207889125799574,525,1,1,10,1,4,20
AGAP005917,3,AGAP005917__SITE01;AGAP005917__SITE02;AGAP005917__SITE05,1,0.977078891257996,552,1,1,10,1,5,20
AGAP005917,3,AGAP005917__SITE01;AGAP005917__SITE03;AGAP005917__SITE05,1,0.0202558635394456,552,1,1,10,1,6,20
AGAP005917,3,AGAP005917__SITE01;AGAP005917__SITE04;AGAP005917__SITE05,1,0.0202558635394456,552,1,1,10,1,7,20
AGAP005917,3,AGAP005917__SITE02;AGAP005917__SITE03;AGAP005917__SITE04,0.998933901918977,0.0207889125799574,66,0.997867564534231,1,10,0.998720610511656,8,20
AGAP005917,3,AGAP005917__SITE01;AGAP005917__SITE03;AGAP005917__SITE04,0.994136460554371,0.0207889125799574,525,0.974305555555556,1,10,0.988773542999289,9,20
AGAP005917,3,AGAP005917__SITE03;AGAP005917__SITE04;AGAP005917__SITE05,0.98454157782516,0.0202558635394456,56,0.970893658810325,1,10,0.981993044338193,10,20
AGAP005920,2,AGAP005920__SITE02;AGAP005920__SITE03,1,0.968550106609808,73,1,1,10,1,1,20
AGAP005920,2,AGAP005920__SITE02;AGAP005920__SITE04,1,0.989872068230277,82,1,1,10,1,2,20
AGAP005920,2,AGAP005920__SITE04;AGAP005920__SITE05,1,0.989872068230277,299,1,1,10,1,3,20
AGAP005920,2,AGAP005920__SITE03;AGAP005920__SITE05,1,0.968550106609808,308,1,1,10,1,4,20
AGAP005920,2,AGAP005920__SITE02;AGAP005920__SITE05,1,0.992537313432836,358,1,1,10,1,5,20
AGAP005920,2,AGAP005920__SITE03;AGAP005920__SITE04,0.997867803837953,0.968017057569296,32,0.988239096414234,1,10,0.995192411227042,6,20
AGAP005920,3,AGAP005920__SITE02;AGAP005920__SITE03;AGAP005920__SITE04,1,0.964285714285714,82,1,1,10,1,1,20
AGAP005920,3,AGAP005920__SITE03;AGAP005920__SITE04;AGAP005920__SITE05,1,0.964285714285714,308,1,1,10,1,2,20
AGAP005920,3,AGAP005920__SITE02;AGAP005920__SITE03;AGAP005920__SITE05,1,0.964818763326226,358,1,1,10,1,3,20
AGAP005920,3,AGAP005920__SITE02;AGAP005920__SITE04;AGAP005920__SITE05,1,0.986140724946695,358,1,1,10,1,4,20
AGAP005958,2,AGAP005958__SITE02;AGAP005958__SITE03,1,0.983475479744136,244,1,1,10,1,1,20
AGAP005958,2,AGAP005958__SITE01;AGAP005958__SITE03,1,0.964818763326226,736,1,1,10,1,2,20
AGAP005958,2,AGAP005958__SITE02;AGAP005958__SITE04,0.999466950959488,0.952025586353944,418,0.996557971014493,1,10,0.998647561880041,3,20
AGAP005958,2,AGAP005958__SITE02;AGAP005958__SITE05,0.999466950959488,0.953091684434968,421,0.996557971014493,1,10,0.998647561880041,4,20
AGAP005958,2,AGAP005958__SITE01;AGAP005958__SITE02,0.999466950959488,0.968017057569296,515,0.995777777777777,1,10,0.998413503909026,5,20
AGAP005958,2,AGAP005958__SITE03;AGAP005958__SITE04,0.998400852878465,0.950426439232409,197,0.991517857142857,1,10,0.996495868869936,6,20
AGAP005958,2,AGAP005958__SITE03;AGAP005958__SITE05,0.998400852878465,0.951492537313433,200,0.991517857142857,1,10,0.996495868869936,7,20
AGAP005958,2,AGAP005958__SITE01;AGAP005958__SITE04,0.997867803837953,0.934968017057569,910,0.992249670619236,1,10,0.996395583488543,8,20
AGAP005958,2,AGAP005958__SITE01;AGAP005958__SITE05,0.997867803837953,0.936034115138593,913,0.992249670619236,1,10,0.996395583488543,9,20
AGAP005958,2,AGAP005958__SITE04;AGAP005958__SITE05,0.959488272921109,0.958422174840085,26,0.874900793650794,0.5,10,0.888163201847904,10,20
AGAP005958,3,AGAP005958__SITE02;AGAP005958__SITE03;AGAP005958__SITE04,1,0.944029850746269,418,1,1,10,1,1,20
AGAP005958,3,AGAP005958__SITE02;AGAP005958__SITE03;AGAP005958__SITE05,1,0.945095948827292,421,1,1,10,1,2,20
AGAP005958,3,AGAP005958__SITE01;AGAP005958__SITE02;AGAP005958__SITE03,1,0.958422174840085,736,1,1,10,1,3,20
AGAP005958,3,AGAP005958__SITE01;AGAP005958__SITE02;AGAP005958__SITE04,1,0.92910447761194,910,1,1,10,1,4,20
AGAP005958,3,AGAP005958__SITE01;AGAP005958__SITE03;AGAP005958__SITE04,1,0.926972281449893,910,1,1,10,1,5,20
AGAP005958,3,AGAP005958__SITE01;AGAP005958__SITE02;AGAP005958__SITE05,1,0.930170575692964,913,1,1,10,1,6,20
AGAP005958,3,AGAP005958__SITE01;AGAP005958__SITE03;AGAP005958__SITE05,1,0.928038379530917,913,1,1,10,1,7,20
AGAP005958,3,AGAP005958__SITE02;AGAP005958__SITE04;AGAP005958__SITE05,0.999466950959488,0.952025586353944,421,0.996557971014493,1,10,0.998647561880041,8,20
AGAP005958,3,AGAP005958__SITE03;AGAP005958__SITE04;AGAP005958__SITE05,0.998400852878465,0.950426439232409,200,0.991517857142857,1,10,0.996495868869936,9,20
AGAP005958,3,AGAP005958__SITE01;AGAP005958__SITE04;AGAP005958__SITE05,0.997867803837953,0.934968017057569,913,0.992249670619236,1,10,0.996395583488543,10,20
AGAP005959,2,AGAP005959__SITE02;AGAP005959__SITE03,1,0.975479744136461,37,1,1,10,1,1,20
AGAP005959,2,AGAP005959__SITE01;AGAP005959__SITE03,1,0.858742004264392,132,1,1,10,1,2,20
AGAP005959,2,AGAP005959__SITE01;AGAP005959__SITE02,0.998400852878465,0.844349680170576,118,0.991263057929724,1,10,0.996419429105996,3,20
AGAP005959,2,AGAP005959__SITE03;AGAP005959__SITE04,0.995735607675906,0.12046908315565,210,0.988935697518444,1,10,0.994122073861077,4,20
AGAP005959,2,AGAP005959__SITE03;AGAP005959__SITE05,0.995735607675906,0.119936034115139,219,0.988935697518444,1,10,0.994122073861077,5,20
AGAP005959,2,AGAP005959__SITE02;AGAP005959__SITE04,0.98134328358209,0.118869936034115,224,0.962685990338164,1,10,0.977611767250703,6,20
AGAP005959,2,AGAP005959__SITE02;AGAP005959__SITE05,0.98134328358209,0.118336886993603,233,0.962685990338164,1,10,0.977611767250703,7,20
AGAP005959,2,AGAP005959__SITE01;AGAP005959__SITE04,0.938699360341151,0.0447761194029851,319,0.857189719513663,0.4,10,0.86037653205879,8,20
AGAP005959,2,AGAP005959__SITE01;AGAP005959__SITE05,0.938699360341151,0.0442430703624733,328,0.857189719513663,0.4,10,0.86037653205879,9,20
AGAP005959,2,AGAP005959__SITE04;AGAP005959__SITE05,0.12046908315565,0.119936034115139,32,0.0019927536231884,0,10,0.0728792759803465,10,20
AGAP005959,3,AGAP005959__SITE01;AGAP005959__SITE02;AGAP005959__SITE03,1,0.840085287846482,132,1,1,10,1,1,20
AGAP005959,3,AGAP005959__SITE02;AGAP005959__SITE03;AGAP005959__SITE04,1,0.118869936034115,224,1,1,10,1,2,20
AGAP005959,3,AGAP005959__SITE02;AGAP005959__SITE03;AGAP005959__SITE05,1,0.118336886993603,233,1,1,10,1,3,20
AGAP005959,3,AGAP005959__SITE01;AGAP005959__SITE03;AGAP005959__SITE04,1,0.0447761194029851,319,1,1,10,1,4,20
AGAP005959,3,AGAP005959__SITE01;AGAP005959__SITE03;AGAP005959__SITE05,1,0.0442430703624733,328,1,1,10,1,5,20
AGAP005959,3,AGAP005959__SITE01;AGAP005959__SITE02;AGAP005959__SITE04,0.999466950959488,0.0442430703624733,319,0.998933782267115,1,10,0.999360305255827,6,20
AGAP005959,3,AGAP005959__SITE01;AGAP005959__SITE02;AGAP005959__SITE05,0.999466950959488,0.0437100213219616,328,0.998933782267115,1,10,0.999360305255827,7,20
AGAP005959,3,AGAP005959__SITE03;AGAP005959__SITE04;AGAP005959__SITE05,0.995735607675906,0.119936034115139,219,0.988935697518444,1,10,0.994122073861077,8,20
AGAP005959,3,AGAP005959__SITE02;AGAP005959__SITE04;AGAP005959__SITE05,0.98134328358209,0.118336886993603,233,0.962685990338164,1,10,0.977611767250703,9,20
AGAP005959,3,AGAP005959__SITE01;AGAP005959__SITE04;AGAP005959__SITE05,0.938699360341151,0.0442430703624733,328,0.857189719513663,0.4,10,0.86037653205879,10,20
AGAP006098,2,AGAP006098__SITE03;AGAP006098__SITE04,0.991471215351812,0.92910447761194,135,0.970704365079365,1,10,0.986094038734897,1,20
AGAP006098,2,AGAP006098__SITE03;AGAP006098__SITE05,0.991471215351812,0.930703624733475,140,0.970704365079365,1,10,0.986094038734897,2,20
AGAP006098,2,AGAP006098__SITE02;AGAP006098__SITE03,0.991471215351812,0.96002132196162,189,0.970704365079365,1,10,0.986094038734897,3,20
AGAP006098,2,AGAP006098__SITE01;AGAP006098__SITE03,0.991471215351812,0.958955223880597,195,0.970704365079365,1,10,0.986094038734897,4,20
AGAP006098,2,AGAP006098__SITE01;AGAP006098__SITE02,0.989339019189765,0.985074626865672,29,0.960480676328502,1,10,0.98174761441241,5,20
AGAP006098,2,AGAP006098__SITE02;AGAP006098__SITE04,0.989339019189765,0.955223880597015,301,0.960480676328502,1,10,0.98174761441241,6,20
AGAP006098,2,AGAP006098__SITE02;AGAP006098__SITE05,0.989339019189765,0.95682302771855,306,0.960480676328502,1,10,0.98174761441241,7,20
AGAP006098,2,AGAP006098__SITE01;AGAP006098__SITE04,0.989339019189765,0.954157782515992,307,0.960480676328502,1,10,0.98174761441241,8,20
AGAP006098,2,AGAP006098__SITE01;AGAP006098__SITE05,0.989339019189765,0.955756929637527,312,0.960480676328502,1,10,0.98174761441241,9,20
AGAP006098,2,AGAP006098__SITE04;AGAP006098__SITE05,0.958422174840085,0.95682302771855,28,0.924050078247262,0.7,10,0.922268328378229,10,20
AGAP006098,3,AGAP006098__SITE03;AGAP006098__SITE04;AGAP006098__SITE05,0.991471215351812,0.92910447761194,140,0.970704365079365,1,10,0.986094038734897,1,20
AGAP006098,3,AGAP006098__SITE01;AGAP006098__SITE02;AGAP006098__SITE03,0.991471215351812,0.957356076759062,195,0.970704365079365,1,10,0.986094038734897,2,20
AGAP006098,3,AGAP006098__SITE02;AGAP006098__SITE03;AGAP006098__SITE04,0.991471215351812,0.927505330490405,301,0.970704365079365,1,10,0.986094038734897,3,20
AGAP006098,3,AGAP006098__SITE02;AGAP006098__SITE03;AGAP006098__SITE05,0.991471215351812,0.92910447761194,306,0.970704365079365,1,10,0.986094038734897,4,20
AGAP006098,3,AGAP006098__SITE01;AGAP006098__SITE03;AGAP006098__SITE04,0.991471215351812,0.926439232409382,307,0.970704365079365,1,10,0.986094038734897,5,20
AGAP006098,3,AGAP006098__SITE01;AGAP006098__SITE03;AGAP006098__SITE05,0.991471215351812,0.928038379530917,312,0.970704365079365,1,10,0.986094038734897,6,20
AGAP006098,3,AGAP006098__SITE02;AGAP006098__SITE04;AGAP006098__SITE05,0.989339019189765,0.955223880597015,306,0.960480676328502,1,10,0.98174761441241,7,20
AGAP006098,3,AGAP006098__SITE01;AGAP006098__SITE02;AGAP006098__SITE04,0.989339019189765,0.952558635394456,307,0.960480676328502,1,10,0.98174761441241,8,20
AGAP006098,3,AGAP006098__SITE01;AGAP006098__SITE02;AGAP006098__SITE05,0.989339019189765,0.954157782515992,312,0.960480676328502,1,10,0.98174761441241,9,20
AGAP006098,3,AGAP006098__SITE01;AGAP006098__SITE04;AGAP006098__SITE05,0.989339019189765,0.954157782515992,312,0.960480676328502,1,10,0.98174761441241,10,20
AGAP006233,2,AGAP006233__SITE04;AGAP006233__SITE05,1,0.686567164179104,117,1,1,10,1,1,20
AGAP006233,2,AGAP006233__SITE03;AGAP006233__SITE05,1,0.963219616204691,176,1,1,10,1,2,20
AGAP006233,2,AGAP006233__SITE01;AGAP006233__SITE05,1,0.962686567164179,179,1,1,10,1,3,20
AGAP006233,2,AGAP006233__SITE02;AGAP006233__SITE05,1,0.962686567164179,179,1,1,10,1,4,20
AGAP006233,2,AGAP006233__SITE03;AGAP006233__SITE04,0.997867803837953,0.666844349680171,82,0.986972222222222,1,10,0.994812348969439,5,20
AGAP006233,2,AGAP006233__SITE01;AGAP006233__SITE04,0.997867803837953,0.666311300639659,85,0.986972222222222,1,10,0.994812348969439,6,20
AGAP006233,2,AGAP006233__SITE02;AGAP006233__SITE04,0.997867803837953,0.666311300639659,85,0.986972222222222,1,10,0.994812348969439,7,20
AGAP006233,2,AGAP006233__SITE01;AGAP006233__SITE03,0.970682302771855,0.970149253731343,26,0.92,0.9,10,0.948409381663113,8,20
AGAP006233,2,AGAP006233__SITE02;AGAP006233__SITE03,0.970682302771855,0.970149253731343,26,0.92,0.9,10,0.948409381663113,9,20
AGAP006233,2,AGAP006233__SITE01;AGAP006233__SITE02,0.970149253731343,0.970149253731343,23,0.92,0.9,10,0.948089552238806,10,20
AGAP006233,3,AGAP006233__SITE03;AGAP006233__SITE04;AGAP006233__SITE05,1,0.659381663113006,176,1,1,10,1,1,20
AGAP006233,3,AGAP006233__SITE01;AGAP006233__SITE02;AGAP006233__SITE05,1,0.962686567164179,179,1,1,10,1,2,20
AGAP006233,3,AGAP006233__SITE01;AGAP006233__SITE03;AGAP006233__SITE05,1,0.962686567164179,179,1,1,10,1,3,20
AGAP006233,3,AGAP006233__SITE01;AGAP006233__SITE04;AGAP006233__SITE05,1,0.658848614072495,179,1,1,10,1,4,20
AGAP006233,3,AGAP006233__SITE02;AGAP006233__SITE03;AGAP006233__SITE05,1,0.962686567164179,179,1,1,10,1,5,20
AGAP006233,3,AGAP006233__SITE02;AGAP006233__SITE04;AGAP006233__SITE05,1,0.658848614072495,179,1,1,10,1,6,20
AGAP006233,3,AGAP006233__SITE01;AGAP006233__SITE02;AGAP006233__SITE04,0.997867803837953,0.666311300639659,85,0.986972222222222,1,10,0.994812348969439,7,20
AGAP006233,3,AGAP006233__SITE01;AGAP006233__SITE03;AGAP006233__SITE04,0.997867803837953,0.666311300639659,85,0.986972222222222,1,10,0.994812348969439,8,20
AGAP006233,3,AGAP006233__SITE02;AGAP006233__SITE03;AGAP006233__SITE04,0.997867803837953,0.666311300639659,85,0.986972222222222,1,10,0.994812348969439,9,20
AGAP006233,3,AGAP006233__SITE01;AGAP006233__SITE02;AGAP006233__SITE03,0.970682302771855,0.970149253731343,26,0.92,0.9,10,0.948409381663113,10,20
AGAP006241,2,AGAP006241__SITE01;AGAP006241__SITE02,1,0.975479744136461,46,1,1,10,1,1,20
AGAP006241,2,AGAP006241__SITE03;AGAP006241__SITE04,1,0.942430703624733,47,1,1,10,1,2,20
AGAP006241,2,AGAP006241__SITE04;AGAP006241__SITE05,1,0.982409381663113,66,1,1,10,1,3,20
AGAP006241,2,AGAP006241__SITE03;AGAP006241__SITE05,1,0.935501066098081,90,1,1,10,1,4,20
AGAP006241,2,AGAP006241__SITE02;AGAP006241__SITE03,1,0.94136460554371,97,1,1,10,1,5,20
AGAP006241,2,AGAP006241__SITE01;AGAP006241__SITE03,1,0.929637526652452,120,1,1,10,1,6,20
AGAP006241,2,AGAP006241__SITE02;AGAP006241__SITE04,1,0.988272921108742,121,1,1,10,1,7,20
AGAP006241,2,AGAP006241__SITE01;AGAP006241__SITE04,1,0.976545842217484,144,1,1,10,1,8,20
AGAP006241,2,AGAP006241__SITE01;AGAP006241__SITE05,0.99680170575693,0.972814498933902,187,0.991900793650794,1,10,0.995651261549396,9,20
AGAP006241,2,AGAP006241__SITE02;AGAP006241__SITE05,0.998400852878465,0.982942430703625,164,0.986619718309859,1,10,0.995026427220037,10,20
AGAP006241,3,AGAP006241__SITE03;AGAP006241__SITE04;AGAP006241__SITE05,1,0.930170575692964,90,1,1,10,1,1,20
AGAP006241,3,AGAP006241__SITE01;AGAP006241__SITE02;AGAP006241__SITE03,1,0.923240938166311,120,1,1,10,1,2,20
AGAP006241,3,AGAP006241__SITE02;AGAP006241__SITE03;AGAP006241__SITE04,1,0.936034115138593,121,1,1,10,1,3,20
AGAP006241,3,AGAP006241__SITE01;AGAP006241__SITE02;AGAP006241__SITE04,1,0.970149253731343,144,1,1,10,1,4,20
AGAP006241,3,AGAP006241__SITE01;AGAP006241__SITE03;AGAP006241__SITE04,1,0.924307036247335,144,1,1,10,1,5,20
AGAP006241,3,AGAP006241__SITE02;AGAP006241__SITE03;AGAP006241__SITE05,1,0.930703624733475,164,1,1,10,1,6,20
AGAP006241,3,AGAP006241__SITE02;AGAP006241__SITE04;AGAP006241__SITE05,1,0.977611940298507,164,1,1,10,1,7,20
AGAP006241,3,AGAP006241__SITE01;AGAP006241__SITE02;AGAP006241__SITE05,1,0.968017057569296,187,1,1,10,1,8,20
AGAP006241,3,AGAP006241__SITE01;AGAP006241__SITE03;AGAP006241__SITE05,1,0.920575692963753,187,1,1,10,1,9,20
AGAP006241,3,AGAP006241__SITE01;AGAP006241__SITE04;AGAP006241__SITE05,1,0.967484008528785,187,1,1,10,1,10,20
AGAP006766,2,AGAP006766__SITE01;AGAP006766__SITE03,1,0.978144989339019,60,1,1,10,1,1,20
AGAP006766,2,AGAP006766__SITE04;AGAP006766__SITE05,1,0.906716417910448,182,1,1,10,1,2,20
AGAP006766,2,AGAP006766__SITE03;AGAP006766__SITE05,1,0.909381663113006,187,1,1,10,1,3,20
AGAP006766,2,AGAP006766__SITE02;AGAP006766__SITE03,0.999466950959488,0.751599147121535,51,0.995777777777777,1,10,0.998413503909026,4,20
AGAP006766,2,AGAP006766__SITE01;AGAP006766__SITE04,0.999466950959488,0.976012793176972,65,0.995539906103286,1,10,0.998342142406679,5,20
AGAP006766,2,AGAP006766__SITE02;AGAP006766__SITE04,0.998933901918977,0.749466950959488,56,0.993095461658842,1,10,0.997288979649039,6,20
AGAP006766,2,AGAP006766__SITE01;AGAP006766__SITE05,0.996268656716418,0.922174840085288,224,0.986400103519669,1,10,0.993681225085751,7,20
AGAP006766,2,AGAP006766__SITE01;AGAP006766__SITE02,0.995202558635394,0.764925373134328,32,0.982958074534161,1,10,0.992008957541485,8,20
AGAP006766,2,AGAP006766__SITE03;AGAP006766__SITE04,0.986673773987207,0.979744136460554,28,0.972763504611331,1,10,0.983833315775724,9,20
AGAP006766,2,AGAP006766__SITE02;AGAP006766__SITE05,0.96908315565032,0.72228144989339,215,0.895555555555556,0.7,10,0.920116560056859,10,20
AGAP006766,3,AGAP006766__SITE01;AGAP006766__SITE02;AGAP006766__SITE03,1,0.75,60,1,1,10,1,1,20
AGAP006766,3,AGAP006766__SITE01;AGAP006766__SITE03;AGAP006766__SITE04,1,0.973880597014925,65,1,1,10,1,2,20
AGAP006766,3,AGAP006766__SITE03;AGAP006766__SITE04;AGAP006766__SITE05,1,0.904584221748401,187,1,1,10,1,3,20
AGAP006766,3,AGAP006766__SITE02;AGAP006766__SITE03;AGAP006766__SITE05,1,0.707356076759062,215,1,1,10,1,4,20
AGAP006766,3,AGAP006766__SITE02;AGAP006766__SITE04;AGAP006766__SITE05,1,0.705223880597015,215,1,1,10,1,5,20
AGAP006766,3,AGAP006766__SITE01;AGAP006766__SITE03;AGAP006766__SITE05,1,0.906716417910448,224,1,1,10,1,6,20
AGAP006766,3,AGAP006766__SITE01;AGAP006766__SITE04;AGAP006766__SITE05,1,0.904584221748401,224,1,1,10,1,7,20
AGAP006766,3,AGAP006766__SITE02;AGAP006766__SITE03;AGAP006766__SITE04,0.999466950959488,0.747334754797441,56,0.995777777777777,1,10,0.998413503909026,8,20
AGAP006766,3,AGAP006766__SITE01;AGAP006766__SITE02;AGAP006766__SITE04,0.999466950959488,0.747867803837953,65,0.995539906103286,1,10,0.998342142406679,9,20
AGAP006766,3,AGAP006766__SITE01;AGAP006766__SITE02;AGAP006766__SITE05,0.996268656716418,0.720682302771855,224,0.986400103519669,1,10,0.993681225085751,10,20
AGAP006935,2,AGAP006935__SITE01;AGAP006935__SITE02,0.585287846481876,0.584221748400853,26,0.046306763285024,0.2,10,0.385064736874633,1,20
AGAP006939,2,AGAP006939__SITE02;AGAP006939__SITE03,1,0.918443496801706,218,1,1,10,1,1,20
AGAP006939,2,AGAP006939__SITE01;AGAP006939__SITE03,1,0.915245202558635,234,1,1,10,1,2,20
AGAP006939,2,AGAP006939__SITE04;AGAP006939__SITE05,0.998400852878465,0.867803837953092,53,0.988097826086957,1,10,0.995469859553166,3,20
AGAP006939,2,AGAP006939__SITE03;AGAP006939__SITE04,0.995735607675906,0.965884861407249,87,0.990899571107904,1,10,0.994711235937915,4,20
AGAP006939,2,AGAP006939__SITE02;AGAP006939__SITE05,0.993603411513859,0.829424307036247,312,0.974903381642512,1,10,0.988633061401069,5,20
AGAP006939,2,AGAP006939__SITE01;AGAP006939__SITE05,0.993603411513859,0.826226012793177,328,0.974903381642512,1,10,0.988633061401069,6,20
AGAP006939,2,AGAP006939__SITE02;AGAP006939__SITE04,0.997867803837953,0.921641791044776,282,0.958423913043478,0.9,10,0.976247856215815,7,20
AGAP006939,2,AGAP006939__SITE01;AGAP006939__SITE04,0.997867803837953,0.918443496801706,298,0.958423913043478,0.9,10,0.976247856215815,8,20
AGAP006939,2,AGAP006939__SITE03;AGAP006939__SITE05,0.988272921108742,0.876865671641791,117,0.944945652173913,0.9,10,0.966447448317419,9,20
AGAP006939,2,AGAP006939__SITE01;AGAP006939__SITE02,0.940298507462687,0.932835820895522,39,0.782027777777778,0.4,10,0.838787437810946,10,20
AGAP006939,3,AGAP006939__SITE03;AGAP006939__SITE04;AGAP006939__SITE05,1,0.86407249466951,117,1,1,10,1,1,20
AGAP006939,3,AGAP006939__SITE01;AGAP006939__SITE02;AGAP006939__SITE03,1,0.913113006396588,234,1,1,10,1,2,20
AGAP006939,3,AGAP006939__SITE02;AGAP006939__SITE03;AGAP006939__SITE04,1,0.906183368869936,282,1,1,10,1,3,20
AGAP006939,3,AGAP006939__SITE01;AGAP006939__SITE03;AGAP006939__SITE04,1,0.902985074626866,298,1,1,10,1,4,20
AGAP006939,3,AGAP006939__SITE02;AGAP006939__SITE03;AGAP006939__SITE05,1,0.821428571428571,312,1,1,10,1,5,20
AGAP006939,3,AGAP006939__SITE02;AGAP006939__SITE04;AGAP006939__SITE05,1,0.814498933901919,312,1,1,10,1,6,20
AGAP006939,3,AGAP006939__SITE01;AGAP006939__SITE03;AGAP006939__SITE05,1,0.818230277185501,328,1,1,10,1,7,20
AGAP006939,3,AGAP006939__SITE01;AGAP006939__SITE04;AGAP006939__SITE05,1,0.811300639658849,328,1,1,10,1,8,20
AGAP006939,3,AGAP006939__SITE01;AGAP006939__SITE02;AGAP006939__SITE05,0.993603411513859,0.82409381663113,328,0.974903381642512,1,10,0.988633061401069,9,20
AGAP006939,3,AGAP006939__SITE01;AGAP006939__SITE02;AGAP006939__SITE04,0.997867803837953,0.916311300639659,298,0.958423913043478,0.9,10,0.976247856215815,10,20
AGAP006989,2,AGAP006989__SITE01;AGAP006989__SITE04,0.999466950959488,0.901918976545842,644,0.995777777777777,1,10,0.998413503909026,1,20
AGAP006989,2,AGAP006989__SITE01;AGAP006989__SITE05,0.996268656716418,0.442430703624733,922,0.991660264618011,1,10,0.995259273415254,2,20
AGAP006989,2,AGAP006989__SITE02;AGAP006989__SITE04,0.997867803837953,0.876865671641791,641,0.987229468599034,1,10,0.994889522882482,3,20
AGAP006989,2,AGAP006989__SITE01;AGAP006989__SITE02,0.995202558635394,0.968550106609808,26,0.98875,1,10,0.993746535181236,4,20
AGAP006989,2,AGAP006989__SITE01;AGAP006989__SITE03,0.995202558635394,0.377931769722815,581,0.98875,1,10,0.993746535181236,5,20
AGAP006989,2,AGAP006989__SITE02;AGAP006989__SITE05,0.970149253731343,0.441897654584222,919,0.80655193236715,0.8,10,0.904055131948951,6,20
AGAP006989,2,AGAP006989__SITE02;AGAP006989__SITE03,0.968550106609808,0.377931769722815,578,0.80655193236715,0.8,10,0.90309564367603,7,20
AGAP006989,2,AGAP006989__SITE03;AGAP006989__SITE04,0.926972281449893,0.357142857142857,86,0.857789855072464,0.5,10,0.863520325391675,8,20
AGAP006989,2,AGAP006989__SITE04;AGAP006989__SITE05,0.9227078891258,0.426972281449893,301,0.852289855072464,0.5,10,0.859311689997219,9,20
AGAP006989,2,AGAP006989__SITE03;AGAP006989__SITE05,0.476012793176972,0.345415778251599,364,0.0894444444444444,0.1,10,0.322441009239517,10,20
AGAP006989,3,AGAP006989__SITE01;AGAP006989__SITE02;AGAP006989__SITE04,0.999466950959488,0.876865671641791,644,0.995777777777777,1,10,0.998413503909026,1,20
AGAP006989,3,AGAP006989__SITE01;AGAP006989__SITE03;AGAP006989__SITE04,0.999466950959488,0.357142857142857,644,0.995777777777777,1,10,0.998413503909026,2,20
AGAP006989,3,AGAP006989__SITE01;AGAP006989__SITE04;AGAP006989__SITE05,0.999466950959488,0.42590618336887,922,0.995777777777777,1,10,0.998413503909026,3,20
AGAP006989,3,AGAP006989__SITE01;AGAP006989__SITE02;AGAP006989__SITE05,0.996268656716418,0.441897654584222,922,0.991660264618011,1,10,0.995259273415254,4,20
AGAP006989,3,AGAP006989__SITE01;AGAP006989__SITE03;AGAP006989__SITE05,0.996268656716418,0.345415778251599,922,0.991660264618011,1,10,0.995259273415254,5,20
AGAP006989,3,AGAP006989__SITE02;AGAP006989__SITE03;AGAP006989__SITE04,0.997867803837953,0.357142857142857,641,0.987229468599034,1,10,0.994889522882482,6,20
AGAP006989,3,AGAP006989__SITE02;AGAP006989__SITE04;AGAP006989__SITE05,0.997867803837953,0.425373134328358,919,0.987229468599034,1,10,0.994889522882482,7,20
AGAP006989,3,AGAP006989__SITE01;AGAP006989__SITE02;AGAP006989__SITE03,0.995202558635394,0.377931769722815,581,0.98875,1,10,0.993746535181236,8,20
AGAP006989,3,AGAP006989__SITE02;AGAP006989__SITE03;AGAP006989__SITE05,0.970149253731343,0.345415778251599,919,0.80655193236715,0.8,10,0.904055131948951,9,20
AGAP006989,3,AGAP006989__SITE03;AGAP006989__SITE04;AGAP006989__SITE05,0.927505330490405,0.329424307036247,364,0.859426759834369,0.5,10,0.864331226244554,10,20
AGAP007031,2,AGAP007031__SITE02;AGAP007031__SITE03,1,0.943496801705757,76,1,1,10,1,1,20
AGAP007031,2,AGAP007031__SITE01;AGAP007031__SITE03,1,0.94456289978678,78,1,1,10,1,2,20
AGAP007031,2,AGAP007031__SITE02;AGAP007031__SITE04,1,0.945095948827292,78,1,1,10,1,3,20
AGAP007031,2,AGAP007031__SITE01;AGAP007031__SITE04,1,0.946162046908315,80,1,1,10,1,4,20
AGAP007031,2,AGAP007031__SITE04;AGAP007031__SITE05,1,0.981876332622601,283,1,1,10,1,5,20
AGAP007031,2,AGAP007031__SITE03;AGAP007031__SITE05,1,0.980277185501066,285,1,1,10,1,6,20
AGAP007031,2,AGAP007031__SITE02;AGAP007031__SITE05,1,0.949360341151386,338,1,1,10,1,7,20
AGAP007031,2,AGAP007031__SITE01;AGAP007031__SITE05,1,0.950426439232409,340,1,1,10,1,8,20
AGAP007031,2,AGAP007031__SITE03;AGAP007031__SITE04,0.989339019189765,0.986673773987207,25,0.825724637681159,0.9,10,0.931320802818207,9,20
AGAP007031,2,AGAP007031__SITE01;AGAP007031__SITE02,0.957356076759062,0.956289978678038,25,0.711228632478632,0.9,10,0.877782235799027,10,20
AGAP007031,3,AGAP007031__SITE01;AGAP007031__SITE02;AGAP007031__SITE03,1,0.943496801705757,78,1,1,10,1,1,20
AGAP007031,3,AGAP007031__SITE02;AGAP007031__SITE03;AGAP007031__SITE04,1,0.942963752665245,78,1,1,10,1,2,20
AGAP007031,3,AGAP007031__SITE01;AGAP007031__SITE02;AGAP007031__SITE04,1,0.945095948827292,80,1,1,10,1,3,20
AGAP007031,3,AGAP007031__SITE01;AGAP007031__SITE03;AGAP007031__SITE04,1,0.944029850746269,80,1,1,10,1,4,20
AGAP007031,3,AGAP007031__SITE03;AGAP007031__SITE04;AGAP007031__SITE05,1,0.979744136460554,285,1,1,10,1,5,20
AGAP007031,3,AGAP007031__SITE02;AGAP007031__SITE03;AGAP007031__SITE05,1,0.936567164179104,338,1,1,10,1,6,20
AGAP007031,3,AGAP007031__SITE02;AGAP007031__SITE04;AGAP007031__SITE05,1,0.93816631130064,338,1,1,10,1,7,20
AGAP007031,3,AGAP007031__SITE01;AGAP007031__SITE02;AGAP007031__SITE05,1,0.949360341151386,340,1,1,10,1,8,20
AGAP007031,3,AGAP007031__SITE01;AGAP007031__SITE03;AGAP007031__SITE05,1,0.937633262260128,340,1,1,10,1,9,20
AGAP007031,3,AGAP007031__SITE01;AGAP007031__SITE04;AGAP007031__SITE05,1,0.939232409381663,340,1,1,10,1,10,20
AGAP007063,2,AGAP007063__SITE01;AGAP007063__SITE02,1,0.886993603411514,60,1,1,10,1,1,20
AGAP007063,2,AGAP007063__SITE01;AGAP007063__SITE03,1,0.869402985074627,77,1,1,10,1,2,20
AGAP007063,2,AGAP007063__SITE02;AGAP007063__SITE03,0.989339019189765,0.967484008528785,40,0.949089201877934,0.9,10,0.968330172077239,3,20
AGAP007063,2,AGAP007063__SITE02;AGAP007063__SITE04,0.987206823027719,0.087953091684435,105,0.949089201877934,0.9,10,0.967050854380012,4,20
AGAP007063,2,AGAP007063__SITE02;AGAP007063__SITE05,0.987206823027719,0.087953091684435,122,0.949089201877934,0.9,10,0.967050854380012,5,20
AGAP007063,2,AGAP007063__SITE03;AGAP007063__SITE04,0.969616204690831,0.087953091684435,88,0.916739130434783,0.8,10,0.936791461944933,6,20
AGAP007063,2,AGAP007063__SITE03;AGAP007063__SITE05,0.969616204690831,0.087953091684435,105,0.916739130434783,0.8,10,0.936791461944933,7,20
AGAP007063,2,AGAP007063__SITE01;AGAP007063__SITE04,0.902985074626866,0.0847547974413646,142,0.729816425120773,0.4,10,0.800735972312351,8,20
AGAP007063,2,AGAP007063__SITE01;AGAP007063__SITE05,0.902985074626866,0.0847547974413646,159,0.729816425120773,0.4,10,0.800735972312351,9,20
AGAP007063,2,AGAP007063__SITE04;AGAP007063__SITE05,0.087953091684435,0.087953091684435,40,0,0,10,0.052771855010661,10,20
AGAP007063,3,AGAP007063__SITE01;AGAP007063__SITE02;AGAP007063__SITE03,1,0.86727078891258,77,1,1,10,1,1,20
AGAP007063,3,AGAP007063__SITE01;AGAP007063__SITE02;AGAP007063__SITE04,1,0.0847547974413646,142,1,1,10,1,2,20
AGAP007063,3,AGAP007063__SITE01;AGAP007063__SITE03;AGAP007063__SITE04,1,0.0847547974413646,142,1,1,10,1,3,20
AGAP007063,3,AGAP007063__SITE01;AGAP007063__SITE02;AGAP007063__SITE05,1,0.0847547974413646,159,1,1,10,1,4,20
AGAP007063,3,AGAP007063__SITE01;AGAP007063__SITE03;AGAP007063__SITE05,1,0.0847547974413646,159,1,1,10,1,5,20
AGAP007063,3,AGAP007063__SITE02;AGAP007063__SITE03;AGAP007063__SITE04,0.989339019189765,0.087953091684435,105,0.949089201877934,0.9,10,0.968330172077239,6,20
AGAP007063,3,AGAP007063__SITE02;AGAP007063__SITE03;AGAP007063__SITE05,0.989339019189765,0.087953091684435,122,0.949089201877934,0.9,10,0.968330172077239,7,20
AGAP007063,3,AGAP007063__SITE02;AGAP007063__SITE04;AGAP007063__SITE05,0.987206823027719,0.087953091684435,122,0.949089201877934,0.9,10,0.967050854380012,8,20
AGAP007063,3,AGAP007063__SITE03;AGAP007063__SITE04;AGAP007063__SITE05,0.969616204690831,0.087953091684435,105,0.916739130434783,0.8,10,0.936791461944933,9,20
AGAP007063,3,AGAP007063__SITE01;AGAP007063__SITE04;AGAP007063__SITE05,0.902985074626866,0.0847547974413646,159,0.729816425120773,0.4,10,0.800735972312351,10,20
AGAP007122,2,AGAP007122__SITE03;AGAP007122__SITE04,1,0.986140724946695,151,1,1,10,1,1,20
AGAP007122,2,AGAP007122__SITE02;AGAP007122__SITE04,1,0.986140724946695,158,1,1,10,1,2,20
AGAP007122,2,AGAP007122__SITE04;AGAP007122__SITE05,1,0.993603411513859,218,1,1,10,1,3,20
AGAP007122,2,AGAP007122__SITE03;AGAP007122__SITE05,1,0.988272921108742,346,1,1,10,1,4,20
AGAP007122,2,AGAP007122__SITE02;AGAP007122__SITE05,1,0.988272921108742,353,1,1,10,1,5,20
AGAP007122,2,AGAP007122__SITE01;AGAP007122__SITE04,1,0.986673773987207,604,1,1,10,1,6,20
AGAP007122,2,AGAP007122__SITE01;AGAP007122__SITE05,1,0.988805970149254,799,1,1,10,1,7,20
AGAP007122,2,AGAP007122__SITE01;AGAP007122__SITE02,0.999466950959488,0.981876332622601,469,0.995777777777777,1,10,0.998413503909026,8,20
AGAP007122,2,AGAP007122__SITE01;AGAP007122__SITE03,0.999466950959488,0.981876332622601,476,0.995777777777777,1,10,0.998413503909026,9,20
AGAP007122,2,AGAP007122__SITE02;AGAP007122__SITE03,0.990405117270789,0.990405117270789,30,0.97545652173913,1,10,0.986880026884213,10,20
AGAP007122,3,AGAP007122__SITE02;AGAP007122__SITE03;AGAP007122__SITE04,1,0.986140724946695,158,1,1,10,1,1,20
AGAP007122,3,AGAP007122__SITE03;AGAP007122__SITE04;AGAP007122__SITE05,1,0.984008528784648,346,1,1,10,1,2,20
AGAP007122,3,AGAP007122__SITE02;AGAP007122__SITE03;AGAP007122__SITE05,1,0.988272921108742,353,1,1,10,1,3,20
AGAP007122,3,AGAP007122__SITE02;AGAP007122__SITE04;AGAP007122__SITE05,1,0.984008528784648,353,1,1,10,1,4,20
AGAP007122,3,AGAP007122__SITE01;AGAP007122__SITE02;AGAP007122__SITE04,1,0.977611940298507,604,1,1,10,1,5,20
AGAP007122,3,AGAP007122__SITE01;AGAP007122__SITE03;AGAP007122__SITE04,1,0.977611940298507,604,1,1,10,1,6,20
AGAP007122,3,AGAP007122__SITE01;AGAP007122__SITE02;AGAP007122__SITE05,1,0.979744136460554,799,1,1,10,1,7,20
AGAP007122,3,AGAP007122__SITE01;AGAP007122__SITE03;AGAP007122__SITE05,1,0.979744136460554,799,1,1,10,1,8,20
AGAP007122,3,AGAP007122__SITE01;AGAP007122__SITE04;AGAP007122__SITE05,1,0.98454157782516,799,1,1,10,1,9,20
AGAP007122,3,AGAP007122__SITE01;AGAP007122__SITE02;AGAP007122__SITE03,0.999466950959488,0.981876332622601,476,0.995777777777777,1,10,0.998413503909026,10,20
AGAP007217,2,AGAP007217__SITE01;AGAP007217__SITE02,1,0.949893390191898,103,1,1,10,1,1,20
AGAP007217,2,AGAP007217__SITE02;AGAP007217__SITE04,1,0.923773987206823,234,1,1,10,1,2,20
AGAP007217,2,AGAP007217__SITE01;AGAP007217__SITE04,1,0.958955223880597,314,1,1,10,1,3,20
AGAP007217,2,AGAP007217__SITE01;AGAP007217__SITE05,1,0.985607675906183,455,1,1,10,1,4,20
AGAP007217,2,AGAP007217__SITE02;AGAP007217__SITE05,0.998933901918977,0.951492537313433,375,0.998933782267115,1,10,0.999040475831521,5,20
AGAP007217,2,AGAP007217__SITE04;AGAP007217__SITE05,0.999466950959488,0.96002132196162,164,0.995777777777777,1,10,0.998413503909026,6,20
AGAP007217,2,AGAP007217__SITE01;AGAP007217__SITE03,0.997334754797441,0.255863539445629,253,0.993785024154589,1,10,0.996536360124841,7,20
AGAP007217,2,AGAP007217__SITE03;AGAP007217__SITE04,0.995202558635394,0.231876332622601,84,0.990092031425364,1,10,0.994149144608846,8,20
AGAP007217,2,AGAP007217__SITE03;AGAP007217__SITE05,0.995202558635394,0.258528784648188,225,0.986934523809524,1,10,0.993201892324094,9,20
AGAP007217,2,AGAP007217__SITE02;AGAP007217__SITE03,0.98134328358209,0.236673773987207,173,0.96547730829421,1,10,0.978449162637517,10,20
AGAP007217,3,AGAP007217__SITE03;AGAP007217__SITE04;AGAP007217__SITE05,1,0.230277185501066,225,1,1,10,1,1,20
AGAP007217,3,AGAP007217__SITE02;AGAP007217__SITE03;AGAP007217__SITE04,1,0.207889125799574,234,1,1,10,1,2,20
AGAP007217,3,AGAP007217__SITE01;AGAP007217__SITE02;AGAP007217__SITE03,1,0.231876332622601,253,1,1,10,1,3,20
AGAP007217,3,AGAP007217__SITE01;AGAP007217__SITE02;AGAP007217__SITE04,1,0.916311300639659,314,1,1,10,1,4,20
AGAP007217,3,AGAP007217__SITE01;AGAP007217__SITE03;AGAP007217__SITE04,1,0.227078891257996,314,1,1,10,1,5,20
AGAP007217,3,AGAP007217__SITE02;AGAP007217__SITE04;AGAP007217__SITE05,1,0.918443496801706,375,1,1,10,1,6,20
AGAP007217,3,AGAP007217__SITE01;AGAP007217__SITE02;AGAP007217__SITE05,1,0.944029850746269,455,1,1,10,1,7,20
AGAP007217,3,AGAP007217__SITE01;AGAP007217__SITE03;AGAP007217__SITE05,1,0.253731343283582,455,1,1,10,1,8,20
AGAP007217,3,AGAP007217__SITE01;AGAP007217__SITE04;AGAP007217__SITE05,1,0.952558635394456,455,1,1,10,1,9,20
AGAP007217,3,AGAP007217__SITE02;AGAP007217__SITE03;AGAP007217__SITE05,0.998933901918977,0.23454157782516,375,0.998933782267115,1,10,0.999040475831521,10,20
AGAP007280,2,AGAP007280__SITE02;AGAP007280__SITE05,1,0.926972281449893,315,1,1,10,1,1,20
AGAP007280,2,AGAP007280__SITE03;AGAP007280__SITE05,0.998933901918977,0.833688699360341,44,0.99342735042735,1,10,0.997388546279591,2,20
AGAP007280,2,AGAP007280__SITE04;AGAP007280__SITE05,0.998933901918977,0.833688699360341,44,0.99342735042735,1,10,0.997388546279591,3,20
AGAP007280,2,AGAP007280__SITE01;AGAP007280__SITE05,0.997867803837953,0.335287846481876,318,0.989298182255929,1,10,0.99551013697955,4,20
AGAP007280,2,AGAP007280__SITE02;AGAP007280__SITE03,0.976545842217484,0.792643923240938,294,0.957262845849803,1,10,0.973106359085431,5,20
AGAP007280,2,AGAP007280__SITE02;AGAP007280__SITE04,0.976545842217484,0.792643923240938,294,0.957262845849803,1,10,0.973106359085431,6,20
AGAP007280,2,AGAP007280__SITE01;AGAP007280__SITE02,0.931769722814499,0.337953091684435,26,0.771438746438746,0.7,10,0.860493457620323,7,20
AGAP007280,2,AGAP007280__SITE01;AGAP007280__SITE03,0.890191897654584,0.285181236673774,297,0.861503928170595,0.2,10,0.812566317043929,8,20
AGAP007280,2,AGAP007280__SITE01;AGAP007280__SITE04,0.890191897654584,0.285181236673774,297,0.861503928170595,0.2,10,0.812566317043929,9,20
AGAP007280,2,AGAP007280__SITE03;AGAP007280__SITE04,0.837420042643923,0.837420042643923,23,0.764498506188647,0.2,10,0.751801577442948,10,20
AGAP007280,3,AGAP007280__SITE02;AGAP007280__SITE03;AGAP007280__SITE05,1,0.788912579957356,315,1,1,10,1,1,20
AGAP007280,3,AGAP007280__SITE02;AGAP007280__SITE04;AGAP007280__SITE05,1,0.788912579957356,315,1,1,10,1,2,20
AGAP007280,3,AGAP007280__SITE01;AGAP007280__SITE02;AGAP007280__SITE05,1,0.335287846481876,318,1,1,10,1,3,20
AGAP007280,3,AGAP007280__SITE03;AGAP007280__SITE04;AGAP007280__SITE05,0.998933901918977,0.833688699360341,44,0.99342735042735,1,10,0.997388546279591,4,20
AGAP007280,3,AGAP007280__SITE01;AGAP007280__SITE03;AGAP007280__SITE05,0.998933901918977,0.282515991471215,318,0.99342735042735,1,10,0.997388546279591,5,20
AGAP007280,3,AGAP007280__SITE01;AGAP007280__SITE04;AGAP007280__SITE05,0.998933901918977,0.282515991471215,318,0.99342735042735,1,10,0.997388546279591,6,20
AGAP007280,3,AGAP007280__SITE02;AGAP007280__SITE03;AGAP007280__SITE04,0.976545842217484,0.792643923240938,294,0.957262845849803,1,10,0.973106359085431,7,20
AGAP007280,3,AGAP007280__SITE01;AGAP007280__SITE02;AGAP007280__SITE03,0.976545842217484,0.285181236673774,297,0.957262845849803,1,10,0.973106359085431,8,20
AGAP007280,3,AGAP007280__SITE01;AGAP007280__SITE02;AGAP007280__SITE04,0.976545842217484,0.285181236673774,297,0.957262845849803,1,10,0.973106359085431,9,20
AGAP007280,3,AGAP007280__SITE01;AGAP007280__SITE03;AGAP007280__SITE04,0.890191897654584,0.285181236673774,297,0.861503928170595,0.2,10,0.812566317043929,10,20
AGAP007333,2,AGAP007333__SITE02;AGAP007333__SITE03,1,0.976545842217484,77,1,1,10,1,1,20
AGAP007333,2,AGAP007333__SITE01;AGAP007333__SITE02,1,0.866737739872068,169,1,1,10,1,2,20
AGAP007333,2,AGAP007333__SITE03;AGAP007333__SITE04,1,0.976012793176972,171,1,1,10,1,3,20
AGAP007333,2,AGAP007333__SITE03;AGAP007333__SITE05,1,0.976012793176972,173,1,1,10,1,4,20
AGAP007333,2,AGAP007333__SITE02;AGAP007333__SITE04,1,0.989872068230277,225,1,1,10,1,5,20
AGAP007333,2,AGAP007333__SITE02;AGAP007333__SITE05,1,0.989872068230277,227,1,1,10,1,6,20
AGAP007333,2,AGAP007333__SITE01;AGAP007333__SITE04,1,0.866204690831557,371,1,1,10,1,7,20
AGAP007333,2,AGAP007333__SITE01;AGAP007333__SITE05,1,0.866204690831557,373,1,1,10,1,8,20
AGAP007333,2,AGAP007333__SITE01;AGAP007333__SITE03,0.999466950959488,0.853411513859275,223,0.996557971014493,1,10,0.998647561880041,9,20
AGAP007333,2,AGAP007333__SITE04;AGAP007333__SITE05,0.994669509594883,0.994669509594883,25,0.986972222222222,1,10,0.992893372423597,10,20
AGAP007333,3,AGAP007333__SITE03;AGAP007333__SITE04;AGAP007333__SITE05,1,0.976012793176972,173,1,1,10,1,1,20
AGAP007333,3,AGAP007333__SITE01;AGAP007333__SITE02;AGAP007333__SITE03,1,0.84861407249467,223,1,1,10,1,2,20
AGAP007333,3,AGAP007333__SITE02;AGAP007333__SITE03;AGAP007333__SITE04,1,0.971215351812367,225,1,1,10,1,3,20
AGAP007333,3,AGAP007333__SITE02;AGAP007333__SITE03;AGAP007333__SITE05,1,0.971215351812367,227,1,1,10,1,4,20
AGAP007333,3,AGAP007333__SITE02;AGAP007333__SITE04;AGAP007333__SITE05,1,0.989872068230277,227,1,1,10,1,5,20
AGAP007333,3,AGAP007333__SITE01;AGAP007333__SITE02;AGAP007333__SITE04,1,0.861407249466951,371,1,1,10,1,6,20
AGAP007333,3,AGAP007333__SITE01;AGAP007333__SITE03;AGAP007333__SITE04,1,0.848081023454158,371,1,1,10,1,7,20
AGAP007333,3,AGAP007333__SITE01;AGAP007333__SITE02;AGAP007333__SITE05,1,0.861407249466951,373,1,1,10,1,8,20
AGAP007333,3,AGAP007333__SITE01;AGAP007333__SITE03;AGAP007333__SITE05,1,0.848081023454158,373,1,1,10,1,9,20
AGAP007333,3,AGAP007333__SITE01;AGAP007333__SITE04;AGAP007333__SITE05,1,0.866204690831557,373,1,1,10,1,10,20
AGAP007413,2,AGAP007413__SITE03;AGAP007413__SITE04,1,0.98134328358209,135,1,1,10,1,1,20
AGAP007413,2,AGAP007413__SITE02;AGAP007413__SITE04,1,0.946162046908315,144,1,1,10,1,2,20
AGAP007413,2,AGAP007413__SITE01;AGAP007413__SITE04,0.998933901918977,0.907782515991471,203,0.997172619047619,1,10,0.998512126865672,3,20
AGAP007413,2,AGAP007413__SITE01;AGAP007413__SITE03,0.998933901918977,0.909381663113006,91,0.995940687063875,1,10,0.998142547270549,4,20
AGAP007413,2,AGAP007413__SITE02;AGAP007413__SITE03,0.994136460554371,0.95362473347548,32,0.98478502415459,1,10,0.991917383578999,5,20
AGAP007413,2,AGAP007413__SITE03;AGAP007413__SITE05,0.993603411513859,0.556503198294243,145,0.98359595959596,1,10,0.991240834787103,6,20
AGAP007413,2,AGAP007413__SITE04;AGAP007413__SITE05,0.990938166311301,0.557569296375267,33,0.952759720717467,0.9,10,0.970390816002021,7,20
AGAP007413,2,AGAP007413__SITE02;AGAP007413__SITE05,0.980810234541578,0.534115138592751,154,0.952119658119658,0.9,10,0.964122038160844,8,20
AGAP007413,2,AGAP007413__SITE01;AGAP007413__SITE02,0.981876332622601,0.891257995735608,82,0.945515830022872,0.8,10,0.952780548580422,9,20
AGAP007413,2,AGAP007413__SITE01;AGAP007413__SITE05,0.934968017057569,0.540511727078891,213,0.801207729468599,0.7,10,0.871343129075121,10,20
AGAP007413,3,AGAP007413__SITE02;AGAP007413__SITE03;AGAP007413__SITE04,1,0.943496801705757,144,1,1,10,1,1,20
AGAP007413,3,AGAP007413__SITE03;AGAP007413__SITE04;AGAP007413__SITE05,1,0.55543710021322,145,1,1,10,1,2,20
AGAP007413,3,AGAP007413__SITE02;AGAP007413__SITE04;AGAP007413__SITE05,1,0.533049040511727,154,1,1,10,1,3,20
AGAP007413,3,AGAP007413__SITE01;AGAP007413__SITE02;AGAP007413__SITE04,1,0.882196162046908,203,1,1,10,1,4,20
AGAP007413,3,AGAP007413__SITE01;AGAP007413__SITE03;AGAP007413__SITE04,1,0.900319829424307,203,1,1,10,1,5,20
AGAP007413,3,AGAP007413__SITE01;AGAP007413__SITE03;AGAP007413__SITE05,0.999466950959488,0.538912579957356,213,0.996557971014493,1,10,0.998647561880041,6,20
AGAP007413,3,AGAP007413__SITE01;AGAP007413__SITE04;AGAP007413__SITE05,0.998933901918977,0.539445628997868,213,0.997172619047619,1,10,0.998512126865672,7,20
AGAP007413,3,AGAP007413__SITE01;AGAP007413__SITE02;AGAP007413__SITE03,0.998933901918977,0.888592750533049,91,0.995940687063875,1,10,0.998142547270549,8,20
AGAP007413,3,AGAP007413__SITE02;AGAP007413__SITE03;AGAP007413__SITE05,0.995735607675906,0.533582089552239,154,0.987570048309179,1,10,0.993712379098297,9,20
AGAP007413,3,AGAP007413__SITE01;AGAP007413__SITE02;AGAP007413__SITE05,0.988805970149254,0.522921108742004,213,0.96273022751896,1,10,0.98210265034524,10,20
AGAP007570,2,AGAP007570__SITE01;AGAP007570__SITE05,0.999466950959488,0.84861407249467,361,0.998933782267115,1,10,0.999360305255827,1,20
AGAP007570,2,AGAP007570__SITE01;AGAP007570__SITE03,0.98773987206823,0.751066098081023,149,0.958037698412698,0.9,10,0.970055232764748,2,20
AGAP007570,2,AGAP007570__SITE01;AGAP007570__SITE04,0.98773987206823,0.782515991471215,161,0.958037698412698,0.9,10,0.970055232764748,3,20
AGAP007570,2,AGAP007570__SITE04;AGAP007570__SITE05,0.983475479744136,0.873667377398721,223,0.905051643192488,0.9,10,0.951600780804228,4,20
AGAP007570,2,AGAP007570__SITE03;AGAP007570__SITE05,0.982942430703625,0.842750533049041,235,0.905051643192488,0.9,10,0.951280951379921,5,20
AGAP007570,2,AGAP007570__SITE02;AGAP007570__SITE05,0.976545842217484,0.682835820895522,356,0.902607198748044,0.9,10,0.946709664954903,6,20
AGAP007570,2,AGAP007570__SITE02;AGAP007570__SITE04,0.917910447761194,0.6636460554371,156,0.721802816901409,0.7,10,0.837287113727139,7,20
AGAP007570,2,AGAP007570__SITE02;AGAP007570__SITE03,0.896055437100213,0.654051172707889,144,0.698215962441315,0.4,10,0.787098050992522,8,20
AGAP007570,2,AGAP007570__SITE01;AGAP007570__SITE02,0.881663113006397,0.690831556503198,28,0.803846153846154,0.1,10,0.780151713957684,9,20
AGAP007570,2,AGAP007570__SITE03;AGAP007570__SITE04,0.890191897654584,0.857675906183369,35,0.661677621283255,0.4,10,0.772618424977727,10,20
AGAP007570,3,AGAP007570__SITE01;AGAP007570__SITE03;AGAP007570__SITE05,1,0.736140724946695,361,1,1,10,1,1,20
AGAP007570,3,AGAP007570__SITE01;AGAP007570__SITE04;AGAP007570__SITE05,1,0.767057569296375,361,1,1,10,1,2,20
AGAP007570,3,AGAP007570__SITE01;AGAP007570__SITE02;AGAP007570__SITE05,0.999466950959488,0.681769722814499,361,0.998933782267115,1,10,0.999360305255827,3,20
AGAP007570,3,AGAP007570__SITE01;AGAP007570__SITE02;AGAP007570__SITE03,0.98773987206823,0.652985074626866,149,0.958037698412698,0.9,10,0.970055232764748,4,20
AGAP007570,3,AGAP007570__SITE01;AGAP007570__SITE02;AGAP007570__SITE04,0.98773987206823,0.662579957356077,161,0.958037698412698,0.9,10,0.970055232764748,5,20
AGAP007570,3,AGAP007570__SITE01;AGAP007570__SITE03;AGAP007570__SITE04,0.98773987206823,0.750533049040512,161,0.958037698412698,0.9,10,0.970055232764748,6,20
AGAP007570,3,AGAP007570__SITE03;AGAP007570__SITE04;AGAP007570__SITE05,0.983475479744136,0.842217484008529,235,0.905051643192488,0.9,10,0.951600780804228,7,20
AGAP007570,3,AGAP007570__SITE02;AGAP007570__SITE04;AGAP007570__SITE05,0.983475479744136,0.654584221748401,356,0.905051643192488,0.9,10,0.951600780804228,8,20
AGAP007570,3,AGAP007570__SITE02;AGAP007570__SITE03;AGAP007570__SITE05,0.982942430703625,0.64498933901919,356,0.905051643192488,0.9,10,0.951280951379921,9,20
AGAP007570,3,AGAP007570__SITE02;AGAP007570__SITE03;AGAP007570__SITE04,0.917910447761194,0.653518123667377,156,0.721802816901409,0.7,10,0.837287113727139,10,20
AGAP007729,2,AGAP007729__SITE03;AGAP007729__SITE04,1,0.998933901918977,29,1,1,10,1,1,20
AGAP007729,2,AGAP007729__SITE04;AGAP007729__SITE05,1,0.997867803837953,89,1,1,10,1,2,20
AGAP007729,2,AGAP007729__SITE03;AGAP007729__SITE05,1,0.998933901918977,95,1,1,10,1,3,20
AGAP007729,2,AGAP007729__SITE02;AGAP007729__SITE03,1,0.997867803837953,613,1,1,10,1,4,20
AGAP007729,2,AGAP007729__SITE02;AGAP007729__SITE04,1,0.99680170575693,619,1,1,10,1,5,20
AGAP007729,2,AGAP007729__SITE01;AGAP007729__SITE02,1,0.973880597014925,636,1,1,10,1,6,20
AGAP007729,2,AGAP007729__SITE02;AGAP007729__SITE05,1,0.99680170575693,685,1,1,10,1,7,20
AGAP007729,2,AGAP007729__SITE01;AGAP007729__SITE03,1,0.976012793176972,1226,1,1,10,1,8,20
AGAP007729,2,AGAP007729__SITE01;AGAP007729__SITE04,1,0.974946695095949,1232,1,1,10,1,9,20
AGAP007729,2,AGAP007729__SITE01;AGAP007729__SITE05,1,0.974946695095949,1298,1,1,10,1,10,20
AGAP007729,3,AGAP007729__SITE03;AGAP007729__SITE04;AGAP007729__SITE05,1,0.997867803837953,95,1,1,10,1,1,20
AGAP007729,3,AGAP007729__SITE02;AGAP007729__SITE03;AGAP007729__SITE04,1,0.99680170575693,619,1,1,10,1,2,20
AGAP007729,3,AGAP007729__SITE02;AGAP007729__SITE03;AGAP007729__SITE05,1,0.99680170575693,685,1,1,10,1,3,20
AGAP007729,3,AGAP007729__SITE02;AGAP007729__SITE04;AGAP007729__SITE05,1,0.995735607675906,685,1,1,10,1,4,20
AGAP007729,3,AGAP007729__SITE01;AGAP007729__SITE02;AGAP007729__SITE03,1,0.973880597014925,1226,1,1,10,1,5,20
AGAP007729,3,AGAP007729__SITE01;AGAP007729__SITE02;AGAP007729__SITE04,1,0.972814498933902,1232,1,1,10,1,6,20
AGAP007729,3,AGAP007729__SITE01;AGAP007729__SITE03;AGAP007729__SITE04,1,0.974946695095949,1232,1,1,10,1,7,20
AGAP007729,3,AGAP007729__SITE01;AGAP007729__SITE02;AGAP007729__SITE05,1,0.972814498933902,1298,1,1,10,1,8,20
AGAP007729,3,AGAP007729__SITE01;AGAP007729__SITE03;AGAP007729__SITE05,1,0.974946695095949,1298,1,1,10,1,9,20
AGAP007729,3,AGAP007729__SITE01;AGAP007729__SITE04;AGAP007729__SITE05,1,0.973880597014925,1298,1,1,10,1,10,20
AGAP007775,2,AGAP007775__SITE04;AGAP007775__SITE05,0.998933901918977,0.834754797441365,92,0.996555335097002,1,10,0.998326941680487,1,20
AGAP007775,2,AGAP007775__SITE03;AGAP007775__SITE05,0.998933901918977,0.834754797441365,101,0.996555335097002,1,10,0.998326941680487,2,20
AGAP007775,2,AGAP007775__SITE02;AGAP007775__SITE05,0.960554371002132,0.0389125799573561,140,0.91465811965812,0.6,10,0.910730058498715,3,20
AGAP007775,2,AGAP007775__SITE01;AGAP007775__SITE05,0.960554371002132,0,205,0.91465811965812,0.6,10,0.910730058498715,4,20
AGAP007775,2,AGAP007775__SITE03;AGAP007775__SITE04,0.875266524520256,0.871002132196162,32,0.765942028985507,0.5,10,0.804942523407806,5,20
AGAP007775,2,AGAP007775__SITE02;AGAP007775__SITE03,0.873134328358209,0.0389125799573561,62,0.759963768115942,0.5,10,0.801869727449708,6,20
AGAP007775,2,AGAP007775__SITE01;AGAP007775__SITE03,0.873134328358209,0,127,0.759963768115942,0.5,10,0.801869727449708,7,20
AGAP007775,2,AGAP007775__SITE02;AGAP007775__SITE04,0.873134328358209,0.0389125799573561,71,0.758025362318841,0.5,10,0.801288205710578,8,20
AGAP007775,2,AGAP007775__SITE01;AGAP007775__SITE04,0.873134328358209,0,136,0.758025362318841,0.5,10,0.801288205710578,9,20
AGAP007775,2,AGAP007775__SITE01;AGAP007775__SITE02,0.0389125799573561,0,88,0,0,10,0.0233475479744137,10,20
AGAP007775,3,AGAP007775__SITE03;AGAP007775__SITE04;AGAP007775__SITE05,0.998933901918977,0.832622601279318,101,0.996555335097002,1,10,0.998326941680487,1,20
AGAP007775,3,AGAP007775__SITE02;AGAP007775__SITE03;AGAP007775__SITE05,0.998933901918977,0.0389125799573561,140,0.996555335097002,1,10,0.998326941680487,2,20
AGAP007775,3,AGAP007775__SITE02;AGAP007775__SITE04;AGAP007775__SITE05,0.998933901918977,0.0389125799573561,140,0.996555335097002,1,10,0.998326941680487,3,20
AGAP007775,3,AGAP007775__SITE01;AGAP007775__SITE03;AGAP007775__SITE05,0.998933901918977,0,205,0.996555335097002,1,10,0.998326941680487,4,20
AGAP007775,3,AGAP007775__SITE01;AGAP007775__SITE04;AGAP007775__SITE05,0.998933901918977,0,205,0.996555335097002,1,10,0.998326941680487,5,20
AGAP007775,3,AGAP007775__SITE01;AGAP007775__SITE02;AGAP007775__SITE05,0.960554371002132,0,205,0.91465811965812,0.6,10,0.910730058498715,6,20
AGAP007775,3,AGAP007775__SITE02;AGAP007775__SITE03;AGAP007775__SITE04,0.875266524520256,0.0389125799573561,71,0.765942028985507,0.5,10,0.804942523407806,7,20
AGAP007775,3,AGAP007775__SITE01;AGAP007775__SITE03;AGAP007775__SITE04,0.875266524520256,0,136,0.765942028985507,0.5,10,0.804942523407806,8,20
AGAP007775,3,AGAP007775__SITE01;AGAP007775__SITE02;AGAP007775__SITE03,0.873134328358209,0,127,0.759963768115942,0.5,10,0.801869727449708,9,20
AGAP007775,3,AGAP007775__SITE01;AGAP007775__SITE02;AGAP007775__SITE04,0.873134328358209,0,136,0.758025362318841,0.5,10,0.801288205710578,10,20
AGAP007855,2,AGAP007855__SITE01;AGAP007855__SITE02,1,0.976545842217484,61,1,1,10,1,1,20
AGAP007855,2,AGAP007855__SITE01;AGAP007855__SITE03,1,0.976545842217484,62,1,1,10,1,2,20
AGAP007855,2,AGAP007855__SITE01;AGAP007855__SITE04,1,0.969616204690831,105,1,1,10,1,3,20
AGAP007855,2,AGAP007855__SITE01;AGAP007855__SITE05,0.999466950959488,0.96908315565032,109,0.997172619047619,1,10,0.998831956289978,4,20
AGAP007855,2,AGAP007855__SITE03;AGAP007855__SITE04,0.998400852878465,0.988272921108742,66,0.994345238095238,1,10,0.997344083155651,5,20
AGAP007855,2,AGAP007855__SITE02;AGAP007855__SITE04,0.998400852878465,0.988272921108742,67,0.994345238095238,1,10,0.997344083155651,6,20
AGAP007855,2,AGAP007855__SITE03;AGAP007855__SITE05,0.998400852878465,0.987206823027719,70,0.994345238095238,1,10,0.997344083155651,7,20
AGAP007855,2,AGAP007855__SITE02;AGAP007855__SITE05,0.998400852878465,0.987206823027719,71,0.994345238095238,1,10,0.997344083155651,8,20
AGAP007855,2,AGAP007855__SITE02;AGAP007855__SITE03,0.99680170575693,0.99680170575693,24,0.988073192239859,1,10,0.994502981126116,9,20
AGAP007855,2,AGAP007855__SITE04;AGAP007855__SITE05,0.989872068230277,0.988805970149254,27,0.975982142857143,1,10,0.986717883795309,10,20
AGAP007855,3,AGAP007855__SITE01;AGAP007855__SITE02;AGAP007855__SITE03,1,0.976545842217484,62,1,1,10,1,1,20
AGAP007855,3,AGAP007855__SITE01;AGAP007855__SITE02;AGAP007855__SITE04,1,0.968017057569296,105,1,1,10,1,2,20
AGAP007855,3,AGAP007855__SITE01;AGAP007855__SITE03;AGAP007855__SITE04,1,0.968017057569296,105,1,1,10,1,3,20
AGAP007855,3,AGAP007855__SITE01;AGAP007855__SITE02;AGAP007855__SITE05,1,0.967484008528785,109,1,1,10,1,4,20
AGAP007855,3,AGAP007855__SITE01;AGAP007855__SITE03;AGAP007855__SITE05,1,0.967484008528785,109,1,1,10,1,5,20
AGAP007855,3,AGAP007855__SITE01;AGAP007855__SITE04;AGAP007855__SITE05,1,0.96908315565032,109,1,1,10,1,6,20
AGAP007855,3,AGAP007855__SITE02;AGAP007855__SITE03;AGAP007855__SITE04,0.998400852878465,0.988272921108742,67,0.994345238095238,1,10,0.997344083155651,7,20
AGAP007855,3,AGAP007855__SITE03;AGAP007855__SITE04;AGAP007855__SITE05,0.998400852878465,0.987206823027719,70,0.994345238095238,1,10,0.997344083155651,8,20
AGAP007855,3,AGAP007855__SITE02;AGAP007855__SITE03;AGAP007855__SITE05,0.998400852878465,0.987206823027719,71,0.994345238095238,1,10,0.997344083155651,9,20
AGAP007855,3,AGAP007855__SITE02;AGAP007855__SITE04;AGAP007855__SITE05,0.998400852878465,0.987206823027719,71,0.994345238095238,1,10,0.997344083155651,10,20
AGAP007896,2,AGAP007896__SITE04;AGAP007896__SITE05,0.988805970149254,0.863539445628998,54,0.965747929606625,1,10,0.98300796097154,1,20
AGAP007896,2,AGAP007896__SITE03;AGAP007896__SITE05,0.966950959488273,0.105543710021322,326,0.879712301587302,0.9,10,0.934084266169154,2,20
AGAP007896,2,AGAP007896__SITE02;AGAP007896__SITE05,0.966950959488273,0.105543710021322,327,0.879712301587302,0.9,10,0.934084266169154,3,20
AGAP007896,2,AGAP007896__SITE01;AGAP007896__SITE05,0.966950959488273,0.105543710021322,343,0.879712301587302,0.9,10,0.934084266169154,4,20
AGAP007896,2,AGAP007896__SITE03;AGAP007896__SITE04,0.916311300639659,0.0852878464818763,295,0.872666494133886,0.3,10,0.841586728623961,5,20
AGAP007896,2,AGAP007896__SITE02;AGAP007896__SITE04,0.916311300639659,0.0852878464818763,296,0.872666494133886,0.3,10,0.841586728623961,6,20
AGAP007896,2,AGAP007896__SITE01;AGAP007896__SITE04,0.916311300639659,0.0852878464818763,312,0.872666494133886,0.3,10,0.841586728623961,7,20
AGAP007896,2,AGAP007896__SITE02;AGAP007896__SITE03,0.110874200426439,0.110874200426439,24,0.0152777777777778,0,10,0.0711078535891967,8,20
AGAP007896,2,AGAP007896__SITE01;AGAP007896__SITE02,0.110874200426439,0.110874200426439,39,0.0152777777777778,0,10,0.0711078535891967,9,20
AGAP007896,2,AGAP007896__SITE01;AGAP007896__SITE03,0.110874200426439,0.110874200426439,40,0.0152777777777778,0,10,0.0711078535891967,10,20
AGAP007896,3,AGAP007896__SITE03;AGAP007896__SITE04;AGAP007896__SITE05,0.990938166311301,0.082089552238806,326,0.974230072463768,1,10,0.986831921525911,1,20
AGAP007896,3,AGAP007896__SITE02;AGAP007896__SITE04;AGAP007896__SITE05,0.990938166311301,0.082089552238806,327,0.974230072463768,1,10,0.986831921525911,2,20
AGAP007896,3,AGAP007896__SITE01;AGAP007896__SITE04;AGAP007896__SITE05,0.990938166311301,0.082089552238806,343,0.974230072463768,1,10,0.986831921525911,3,20
AGAP007896,3,AGAP007896__SITE02;AGAP007896__SITE03;AGAP007896__SITE05,0.966950959488273,0.105543710021322,327,0.879712301587302,0.9,10,0.934084266169154,4,20
AGAP007896,3,AGAP007896__SITE01;AGAP007896__SITE02;AGAP007896__SITE05,0.966950959488273,0.105543710021322,343,0.879712301587302,0.9,10,0.934084266169154,5,20
AGAP007896,3,AGAP007896__SITE01;AGAP007896__SITE03;AGAP007896__SITE05,0.966950959488273,0.105543710021322,343,0.879712301587302,0.9,10,0.934084266169154,6,20
AGAP007896,3,AGAP007896__SITE02;AGAP007896__SITE03;AGAP007896__SITE04,0.916311300639659,0.0852878464818763,296,0.872666494133886,0.3,10,0.841586728623961,7,20
AGAP007896,3,AGAP007896__SITE01;AGAP007896__SITE02;AGAP007896__SITE04,0.916311300639659,0.0852878464818763,312,0.872666494133886,0.3,10,0.841586728623961,8,20
AGAP007896,3,AGAP007896__SITE01;AGAP007896__SITE03;AGAP007896__SITE04,0.916311300639659,0.0852878464818763,312,0.872666494133886,0.3,10,0.841586728623961,9,20
AGAP007896,3,AGAP007896__SITE01;AGAP007896__SITE02;AGAP007896__SITE03,0.110874200426439,0.110874200426439,40,0.0152777777777778,0,10,0.0711078535891967,10,20
AGAP007938,2,AGAP007938__SITE01;AGAP007938__SITE04,1,0.98773987206823,45,1,1,10,1,1,20
AGAP007938,2,AGAP007938__SITE02;AGAP007938__SITE05,1,0.986673773987207,54,1,1,10,1,2,20
AGAP007938,2,AGAP007938__SITE01;AGAP007938__SITE05,1,0.987206823027719,60,1,1,10,1,3,20
AGAP007938,2,AGAP007938__SITE02;AGAP007938__SITE04,0.999466950959488,0.98773987206823,39,0.995777777777777,1,10,0.998413503909026,4,20
AGAP007938,2,AGAP007938__SITE03;AGAP007938__SITE05,0.996268656716418,0.989339019189765,42,0.991264090177134,1,10,0.995140421082991,5,20
AGAP007938,2,AGAP007938__SITE03;AGAP007938__SITE04,0.995202558635394,0.990938166311301,27,0.990646806226516,1,10,0.994315577049191,6,20
AGAP007938,2,AGAP007938__SITE01;AGAP007938__SITE03,0.997334754797441,0.989339019189765,41,0.980833333333333,1,10,0.992650852878464,7,20
AGAP007938,2,AGAP007938__SITE02;AGAP007938__SITE03,0.99680170575693,0.989339019189765,35,0.980833333333333,1,10,0.992331023454158,8,20
AGAP007938,2,AGAP007938__SITE04;AGAP007938__SITE05,0.994669509594883,0.992004264392324,38,0.984499341238472,1,10,0.992151508128471,9,20
AGAP007938,2,AGAP007938__SITE01;AGAP007938__SITE02,0.994136460554371,0.993603411513859,29,0.979228395061729,1,10,0.990250394851141,10,20
AGAP007938,3,AGAP007938__SITE01;AGAP007938__SITE02;AGAP007938__SITE04,1,0.98773987206823,45,1,1,10,1,1,20
AGAP007938,3,AGAP007938__SITE01;AGAP007938__SITE03;AGAP007938__SITE04,1,0.98773987206823,45,1,1,10,1,2,20
AGAP007938,3,AGAP007938__SITE02;AGAP007938__SITE03;AGAP007938__SITE05,1,0.986140724946695,54,1,1,10,1,3,20
AGAP007938,3,AGAP007938__SITE02;AGAP007938__SITE04;AGAP007938__SITE05,1,0.986140724946695,54,1,1,10,1,4,20
AGAP007938,3,AGAP007938__SITE01;AGAP007938__SITE02;AGAP007938__SITE05,1,0.986673773987207,60,1,1,10,1,5,20
AGAP007938,3,AGAP007938__SITE01;AGAP007938__SITE03;AGAP007938__SITE05,1,0.986140724946695,60,1,1,10,1,6,20
AGAP007938,3,AGAP007938__SITE01;AGAP007938__SITE04;AGAP007938__SITE05,1,0.986140724946695,60,1,1,10,1,7,20
AGAP007938,3,AGAP007938__SITE02;AGAP007938__SITE03;AGAP007938__SITE04,0.999466950959488,0.98773987206823,39,0.995777777777777,1,10,0.998413503909026,8,20
AGAP007938,3,AGAP007938__SITE03;AGAP007938__SITE04;AGAP007938__SITE05,0.996268656716418,0.989339019189765,42,0.991264090177134,1,10,0.995140421082991,9,20
AGAP007938,3,AGAP007938__SITE01;AGAP007938__SITE02;AGAP007938__SITE03,0.997334754797441,0.989339019189765,41,0.980833333333333,1,10,0.992650852878464,10,20
AGAP007965,2,AGAP007965__SITE02;AGAP007965__SITE04,1,0.95362473347548,367,1,1,10,1,1,20
AGAP007965,2,AGAP007965__SITE01;AGAP007965__SITE04,0.997334754797441,0.532515991471215,424,0.990671497584541,1,10,0.995602302153827,2,20
AGAP007965,2,AGAP007965__SITE04;AGAP007965__SITE05,0.993603411513859,0.361940298507463,113,0.987570048309179,1,10,0.992433061401069,3,20
AGAP007965,2,AGAP007965__SITE02;AGAP007965__SITE03,0.993603411513859,0.607675906183369,180,0.979845679012346,1,10,0.990115750612019,4,20
AGAP007965,2,AGAP007965__SITE02;AGAP007965__SITE05,0.988805970149254,0.363006396588486,457,0.967027777777778,1,10,0.983391915422886,5,20
AGAP007965,2,AGAP007965__SITE01;AGAP007965__SITE02,0.986140724946695,0.53997867803838,80,0.968225308641975,1,10,0.98215202756061,6,20
AGAP007965,2,AGAP007965__SITE03;AGAP007965__SITE04,0.986140724946695,0.618869936034115,210,0.956557120500783,1,10,0.978651571118252,7,20
AGAP007965,2,AGAP007965__SITE01;AGAP007965__SITE03,0.841684434968017,0.335820895522388,237,0.761678791887125,0.1,10,0.743514298546948,8,20
AGAP007965,2,AGAP007965__SITE03;AGAP007965__SITE05,0.781982942430704,0.221215351812367,300,0.646763285024155,0.1,10,0.673218750965669,9,20
AGAP007965,2,AGAP007965__SITE01;AGAP007965__SITE05,0.713752665245203,0.214285714285714,514,0.355288461538462,0,10,0.53483813760866,10,20
AGAP007965,3,AGAP007965__SITE02;AGAP007965__SITE03;AGAP007965__SITE04,1,0.600213219616205,367,1,1,10,1,1,20
AGAP007965,3,AGAP007965__SITE01;AGAP007965__SITE02;AGAP007965__SITE04,1,0.521321961620469,424,1,1,10,1,2,20
AGAP007965,3,AGAP007965__SITE02;AGAP007965__SITE04;AGAP007965__SITE05,1,0.348081023454158,457,1,1,10,1,3,20
AGAP007965,3,AGAP007965__SITE03;AGAP007965__SITE04;AGAP007965__SITE05,0.999466950959488,0.219616204690832,300,0.998933782267115,1,10,0.999360305255827,4,20
AGAP007965,3,AGAP007965__SITE01;AGAP007965__SITE03;AGAP007965__SITE04,0.998933901918977,0.329957356076759,424,0.99516049382716,1,10,0.997908489299534,5,20
AGAP007965,3,AGAP007965__SITE01;AGAP007965__SITE04;AGAP007965__SITE05,0.998933901918977,0.200959488272921,514,0.993115942028986,1,10,0.997295123760082,6,20
AGAP007965,3,AGAP007965__SITE01;AGAP007965__SITE02;AGAP007965__SITE03,0.997334754797441,0.328358208955224,237,0.993070770300817,1,10,0.99632208396871,7,20
AGAP007965,3,AGAP007965__SITE02;AGAP007965__SITE03;AGAP007965__SITE05,0.99680170575693,0.210554371002132,457,0.991660264618011,1,10,0.995579102839561,8,20
AGAP007965,3,AGAP007965__SITE01;AGAP007965__SITE02;AGAP007965__SITE05,0.994669509594883,0.208955223880597,514,0.983101851851852,1,10,0.991732261312485,9,20
AGAP007965,3,AGAP007965__SITE01;AGAP007965__SITE03;AGAP007965__SITE05,0.902985074626866,0.119936034115139,514,0.861992945326279,0.2,10,0.820388928374003,10,20
AGAP007999,2,AGAP007999__SITE01;AGAP007999__SITE02,1,0.949360341151386,155,1,1,10,1,1,20
AGAP007999,2,AGAP007999__SITE01;AGAP007999__SITE03,1,0.949893390191898,156,1,1,10,1,2,20
AGAP007999,2,AGAP007999__SITE03;AGAP007999__SITE05,1,0.98773987206823,164,1,1,10,1,3,20
AGAP007999,2,AGAP007999__SITE02;AGAP007999__SITE05,1,0.987206823027719,165,1,1,10,1,4,20
AGAP007999,2,AGAP007999__SITE01;AGAP007999__SITE05,1,0.949360341151386,297,1,1,10,1,5,20
AGAP007999,2,AGAP007999__SITE03;AGAP007999__SITE04,0.999466950959488,0.606076759061834,141,0.998933782267115,1,10,0.999360305255827,6,20
AGAP007999,2,AGAP007999__SITE02;AGAP007999__SITE04,0.999466950959488,0.605543710021322,142,0.998933782267115,1,10,0.999360305255827,7,20
AGAP007999,2,AGAP007999__SITE04;AGAP007999__SITE05,0.996268656716418,0.608742004264392,46,0.989782608695652,1,10,0.994695976638546,8,20
AGAP007999,2,AGAP007999__SITE02;AGAP007999__SITE03,0.994136460554371,0.993603411513859,24,0.989262666346,1,10,0.993260676236422,9,20
AGAP007999,2,AGAP007999__SITE01;AGAP007999__SITE04,0.989339019189765,0.577825159914712,274,0.973869047619048,1,10,0.985764125799573,10,20
AGAP007999,3,AGAP007999__SITE01;AGAP007999__SITE02;AGAP007999__SITE03,1,0.949360341151386,156,1,1,10,1,1,20
AGAP007999,3,AGAP007999__SITE03;AGAP007999__SITE04;AGAP007999__SITE05,1,0.603411513859275,164,1,1,10,1,2,20
AGAP007999,3,AGAP007999__SITE02;AGAP007999__SITE03;AGAP007999__SITE05,1,0.987206823027719,165,1,1,10,1,3,20
AGAP007999,3,AGAP007999__SITE02;AGAP007999__SITE04;AGAP007999__SITE05,1,0.602878464818763,165,1,1,10,1,4,20
AGAP007999,3,AGAP007999__SITE01;AGAP007999__SITE02;AGAP007999__SITE04,1,0.571961620469083,274,1,1,10,1,5,20
AGAP007999,3,AGAP007999__SITE01;AGAP007999__SITE03;AGAP007999__SITE04,1,0.572494669509595,274,1,1,10,1,6,20
AGAP007999,3,AGAP007999__SITE01;AGAP007999__SITE02;AGAP007999__SITE05,1,0.942963752665245,297,1,1,10,1,7,20
AGAP007999,3,AGAP007999__SITE01;AGAP007999__SITE03;AGAP007999__SITE05,1,0.943496801705757,297,1,1,10,1,8,20
AGAP007999,3,AGAP007999__SITE01;AGAP007999__SITE04;AGAP007999__SITE05,1,0.575159914712154,297,1,1,10,1,9,20
AGAP007999,3,AGAP007999__SITE02;AGAP007999__SITE03;AGAP007999__SITE04,0.999466950959488,0.605543710021322,142,0.998933782267115,1,10,0.999360305255827,10,20
AGAP008015,2,AGAP008015__SITE02;AGAP008015__SITE04,1,0.87046908315565,167,1,1,10,1,1,20
AGAP008015,2,AGAP008015__SITE04;AGAP008015__SITE05,1,0.860341151385928,225,1,1,10,1,2,20
AGAP008015,2,AGAP008015__SITE01;AGAP008015__SITE04,0.999466950959488,0.915245202558635,504,0.998933782267115,1,10,0.999360305255827,3,20
AGAP008015,2,AGAP008015__SITE01;AGAP008015__SITE03,0.998933901918977,0.90138592750533,498,0.995940687063875,1,10,0.998142547270549,4,20
AGAP008015,2,AGAP008015__SITE03;AGAP008015__SITE04,0.997334754797441,0.979744136460554,29,0.993785024154589,1,10,0.996536360124841,5,20
AGAP008015,2,AGAP008015__SITE01;AGAP008015__SITE05,0.994669509594883,0.788912579957356,706,0.978174117166769,1,10,0.990253940906961,6,20
AGAP008015,2,AGAP008015__SITE03;AGAP008015__SITE05,0.993603411513859,0.852345415778252,231,0.971032863849765,1,10,0.987471906063245,7,20
AGAP008015,2,AGAP008015__SITE02;AGAP008015__SITE03,0.994669509594883,0.861407249466951,161,0.967699530516432,1,10,0.987111564911859,8,20
AGAP008015,2,AGAP008015__SITE01;AGAP008015__SITE02,0.984008528784648,0.809701492537313,360,0.939695479641132,0.9,10,0.962313761163128,9,20
AGAP008015,2,AGAP008015__SITE02;AGAP008015__SITE05,0.968017057569296,0.771321961620469,369,0.856752136752137,0.9,10,0.927835875567219,10,20
AGAP008015,3,AGAP008015__SITE02;AGAP008015__SITE03;AGAP008015__SITE04,1,0.859808102345416,167,1,1,10,1,1,20
AGAP008015,3,AGAP008015__SITE03;AGAP008015__SITE04;AGAP008015__SITE05,1,0.850746268656716,231,1,1,10,1,2,20
AGAP008015,3,AGAP008015__SITE02;AGAP008015__SITE04;AGAP008015__SITE05,1,0.767057569296375,369,1,1,10,1,3,20
AGAP008015,3,AGAP008015__SITE01;AGAP008015__SITE02;AGAP008015__SITE03,1,0.797441364605544,498,1,1,10,1,4,20
AGAP008015,3,AGAP008015__SITE01;AGAP008015__SITE02;AGAP008015__SITE04,1,0.805970149253731,504,1,1,10,1,5,20
AGAP008015,3,AGAP008015__SITE01;AGAP008015__SITE04;AGAP008015__SITE05,1,0.785181236673774,706,1,1,10,1,6,20
AGAP008015,3,AGAP008015__SITE01;AGAP008015__SITE03;AGAP008015__SITE04,0.999466950959488,0.899786780383795,504,0.998933782267115,1,10,0.999360305255827,7,20
AGAP008015,3,AGAP008015__SITE01;AGAP008015__SITE02;AGAP008015__SITE05,0.999466950959488,0.711087420042644,706,0.998933782267115,1,10,0.999360305255827,8,20
AGAP008015,3,AGAP008015__SITE01;AGAP008015__SITE03;AGAP008015__SITE05,0.999466950959488,0.777185501066098,706,0.996557971014493,1,10,0.998647561880041,9,20
AGAP008015,3,AGAP008015__SITE02;AGAP008015__SITE03;AGAP008015__SITE05,0.996268656716418,0.760660980810235,369,0.971032863849765,1,10,0.98907105318478,10,20
AGAP008118,2,AGAP008118__SITE01;AGAP008118__SITE03,1,0.968017057569296,129,1,1,10,1,1,20
AGAP008118,2,AGAP008118__SITE03;AGAP008118__SITE04,1,0.989872068230277,336,1,1,10,1,2,20
AGAP008118,2,AGAP008118__SITE01;AGAP008118__SITE04,1,0.962153518123667,442,1,1,10,1,3,20
AGAP008118,2,AGAP008118__SITE03;AGAP008118__SITE05,1,0.916844349680171,526,1,1,10,1,4,20
AGAP008118,2,AGAP008118__SITE04;AGAP008118__SITE05,0.998933901918977,0.912046908315565,213,0.997867564534231,1,10,0.998720610511656,5,20
AGAP008118,2,AGAP008118__SITE02;AGAP008118__SITE03,0.997867803837953,0.412046908315565,49,0.99235248447205,1,10,0.996426427644387,6,20
AGAP008118,2,AGAP008118__SITE01;AGAP008118__SITE05,0.995202558635394,0.893923240938166,632,0.981648550724637,1,10,0.991616100398628,7,20
AGAP008118,2,AGAP008118__SITE02;AGAP008118__SITE04,0.993070362473348,0.410980810234542,362,0.979286384976526,1,10,0.989628132976966,8,20
AGAP008118,2,AGAP008118__SITE01;AGAP008118__SITE02,0.975479744136461,0.406716417910448,103,0.936557971014493,0.9,10,0.956255237786224,9,20
AGAP008118,2,AGAP008118__SITE02;AGAP008118__SITE05,0.936567164179104,0.394456289978678,552,0.872916666666667,0.3,10,0.853815298507463,10,20
AGAP008118,3,AGAP008118__SITE01;AGAP008118__SITE02;AGAP008118__SITE03,1,0.406716417910448,129,1,1,10,1,1,20
AGAP008118,3,AGAP008118__SITE02;AGAP008118__SITE03;AGAP008118__SITE04,1,0.410980810234542,362,1,1,10,1,2,20
AGAP008118,3,AGAP008118__SITE01;AGAP008118__SITE02;AGAP008118__SITE04,1,0.405650319829424,442,1,1,10,1,3,20
AGAP008118,3,AGAP008118__SITE01;AGAP008118__SITE03;AGAP008118__SITE04,1,0.96002132196162,442,1,1,10,1,4,20
AGAP008118,3,AGAP008118__SITE03;AGAP008118__SITE04;AGAP008118__SITE05,1,0.909914712153518,526,1,1,10,1,5,20
AGAP008118,3,AGAP008118__SITE02;AGAP008118__SITE03;AGAP008118__SITE05,1,0.394456289978678,552,1,1,10,1,6,20
AGAP008118,3,AGAP008118__SITE01;AGAP008118__SITE03;AGAP008118__SITE05,1,0.891791044776119,632,1,1,10,1,7,20
AGAP008118,3,AGAP008118__SITE01;AGAP008118__SITE04;AGAP008118__SITE05,1,0.886993603411514,632,1,1,10,1,8,20
AGAP008118,3,AGAP008118__SITE02;AGAP008118__SITE04;AGAP008118__SITE05,0.999466950959488,0.393923240938166,552,0.998933782267115,1,10,0.999360305255827,9,20
AGAP008118,3,AGAP008118__SITE01;AGAP008118__SITE02;AGAP008118__SITE05,0.995735607675906,0.389658848614073,632,0.982898550724637,1,10,0.992310929822935,10,20
AGAP008191,2,AGAP008191__SITE01;AGAP008191__SITE02,1,0.886460554371002,196,1,1,10,1,1,20
AGAP008191,2,AGAP008191__SITE02;AGAP008191__SITE03,0.988805970149254,0.00213219616204691,72,0.981228455186789,1,10,0.987652118645589,2,20
AGAP008191,2,AGAP008191__SITE02;AGAP008191__SITE04,0.988805970149254,0.00213219616204691,74,0.981228455186789,1,10,0.987652118645589,3,20
AGAP008191,2,AGAP008191__SITE02;AGAP008191__SITE05,0.988805970149254,0.00213219616204691,75,0.981228455186789,1,10,0.987652118645589,4,20
AGAP008191,2,AGAP008191__SITE01;AGAP008191__SITE03,0.897654584221748,0.00213219616204691,245,0.859594979296066,0.4,10,0.836471244321869,5,20
AGAP008191,2,AGAP008191__SITE01;AGAP008191__SITE04,0.897654584221748,0.00213219616204691,247,0.859594979296066,0.4,10,0.836471244321869,6,20
AGAP008191,2,AGAP008191__SITE01;AGAP008191__SITE05,0.897654584221748,0.00213219616204691,248,0.859594979296066,0.4,10,0.836471244321869,7,20
AGAP008191,2,AGAP008191__SITE04;AGAP008191__SITE05,0.00213219616204691,0.00213219616204691,24,0,0,10,0.00127931769722815,8,20
AGAP008191,2,AGAP008191__SITE03;AGAP008191__SITE04,0.00213219616204691,0.00213219616204691,25,0,0,10,0.00127931769722815,9,20
AGAP008191,2,AGAP008191__SITE03;AGAP008191__SITE05,0.00213219616204691,0.00213219616204691,26,0,0,10,0.00127931769722815,10,20
AGAP008191,3,AGAP008191__SITE01;AGAP008191__SITE02;AGAP008191__SITE03,1,0.00213219616204691,245,1,1,10,1,1,20
AGAP008191,3,AGAP008191__SITE01;AGAP008191__SITE02;AGAP008191__SITE04,1,0.00213219616204691,247,1,1,10,1,2,20
AGAP008191,3,AGAP008191__SITE01;AGAP008191__SITE02;AGAP008191__SITE05,1,0.00213219616204691,248,1,1,10,1,3,20
AGAP008191,3,AGAP008191__SITE02;AGAP008191__SITE03;AGAP008191__SITE04,0.988805970149254,0.00213219616204691,74,0.981228455186789,1,10,0.987652118645589,4,20
AGAP008191,3,AGAP008191__SITE02;AGAP008191__SITE03;AGAP008191__SITE05,0.988805970149254,0.00213219616204691,75,0.981228455186789,1,10,0.987652118645589,5,20
AGAP008191,3,AGAP008191__SITE02;AGAP008191__SITE04;AGAP008191__SITE05,0.988805970149254,0.00213219616204691,75,0.981228455186789,1,10,0.987652118645589,6,20
AGAP008191,3,AGAP008191__SITE01;AGAP008191__SITE03;AGAP008191__SITE04,0.897654584221748,0.00213219616204691,247,0.859594979296066,0.4,10,0.836471244321869,7,20
AGAP008191,3,AGAP008191__SITE01;AGAP008191__SITE03;AGAP008191__SITE05,0.897654584221748,0.00213219616204691,248,0.859594979296066,0.4,10,0.836471244321869,8,20
AGAP008191,3,AGAP008191__SITE01;AGAP008191__SITE04;AGAP008191__SITE05,0.897654584221748,0.00213219616204691,248,0.859594979296066,0.4,10,0.836471244321869,9,20
AGAP008191,3,AGAP008191__SITE03;AGAP008191__SITE04;AGAP008191__SITE05,0.00213219616204691,0.00213219616204691,26,0,0,10,0.00127931769722815,10,20
AGAP008381,2,AGAP008381__SITE03;AGAP008381__SITE05,0.986140724946695,0.526652452025586,135,0.97501102292769,1,10,0.984187741846324,1,20
AGAP008381,2,AGAP008381__SITE02;AGAP008381__SITE05,0.986140724946695,0.526119402985075,138,0.97501102292769,1,10,0.984187741846324,2,20
AGAP008381,2,AGAP008381__SITE01;AGAP008381__SITE05,0.986140724946695,0.52771855010661,139,0.97501102292769,1,10,0.984187741846324,3,20
AGAP008381,2,AGAP008381__SITE04;AGAP008381__SITE05,0.96908315565032,0.767057569296375,122,0.923162393162393,0.8,10,0.93839861133891,4,20
AGAP008381,2,AGAP008381__SITE01;AGAP008381__SITE04,0.90138592750533,0.62046908315565,40,0.841428571428572,0.2,10,0.813260127931769,5,20
AGAP008381,2,AGAP008381__SITE03;AGAP008381__SITE04,0.899786780383795,0.621002132196162,36,0.835803571428572,0.2,10,0.810613139658848,6,20
AGAP008381,2,AGAP008381__SITE02;AGAP008381__SITE04,0.899786780383795,0.62046908315565,39,0.835803571428572,0.2,10,0.810613139658848,7,20
AGAP008381,2,AGAP008381__SITE01;AGAP008381__SITE03,0.650319829424307,0.64818763326226,27,0.55375,0,10,0.556316897654584,8,20
AGAP008381,2,AGAP008381__SITE01;AGAP008381__SITE02,0.649786780383795,0.64818763326226,24,0.55375,0,10,0.555997068230277,9,20
AGAP008381,2,AGAP008381__SITE02;AGAP008381__SITE03,0.648720682302772,0.64818763326226,26,0.55375,0,10,0.555357409381663,10,20
AGAP008381,3,AGAP008381__SITE03;AGAP008381__SITE04;AGAP008381__SITE05,0.992537313432836,0.522388059701493,135,0.978097442680776,1,10,0.988951620863934,1,20
AGAP008381,3,AGAP008381__SITE02;AGAP008381__SITE04;AGAP008381__SITE05,0.992537313432836,0.521855010660981,138,0.978097442680776,1,10,0.988951620863934,2,20
AGAP008381,3,AGAP008381__SITE01;AGAP008381__SITE04;AGAP008381__SITE05,0.992537313432836,0.521855010660981,139,0.978097442680776,1,10,0.988951620863934,3,20
AGAP008381,3,AGAP008381__SITE02;AGAP008381__SITE03;AGAP008381__SITE05,0.986140724946695,0.526119402985075,138,0.97501102292769,1,10,0.984187741846324,4,20
AGAP008381,3,AGAP008381__SITE01;AGAP008381__SITE02;AGAP008381__SITE05,0.986140724946695,0.526119402985075,139,0.97501102292769,1,10,0.984187741846324,5,20
AGAP008381,3,AGAP008381__SITE01;AGAP008381__SITE03;AGAP008381__SITE05,0.986140724946695,0.526119402985075,139,0.97501102292769,1,10,0.984187741846324,6,20
AGAP008381,3,AGAP008381__SITE01;AGAP008381__SITE02;AGAP008381__SITE04,0.90138592750533,0.62046908315565,40,0.841428571428572,0.2,10,0.813260127931769,7,20
AGAP008381,3,AGAP008381__SITE01;AGAP008381__SITE03;AGAP008381__SITE04,0.90138592750533,0.62046908315565,40,0.841428571428572,0.2,10,0.813260127931769,8,20
AGAP008381,3,AGAP008381__SITE02;AGAP008381__SITE03;AGAP008381__SITE04,0.899786780383795,0.62046908315565,39,0.835803571428572,0.2,10,0.810613139658848,9,20
AGAP008381,3,AGAP008381__SITE01;AGAP008381__SITE02;AGAP008381__SITE03,0.650319829424307,0.64818763326226,27,0.55375,0,10,0.556316897654584,10,20
AGAP008578,2,AGAP008578__SITE04;AGAP008578__SITE05,1,0.992004264392324,45,1,1,10,1,1,20
AGAP008578,2,AGAP008578__SITE03;AGAP008578__SITE05,1,0.976012793176972,53,1,1,10,1,2,20
AGAP008578,2,AGAP008578__SITE02;AGAP008578__SITE03,1,0.964818763326226,190,1,1,10,1,3,20
AGAP008578,2,AGAP008578__SITE01;AGAP008578__SITE03,1,0.963752665245203,193,1,1,10,1,4,20
AGAP008578,2,AGAP008578__SITE02;AGAP008578__SITE04,1,0.980810234541578,198,1,1,10,1,5,20
AGAP008578,2,AGAP008578__SITE01;AGAP008578__SITE04,1,0.979744136460554,201,1,1,10,1,6,20
AGAP008578,2,AGAP008578__SITE02;AGAP008578__SITE05,1,0.98134328358209,220,1,1,10,1,7,20
AGAP008578,2,AGAP008578__SITE01;AGAP008578__SITE05,1,0.980277185501066,223,1,1,10,1,8,20
AGAP008578,2,AGAP008578__SITE03;AGAP008578__SITE04,0.998400852878465,0.977078891257996,31,0.996801346801347,1,10,0.998080915767483,9,20
AGAP008578,2,AGAP008578__SITE01;AGAP008578__SITE02,0.985074626865672,0.984008528784648,26,0.938251678876679,0.9,10,0.962520279782407,10,20
AGAP008578,3,AGAP008578__SITE03;AGAP008578__SITE04;AGAP008578__SITE05,1,0.973347547974414,53,1,1,10,1,1,20
AGAP008578,3,AGAP008578__SITE01;AGAP008578__SITE02;AGAP008578__SITE03,1,0.963752665245203,193,1,1,10,1,2,20
AGAP008578,3,AGAP008578__SITE02;AGAP008578__SITE03;AGAP008578__SITE04,1,0.962153518123667,198,1,1,10,1,3,20
AGAP008578,3,AGAP008578__SITE01;AGAP008578__SITE02;AGAP008578__SITE04,1,0.979744136460554,201,1,1,10,1,4,20
AGAP008578,3,AGAP008578__SITE01;AGAP008578__SITE03;AGAP008578__SITE04,1,0.961087420042644,201,1,1,10,1,5,20
AGAP008578,3,AGAP008578__SITE02;AGAP008578__SITE03;AGAP008578__SITE05,1,0.961087420042644,220,1,1,10,1,6,20
AGAP008578,3,AGAP008578__SITE02;AGAP008578__SITE04;AGAP008578__SITE05,1,0.977078891257996,220,1,1,10,1,7,20
AGAP008578,3,AGAP008578__SITE01;AGAP008578__SITE02;AGAP008578__SITE05,1,0.980277185501066,223,1,1,10,1,8,20
AGAP008578,3,AGAP008578__SITE01;AGAP008578__SITE03;AGAP008578__SITE05,1,0.96002132196162,223,1,1,10,1,9,20
AGAP008578,3,AGAP008578__SITE01;AGAP008578__SITE04;AGAP008578__SITE05,1,0.976012793176972,223,1,1,10,1,10,20
AGAP009048,2,AGAP009048__SITE04;AGAP009048__SITE05,1,0.932302771855011,49,1,1,10,1,1,20
AGAP009048,2,AGAP009048__SITE03;AGAP009048__SITE05,1,0.931236673773987,55,1,1,10,1,2,20
AGAP009048,2,AGAP009048__SITE02;AGAP009048__SITE05,1,0.92590618336887,114,1,1,10,1,3,20
AGAP009048,2,AGAP009048__SITE01;AGAP009048__SITE05,1,0.915245202558635,126,1,1,10,1,4,20
AGAP009048,2,AGAP009048__SITE02;AGAP009048__SITE03,0.993070362473348,0.98134328358209,82,0.981648550724637,1,10,0.9903367827014,5,20
AGAP009048,2,AGAP009048__SITE02;AGAP009048__SITE04,0.993070362473348,0.982409381663113,88,0.981648550724637,1,10,0.9903367827014,6,20
AGAP009048,2,AGAP009048__SITE01;AGAP009048__SITE03,0.993070362473348,0.970682302771855,94,0.981648550724637,1,10,0.9903367827014,7,20
AGAP009048,2,AGAP009048__SITE01;AGAP009048__SITE04,0.993070362473348,0.971748400852879,100,0.981648550724637,1,10,0.9903367827014,8,20
AGAP009048,2,AGAP009048__SITE03;AGAP009048__SITE04,0.990938166311301,0.989872068230277,29,0.975140096618357,1,10,0.987104928772288,9,20
AGAP009048,2,AGAP009048__SITE01;AGAP009048__SITE02,0.988272921108742,0.970149253731343,35,0.976195652173913,1,10,0.985822448317419,10,20
AGAP009048,3,AGAP009048__SITE03;AGAP009048__SITE04;AGAP009048__SITE05,1,0.931236673773987,55,1,1,10,1,1,20
AGAP009048,3,AGAP009048__SITE02;AGAP009048__SITE03;AGAP009048__SITE05,1,0.9227078891258,114,1,1,10,1,2,20
AGAP009048,3,AGAP009048__SITE02;AGAP009048__SITE04;AGAP009048__SITE05,1,0.923773987206823,114,1,1,10,1,3,20
AGAP009048,3,AGAP009048__SITE01;AGAP009048__SITE02;AGAP009048__SITE05,1,0.911513859275053,126,1,1,10,1,4,20
AGAP009048,3,AGAP009048__SITE01;AGAP009048__SITE03;AGAP009048__SITE05,1,0.912046908315565,126,1,1,10,1,5,20
AGAP009048,3,AGAP009048__SITE01;AGAP009048__SITE04;AGAP009048__SITE05,1,0.913113006396588,126,1,1,10,1,6,20
AGAP009048,3,AGAP009048__SITE02;AGAP009048__SITE03;AGAP009048__SITE04,0.993070362473348,0.98134328358209,88,0.981648550724637,1,10,0.9903367827014,7,20
AGAP009048,3,AGAP009048__SITE01;AGAP009048__SITE02;AGAP009048__SITE03,0.993070362473348,0.966950959488273,94,0.981648550724637,1,10,0.9903367827014,8,20
AGAP009048,3,AGAP009048__SITE01;AGAP009048__SITE02;AGAP009048__SITE04,0.993070362473348,0.968017057569296,100,0.981648550724637,1,10,0.9903367827014,9,20
AGAP009048,3,AGAP009048__SITE01;AGAP009048__SITE03;AGAP009048__SITE04,0.993070362473348,0.970682302771855,100,0.981648550724637,1,10,0.9903367827014,10,20
AGAP009091,2,AGAP009091__SITE01;AGAP009091__SITE02,1,0.975479744136461,84,1,1,10,1,1,20
AGAP009091,2,AGAP009091__SITE03;AGAP009091__SITE05,1,0.977611940298507,207,1,1,10,1,2,20
AGAP009091,2,AGAP009091__SITE01;AGAP009091__SITE03,1,0.971748400852879,209,1,1,10,1,3,20
AGAP009091,2,AGAP009091__SITE02;AGAP009091__SITE05,1,0.98134328358209,332,1,1,10,1,4,20
AGAP009091,2,AGAP009091__SITE01;AGAP009091__SITE05,1,0.971748400852879,393,1,1,10,1,5,20
AGAP009091,2,AGAP009091__SITE04;AGAP009091__SITE05,0.997867803837953,0.762793176972282,139,0.995164442039442,1,10,0.997270014914604,6,20
AGAP009091,2,AGAP009091__SITE02;AGAP009091__SITE03,0.998400852878465,0.982942430703625,148,0.99300785634119,1,10,0.996942868629436,7,20
AGAP009091,2,AGAP009091__SITE02;AGAP009091__SITE04,0.997334754797441,0.767057569296375,216,0.993095461658842,1,10,0.996329491376117,8,20
AGAP009091,2,AGAP009091__SITE03;AGAP009091__SITE04,0.995735607675906,0.764925373134328,91,0.97917735042735,1,10,0.991194569733749,9,20
AGAP009091,2,AGAP009091__SITE01;AGAP009091__SITE04,0.992004264392324,0.762793176972282,277,0.974230072463768,1,10,0.987471580374525,10,20
AGAP009091,3,AGAP009091__SITE03;AGAP009091__SITE04;AGAP009091__SITE05,1,0.755863539445629,207,1,1,10,1,1,20
AGAP009091,3,AGAP009091__SITE01;AGAP009091__SITE02;AGAP009091__SITE03,1,0.965884861407249,209,1,1,10,1,2,20
AGAP009091,3,AGAP009091__SITE02;AGAP009091__SITE03;AGAP009091__SITE04,1,0.761727078891258,216,1,1,10,1,3,20
AGAP009091,3,AGAP009091__SITE01;AGAP009091__SITE02;AGAP009091__SITE04,1,0.757995735607676,277,1,1,10,1,4,20
AGAP009091,3,AGAP009091__SITE01;AGAP009091__SITE03;AGAP009091__SITE04,1,0.755863539445629,277,1,1,10,1,5,20
AGAP009091,3,AGAP009091__SITE02;AGAP009091__SITE03;AGAP009091__SITE05,1,0.971748400852879,332,1,1,10,1,6,20
AGAP009091,3,AGAP009091__SITE02;AGAP009091__SITE04;AGAP009091__SITE05,1,0.757995735607676,332,1,1,10,1,7,20
AGAP009091,3,AGAP009091__SITE01;AGAP009091__SITE02;AGAP009091__SITE05,1,0.964285714285714,393,1,1,10,1,8,20
AGAP009091,3,AGAP009091__SITE01;AGAP009091__SITE03;AGAP009091__SITE05,1,0.960554371002132,393,1,1,10,1,9,20
AGAP009091,3,AGAP009091__SITE01;AGAP009091__SITE04;AGAP009091__SITE05,1,0.753731343283582,393,1,1,10,1,10,20
AGAP009232,2,AGAP009232__SITE01;AGAP009232__SITE04,1,0.932835820895522,228,1,1,10,1,1,20
AGAP009232,2,AGAP009232__SITE01;AGAP009232__SITE05,1,0.969616204690831,233,1,1,10,1,2,20
AGAP009232,2,AGAP009232__SITE01;AGAP009232__SITE02,0.995202558635394,0.608742004264392,83,0.97479014041514,1,10,0.989558577305779,3,20
AGAP009232,2,AGAP009232__SITE01;AGAP009232__SITE03,0.995202558635394,0.608742004264392,84,0.97479014041514,1,10,0.989558577305779,4,20
AGAP009232,2,AGAP009232__SITE03;AGAP009232__SITE05,0.986673773987207,0.60501066098081,172,0.942481884057971,0.9,10,0.964748829609715,5,20
AGAP009232,2,AGAP009232__SITE02;AGAP009232__SITE05,0.986673773987207,0.60501066098081,173,0.942481884057971,0.9,10,0.964748829609715,6,20
AGAP009232,2,AGAP009232__SITE04;AGAP009232__SITE05,0.979211087420043,0.94136460554371,28,0.942341549295775,0.9,10,0.960229117240758,7,20
AGAP009232,2,AGAP009232__SITE03;AGAP009232__SITE04,0.950959488272921,0.603944562899787,167,0.892880434782609,0.7,10,0.908439823398535,8,20
AGAP009232,2,AGAP009232__SITE02;AGAP009232__SITE04,0.950959488272921,0.603944562899787,168,0.892880434782609,0.7,10,0.908439823398535,9,20
AGAP009232,2,AGAP009232__SITE02;AGAP009232__SITE03,0.613006396588486,0.613006396588486,24,0.48552731990232,0,10,0.513462033923788,10,20
AGAP009232,3,AGAP009232__SITE01;AGAP009232__SITE02;AGAP009232__SITE04,1,0.599680170575693,228,1,1,10,1,1,20
AGAP009232,3,AGAP009232__SITE01;AGAP009232__SITE03;AGAP009232__SITE04,1,0.599680170575693,228,1,1,10,1,2,20
AGAP009232,3,AGAP009232__SITE01;AGAP009232__SITE02;AGAP009232__SITE05,1,0.600746268656716,233,1,1,10,1,3,20
AGAP009232,3,AGAP009232__SITE01;AGAP009232__SITE03;AGAP009232__SITE05,1,0.600746268656716,233,1,1,10,1,4,20
AGAP009232,3,AGAP009232__SITE01;AGAP009232__SITE04;AGAP009232__SITE05,1,0.932302771855011,233,1,1,10,1,5,20
AGAP009232,3,AGAP009232__SITE01;AGAP009232__SITE02;AGAP009232__SITE03,0.995202558635394,0.608742004264392,84,0.97479014041514,1,10,0.989558577305779,6,20
AGAP009232,3,AGAP009232__SITE03;AGAP009232__SITE04;AGAP009232__SITE05,0.987206823027719,0.603944562899787,172,0.942481884057971,0.9,10,0.965068659034023,7,20
AGAP009232,3,AGAP009232__SITE02;AGAP009232__SITE04;AGAP009232__SITE05,0.987206823027719,0.603944562899787,173,0.942481884057971,0.9,10,0.965068659034023,8,20
AGAP009232,3,AGAP009232__SITE02;AGAP009232__SITE03;AGAP009232__SITE05,0.986673773987207,0.60501066098081,173,0.942481884057971,0.9,10,0.964748829609715,9,20
AGAP009232,3,AGAP009232__SITE02;AGAP009232__SITE03;AGAP009232__SITE04,0.950959488272921,0.603944562899787,168,0.892880434782609,0.7,10,0.908439823398535,10,20
AGAP009338,2,AGAP009338__SITE03;AGAP009338__SITE05,1,0.775586353944563,167,1,1,10,1,1,20
AGAP009338,2,AGAP009338__SITE02;AGAP009338__SITE05,1,0.806503198294243,175,1,1,10,1,2,20
AGAP009338,2,AGAP009338__SITE01;AGAP009338__SITE05,0.998933901918977,0.784115138592751,337,0.995940687063875,1,10,0.998142547270549,3,20
AGAP009338,2,AGAP009338__SITE01;AGAP009338__SITE02,0.978144989339019,0.771321961620469,185,0.950452898550725,0.9,10,0.962022863168629,4,20
AGAP009338,2,AGAP009338__SITE01;AGAP009338__SITE03,0.952558635394456,0.765991471215352,193,0.899064009661836,0.6,10,0.901254384135224,5,20
AGAP009338,2,AGAP009338__SITE04;AGAP009338__SITE05,0.920042643923241,0.00692963752665245,127,0.700761798587885,0.5,10,0.81225412593031,6,20
AGAP009338,2,AGAP009338__SITE02;AGAP009338__SITE03,0.892324093816631,0.849680170575693,31,0.816509661835749,0.2,10,0.800347354840703,7,20
AGAP009338,2,AGAP009338__SITE02;AGAP009338__SITE04,0.888059701492537,0.00533049040511727,71,0.816509661835749,0.2,10,0.797788719446247,8,20
AGAP009338,2,AGAP009338__SITE01;AGAP009338__SITE04,0.866737739872068,0.00319829424307036,233,0.798403755868544,0.2,10,0.779563770683804,9,20
AGAP009338,2,AGAP009338__SITE03;AGAP009338__SITE04,0.857142857142857,0.00533049040511727,63,0.738490338164251,0.2,10,0.755832815734989,10,20
AGAP009338,3,AGAP009338__SITE03;AGAP009338__SITE04;AGAP009338__SITE05,1,0.00533049040511727,167,1,1,10,1,1,20
AGAP009338,3,AGAP009338__SITE02;AGAP009338__SITE03;AGAP009338__SITE05,1,0.769722814498934,175,1,1,10,1,2,20
AGAP009338,3,AGAP009338__SITE02;AGAP009338__SITE04;AGAP009338__SITE05,1,0.00533049040511727,175,1,1,10,1,3,20
AGAP009338,3,AGAP009338__SITE01;AGAP009338__SITE02;AGAP009338__SITE05,1,0.692430703624734,337,1,1,10,1,4,20
AGAP009338,3,AGAP009338__SITE01;AGAP009338__SITE03;AGAP009338__SITE05,1,0.687100213219616,337,1,1,10,1,5,20
AGAP009338,3,AGAP009338__SITE01;AGAP009338__SITE04;AGAP009338__SITE05,0.998933901918977,0.00319829424307036,337,0.995940687063875,1,10,0.998142547270549,6,20
AGAP009338,3,AGAP009338__SITE01;AGAP009338__SITE02;AGAP009338__SITE03,0.978678038379531,0.760660980810235,193,0.950452898550725,0.9,10,0.962342692592936,7,20
AGAP009338,3,AGAP009338__SITE01;AGAP009338__SITE02;AGAP009338__SITE04,0.978678038379531,0.00213219616204691,233,0.950452898550725,0.9,10,0.962342692592936,8,20
AGAP009338,3,AGAP009338__SITE01;AGAP009338__SITE03;AGAP009338__SITE04,0.953091684434968,0.00213219616204691,233,0.899064009661836,0.6,10,0.901574213559532,9,20
AGAP009338,3,AGAP009338__SITE02;AGAP009338__SITE03;AGAP009338__SITE04,0.893923240938166,0.00533049040511727,71,0.816509661835749,0.2,10,0.801306843113624,10,20
AGAP009488,2,AGAP009488__SITE04;AGAP009488__SITE05,1,0.981876332622601,120,1,1,10,1,1,20
AGAP009488,2,AGAP009488__SITE03;AGAP009488__SITE05,1,0.981876332622601,121,1,1,10,1,2,20
AGAP009488,2,AGAP009488__SITE02;AGAP009488__SITE03,1,0.992004264392324,209,1,1,10,1,3,20
AGAP009488,2,AGAP009488__SITE02;AGAP009488__SITE04,1,0.992004264392324,210,1,1,10,1,4,20
AGAP009488,2,AGAP009488__SITE01;AGAP009488__SITE02,1,0.940831556503198,240,1,1,10,1,5,20
AGAP009488,2,AGAP009488__SITE02;AGAP009488__SITE05,1,0.98773987206823,307,1,1,10,1,6,20
AGAP009488,2,AGAP009488__SITE01;AGAP009488__SITE05,0.999466950959488,0.931236673773987,524,0.997172619047619,1,10,0.998831956289978,7,20
AGAP009488,2,AGAP009488__SITE01;AGAP009488__SITE03,0.999466950959488,0.935501066098081,426,0.994242424242424,1,10,0.99795289784842,8,20
AGAP009488,2,AGAP009488__SITE01;AGAP009488__SITE04,0.999466950959488,0.935501066098081,427,0.994242424242424,1,10,0.99795289784842,9,20
AGAP009488,2,AGAP009488__SITE03;AGAP009488__SITE04,0.993070362473348,0.993070362473348,24,0.968560250391237,1,10,0.98641029260138,10,20
AGAP009488,3,AGAP009488__SITE03;AGAP009488__SITE04;AGAP009488__SITE05,1,0.981876332622601,121,1,1,10,1,1,20
AGAP009488,3,AGAP009488__SITE02;AGAP009488__SITE03;AGAP009488__SITE04,1,0.992004264392324,210,1,1,10,1,2,20
AGAP009488,3,AGAP009488__SITE02;AGAP009488__SITE03;AGAP009488__SITE05,1,0.980810234541578,307,1,1,10,1,3,20
AGAP009488,3,AGAP009488__SITE02;AGAP009488__SITE04;AGAP009488__SITE05,1,0.980810234541578,307,1,1,10,1,4,20
AGAP009488,3,AGAP009488__SITE01;AGAP009488__SITE02;AGAP009488__SITE03,1,0.934434968017058,426,1,1,10,1,5,20
AGAP009488,3,AGAP009488__SITE01;AGAP009488__SITE02;AGAP009488__SITE04,1,0.934434968017058,427,1,1,10,1,6,20
AGAP009488,3,AGAP009488__SITE01;AGAP009488__SITE02;AGAP009488__SITE05,1,0.930170575692964,524,1,1,10,1,7,20
AGAP009488,3,AGAP009488__SITE01;AGAP009488__SITE03;AGAP009488__SITE05,1,0.924840085287846,524,1,1,10,1,8,20
AGAP009488,3,AGAP009488__SITE01;AGAP009488__SITE04;AGAP009488__SITE05,1,0.924840085287846,524,1,1,10,1,9,20
AGAP009488,3,AGAP009488__SITE01;AGAP009488__SITE03;AGAP009488__SITE04,0.999466950959488,0.935501066098081,427,0.994242424242424,1,10,0.99795289784842,10,20
AGAP009515,2,AGAP009515__SITE04;AGAP009515__SITE05,1,0.997867803837953,66,1,1,10,1,1,20
AGAP009515,2,AGAP009515__SITE03;AGAP009515__SITE04,1,0.953091684434968,101,1,1,10,1,2,20
AGAP009515,2,AGAP009515__SITE02;AGAP009515__SITE04,1,0.992537313432836,108,1,1,10,1,3,20
AGAP009515,2,AGAP009515__SITE03;AGAP009515__SITE05,1,0.950959488272921,144,1,1,10,1,4,20
AGAP009515,2,AGAP009515__SITE02;AGAP009515__SITE05,1,0.990405117270789,151,1,1,10,1,5,20
AGAP009515,2,AGAP009515__SITE02;AGAP009515__SITE03,0.997334754797441,0.948294243070363,30,0.988635367762128,1,10,0.994991463207103,6,20
AGAP009515,3,AGAP009515__SITE02;AGAP009515__SITE03;AGAP009515__SITE04,1,0.948294243070363,108,1,1,10,1,1,20
AGAP009515,3,AGAP009515__SITE03;AGAP009515__SITE04;AGAP009515__SITE05,1,0.950959488272921,144,1,1,10,1,2,20
AGAP009515,3,AGAP009515__SITE02;AGAP009515__SITE03;AGAP009515__SITE05,1,0.946162046908315,151,1,1,10,1,3,20
AGAP009515,3,AGAP009515__SITE02;AGAP009515__SITE04;AGAP009515__SITE05,1,0.990405117270789,151,1,1,10,1,4,20
AGAP009600,2,AGAP009600__SITE03;AGAP009600__SITE05,1,0.908848614072495,34,1,1,10,1,1,20
AGAP009600,2,AGAP009600__SITE02;AGAP009600__SITE03,1,0.918443496801706,75,1,1,10,1,2,20
AGAP009600,2,AGAP009600__SITE02;AGAP009600__SITE04,1,0.906183368869936,77,1,1,10,1,3,20
AGAP009600,2,AGAP009600__SITE02;AGAP009600__SITE05,1,0.985074626865672,86,1,1,10,1,4,20
AGAP009600,2,AGAP009600__SITE01;AGAP009600__SITE02,1,0.946162046908315,155,1,1,10,1,5,20
AGAP009600,2,AGAP009600__SITE01;AGAP009600__SITE05,1,0.936567164179104,218,1,1,10,1,6,20
AGAP009600,2,AGAP009600__SITE01;AGAP009600__SITE03,0.998400852878465,0.871535181236674,207,0.995323403113258,1,10,0.997637532661056,7,20
AGAP009600,2,AGAP009600__SITE01;AGAP009600__SITE04,0.998400852878465,0.859275053304904,209,0.995323403113258,1,10,0.997637532661056,8,20
AGAP009600,2,AGAP009600__SITE04;AGAP009600__SITE05,0.98773987206823,0.908848614072495,32,0.97018115942029,1,10,0.983698271067025,9,20
AGAP009600,2,AGAP009600__SITE03;AGAP009600__SITE04,0.921108742004264,0.908848614072495,25,0.866123188405797,0.5,10,0.862502201724298,10,20
AGAP009600,3,AGAP009600__SITE03;AGAP009600__SITE04;AGAP009600__SITE05,1,0.908848614072495,34,1,1,10,1,1,20
AGAP009600,3,AGAP009600__SITE02;AGAP009600__SITE03;AGAP009600__SITE04,1,0.906183368869936,77,1,1,10,1,2,20
AGAP009600,3,AGAP009600__SITE02;AGAP009600__SITE03;AGAP009600__SITE05,1,0.906183368869936,86,1,1,10,1,3,20
AGAP009600,3,AGAP009600__SITE02;AGAP009600__SITE04;AGAP009600__SITE05,1,0.906183368869936,86,1,1,10,1,4,20
AGAP009600,3,AGAP009600__SITE01;AGAP009600__SITE02;AGAP009600__SITE03,1,0.868869936034115,207,1,1,10,1,5,20
AGAP009600,3,AGAP009600__SITE01;AGAP009600__SITE02;AGAP009600__SITE04,1,0.856609808102346,209,1,1,10,1,6,20
AGAP009600,3,AGAP009600__SITE01;AGAP009600__SITE02;AGAP009600__SITE05,1,0.933901918976546,218,1,1,10,1,7,20
AGAP009600,3,AGAP009600__SITE01;AGAP009600__SITE03;AGAP009600__SITE05,1,0.859275053304904,218,1,1,10,1,8,20
AGAP009600,3,AGAP009600__SITE01;AGAP009600__SITE04;AGAP009600__SITE05,1,0.859275053304904,218,1,1,10,1,9,20
AGAP009600,3,AGAP009600__SITE01;AGAP009600__SITE03;AGAP009600__SITE04,0.998400852878465,0.859275053304904,209,0.995323403113258,1,10,0.997637532661056,10,20
AGAP009782,2,AGAP009782__SITE03;AGAP009782__SITE04,1,0.972814498933902,89,1,1,10,1,1,20
AGAP009782,2,AGAP009782__SITE03;AGAP009782__SITE05,1,0.76865671641791,138,1,1,10,1,2,20
AGAP009782,2,AGAP009782__SITE02;AGAP009782__SITE03,0.996268656716418,0.00106609808102345,88,0.988239096414234,1,10,0.994232922954121,3,20
AGAP009782,2,AGAP009782__SITE01;AGAP009782__SITE03,0.996268656716418,0.00106609808102345,91,0.988239096414234,1,10,0.994232922954121,4,20
AGAP009782,2,AGAP009782__SITE04;AGAP009782__SITE05,0.978678038379531,0.770255863539446,72,0.853920475659606,0.9,10,0.933382965725601,5,20
AGAP009782,2,AGAP009782__SITE02;AGAP009782__SITE04,0.976545842217484,0.00106609808102345,154,0.851927722036418,0.9,10,0.931505821941416,6,20
AGAP009782,2,AGAP009782__SITE01;AGAP009782__SITE04,0.976545842217484,0.00106609808102345,157,0.851927722036418,0.9,10,0.931505821941416,7,20
AGAP009782,2,AGAP009782__SITE02;AGAP009782__SITE05,0.772388059701493,0.00106609808102345,203,0.676444444444445,0,10,0.666366169154229,8,20
AGAP009782,2,AGAP009782__SITE01;AGAP009782__SITE05,0.772388059701493,0.00106609808102345,206,0.676444444444445,0,10,0.666366169154229,9,20
AGAP009782,2,AGAP009782__SITE01;AGAP009782__SITE02,0.00106609808102345,0.00106609808102345,26,0,0,10,0.00063965884861407,10,20
AGAP009782,3,AGAP009782__SITE03;AGAP009782__SITE04;AGAP009782__SITE05,1,0.766524520255864,138,1,1,10,1,1,20
AGAP009782,3,AGAP009782__SITE02;AGAP009782__SITE03;AGAP009782__SITE04,1,0.00106609808102345,154,1,1,10,1,2,20
AGAP009782,3,AGAP009782__SITE01;AGAP009782__SITE03;AGAP009782__SITE04,1,0.00106609808102345,157,1,1,10,1,3,20
AGAP009782,3,AGAP009782__SITE02;AGAP009782__SITE03;AGAP009782__SITE05,1,0.00106609808102345,203,1,1,10,1,4,20
AGAP009782,3,AGAP009782__SITE01;AGAP009782__SITE03;AGAP009782__SITE05,1,0.00106609808102345,206,1,1,10,1,5,20
AGAP009782,3,AGAP009782__SITE01;AGAP009782__SITE02;AGAP009782__SITE03,0.996268656716418,0.00106609808102345,91,0.988239096414234,1,10,0.994232922954121,6,20
AGAP009782,3,AGAP009782__SITE02;AGAP009782__SITE04;AGAP009782__SITE05,0.978678038379531,0.00106609808102345,203,0.853920475659606,0.9,10,0.933382965725601,7,20
AGAP009782,3,AGAP009782__SITE01;AGAP009782__SITE04;AGAP009782__SITE05,0.978678038379531,0.00106609808102345,206,0.853920475659606,0.9,10,0.933382965725601,8,20
AGAP009782,3,AGAP009782__SITE01;AGAP009782__SITE02;AGAP009782__SITE04,0.976545842217484,0.00106609808102345,157,0.851927722036418,0.9,10,0.931505821941416,9,20
AGAP009782,3,AGAP009782__SITE01;AGAP009782__SITE02;AGAP009782__SITE05,0.772388059701493,0.00106609808102345,206,0.676444444444445,0,10,0.666366169154229,10,20
AGAP009792,2,AGAP009792__SITE02;AGAP009792__SITE05,1,0.923773987206823,194,1,1,10,1,1,20
AGAP009792,2,AGAP009792__SITE01;AGAP009792__SITE05,1,0.889125799573561,204,1,1,10,1,2,20
AGAP009792,2,AGAP009792__SITE01;AGAP009792__SITE04,0.998933901918977,0.641791044776119,203,0.997867564534231,1,10,0.998720610511656,3,20
AGAP009792,2,AGAP009792__SITE02;AGAP009792__SITE04,0.998400852878465,0.676972281449893,193,0.994305338202052,1,10,0.997332113187694,4,20
AGAP009792,2,AGAP009792__SITE01;AGAP009792__SITE02,0.992004264392324,0.956289978678038,33,0.981293612453033,1,10,0.989590642371304,5,20
AGAP009792,2,AGAP009792__SITE02;AGAP009792__SITE03,0.992004264392324,0.284648187633262,108,0.981293612453033,1,10,0.989590642371304,6,20
AGAP009792,2,AGAP009792__SITE01;AGAP009792__SITE03,0.968017057569296,0.273987206823028,118,0.943282828282828,0.9,10,0.953795083026426,7,20
AGAP009792,2,AGAP009792__SITE04;AGAP009792__SITE05,0.932302771855011,0.683901918976546,24,0.825863095238095,0.5,10,0.857140591684435,8,20
AGAP009792,2,AGAP009792__SITE03;AGAP009792__SITE05,0.932302771855011,0.285181236673774,109,0.825863095238095,0.5,10,0.857140591684435,9,20
AGAP009792,2,AGAP009792__SITE03;AGAP009792__SITE04,0.701492537313433,0.267590618336887,108,0.619044913419913,0,10,0.606608996414034,10,20
AGAP009792,3,AGAP009792__SITE02;AGAP009792__SITE03;AGAP009792__SITE05,1,0.284648187633262,194,1,1,10,1,1,20
AGAP009792,3,AGAP009792__SITE02;AGAP009792__SITE04;AGAP009792__SITE05,1,0.676972281449893,194,1,1,10,1,2,20
AGAP009792,3,AGAP009792__SITE01;AGAP009792__SITE02;AGAP009792__SITE05,1,0.888592750533049,204,1,1,10,1,3,20
AGAP009792,3,AGAP009792__SITE01;AGAP009792__SITE03;AGAP009792__SITE05,1,0.273987206823028,204,1,1,10,1,4,20
AGAP009792,3,AGAP009792__SITE01;AGAP009792__SITE04;AGAP009792__SITE05,1,0.641791044776119,204,1,1,10,1,5,20
AGAP009792,3,AGAP009792__SITE01;AGAP009792__SITE02;AGAP009792__SITE04,0.998933901918977,0.641791044776119,203,0.997867564534231,1,10,0.998720610511656,6,20
AGAP009792,3,AGAP009792__SITE01;AGAP009792__SITE03;AGAP009792__SITE04,0.998933901918977,0.256396588486141,203,0.997867564534231,1,10,0.998720610511656,7,20
AGAP009792,3,AGAP009792__SITE02;AGAP009792__SITE03;AGAP009792__SITE04,0.998400852878465,0.267057569296375,193,0.994305338202052,1,10,0.997332113187694,8,20
AGAP009792,3,AGAP009792__SITE01;AGAP009792__SITE02;AGAP009792__SITE03,0.992537313432836,0.273987206823028,118,0.981293612453033,1,10,0.989910471795611,9,20
AGAP009792,3,AGAP009792__SITE03;AGAP009792__SITE04;AGAP009792__SITE05,0.932302771855011,0.267590618336887,109,0.825863095238095,0.5,10,0.857140591684435,10,20
AGAP009921,2,AGAP009921__SITE03;AGAP009921__SITE04,1,0.963219616204691,55,1,1,10,1,1,20
AGAP009921,2,AGAP009921__SITE01;AGAP009921__SITE02,1,0.993603411513859,56,1,1,10,1,2,20
AGAP009921,2,AGAP009921__SITE04;AGAP009921__SITE05,1,0.952025586353944,65,1,1,10,1,3,20
AGAP009921,2,AGAP009921__SITE03;AGAP009921__SITE05,1,0.985607675906183,97,1,1,10,1,4,20
AGAP009921,2,AGAP009921__SITE02;AGAP009921__SITE03,1,0.997334754797441,1471,1,1,10,1,5,20
AGAP009921,2,AGAP009921__SITE02;AGAP009921__SITE04,1,0.963752665245203,1503,1,1,10,1,6,20
AGAP009921,2,AGAP009921__SITE01;AGAP009921__SITE04,1,0.959488272921109,1536,1,1,10,1,7,20
AGAP009921,2,AGAP009921__SITE01;AGAP009921__SITE05,1,0.981876332622601,1578,1,1,10,1,8,20
AGAP009921,2,AGAP009921__SITE01;AGAP009921__SITE03,0.999466950959488,0.993603411513859,1504,0.995777777777777,1,10,0.998413503909026,9,20
AGAP009921,2,AGAP009921__SITE02;AGAP009921__SITE05,0.999466950959488,0.986673773987207,1545,0.995539906103286,1,10,0.998342142406679,10,20
AGAP009921,3,AGAP009921__SITE03;AGAP009921__SITE04;AGAP009921__SITE05,1,0.950426439232409,97,1,1,10,1,1,20
AGAP009921,3,AGAP009921__SITE02;AGAP009921__SITE03;AGAP009921__SITE04,1,0.962153518123667,1503,1,1,10,1,2,20
AGAP009921,3,AGAP009921__SITE01;AGAP009921__SITE02;AGAP009921__SITE03,1,0.992537313432836,1504,1,1,10,1,3,20
AGAP009921,3,AGAP009921__SITE01;AGAP009921__SITE02;AGAP009921__SITE04,1,0.958422174840085,1536,1,1,10,1,4,20
AGAP009921,3,AGAP009921__SITE01;AGAP009921__SITE03;AGAP009921__SITE04,1,0.958422174840085,1536,1,1,10,1,5,20
AGAP009921,3,AGAP009921__SITE02;AGAP009921__SITE03;AGAP009921__SITE05,1,0.985074626865672,1545,1,1,10,1,6,20
AGAP009921,3,AGAP009921__SITE02;AGAP009921__SITE04;AGAP009921__SITE05,1,0.951492537313433,1545,1,1,10,1,7,20
AGAP009921,3,AGAP009921__SITE01;AGAP009921__SITE02;AGAP009921__SITE05,1,0.98134328358209,1578,1,1,10,1,8,20
AGAP009921,3,AGAP009921__SITE01;AGAP009921__SITE03;AGAP009921__SITE05,1,0.980810234541578,1578,1,1,10,1,9,20
AGAP009921,3,AGAP009921__SITE01;AGAP009921__SITE04;AGAP009921__SITE05,1,0.946695095948827,1578,1,1,10,1,10,20
AGAP009936,2,AGAP009936__SITE03;AGAP009936__SITE04,1,0.988272921108742,34,1,1,10,1,1,20
AGAP009936,2,AGAP009936__SITE02;AGAP009936__SITE04,1,0.988272921108742,35,1,1,10,1,2,20
AGAP009936,2,AGAP009936__SITE03;AGAP009936__SITE05,1,0.98773987206823,37,1,1,10,1,3,20
AGAP009936,2,AGAP009936__SITE02;AGAP009936__SITE05,1,0.98773987206823,38,1,1,10,1,4,20
AGAP009936,2,AGAP009936__SITE01;AGAP009936__SITE02,1,0.766524520255864,79,1,1,10,1,5,20
AGAP009936,2,AGAP009936__SITE01;AGAP009936__SITE03,1,0.766524520255864,80,1,1,10,1,6,20
AGAP009936,2,AGAP009936__SITE01;AGAP009936__SITE04,1,0.760127931769723,91,1,1,10,1,7,20
AGAP009936,2,AGAP009936__SITE01;AGAP009936__SITE05,1,0.759594882729211,94,1,1,10,1,8,20
AGAP009936,2,AGAP009936__SITE02;AGAP009936__SITE03,0.997334754797441,0.997334754797441,24,0.988935697518444,1,10,0.995081562133998,9,20
AGAP009936,2,AGAP009936__SITE04;AGAP009936__SITE05,0.990938166311301,0.990405117270789,26,0.93857905982906,0.9,10,0.966136617735499,10,20
AGAP009936,3,AGAP009936__SITE02;AGAP009936__SITE03;AGAP009936__SITE04,1,0.988272921108742,35,1,1,10,1,1,20
AGAP009936,3,AGAP009936__SITE03;AGAP009936__SITE04;AGAP009936__SITE05,1,0.98773987206823,37,1,1,10,1,2,20
AGAP009936,3,AGAP009936__SITE02;AGAP009936__SITE03;AGAP009936__SITE05,1,0.98773987206823,38,1,1,10,1,3,20
AGAP009936,3,AGAP009936__SITE02;AGAP009936__SITE04;AGAP009936__SITE05,1,0.98773987206823,38,1,1,10,1,4,20
AGAP009936,3,AGAP009936__SITE01;AGAP009936__SITE02;AGAP009936__SITE03,1,0.766524520255864,80,1,1,10,1,5,20
AGAP009936,3,AGAP009936__SITE01;AGAP009936__SITE02;AGAP009936__SITE04,1,0.757462686567164,91,1,1,10,1,6,20
AGAP009936,3,AGAP009936__SITE01;AGAP009936__SITE03;AGAP009936__SITE04,1,0.757462686567164,91,1,1,10,1,7,20
AGAP009936,3,AGAP009936__SITE01;AGAP009936__SITE02;AGAP009936__SITE05,1,0.756929637526652,94,1,1,10,1,8,20
AGAP009936,3,AGAP009936__SITE01;AGAP009936__SITE03;AGAP009936__SITE05,1,0.756929637526652,94,1,1,10,1,9,20
AGAP009936,3,AGAP009936__SITE01;AGAP009936__SITE04;AGAP009936__SITE05,1,0.759594882729211,94,1,1,10,1,10,20
AGAP010175,2,AGAP010175__SITE03;AGAP010175__SITE04,1,0.990405117270789,96,1,1,10,1,1,20
AGAP010175,2,AGAP010175__SITE02;AGAP010175__SITE04,1,0.990405117270789,102,1,1,10,1,2,20
AGAP010175,2,AGAP010175__SITE01;AGAP010175__SITE02,1,0.937100213219616,125,1,1,10,1,3,20
AGAP010175,2,AGAP010175__SITE01;AGAP010175__SITE03,1,0.937100213219616,131,1,1,10,1,4,20
AGAP010175,2,AGAP010175__SITE04;AGAP010175__SITE05,1,0.972814498933902,201,1,1,10,1,5,20
AGAP010175,2,AGAP010175__SITE01;AGAP010175__SITE04,1,0.942430703624733,204,1,1,10,1,6,20
AGAP010175,2,AGAP010175__SITE03;AGAP010175__SITE05,1,0.967484008528785,274,1,1,10,1,7,20
AGAP010175,2,AGAP010175__SITE02;AGAP010175__SITE05,1,0.967484008528785,280,1,1,10,1,8,20
AGAP010175,2,AGAP010175__SITE01;AGAP010175__SITE05,0.995202558635394,0.924307036247335,382,0.957114810072556,0.9,10,0.974255978203003,9,20
AGAP010175,2,AGAP010175__SITE02;AGAP010175__SITE03,0.992537313432836,0.992537313432836,29,0.946525821596244,0.9,10,0.969480134538575,10,20
AGAP010175,3,AGAP010175__SITE02;AGAP010175__SITE03;AGAP010175__SITE04,1,0.990405117270789,102,1,1,10,1,1,20
AGAP010175,3,AGAP010175__SITE01;AGAP010175__SITE02;AGAP010175__SITE03,1,0.937100213219616,131,1,1,10,1,2,20
AGAP010175,3,AGAP010175__SITE01;AGAP010175__SITE02;AGAP010175__SITE04,1,0.934968017057569,204,1,1,10,1,3,20
AGAP010175,3,AGAP010175__SITE01;AGAP010175__SITE03;AGAP010175__SITE04,1,0.934968017057569,204,1,1,10,1,4,20
AGAP010175,3,AGAP010175__SITE03;AGAP010175__SITE04;AGAP010175__SITE05,1,0.965351812366738,274,1,1,10,1,5,20
AGAP010175,3,AGAP010175__SITE02;AGAP010175__SITE03;AGAP010175__SITE05,1,0.967484008528785,280,1,1,10,1,6,20
AGAP010175,3,AGAP010175__SITE02;AGAP010175__SITE04;AGAP010175__SITE05,1,0.965351812366738,280,1,1,10,1,7,20
AGAP010175,3,AGAP010175__SITE01;AGAP010175__SITE02;AGAP010175__SITE05,1,0.916844349680171,382,1,1,10,1,8,20
AGAP010175,3,AGAP010175__SITE01;AGAP010175__SITE03;AGAP010175__SITE05,1,0.916844349680171,382,1,1,10,1,9,20
AGAP010175,3,AGAP010175__SITE01;AGAP010175__SITE04;AGAP010175__SITE05,1,0.922174840085288,382,1,1,10,1,10,20
AGAP010197,2,AGAP010197__SITE01;AGAP010197__SITE02,1,0.997867803837953,40,1,1,10,1,1,20
AGAP010197,2,AGAP010197__SITE02;AGAP010197__SITE03,1,0.914712153518124,81,1,1,10,1,2,20
AGAP010197,2,AGAP010197__SITE01;AGAP010197__SITE03,1,0.914712153518124,98,1,1,10,1,3,20
AGAP010197,2,AGAP010197__SITE02;AGAP010197__SITE04,0.998933901918977,0.142324093816631,98,0.997867564534231,1,10,0.998720610511656,4,20
AGAP010197,2,AGAP010197__SITE02;AGAP010197__SITE05,0.998933901918977,0.142324093816631,99,0.997867564534231,1,10,0.998720610511656,5,20
AGAP010197,2,AGAP010197__SITE01;AGAP010197__SITE04,0.998933901918977,0.142324093816631,115,0.990821256038648,1,10,0.99660671796298,6,20
AGAP010197,2,AGAP010197__SITE01;AGAP010197__SITE05,0.998933901918977,0.142324093816631,116,0.990821256038648,1,10,0.99660671796298,7,20
AGAP010197,2,AGAP010197__SITE03;AGAP010197__SITE04,0.915778251599147,0.142324093816631,40,0.858531746031746,0.3,10,0.837026474769012,8,20
AGAP010197,2,AGAP010197__SITE03;AGAP010197__SITE05,0.915778251599147,0.142324093816631,41,0.858531746031746,0.3,10,0.837026474769012,9,20
AGAP010197,2,AGAP010197__SITE04;AGAP010197__SITE05,0.142324093816631,0.142324093816631,24,0.054137323943662,0,10,0.101635653473077,10,20
AGAP010197,3,AGAP010197__SITE01;AGAP010197__SITE02;AGAP010197__SITE03,1,0.9136460554371,98,1,1,10,1,1,20
AGAP010197,3,AGAP010197__SITE02;AGAP010197__SITE03;AGAP010197__SITE04,1,0.142324093816631,98,1,1,10,1,2,20
AGAP010197,3,AGAP010197__SITE02;AGAP010197__SITE03;AGAP010197__SITE05,1,0.142324093816631,99,1,1,10,1,3,20
AGAP010197,3,AGAP010197__SITE01;AGAP010197__SITE02;AGAP010197__SITE04,1,0.142324093816631,115,1,1,10,1,4,20
AGAP010197,3,AGAP010197__SITE01;AGAP010197__SITE03;AGAP010197__SITE04,1,0.142324093816631,115,1,1,10,1,5,20
AGAP010197,3,AGAP010197__SITE01;AGAP010197__SITE02;AGAP010197__SITE05,1,0.142324093816631,116,1,1,10,1,6,20
AGAP010197,3,AGAP010197__SITE01;AGAP010197__SITE03;AGAP010197__SITE05,1,0.142324093816631,116,1,1,10,1,7,20
AGAP010197,3,AGAP010197__SITE02;AGAP010197__SITE04;AGAP010197__SITE05,0.998933901918977,0.142324093816631,99,0.997867564534231,1,10,0.998720610511656,8,20
AGAP010197,3,AGAP010197__SITE01;AGAP010197__SITE04;AGAP010197__SITE05,0.998933901918977,0.142324093816631,116,0.990821256038648,1,10,0.99660671796298,9,20
AGAP010197,3,AGAP010197__SITE03;AGAP010197__SITE04;AGAP010197__SITE05,0.915778251599147,0.142324093816631,41,0.858531746031746,0.3,10,0.837026474769012,10,20
AGAP010219,2,AGAP010219__SITE04;AGAP010219__SITE05,1,0.968017057569296,47,1,1,10,1,1,20
AGAP010219,2,AGAP010219__SITE01;AGAP010219__SITE02,1,0.951492537313433,98,1,1,10,1,2,20
AGAP010219,2,AGAP010219__SITE02;AGAP010219__SITE03,1,0.971215351812367,113,1,1,10,1,3,20
AGAP010219,2,AGAP010219__SITE01;AGAP010219__SITE03,1,0.970682302771855,188,1,1,10,1,4,20
AGAP010219,2,AGAP010219__SITE03;AGAP010219__SITE04,1,0.963752665245203,219,1,1,10,1,5,20
AGAP010219,2,AGAP010219__SITE03;AGAP010219__SITE05,1,0.994669509594883,243,1,1,10,1,6,20
AGAP010219,2,AGAP010219__SITE02;AGAP010219__SITE04,1,0.94456289978678,309,1,1,10,1,7,20
AGAP010219,2,AGAP010219__SITE02;AGAP010219__SITE05,1,0.975479744136461,333,1,1,10,1,8,20
AGAP010219,2,AGAP010219__SITE01;AGAP010219__SITE04,1,0.944029850746269,384,1,1,10,1,9,20
AGAP010219,2,AGAP010219__SITE01;AGAP010219__SITE05,1,0.974946695095949,408,1,1,10,1,10,20
AGAP010219,3,AGAP010219__SITE01;AGAP010219__SITE02;AGAP010219__SITE03,1,0.946695095948827,188,1,1,10,1,1,20
AGAP010219,3,AGAP010219__SITE03;AGAP010219__SITE04;AGAP010219__SITE05,1,0.963219616204691,243,1,1,10,1,2,20
AGAP010219,3,AGAP010219__SITE02;AGAP010219__SITE03;AGAP010219__SITE04,1,0.939765458422175,309,1,1,10,1,3,20
AGAP010219,3,AGAP010219__SITE02;AGAP010219__SITE03;AGAP010219__SITE05,1,0.970682302771855,333,1,1,10,1,4,20
AGAP010219,3,AGAP010219__SITE02;AGAP010219__SITE04;AGAP010219__SITE05,1,0.944029850746269,333,1,1,10,1,5,20
AGAP010219,3,AGAP010219__SITE01;AGAP010219__SITE02;AGAP010219__SITE04,1,0.920042643923241,384,1,1,10,1,6,20
AGAP010219,3,AGAP010219__SITE01;AGAP010219__SITE03;AGAP010219__SITE04,1,0.939232409381663,384,1,1,10,1,7,20
AGAP010219,3,AGAP010219__SITE01;AGAP010219__SITE02;AGAP010219__SITE05,1,0.950959488272921,408,1,1,10,1,8,20
AGAP010219,3,AGAP010219__SITE01;AGAP010219__SITE03;AGAP010219__SITE05,1,0.970149253731343,408,1,1,10,1,9,20
AGAP010219,3,AGAP010219__SITE01;AGAP010219__SITE04;AGAP010219__SITE05,1,0.943496801705757,408,1,1,10,1,10,20
AGAP010220,2,AGAP010220__SITE01;AGAP010220__SITE02,1,0.950959488272921,46,1,1,10,1,1,20
AGAP010220,2,AGAP010220__SITE01;AGAP010220__SITE03,1,0.950959488272921,47,1,1,10,1,2,20
AGAP010220,2,AGAP010220__SITE03;AGAP010220__SITE04,1,0.791577825159915,65,1,1,10,1,3,20
AGAP010220,2,AGAP010220__SITE02;AGAP010220__SITE04,1,0.791577825159915,66,1,1,10,1,4,20
AGAP010220,2,AGAP010220__SITE03;AGAP010220__SITE05,1,0.791577825159915,76,1,1,10,1,5,20
AGAP010220,2,AGAP010220__SITE02;AGAP010220__SITE05,1,0.791577825159915,77,1,1,10,1,6,20
AGAP010220,2,AGAP010220__SITE01;AGAP010220__SITE04,1,0.835287846481876,89,1,1,10,1,7,20
AGAP010220,2,AGAP010220__SITE01;AGAP010220__SITE05,1,0.835287846481876,100,1,1,10,1,8,20
AGAP010220,2,AGAP010220__SITE02;AGAP010220__SITE03,0.95362473347548,0.95362473347548,24,0.784353393085788,0.6,10,0.867480858011024,9,20
AGAP010220,2,AGAP010220__SITE04;AGAP010220__SITE05,0.837953091684435,0.837953091684435,34,0.679702380952381,0.5,10,0.756682569296375,10,20
AGAP010220,3,AGAP010220__SITE01;AGAP010220__SITE02;AGAP010220__SITE03,1,0.950959488272921,47,1,1,10,1,1,20
AGAP010220,3,AGAP010220__SITE02;AGAP010220__SITE03;AGAP010220__SITE04,1,0.791577825159915,66,1,1,10,1,2,20
AGAP010220,3,AGAP010220__SITE03;AGAP010220__SITE04;AGAP010220__SITE05,1,0.791577825159915,76,1,1,10,1,3,20
AGAP010220,3,AGAP010220__SITE02;AGAP010220__SITE03;AGAP010220__SITE05,1,0.791577825159915,77,1,1,10,1,4,20
AGAP010220,3,AGAP010220__SITE02;AGAP010220__SITE04;AGAP010220__SITE05,1,0.791577825159915,77,1,1,10,1,5,20
AGAP010220,3,AGAP010220__SITE01;AGAP010220__SITE02;AGAP010220__SITE04,1,0.788912579957356,89,1,1,10,1,6,20
AGAP010220,3,AGAP010220__SITE01;AGAP010220__SITE03;AGAP010220__SITE04,1,0.788912579957356,89,1,1,10,1,7,20
AGAP010220,3,AGAP010220__SITE01;AGAP010220__SITE02;AGAP010220__SITE05,1,0.788912579957356,100,1,1,10,1,8,20
AGAP010220,3,AGAP010220__SITE01;AGAP010220__SITE03;AGAP010220__SITE05,1,0.788912579957356,100,1,1,10,1,9,20
AGAP010220,3,AGAP010220__SITE01;AGAP010220__SITE04;AGAP010220__SITE05,1,0.835287846481876,100,1,1,10,1,10,20
AGAP010313,2,AGAP010313__SITE04;AGAP010313__SITE05,1,0.998400852878465,42,1,1,10,1,1,20
AGAP010313,2,AGAP010313__SITE03;AGAP010313__SITE04,1,0.998400852878465,119,1,1,10,1,2,20
AGAP010313,2,AGAP010313__SITE02;AGAP010313__SITE04,1,0.998400852878465,127,1,1,10,1,3,20
AGAP010313,2,AGAP010313__SITE03;AGAP010313__SITE05,1,0.998933901918977,138,1,1,10,1,4,20
AGAP010313,2,AGAP010313__SITE02;AGAP010313__SITE05,1,0.998933901918977,146,1,1,10,1,5,20
AGAP010313,2,AGAP010313__SITE01;AGAP010313__SITE02,1,0.998933901918977,208,1,1,10,1,6,20
AGAP010313,2,AGAP010313__SITE01;AGAP010313__SITE03,1,0.998933901918977,216,1,1,10,1,7,20
AGAP010313,2,AGAP010313__SITE01;AGAP010313__SITE04,1,0.998400852878465,312,1,1,10,1,8,20
AGAP010313,2,AGAP010313__SITE01;AGAP010313__SITE05,1,0.998933901918977,331,1,1,10,1,9,20
AGAP010313,2,AGAP010313__SITE02;AGAP010313__SITE03,0.999466950959488,0.999466950959488,31,0.997172619047619,1,10,0.998831956289978,10,20
AGAP010313,3,AGAP010313__SITE02;AGAP010313__SITE03;AGAP010313__SITE04,1,0.998400852878465,127,1,1,10,1,1,20
AGAP010313,3,AGAP010313__SITE03;AGAP010313__SITE04;AGAP010313__SITE05,1,0.997867803837953,138,1,1,10,1,2,20
AGAP010313,3,AGAP010313__SITE02;AGAP010313__SITE03;AGAP010313__SITE05,1,0.998933901918977,146,1,1,10,1,3,20
AGAP010313,3,AGAP010313__SITE02;AGAP010313__SITE04;AGAP010313__SITE05,1,0.997867803837953,146,1,1,10,1,4,20
AGAP010313,3,AGAP010313__SITE01;AGAP010313__SITE02;AGAP010313__SITE03,1,0.998933901918977,216,1,1,10,1,5,20
AGAP010313,3,AGAP010313__SITE01;AGAP010313__SITE02;AGAP010313__SITE04,1,0.997867803837953,312,1,1,10,1,6,20
AGAP010313,3,AGAP010313__SITE01;AGAP010313__SITE03;AGAP010313__SITE04,1,0.997867803837953,312,1,1,10,1,7,20
AGAP010313,3,AGAP010313__SITE01;AGAP010313__SITE02;AGAP010313__SITE05,1,0.998400852878465,331,1,1,10,1,8,20
AGAP010313,3,AGAP010313__SITE01;AGAP010313__SITE03;AGAP010313__SITE05,1,0.998400852878465,331,1,1,10,1,9,20
AGAP010313,3,AGAP010313__SITE01;AGAP010313__SITE04;AGAP010313__SITE05,1,0.997867803837953,331,1,1,10,1,10,20
AGAP010380,2,AGAP010380__SITE01;AGAP010380__SITE02,1,1,54,1,1,10,1,1,20
AGAP010380,2,AGAP010380__SITE02;AGAP010380__SITE03,1,0.969616204690831,75,1,1,10,1,2,20
AGAP010380,2,AGAP010380__SITE01;AGAP010380__SITE03,1,0.969616204690831,106,1,1,10,1,3,20
AGAP010380,2,AGAP010380__SITE03;AGAP010380__SITE04,1,0.960554371002132,710,1,1,10,1,4,20
AGAP010380,2,AGAP010380__SITE02;AGAP010380__SITE04,1,0.990938166311301,762,1,1,10,1,5,20
AGAP010380,2,AGAP010380__SITE01;AGAP010380__SITE04,1,0.990938166311301,793,1,1,10,1,6,20
AGAP010380,2,AGAP010380__SITE02;AGAP010380__SITE05,1,0.311300639658849,819,1,1,10,1,7,20
AGAP010380,2,AGAP010380__SITE01;AGAP010380__SITE05,1,0.311300639658849,850,1,1,10,1,8,20
AGAP010380,2,AGAP010380__SITE04;AGAP010380__SITE05,0.992004264392324,0.310234541577825,80,0.940717948717948,0.9,10,0.967417943250779,9,20
AGAP010380,2,AGAP010380__SITE03;AGAP010380__SITE05,0.969616204690831,0.311300639658849,767,0.82123778998779,0.9,10,0.918141059810836,10,20
AGAP010380,3,AGAP010380__SITE01;AGAP010380__SITE02;AGAP010380__SITE03,1,0.969616204690831,106,1,1,10,1,1,20
AGAP010380,3,AGAP010380__SITE02;AGAP010380__SITE03;AGAP010380__SITE04,1,0.960554371002132,762,1,1,10,1,2,20
AGAP010380,3,AGAP010380__SITE03;AGAP010380__SITE04;AGAP010380__SITE05,1,0.310234541577825,767,1,1,10,1,3,20
AGAP010380,3,AGAP010380__SITE01;AGAP010380__SITE02;AGAP010380__SITE04,1,0.990938166311301,793,1,1,10,1,4,20
AGAP010380,3,AGAP010380__SITE01;AGAP010380__SITE03;AGAP010380__SITE04,1,0.960554371002132,793,1,1,10,1,5,20
AGAP010380,3,AGAP010380__SITE02;AGAP010380__SITE03;AGAP010380__SITE05,1,0.311300639658849,819,1,1,10,1,6,20
AGAP010380,3,AGAP010380__SITE02;AGAP010380__SITE04;AGAP010380__SITE05,1,0.310234541577825,819,1,1,10,1,7,20
AGAP010380,3,AGAP010380__SITE01;AGAP010380__SITE02;AGAP010380__SITE05,1,0.311300639658849,850,1,1,10,1,8,20
AGAP010380,3,AGAP010380__SITE01;AGAP010380__SITE03;AGAP010380__SITE05,1,0.311300639658849,850,1,1,10,1,9,20
AGAP010380,3,AGAP010380__SITE01;AGAP010380__SITE04;AGAP010380__SITE05,1,0.310234541577825,850,1,1,10,1,10,20
AGAP010453,2,AGAP010453__SITE02;AGAP010453__SITE03,1,0.950959488272921,48,1,1,10,1,1,20
AGAP010453,2,AGAP010453__SITE02;AGAP010453__SITE04,1,0.950959488272921,64,1,1,10,1,2,20
AGAP010453,2,AGAP010453__SITE02;AGAP010453__SITE05,1,0.965884861407249,176,1,1,10,1,3,20
AGAP010453,2,AGAP010453__SITE01;AGAP010453__SITE02,1,0.953091684434968,211,1,1,10,1,4,20
AGAP010453,2,AGAP010453__SITE01;AGAP010453__SITE03,1,0.968017057569296,236,1,1,10,1,5,20
AGAP010453,2,AGAP010453__SITE01;AGAP010453__SITE04,1,0.968017057569296,252,1,1,10,1,6,20
AGAP010453,2,AGAP010453__SITE01;AGAP010453__SITE05,1,0.982942430703625,364,1,1,10,1,7,20
AGAP010453,2,AGAP010453__SITE04;AGAP010453__SITE05,0.997867803837953,0.982942430703625,135,0.987746478873239,1,10,0.995044625964744,8,20
AGAP010453,2,AGAP010453__SITE03;AGAP010453__SITE05,0.997867803837953,0.982942430703625,151,0.987746478873239,1,10,0.995044625964744,9,20
AGAP010453,2,AGAP010453__SITE03;AGAP010453__SITE04,0.982942430703625,0.982942430703625,39,0.876438492063492,0.9,10,0.942697006041223,10,20
AGAP010453,3,AGAP010453__SITE02;AGAP010453__SITE03;AGAP010453__SITE04,1,0.950959488272921,64,1,1,10,1,1,20
AGAP010453,3,AGAP010453__SITE02;AGAP010453__SITE03;AGAP010453__SITE05,1,0.950959488272921,176,1,1,10,1,2,20
AGAP010453,3,AGAP010453__SITE02;AGAP010453__SITE04;AGAP010453__SITE05,1,0.950959488272921,176,1,1,10,1,3,20
AGAP010453,3,AGAP010453__SITE01;AGAP010453__SITE02;AGAP010453__SITE03,1,0.936034115138593,236,1,1,10,1,4,20
AGAP010453,3,AGAP010453__SITE01;AGAP010453__SITE02;AGAP010453__SITE04,1,0.936034115138593,252,1,1,10,1,5,20
AGAP010453,3,AGAP010453__SITE01;AGAP010453__SITE03;AGAP010453__SITE04,1,0.968017057569296,252,1,1,10,1,6,20
AGAP010453,3,AGAP010453__SITE01;AGAP010453__SITE02;AGAP010453__SITE05,1,0.950959488272921,364,1,1,10,1,7,20
AGAP010453,3,AGAP010453__SITE01;AGAP010453__SITE03;AGAP010453__SITE05,1,0.968017057569296,364,1,1,10,1,8,20
AGAP010453,3,AGAP010453__SITE01;AGAP010453__SITE04;AGAP010453__SITE05,1,0.968017057569296,364,1,1,10,1,9,20
AGAP010453,3,AGAP010453__SITE03;AGAP010453__SITE04;AGAP010453__SITE05,0.997867803837953,0.982942430703625,151,0.987746478873239,1,10,0.995044625964744,10,20
AGAP010711,2,AGAP010711__SITE03;AGAP010711__SITE04,1,0.979744136460554,212,1,1,10,1,1,20
AGAP010711,2,AGAP010711__SITE03;AGAP010711__SITE05,1,0.979744136460554,212,1,1,10,1,2,20
AGAP010711,2,AGAP010711__SITE02;AGAP010711__SITE03,1,0.988805970149254,237,1,1,10,1,3,20
AGAP010711,2,AGAP010711__SITE01;AGAP010711__SITE03,1,0.988805970149254,238,1,1,10,1,4,20
AGAP010711,2,AGAP010711__SITE02;AGAP010711__SITE04,1,0.985607675906183,426,1,1,10,1,5,20
AGAP010711,2,AGAP010711__SITE02;AGAP010711__SITE05,1,0.985607675906183,426,1,1,10,1,6,20
AGAP010711,2,AGAP010711__SITE01;AGAP010711__SITE04,1,0.985607675906183,427,1,1,10,1,7,20
AGAP010711,2,AGAP010711__SITE01;AGAP010711__SITE05,1,0.985607675906183,427,1,1,10,1,8,20
AGAP010711,2,AGAP010711__SITE01;AGAP010711__SITE02,0.997334754797441,0.997334754797441,24,0.979700854700855,1,10,0.992311109288721,9,20
AGAP010711,2,AGAP010711__SITE04;AGAP010711__SITE05,0.988272921108742,0.988272921108742,23,0.943192488262911,0.9,10,0.965921499144118,10,20
AGAP010711,3,AGAP010711__SITE03;AGAP010711__SITE04;AGAP010711__SITE05,1,0.979744136460554,212,1,1,10,1,1,20
AGAP010711,3,AGAP010711__SITE01;AGAP010711__SITE02;AGAP010711__SITE03,1,0.988805970149254,238,1,1,10,1,2,20
AGAP010711,3,AGAP010711__SITE02;AGAP010711__SITE03;AGAP010711__SITE04,1,0.977078891257996,426,1,1,10,1,3,20
AGAP010711,3,AGAP010711__SITE02;AGAP010711__SITE03;AGAP010711__SITE05,1,0.977078891257996,426,1,1,10,1,4,20
AGAP010711,3,AGAP010711__SITE02;AGAP010711__SITE04;AGAP010711__SITE05,1,0.985607675906183,426,1,1,10,1,5,20
AGAP010711,3,AGAP010711__SITE01;AGAP010711__SITE02;AGAP010711__SITE04,1,0.985607675906183,427,1,1,10,1,6,20
AGAP010711,3,AGAP010711__SITE01;AGAP010711__SITE02;AGAP010711__SITE05,1,0.985607675906183,427,1,1,10,1,7,20
AGAP010711,3,AGAP010711__SITE01;AGAP010711__SITE03;AGAP010711__SITE04,1,0.977078891257996,427,1,1,10,1,8,20
AGAP010711,3,AGAP010711__SITE01;AGAP010711__SITE03;AGAP010711__SITE05,1,0.977078891257996,427,1,1,10,1,9,20
AGAP010711,3,AGAP010711__SITE01;AGAP010711__SITE04;AGAP010711__SITE05,1,0.985607675906183,427,1,1,10,1,10,20
AGAP010722,2,AGAP010722__SITE01;AGAP010722__SITE02,1,0.495735607675906,52,1,1,10,1,1,20
AGAP010722,2,AGAP010722__SITE02;AGAP010722__SITE03,1,0.967484008528785,86,1,1,10,1,2,20
AGAP010722,2,AGAP010722__SITE02;AGAP010722__SITE04,1,0.942430703624733,92,1,1,10,1,3,20
AGAP010722,2,AGAP010722__SITE04;AGAP010722__SITE05,0.998933901918977,0.613539445628998,48,0.996555335097002,1,10,0.998326941680487,4,20
AGAP010722,2,AGAP010722__SITE01;AGAP010722__SITE04,0.998933901918977,0.497867803837953,121,0.994140873015873,1,10,0.997602603056148,5,20
AGAP010722,2,AGAP010722__SITE03;AGAP010722__SITE04,0.997867803837953,0.970682302771855,29,0.993785024154589,1,10,0.996856189549148,6,20
AGAP010722,2,AGAP010722__SITE01;AGAP010722__SITE03,0.998400852878465,0.523454157782516,115,0.989918650793651,1,10,0.996016106965174,7,20
AGAP010722,2,AGAP010722__SITE03;AGAP010722__SITE05,0.997867803837953,0.639658848614073,54,0.989918650793651,1,10,0.995696277540867,8,20
AGAP010722,2,AGAP010722__SITE02;AGAP010722__SITE05,0.993070362473348,0.618336886993603,117,0.955446009389672,1,10,0.98247602030091,9,20
AGAP010722,2,AGAP010722__SITE01;AGAP010722__SITE05,0.707889125799574,0.457889125799574,146,0.41125,0,10,0.548108475479744,10,20
AGAP010722,3,AGAP010722__SITE02;AGAP010722__SITE03;AGAP010722__SITE04,1,0.94136460554371,92,1,1,10,1,1,20
AGAP010722,3,AGAP010722__SITE01;AGAP010722__SITE02;AGAP010722__SITE03,1,0.494136460554371,115,1,1,10,1,2,20
AGAP010722,3,AGAP010722__SITE02;AGAP010722__SITE03;AGAP010722__SITE05,1,0.61727078891258,117,1,1,10,1,3,20
AGAP010722,3,AGAP010722__SITE02;AGAP010722__SITE04;AGAP010722__SITE05,1,0.591151385927505,117,1,1,10,1,4,20
AGAP010722,3,AGAP010722__SITE01;AGAP010722__SITE02;AGAP010722__SITE04,1,0.468550106609808,121,1,1,10,1,5,20
AGAP010722,3,AGAP010722__SITE01;AGAP010722__SITE02;AGAP010722__SITE05,1,0.435501066098081,146,1,1,10,1,6,20
AGAP010722,3,AGAP010722__SITE01;AGAP010722__SITE03;AGAP010722__SITE04,0.999466950959488,0.497867803837953,121,0.997172619047619,1,10,0.998831956289978,7,20
AGAP010722,3,AGAP010722__SITE01;AGAP010722__SITE04;AGAP010722__SITE05,0.999466950959488,0.431236673773987,146,0.997172619047619,1,10,0.998831956289978,8,20
AGAP010722,3,AGAP010722__SITE03;AGAP010722__SITE04;AGAP010722__SITE05,0.998933901918977,0.613539445628998,54,0.996555335097002,1,10,0.998326941680487,9,20
AGAP010722,3,AGAP010722__SITE01;AGAP010722__SITE03;AGAP010722__SITE05,0.998400852878465,0.45682302771855,146,0.989918650793651,1,10,0.996016106965174,10,20
AGAP011204,2,AGAP011204__SITE02;AGAP011204__SITE04,0.987206823027719,0.696162046908316,47,0.962642339544514,1,10,0.981116795679986,1,20
AGAP011204,2,AGAP011204__SITE01;AGAP011204__SITE04,0.986673773987207,0.702558635394456,53,0.961005434782609,1,10,0.980305894827107,2,20
AGAP011204,2,AGAP011204__SITE04;AGAP011204__SITE05,0.982409381663113,0.700959488272921,58,0.950452898550725,0.9,10,0.964581498563085,3,20
AGAP011204,2,AGAP011204__SITE02;AGAP011204__SITE05,0.971748400852879,0.865138592750533,82,0.899486714975845,0.7,10,0.922895055004481,4,20
AGAP011204,2,AGAP011204__SITE01;AGAP011204__SITE05,0.971748400852879,0.871002132196162,88,0.899486714975845,0.7,10,0.922895055004481,5,20
AGAP011204,2,AGAP011204__SITE03;AGAP011204__SITE05,0.962686567164179,0.663113006396588,70,0.899486714975845,0.7,10,0.917457954791261,6,20
AGAP011204,2,AGAP011204__SITE01;AGAP011204__SITE03,0.932302771855011,0.699360341151386,41,0.827301155969634,0.4,10,0.847572009903897,7,20
AGAP011204,2,AGAP011204__SITE01;AGAP011204__SITE02,0.92590618336887,0.916844349680171,29,0.828938060731539,0.3,10,0.834225128240784,8,20
AGAP011204,2,AGAP011204__SITE02;AGAP011204__SITE03,0.925373134328358,0.700426439232409,35,0.828938060731539,0.2,10,0.823905298816476,9,20
AGAP011204,2,AGAP011204__SITE03;AGAP011204__SITE04,0.769722814498934,0.702558635394456,35,0.632995169082126,0.2,10,0.671732239423998,10,20
AGAP011204,3,AGAP011204__SITE02;AGAP011204__SITE04;AGAP011204__SITE05,0.995202558635394,0.655650319829424,82,0.976527777777778,1,10,0.99007986851457,1,20
AGAP011204,3,AGAP011204__SITE01;AGAP011204__SITE04;AGAP011204__SITE05,0.995202558635394,0.662046908315565,88,0.976527777777778,1,10,0.99007986851457,2,20
AGAP011204,3,AGAP011204__SITE02;AGAP011204__SITE03;AGAP011204__SITE04,0.987206823027719,0.695628997867804,47,0.962642339544514,1,10,0.981116795679986,3,20
AGAP011204,3,AGAP011204__SITE01;AGAP011204__SITE02;AGAP011204__SITE04,0.987206823027719,0.695095948827292,53,0.962642339544514,1,10,0.981116795679986,4,20
AGAP011204,3,AGAP011204__SITE01;AGAP011204__SITE03;AGAP011204__SITE04,0.986673773987207,0.694562899786781,53,0.961005434782609,1,10,0.980305894827107,5,20
AGAP011204,3,AGAP011204__SITE03;AGAP011204__SITE04;AGAP011204__SITE05,0.986140724946695,0.662046908315565,70,0.960148809523809,1,10,0.97972907782516,6,20
AGAP011204,3,AGAP011204__SITE02;AGAP011204__SITE03;AGAP011204__SITE05,0.971748400852879,0.656183368869936,82,0.899486714975845,0.7,10,0.922895055004481,7,20
AGAP011204,3,AGAP011204__SITE01;AGAP011204__SITE02;AGAP011204__SITE05,0.971748400852879,0.863539445628998,88,0.899486714975845,0.7,10,0.922895055004481,8,20
AGAP011204,3,AGAP011204__SITE01;AGAP011204__SITE03;AGAP011204__SITE05,0.971748400852879,0.655117270788913,88,0.899486714975845,0.7,10,0.922895055004481,9,20
AGAP011204,3,AGAP011204__SITE01;AGAP011204__SITE02;AGAP011204__SITE03,0.932835820895522,0.699360341151386,41,0.828938060731539,0.4,10,0.848382910756775,10,20
AGAP011377,2,AGAP011377__SITE04;AGAP011377__SITE05,0.999466950959488,0.8363539445629,53,0.997172619047619,1,10,0.998831956289978,1,20
AGAP011377,2,AGAP011377__SITE03;AGAP011377__SITE05,0.965884861407249,0.399786780383795,78,0.908154761904762,0.9,10,0.941977345415778,2,20
AGAP011377,2,AGAP011377__SITE02;AGAP011377__SITE05,0.965351812366738,0.180703624733475,135,0.908154761904762,0.9,10,0.941657515991471,3,20
AGAP011377,2,AGAP011377__SITE01;AGAP011377__SITE05,0.962153518123667,0.0698294243070362,404,0.899672619047619,0.9,10,0.937193896588486,4,20
AGAP011377,2,AGAP011377__SITE03;AGAP011377__SITE04,0.953091684434968,0.32409381663113,48,0.927191358024691,0.6,10,0.910012418068388,5,20
AGAP011377,2,AGAP011377__SITE02;AGAP011377__SITE04,0.884328358208955,0.173240938166311,105,0.81487922705314,0.4,10,0.815060783041315,6,20
AGAP011377,2,AGAP011377__SITE01;AGAP011377__SITE04,0.873667377398721,0.0698294243070362,374,0.785815217391304,0.3,10,0.789944991656624,7,20
AGAP011377,2,AGAP011377__SITE01;AGAP011377__SITE03,0.43816631130064,0.035181236673774,349,0.289665342482244,0,10,0.349799389525057,8,20
AGAP011377,2,AGAP011377__SITE02;AGAP011377__SITE03,0.412046908315565,0.175373134328358,80,0.189662332972192,0,10,0.304126844880997,9,20
AGAP011377,2,AGAP011377__SITE01;AGAP011377__SITE02,0.221215351812367,0.0325159914712154,292,0.0671130952380951,0,10,0.152863139658849,10,20
AGAP011377,3,AGAP011377__SITE03;AGAP011377__SITE04;AGAP011377__SITE05,0.999466950959488,0.320362473347548,78,0.997172619047619,1,10,0.998831956289978,1,20
AGAP011377,3,AGAP011377__SITE02;AGAP011377__SITE04;AGAP011377__SITE05,0.999466950959488,0.170042643923241,135,0.997172619047619,1,10,0.998831956289978,2,20
AGAP011377,3,AGAP011377__SITE01;AGAP011377__SITE04;AGAP011377__SITE05,0.999466950959488,0.0698294243070362,404,0.997172619047619,1,10,0.998831956289978,3,20
AGAP011377,3,AGAP011377__SITE02;AGAP011377__SITE03;AGAP011377__SITE05,0.965884861407249,0.172174840085288,135,0.908154761904762,0.9,10,0.941977345415778,4,20
AGAP011377,3,AGAP011377__SITE01;AGAP011377__SITE03;AGAP011377__SITE05,0.965884861407249,0.035181236673774,404,0.908154761904762,0.9,10,0.941977345415778,5,20
AGAP011377,3,AGAP011377__SITE01;AGAP011377__SITE02;AGAP011377__SITE05,0.965351812366738,0.0325159914712154,404,0.908154761904762,0.9,10,0.941657515991471,6,20
AGAP011377,3,AGAP011377__SITE02;AGAP011377__SITE03;AGAP011377__SITE04,0.954690831556503,0.166311300639659,105,0.935029034304397,0.7,10,0.923323209225221,7,20
AGAP011377,3,AGAP011377__SITE01;AGAP011377__SITE03;AGAP011377__SITE04,0.953091684434968,0.035181236673774,374,0.927191358024691,0.6,10,0.910012418068388,8,20
AGAP011377,3,AGAP011377__SITE01;AGAP011377__SITE02;AGAP011377__SITE04,0.884328358208955,0.0325159914712154,374,0.81487922705314,0.4,10,0.815060783041315,9,20
AGAP011377,3,AGAP011377__SITE01;AGAP011377__SITE02;AGAP011377__SITE03,0.446162046908316,0.0319829424307036,349,0.289665342482244,0,10,0.354596830889663,10,20
AGAP011849,2,AGAP011849__SITE04;AGAP011849__SITE05,1,0.893390191897655,250,1,1,10,1,1,20
AGAP011849,2,AGAP011849__SITE03;AGAP011849__SITE05,1,0.893923240938166,253,1,1,10,1,2,20
AGAP011849,2,AGAP011849__SITE01;AGAP011849__SITE05,1,0.991471215351812,328,1,1,10,1,3,20
AGAP011849,2,AGAP011849__SITE01;AGAP011849__SITE03,0.999466950959488,0.892324093816631,98,0.997172619047619,1,10,0.998831956289978,4,20
AGAP011849,2,AGAP011849__SITE01;AGAP011849__SITE04,0.999466950959488,0.891791044776119,101,0.997172619047619,1,10,0.998831956289978,5,20
AGAP011849,2,AGAP011849__SITE02;AGAP011849__SITE05,0.99680170575693,0.0687633262260128,318,0.98448717948718,1,10,0.993427177300312,6,20
AGAP011849,2,AGAP011849__SITE01;AGAP011849__SITE02,0.994669509594883,0.0687633262260128,33,0.983801587301587,1,10,0.991942181947406,7,20
AGAP011849,2,AGAP011849__SITE02;AGAP011849__SITE03,0.898720682302772,0.0671641791044776,88,0.804117063492063,0.1,10,0.790467528429282,8,20
AGAP011849,2,AGAP011849__SITE02;AGAP011849__SITE04,0.89818763326226,0.0671641791044776,91,0.804117063492063,0.1,10,0.790147699004975,9,20
AGAP011849,2,AGAP011849__SITE03;AGAP011849__SITE04,0.897654584221748,0.896055437100213,26,0.804117063492063,0.1,10,0.789827869580668,10,20
AGAP011849,3,AGAP011849__SITE03;AGAP011849__SITE04;AGAP011849__SITE05,1,0.892857142857143,253,1,1,10,1,1,20
AGAP011849,3,AGAP011849__SITE02;AGAP011849__SITE03;AGAP011849__SITE05,1,0.0671641791044776,318,1,1,10,1,2,20
AGAP011849,3,AGAP011849__SITE02;AGAP011849__SITE04;AGAP011849__SITE05,1,0.0671641791044776,318,1,1,10,1,3,20
AGAP011849,3,AGAP011849__SITE01;AGAP011849__SITE02;AGAP011849__SITE05,1,0.0687633262260128,328,1,1,10,1,4,20
AGAP011849,3,AGAP011849__SITE01;AGAP011849__SITE03;AGAP011849__SITE05,1,0.889125799573561,328,1,1,10,1,5,20
AGAP011849,3,AGAP011849__SITE01;AGAP011849__SITE04;AGAP011849__SITE05,1,0.888592750533049,328,1,1,10,1,6,20
AGAP011849,3,AGAP011849__SITE01;AGAP011849__SITE02;AGAP011849__SITE03,0.999466950959488,0.0671641791044776,98,0.997172619047619,1,10,0.998831956289978,7,20
AGAP011849,3,AGAP011849__SITE01;AGAP011849__SITE02;AGAP011849__SITE04,0.999466950959488,0.0671641791044776,101,0.997172619047619,1,10,0.998831956289978,8,20
AGAP011849,3,AGAP011849__SITE01;AGAP011849__SITE03;AGAP011849__SITE04,0.999466950959488,0.891257995735608,101,0.997172619047619,1,10,0.998831956289978,9,20
AGAP011849,3,AGAP011849__SITE02;AGAP011849__SITE03;AGAP011849__SITE04,0.899253731343284,0.0671641791044776,91,0.804117063492063,0.1,10,0.790787357853589,10,20
AGAP011938,2,AGAP011938__SITE02;AGAP011938__SITE03,1,0.893390191897655,320,1,1,10,1,1,20
AGAP011938,2,AGAP011938__SITE01;AGAP011938__SITE03,1,0.893390191897655,321,1,1,10,1,2,20
AGAP011938,2,AGAP011938__SITE03;AGAP011938__SITE05,1,0.950959488272921,567,1,1,10,1,3,20
AGAP011938,2,AGAP011938__SITE02;AGAP011938__SITE05,1,0.934968017057569,864,1,1,10,1,4,20
AGAP011938,2,AGAP011938__SITE01;AGAP011938__SITE05,1,0.934968017057569,865,1,1,10,1,5,20
AGAP011938,2,AGAP011938__SITE04;AGAP011938__SITE05,0.998400852878465,0.681236673773987,96,0.995938051146384,1,10,0.997821927070994,6,20
AGAP011938,2,AGAP011938__SITE02;AGAP011938__SITE04,0.987206823027719,0.634861407249467,791,0.973776455026455,1,10,0.984457030324568,7,20
AGAP011938,2,AGAP011938__SITE01;AGAP011938__SITE04,0.987206823027719,0.634861407249467,792,0.973776455026455,1,10,0.984457030324568,8,20
AGAP011938,2,AGAP011938__SITE01;AGAP011938__SITE02,0.938699360341151,0.938699360341151,24,0.810943887030843,0.6,10,0.866502782313944,9,20
AGAP011938,2,AGAP011938__SITE03;AGAP011938__SITE04,0.977078891257996,0.660980810234542,494,0.593538647342995,0.9,10,0.854308928957696,10,20
AGAP011938,3,AGAP011938__SITE01;AGAP011938__SITE02;AGAP011938__SITE03,1,0.893390191897655,321,1,1,10,1,1,20
AGAP011938,3,AGAP011938__SITE03;AGAP011938__SITE04;AGAP011938__SITE05,1,0.658848614072495,567,1,1,10,1,2,20
AGAP011938,3,AGAP011938__SITE02;AGAP011938__SITE03;AGAP011938__SITE04,1,0.612473347547974,791,1,1,10,1,3,20
AGAP011938,3,AGAP011938__SITE01;AGAP011938__SITE03;AGAP011938__SITE04,1,0.612473347547974,792,1,1,10,1,4,20
AGAP011938,3,AGAP011938__SITE02;AGAP011938__SITE03;AGAP011938__SITE05,1,0.889658848614073,864,1,1,10,1,5,20
AGAP011938,3,AGAP011938__SITE02;AGAP011938__SITE04;AGAP011938__SITE05,1,0.63272921108742,864,1,1,10,1,6,20
AGAP011938,3,AGAP011938__SITE01;AGAP011938__SITE02;AGAP011938__SITE05,1,0.934968017057569,865,1,1,10,1,7,20
AGAP011938,3,AGAP011938__SITE01;AGAP011938__SITE03;AGAP011938__SITE05,1,0.889658848614073,865,1,1,10,1,8,20
AGAP011938,3,AGAP011938__SITE01;AGAP011938__SITE04;AGAP011938__SITE05,1,0.63272921108742,865,1,1,10,1,9,20
AGAP011938,3,AGAP011938__SITE01;AGAP011938__SITE02;AGAP011938__SITE04,0.987206823027719,0.634861407249467,792,0.973776455026455,1,10,0.984457030324568,10,20
AGAP011966,2,AGAP011966__SITE01;AGAP011966__SITE04,1,0.980810234541578,121,1,1,10,1,1,20
AGAP011966,2,AGAP011966__SITE03;AGAP011966__SITE04,0.995735607675906,0.437633262260128,108,0.988281746031746,1,10,0.993925888415068,2,20
AGAP011966,2,AGAP011966__SITE02;AGAP011966__SITE04,0.995735607675906,0.434434968017058,112,0.988281746031746,1,10,0.993925888415068,3,20
AGAP011966,2,AGAP011966__SITE04;AGAP011966__SITE05,0.993070362473348,0.0490405117270789,89,0.986628968253968,1,10,0.991830907960199,4,20
AGAP011966,2,AGAP011966__SITE01;AGAP011966__SITE03,0.992004264392324,0.436034115138593,36,0.98473564143854,1,10,0.990623251066956,5,20
AGAP011966,2,AGAP011966__SITE01;AGAP011966__SITE02,0.988805970149254,0.436034115138593,32,0.970350241545894,1,10,0.98438865455332,6,20
AGAP011966,2,AGAP011966__SITE01;AGAP011966__SITE05,0.98773987206823,0.0490405117270789,187,0.963297101449275,1,10,0.981633053675721,7,20
AGAP011966,2,AGAP011966__SITE03;AGAP011966__SITE05,0.446162046908316,0.0431769722814499,174,0.300439607341016,0,10,0.357829110347294,8,20
AGAP011966,2,AGAP011966__SITE02;AGAP011966__SITE05,0.442963752665245,0.0431769722814499,178,0.300439607341016,0,10,0.355910133801452,9,20
AGAP011966,2,AGAP011966__SITE02;AGAP011966__SITE03,0.440298507462687,0.437100213219616,27,0.297857447716603,0,10,0.353536338792593,10,20
AGAP011966,3,AGAP011966__SITE01;AGAP011966__SITE02;AGAP011966__SITE04,1,0.433368869936034,121,1,1,10,1,1,20
AGAP011966,3,AGAP011966__SITE01;AGAP011966__SITE03;AGAP011966__SITE04,1,0.433368869936034,121,1,1,10,1,2,20
AGAP011966,3,AGAP011966__SITE01;AGAP011966__SITE04;AGAP011966__SITE05,1,0.0490405117270789,187,1,1,10,1,3,20
AGAP011966,3,AGAP011966__SITE02;AGAP011966__SITE03;AGAP011966__SITE04,0.995735607675906,0.434434968017058,112,0.988281746031746,1,10,0.993925888415068,4,20
AGAP011966,3,AGAP011966__SITE03;AGAP011966__SITE04;AGAP011966__SITE05,0.995735607675906,0.0431769722814499,174,0.988281746031746,1,10,0.993925888415068,5,20
AGAP011966,3,AGAP011966__SITE02;AGAP011966__SITE04;AGAP011966__SITE05,0.995735607675906,0.0431769722814499,178,0.988281746031746,1,10,0.993925888415068,6,20
AGAP011966,3,AGAP011966__SITE01;AGAP011966__SITE02;AGAP011966__SITE03,0.992004264392324,0.436034115138593,36,0.98473564143854,1,10,0.990623251066956,7,20
AGAP011966,3,AGAP011966__SITE01;AGAP011966__SITE03;AGAP011966__SITE05,0.992004264392324,0.0431769722814499,187,0.98473564143854,1,10,0.990623251066956,8,20
AGAP011966,3,AGAP011966__SITE01;AGAP011966__SITE02;AGAP011966__SITE05,0.988805970149254,0.0431769722814499,187,0.970350241545894,1,10,0.98438865455332,9,20
AGAP011966,3,AGAP011966__SITE02;AGAP011966__SITE03;AGAP011966__SITE05,0.446162046908316,0.0431769722814499,178,0.300439607341016,0,10,0.357829110347294,10,20
AGAP012142,2,AGAP012142__SITE03;AGAP012142__SITE04,1,0.858208955223881,136,1,1,10,1,1,20
AGAP012142,2,AGAP012142__SITE01;AGAP012142__SITE03,1,0.985074626865672,206,1,1,10,1,2,20
AGAP012142,2,AGAP012142__SITE03;AGAP012142__SITE05,1,0.972814498933902,331,1,1,10,1,3,20
AGAP012142,2,AGAP012142__SITE01;AGAP012142__SITE05,1,0.958955223880597,514,1,1,10,1,4,20
AGAP012142,2,AGAP012142__SITE02;AGAP012142__SITE03,0.999466950959488,0.122601279317697,141,0.998933782267115,1,10,0.999360305255827,5,20
AGAP012142,2,AGAP012142__SITE01;AGAP012142__SITE04,0.999466950959488,0.844882729211087,319,0.998933782267115,1,10,0.999360305255827,6,20
AGAP012142,2,AGAP012142__SITE04;AGAP012142__SITE05,0.995202558635394,0.836886993603412,218,0.98359595959596,1,10,0.992200323060024,7,20
AGAP012142,2,AGAP012142__SITE02;AGAP012142__SITE05,0.982942430703625,0.113006396588486,449,0.967608024691358,1,10,0.980047865829582,8,20
AGAP012142,2,AGAP012142__SITE01;AGAP012142__SITE02,0.985607675906183,0.122601279317697,88,0.948387681159421,0.9,10,0.965880909891536,9,20
AGAP012142,2,AGAP012142__SITE02;AGAP012142__SITE04,0.882196162046908,0.0991471215351812,254,0.822916666666667,0.1,10,0.786192697228145,10,20
AGAP012142,3,AGAP012142__SITE01;AGAP012142__SITE02;AGAP012142__SITE03,1,0.122601279317697,206,1,1,10,1,1,20
AGAP012142,3,AGAP012142__SITE02;AGAP012142__SITE03;AGAP012142__SITE04,1,0.0991471215351812,254,1,1,10,1,2,20
AGAP012142,3,AGAP012142__SITE01;AGAP012142__SITE03;AGAP012142__SITE04,1,0.844349680170576,319,1,1,10,1,3,20
AGAP012142,3,AGAP012142__SITE03;AGAP012142__SITE04;AGAP012142__SITE05,1,0.8363539445629,331,1,1,10,1,4,20
AGAP012142,3,AGAP012142__SITE02;AGAP012142__SITE03;AGAP012142__SITE05,1,0.113006396588486,449,1,1,10,1,5,20
AGAP012142,3,AGAP012142__SITE01;AGAP012142__SITE02;AGAP012142__SITE05,1,0.113006396588486,514,1,1,10,1,6,20
AGAP012142,3,AGAP012142__SITE01;AGAP012142__SITE03;AGAP012142__SITE05,1,0.958422174840085,514,1,1,10,1,7,20
AGAP012142,3,AGAP012142__SITE01;AGAP012142__SITE04;AGAP012142__SITE05,1,0.823027718550107,514,1,1,10,1,8,20
AGAP012142,3,AGAP012142__SITE01;AGAP012142__SITE02;AGAP012142__SITE04,0.999466950959488,0.0991471215351812,319,0.998933782267115,1,10,0.999360305255827,9,20
AGAP012142,3,AGAP012142__SITE02;AGAP012142__SITE04;AGAP012142__SITE05,0.996268656716418,0.0906183368869936,449,0.990968614718615,1,10,0.995051778445435,10,20
AGAP012424,2,AGAP012424__SITE04;AGAP012424__SITE05,1,1,30,1,1,10,1,1,20
AGAP012424,2,AGAP012424__SITE02;AGAP012424__SITE03,1,0.989339019189765,52,1,1,10,1,2,20
AGAP012424,2,AGAP012424__SITE01;AGAP012424__SITE02,1,0.985607675906183,525,1,1,10,1,3,20
AGAP012424,2,AGAP012424__SITE01;AGAP012424__SITE03,1,0.992004264392324,554,1,1,10,1,4,20
AGAP012424,2,AGAP012424__SITE03;AGAP012424__SITE04,1,0.997867803837953,11429,1,1,10,1,5,20
AGAP012424,2,AGAP012424__SITE03;AGAP012424__SITE05,1,0.997867803837953,11436,1,1,10,1,6,20
AGAP012424,2,AGAP012424__SITE02;AGAP012424__SITE04,1,0.991471215351812,11458,1,1,10,1,7,20
AGAP012424,2,AGAP012424__SITE02;AGAP012424__SITE05,1,0.991471215351812,11465,1,1,10,1,8,20
AGAP012424,2,AGAP012424__SITE01;AGAP012424__SITE04,1,0.994136460554371,11960,1,1,10,1,9,20
AGAP012424,2,AGAP012424__SITE01;AGAP012424__SITE05,1,0.994136460554371,11967,1,1,10,1,10,20
AGAP012424,3,AGAP012424__SITE01;AGAP012424__SITE02;AGAP012424__SITE03,1,0.983475479744136,554,1,1,10,1,1,20
AGAP012424,3,AGAP012424__SITE03;AGAP012424__SITE04;AGAP012424__SITE05,1,0.997867803837953,11436,1,1,10,1,2,20
AGAP012424,3,AGAP012424__SITE02;AGAP012424__SITE03;AGAP012424__SITE04,1,0.989339019189765,11458,1,1,10,1,3,20
AGAP012424,3,AGAP012424__SITE02;AGAP012424__SITE03;AGAP012424__SITE05,1,0.989339019189765,11465,1,1,10,1,4,20
AGAP012424,3,AGAP012424__SITE02;AGAP012424__SITE04;AGAP012424__SITE05,1,0.991471215351812,11465,1,1,10,1,5,20
AGAP012424,3,AGAP012424__SITE01;AGAP012424__SITE02;AGAP012424__SITE04,1,0.985607675906183,11960,1,1,10,1,6,20
AGAP012424,3,AGAP012424__SITE01;AGAP012424__SITE03;AGAP012424__SITE04,1,0.992004264392324,11960,1,1,10,1,7,20
AGAP012424,3,AGAP012424__SITE01;AGAP012424__SITE02;AGAP012424__SITE05,1,0.985607675906183,11967,1,1,10,1,8,20
AGAP012424,3,AGAP012424__SITE01;AGAP012424__SITE03;AGAP012424__SITE05,1,0.992004264392324,11967,1,1,10,1,9,20
AGAP012424,3,AGAP012424__SITE01;AGAP012424__SITE04;AGAP012424__SITE05,1,0.994136460554371,11967,1,1,10,1,10,20
AGAP012991,2,AGAP012991__SITE03;AGAP012991__SITE04,1,0.9596018735363,33,1,1,9,1,1,20
AGAP012991,2,AGAP012991__SITE02;AGAP012991__SITE04,1,0.959016393442623,43,1,1,9,1,2,20
AGAP012991,2,AGAP012991__SITE04;AGAP012991__SITE05,1,0.911592505854801,63,1,1,9,1,3,20
AGAP012991,2,AGAP012991__SITE01;AGAP012991__SITE02,1,0.989461358313817,73,1,1,9,1,4,20
AGAP012991,2,AGAP012991__SITE03;AGAP012991__SITE05,1,0.949648711943794,73,1,1,9,1,5,20
AGAP012991,2,AGAP012991__SITE01;AGAP012991__SITE03,1,0.990046838407494,83,1,1,9,1,6,20
AGAP012991,2,AGAP012991__SITE02;AGAP012991__SITE05,1,0.949063231850117,83,1,1,9,1,7,20
AGAP012991,2,AGAP012991__SITE01;AGAP012991__SITE04,1,0.951990632318501,93,1,1,9,1,8,20
AGAP012991,2,AGAP012991__SITE01;AGAP012991__SITE05,1,0.942037470725995,133,1,1,9,1,9,20
AGAP012991,2,AGAP012991__SITE02;AGAP012991__SITE03,0.998829039812646,0.99824355971897,33,0.989814814814815,1,9,0.996241868332032,10,20
AGAP012991,3,AGAP012991__SITE02;AGAP012991__SITE03;AGAP012991__SITE04,1,0.959016393442623,43,1,1,9,1,1,20
AGAP012991,3,AGAP012991__SITE03;AGAP012991__SITE04;AGAP012991__SITE05,1,0.910421545667447,73,1,1,9,1,2,20
AGAP012991,3,AGAP012991__SITE01;AGAP012991__SITE02;AGAP012991__SITE03,1,0.989461358313817,83,1,1,9,1,3,20
AGAP012991,3,AGAP012991__SITE02;AGAP012991__SITE03;AGAP012991__SITE05,1,0.949063231850117,83,1,1,9,1,4,20
AGAP012991,3,AGAP012991__SITE02;AGAP012991__SITE04;AGAP012991__SITE05,1,0.909836065573771,83,1,1,9,1,5,20
AGAP012991,3,AGAP012991__SITE01;AGAP012991__SITE02;AGAP012991__SITE04,1,0.950234192037471,93,1,1,9,1,6,20
AGAP012991,3,AGAP012991__SITE01;AGAP012991__SITE03;AGAP012991__SITE04,1,0.950819672131147,93,1,1,9,1,7,20
AGAP012991,3,AGAP012991__SITE01;AGAP012991__SITE02;AGAP012991__SITE05,1,0.940281030444965,133,1,1,9,1,8,20
AGAP012991,3,AGAP012991__SITE01;AGAP012991__SITE03;AGAP012991__SITE05,1,0.940866510538642,133,1,1,9,1,9,20
AGAP012991,3,AGAP012991__SITE01;AGAP012991__SITE04;AGAP012991__SITE05,1,0.902810304449649,133,1,1,9,1,10,20
AGAP028779,2,AGAP028779__SITE04;AGAP028779__SITE05,0.999466950959488,0.999466950959488,24,0.998933782267115,1,10,0.999360305255827,1,20
AGAP028779,2,AGAP028779__SITE01;AGAP028779__SITE04,0.999466950959488,0.949360341151386,40,0.998933782267115,1,10,0.999360305255827,2,20
AGAP028779,2,AGAP028779__SITE03;AGAP028779__SITE04,0.999466950959488,0.949360341151386,40,0.998933782267115,1,10,0.999360305255827,3,20
AGAP028779,2,AGAP028779__SITE01;AGAP028779__SITE05,0.999466950959488,0.949360341151386,41,0.998933782267115,1,10,0.999360305255827,4,20
AGAP028779,2,AGAP028779__SITE02;AGAP028779__SITE04,0.999466950959488,0.949360341151386,41,0.998933782267115,1,10,0.999360305255827,5,20
AGAP028779,2,AGAP028779__SITE03;AGAP028779__SITE05,0.999466950959488,0.949360341151386,41,0.998933782267115,1,10,0.999360305255827,6,20
AGAP028779,2,AGAP028779__SITE02;AGAP028779__SITE05,0.999466950959488,0.949360341151386,42,0.998933782267115,1,10,0.999360305255827,7,20
AGAP028779,2,AGAP028779__SITE01;AGAP028779__SITE03,0.949360341151386,0.949360341151386,23,0.783796296296296,0.7,10,0.874755093579721,8,20
AGAP028779,2,AGAP028779__SITE01;AGAP028779__SITE02,0.949360341151386,0.949360341151386,24,0.783796296296296,0.7,10,0.874755093579721,9,20
AGAP028779,2,AGAP028779__SITE02;AGAP028779__SITE03,0.949360341151386,0.949360341151386,24,0.783796296296296,0.7,10,0.874755093579721,10,20
AGAP028779,3,AGAP028779__SITE01;AGAP028779__SITE03;AGAP028779__SITE04,0.999466950959488,0.949360341151386,40,0.998933782267115,1,10,0.999360305255827,1,20
AGAP028779,3,AGAP028779__SITE01;AGAP028779__SITE02;AGAP028779__SITE04,0.999466950959488,0.949360341151386,41,0.998933782267115,1,10,0.999360305255827,2,20
AGAP028779,3,AGAP028779__SITE01;AGAP028779__SITE03;AGAP028779__SITE05,0.999466950959488,0.949360341151386,41,0.998933782267115,1,10,0.999360305255827,3,20
AGAP028779,3,AGAP028779__SITE01;AGAP028779__SITE04;AGAP028779__SITE05,0.999466950959488,0.949360341151386,41,0.998933782267115,1,10,0.999360305255827,4,20
AGAP028779,3,AGAP028779__SITE02;AGAP028779__SITE03;AGAP028779__SITE04,0.999466950959488,0.949360341151386,41,0.998933782267115,1,10,0.999360305255827,5,20
AGAP028779,3,AGAP028779__SITE03;AGAP028779__SITE04;AGAP028779__SITE05,0.999466950959488,0.949360341151386,41,0.998933782267115,1,10,0.999360305255827,6,20
AGAP028779,3,AGAP028779__SITE01;AGAP028779__SITE02;AGAP028779__SITE05,0.999466950959488,0.949360341151386,42,0.998933782267115,1,10,0.999360305255827,7,20
AGAP028779,3,AGAP028779__SITE02;AGAP028779__SITE03;AGAP028779__SITE05,0.999466950959488,0.949360341151386,42,0.998933782267115,1,10,0.999360305255827,8,20
AGAP028779,3,AGAP028779__SITE02;AGAP028779__SITE04;AGAP028779__SITE05,0.999466950959488,0.949360341151386,42,0.998933782267115,1,10,0.999360305255827,9,20
AGAP028779,3,AGAP028779__SITE01;AGAP028779__SITE02;AGAP028779__SITE03,0.949360341151386,0.949360341151386,24,0.783796296296296,0.7,10,0.874755093579721,10,20
AGAP029982,2,AGAP029982__SITE02;AGAP029982__SITE03,1,0.965351812366738,76,1,1,10,1,1,20
AGAP029982,2,AGAP029982__SITE01;AGAP029982__SITE02,1,0.980810234541578,309,1,1,10,1,2,20
AGAP029982,2,AGAP029982__SITE01;AGAP029982__SITE03,1,0.976012793176972,362,1,1,10,1,3,20
AGAP029982,3,AGAP029982__SITE01;AGAP029982__SITE02;AGAP029982__SITE03,1,0.961087420042644,362,1,1,10,1,1,20
AGAP000099,2,AGAP000099__SITE03;AGAP000099__SITE04,1,0.983021077283372,97,1,1,9,1,1,30
AGAP000099,2,AGAP000099__SITE04;AGAP000099__SITE05,1,0.992388758782201,165,1,1,9,1,2,30
AGAP000099,2,AGAP000099__SITE03;AGAP000099__SITE05,1,0.981264637002342,239,1,1,9,1,3,30
AGAP000099,2,AGAP000099__SITE02;AGAP000099__SITE03,1,0.968969555035129,316,1,1,9,1,4,30
AGAP000099,2,AGAP000099__SITE01;AGAP000099__SITE03,1,0.968969555035129,321,1,1,9,1,5,30
AGAP000099,2,AGAP000099__SITE02;AGAP000099__SITE04,1,0.980093676814988,390,1,1,9,1,6,30
AGAP000099,2,AGAP000099__SITE01;AGAP000099__SITE04,1,0.980093676814988,395,1,1,9,1,7,30
AGAP000099,2,AGAP000099__SITE02;AGAP000099__SITE05,1,0.978337236533958,532,1,1,9,1,8,30
AGAP000099,2,AGAP000099__SITE01;AGAP000099__SITE05,1,0.978337236533958,537,1,1,9,1,9,30
AGAP000099,2,AGAP000099__SITE01;AGAP000099__SITE02,0.983021077283372,0.983021077283372,28,0.962549751243781,1,9,0.978577571743157,10,30
AGAP000099,3,AGAP000099__SITE03;AGAP000099__SITE04;AGAP000099__SITE05,1,0.978337236533958,239,1,1,9,1,1,30
AGAP000099,3,AGAP000099__SITE01;AGAP000099__SITE02;AGAP000099__SITE03,1,0.968969555035129,321,1,1,9,1,2,30
AGAP000099,3,AGAP000099__SITE02;AGAP000099__SITE03;AGAP000099__SITE04,1,0.966042154566745,390,1,1,9,1,3,30
AGAP000099,3,AGAP000099__SITE01;AGAP000099__SITE02;AGAP000099__SITE04,1,0.980093676814988,395,1,1,9,1,4,30
AGAP000099,3,AGAP000099__SITE01;AGAP000099__SITE03;AGAP000099__SITE04,1,0.966042154566745,395,1,1,9,1,5,30
AGAP000099,3,AGAP000099__SITE02;AGAP000099__SITE03;AGAP000099__SITE05,1,0.964285714285714,532,1,1,9,1,6,30
AGAP000099,3,AGAP000099__SITE02;AGAP000099__SITE04;AGAP000099__SITE05,1,0.975409836065574,532,1,1,9,1,7,30
AGAP000099,3,AGAP000099__SITE01;AGAP000099__SITE02;AGAP000099__SITE05,1,0.978337236533958,537,1,1,9,1,8,30
AGAP000099,3,AGAP000099__SITE01;AGAP000099__SITE03;AGAP000099__SITE05,1,0.964285714285714,537,1,1,9,1,9,30
AGAP000099,3,AGAP000099__SITE01;AGAP000099__SITE04;AGAP000099__SITE05,1,0.975409836065574,537,1,1,9,1,10,30
AGAP000399,2,AGAP000399__SITE04;AGAP000399__SITE05,1,0.991217798594848,370,1,1,9,1,1,30
AGAP000399,2,AGAP000399__SITE03;AGAP000399__SITE05,1,0.984777517564403,448,1,1,9,1,2,30
AGAP000399,2,AGAP000399__SITE02;AGAP000399__SITE03,1,0.988290398126464,656,1,1,9,1,3,30
AGAP000399,2,AGAP000399__SITE02;AGAP000399__SITE04,1,0.994730679156909,734,1,1,9,1,4,30
AGAP000399,2,AGAP000399__SITE02;AGAP000399__SITE05,1,0.995316159250585,1081,1,1,9,1,5,30
AGAP000399,2,AGAP000399__SITE01;AGAP000399__SITE02,1,0.986533957845433,7465,1,1,9,1,6,30
AGAP000399,2,AGAP000399__SITE01;AGAP000399__SITE03,1,0.975995316159251,8098,1,1,9,1,7,30
AGAP000399,2,AGAP000399__SITE01;AGAP000399__SITE04,1,0.982435597189695,8176,1,1,9,1,8,30
AGAP000399,2,AGAP000399__SITE01;AGAP000399__SITE05,1,0.983021077283372,8523,1,1,9,1,9,30
AGAP000399,2,AGAP000399__SITE03;AGAP000399__SITE04,0.999414519906323,0.984777517564403,101,0.998550724637681,1,9,0.999213929335098,10,30
AGAP000399,3,AGAP000399__SITE03;AGAP000399__SITE04;AGAP000399__SITE05,1,0.980679156908665,448,1,1,9,1,1,30
AGAP000399,3,AGAP000399__SITE02;AGAP000399__SITE03;AGAP000399__SITE04,1,0.984192037470726,734,1,1,9,1,2,30
AGAP000399,3,AGAP000399__SITE02;AGAP000399__SITE03;AGAP000399__SITE05,1,0.984192037470726,1081,1,1,9,1,3,30
AGAP000399,3,AGAP000399__SITE02;AGAP000399__SITE04;AGAP000399__SITE05,1,0.990632318501171,1081,1,1,9,1,4,30
AGAP000399,3,AGAP000399__SITE01;AGAP000399__SITE02;AGAP000399__SITE03,1,0.975409836065574,8098,1,1,9,1,5,30
AGAP000399,3,AGAP000399__SITE01;AGAP000399__SITE02;AGAP000399__SITE04,1,0.981850117096019,8176,1,1,9,1,6,30
AGAP000399,3,AGAP000399__SITE01;AGAP000399__SITE03;AGAP000399__SITE04,1,0.971896955503513,8176,1,1,9,1,7,30
AGAP000399,3,AGAP000399__SITE01;AGAP000399__SITE02;AGAP000399__SITE05,1,0.982435597189695,8523,1,1,9,1,8,30
AGAP000399,3,AGAP000399__SITE01;AGAP000399__SITE03;AGAP000399__SITE05,1,0.971896955503513,8523,1,1,9,1,9,30
AGAP000399,3,AGAP000399__SITE01;AGAP000399__SITE04;AGAP000399__SITE05,1,0.978337236533958,8523,1,1,9,1,10,30
AGAP000627,2,AGAP000627__SITE04;AGAP000627__SITE05,1,0.995901639344262,64,1,1,9,1,1,30
AGAP000627,2,AGAP000627__SITE03;AGAP000627__SITE05,1,0.995316159250585,65,1,1,9,1,2,30
AGAP000627,2,AGAP000627__SITE02;AGAP000627__SITE05,1,0.997072599531616,68,1,1,9,1,3,30
AGAP000627,2,AGAP000627__SITE01;AGAP000627__SITE05,1,0.997072599531616,70,1,1,9,1,4,30
AGAP000627,2,AGAP000627__SITE02;AGAP000627__SITE04,0.999414519906323,0.997072599531616,27,0.998550724637681,1,9,0.999213929335098,5,30
AGAP000627,2,AGAP000627__SITE01;AGAP000627__SITE04,0.999414519906323,0.997072599531616,29,0.998550724637681,1,9,0.999213929335098,6,30
AGAP000627,2,AGAP000627__SITE01;AGAP000627__SITE02,0.998829039812646,0.998829039812646,25,0.997101449275362,1,9,0.998427858670196,7,30
AGAP000627,2,AGAP000627__SITE02;AGAP000627__SITE03,0.998829039812646,0.997072599531616,26,0.997101449275362,1,9,0.998427858670196,8,30
AGAP000627,2,AGAP000627__SITE01;AGAP000627__SITE03,0.998829039812646,0.997072599531616,28,0.997101449275362,1,9,0.998427858670196,9,30
AGAP000627,2,AGAP000627__SITE03;AGAP000627__SITE04,0.997658079625293,0.997072599531616,24,0.993336886993603,1,9,0.996595913873257,10,30
AGAP000627,3,AGAP000627__SITE03;AGAP000627__SITE04;AGAP000627__SITE05,1,0.995316159250585,65,1,1,9,1,1,30
AGAP000627,3,AGAP000627__SITE02;AGAP000627__SITE03;AGAP000627__SITE05,1,0.995316159250585,68,1,1,9,1,2,30
AGAP000627,3,AGAP000627__SITE02;AGAP000627__SITE04;AGAP000627__SITE05,1,0.995316159250585,68,1,1,9,1,3,30
AGAP000627,3,AGAP000627__SITE01;AGAP000627__SITE02;AGAP000627__SITE05,1,0.997072599531616,70,1,1,9,1,4,30
AGAP000627,3,AGAP000627__SITE01;AGAP000627__SITE03;AGAP000627__SITE05,1,0.995316159250585,70,1,1,9,1,5,30
AGAP000627,3,AGAP000627__SITE01;AGAP000627__SITE04;AGAP000627__SITE05,1,0.995316159250585,70,1,1,9,1,6,30
AGAP000627,3,AGAP000627__SITE02;AGAP000627__SITE03;AGAP000627__SITE04,0.999414519906323,0.997072599531616,27,0.998550724637681,1,9,0.999213929335098,7,30
AGAP000627,3,AGAP000627__SITE01;AGAP000627__SITE02;AGAP000627__SITE04,0.999414519906323,0.997072599531616,29,0.998550724637681,1,9,0.999213929335098,8,30
AGAP000627,3,AGAP000627__SITE01;AGAP000627__SITE03;AGAP000627__SITE04,0.999414519906323,0.997072599531616,29,0.998550724637681,1,9,0.999213929335098,9,30
AGAP000627,3,AGAP000627__SITE01;AGAP000627__SITE02;AGAP000627__SITE03,0.998829039812646,0.997072599531616,28,0.997101449275362,1,9,0.998427858670196,10,30
AGAP000999,2,AGAP000999__SITE01;AGAP000999__SITE02,0.992388758782201,0.988875878220141,35,0.951410425323469,0.888888888888889,9,0.96974527175525,1,30
AGAP001015,2,AGAP001015__SITE03;AGAP001015__SITE04,1,0.958430913348946,343,1,1,9,1,1,30
AGAP001015,2,AGAP001015__SITE04;AGAP001015__SITE05,1,0.964871194379391,579,1,1,9,1,2,30
AGAP001015,2,AGAP001015__SITE02;AGAP001015__SITE03,1,0.990046838407494,638,1,1,9,1,3,30
AGAP001015,2,AGAP001015__SITE01;AGAP001015__SITE03,1,0.978922716627635,646,1,1,9,1,4,30
AGAP001015,2,AGAP001015__SITE03;AGAP001015__SITE05,1,0.992388758782201,899,1,1,9,1,5,30
AGAP001015,2,AGAP001015__SITE02;AGAP001015__SITE04,1,0.962529274004684,958,1,1,9,1,6,30
AGAP001015,2,AGAP001015__SITE02;AGAP001015__SITE05,1,0.996487119437939,1514,1,1,9,1,7,30
AGAP001015,2,AGAP001015__SITE01;AGAP001015__SITE05,1,0.98536299765808,1522,1,1,9,1,8,30
AGAP001015,2,AGAP001015__SITE01;AGAP001015__SITE02,0.999414519906323,0.983606557377049,31,0.990833333333333,1,9,0.996898711943794,9,30
AGAP001015,2,AGAP001015__SITE01;AGAP001015__SITE04,0.988290398126464,0.963114754098361,966,0.905982905982906,0.888888888888889,9,0.953657999559639,10,30
AGAP001015,3,AGAP001015__SITE01;AGAP001015__SITE02;AGAP001015__SITE03,1,0.976580796252927,646,1,1,9,1,1,30
AGAP001015,3,AGAP001015__SITE03;AGAP001015__SITE04;AGAP001015__SITE05,1,0.957845433255269,899,1,1,9,1,2,30
AGAP001015,3,AGAP001015__SITE02;AGAP001015__SITE03;AGAP001015__SITE04,1,0.955503512880562,958,1,1,9,1,3,30
AGAP001015,3,AGAP001015__SITE01;AGAP001015__SITE02;AGAP001015__SITE04,1,0.960772833723653,966,1,1,9,1,4,30
AGAP001015,3,AGAP001015__SITE01;AGAP001015__SITE03;AGAP001015__SITE04,1,0.956088992974239,966,1,1,9,1,5,30
AGAP001015,3,AGAP001015__SITE02;AGAP001015__SITE03;AGAP001015__SITE05,1,0.989461358313817,1514,1,1,9,1,6,30
AGAP001015,3,AGAP001015__SITE02;AGAP001015__SITE04;AGAP001015__SITE05,1,0.961943793911007,1514,1,1,9,1,7,30
AGAP001015,3,AGAP001015__SITE01;AGAP001015__SITE02;AGAP001015__SITE05,1,0.983021077283372,1522,1,1,9,1,8,30
AGAP001015,3,AGAP001015__SITE01;AGAP001015__SITE03;AGAP001015__SITE05,1,0.978337236533958,1522,1,1,9,1,9,30
AGAP001015,3,AGAP001015__SITE01;AGAP001015__SITE04;AGAP001015__SITE05,1,0.962529274004684,1522,1,1,9,1,10,30
AGAP001099,2,AGAP001099__SITE03;AGAP001099__SITE04,1,0.998400852878465,155,1,1,9,1,1,30
AGAP001099,2,AGAP001099__SITE02;AGAP001099__SITE04,1,0.998400852878465,161,1,1,9,1,2,30
AGAP001099,2,AGAP001099__SITE01;AGAP001099__SITE04,1,0.997334754797441,164,1,1,9,1,3,30
AGAP001099,2,AGAP001099__SITE04;AGAP001099__SITE05,1,0.883262260127932,219,1,1,9,1,4,30
AGAP001099,2,AGAP001099__SITE03;AGAP001099__SITE05,1,0.881663113006397,351,1,1,9,1,5,30
AGAP001099,2,AGAP001099__SITE02;AGAP001099__SITE05,1,0.881663113006397,357,1,1,9,1,6,30
AGAP001099,2,AGAP001099__SITE01;AGAP001099__SITE05,1,0.880597014925373,360,1,1,9,1,7,30
AGAP001099,2,AGAP001099__SITE01;AGAP001099__SITE02,0.998933901918977,0.99680170575693,26,0.997530864197531,1,9,0.998619600410646,8,30
AGAP001099,2,AGAP001099__SITE01;AGAP001099__SITE03,0.998933901918977,0.99680170575693,32,0.997530864197531,1,9,0.998619600410646,9,30
AGAP001099,2,AGAP001099__SITE02;AGAP001099__SITE03,0.998400852878465,0.998400852878465,29,0.995828322911656,1,9,0.997789008600576,10,30
AGAP001099,3,AGAP001099__SITE02;AGAP001099__SITE03;AGAP001099__SITE04,1,0.998400852878465,161,1,1,9,1,1,30
AGAP001099,3,AGAP001099__SITE01;AGAP001099__SITE02;AGAP001099__SITE04,1,0.99680170575693,164,1,1,9,1,2,30
AGAP001099,3,AGAP001099__SITE01;AGAP001099__SITE03;AGAP001099__SITE04,1,0.99680170575693,164,1,1,9,1,3,30
AGAP001099,3,AGAP001099__SITE03;AGAP001099__SITE04;AGAP001099__SITE05,1,0.881663113006397,351,1,1,9,1,4,30
AGAP001099,3,AGAP001099__SITE02;AGAP001099__SITE03;AGAP001099__SITE05,1,0.881663113006397,357,1,1,9,1,5,30
AGAP001099,3,AGAP001099__SITE02;AGAP001099__SITE04;AGAP001099__SITE05,1,0.881663113006397,357,1,1,9,1,6,30
AGAP001099,3,AGAP001099__SITE01;AGAP001099__SITE02;AGAP001099__SITE05,1,0.880063965884861,360,1,1,9,1,7,30
AGAP001099,3,AGAP001099__SITE01;AGAP001099__SITE03;AGAP001099__SITE05,1,0.880063965884861,360,1,1,9,1,8,30
AGAP001099,3,AGAP001099__SITE01;AGAP001099__SITE04;AGAP001099__SITE05,1,0.880597014925373,360,1,1,9,1,9,30
AGAP001099,3,AGAP001099__SITE01;AGAP001099__SITE02;AGAP001099__SITE03,0.998933901918977,0.99680170575693,32,0.997530864197531,1,9,0.998619600410646,10,30
AGAP001108,2,AGAP001108__SITE01;AGAP001108__SITE02,1,0.965351812366738,56,1,1,9,1,1,30
AGAP001108,2,AGAP001108__SITE01;AGAP001108__SITE03,1,0.689232409381663,59,1,1,9,1,2,30
AGAP001108,2,AGAP001108__SITE01;AGAP001108__SITE04,1,0.689232409381663,65,1,1,9,1,3,30
AGAP001108,2,AGAP001108__SITE02;AGAP001108__SITE05,1,0.960554371002132,158,1,1,9,1,4,30
AGAP001108,2,AGAP001108__SITE01;AGAP001108__SITE05,1,0.994136460554371,191,1,1,9,1,5,30
AGAP001108,2,AGAP001108__SITE04;AGAP001108__SITE05,0.994669509594883,0.689765458422175,149,0.987690796857463,1,9,0.993108944814169,6,30
AGAP001108,2,AGAP001108__SITE03;AGAP001108__SITE05,0.994669509594883,0.689765458422175,155,0.987690796857463,1,9,0.993108944814169,7,30
AGAP001108,2,AGAP001108__SITE02;AGAP001108__SITE03,0.967484008528785,0.68816631130064,26,0.935185185185185,0.777777777777778,9,0.938823738450604,8,30
AGAP001108,2,AGAP001108__SITE02;AGAP001108__SITE04,0.967484008528785,0.68816631130064,32,0.935185185185185,0.777777777777778,9,0.938823738450604,9,30
AGAP001108,2,AGAP001108__SITE03;AGAP001108__SITE04,0.689765458422175,0.689765458422175,29,0.598444444444444,0,9,0.593392608386638,10,30
AGAP001108,3,AGAP001108__SITE01;AGAP001108__SITE02;AGAP001108__SITE03,1,0.687633262260128,59,1,1,9,1,1,30
AGAP001108,3,AGAP001108__SITE01;AGAP001108__SITE02;AGAP001108__SITE04,1,0.687633262260128,65,1,1,9,1,2,30
AGAP001108,3,AGAP001108__SITE01;AGAP001108__SITE03;AGAP001108__SITE04,1,0.689232409381663,65,1,1,9,1,3,30
AGAP001108,3,AGAP001108__SITE02;AGAP001108__SITE03;AGAP001108__SITE05,1,0.68816631130064,158,1,1,9,1,4,30
AGAP001108,3,AGAP001108__SITE02;AGAP001108__SITE04;AGAP001108__SITE05,1,0.68816631130064,158,1,1,9,1,5,30
AGAP001108,3,AGAP001108__SITE01;AGAP001108__SITE02;AGAP001108__SITE05,1,0.96002132196162,191,1,1,9,1,6,30
AGAP001108,3,AGAP001108__SITE01;AGAP001108__SITE03;AGAP001108__SITE05,1,0.689232409381663,191,1,1,9,1,7,30
AGAP001108,3,AGAP001108__SITE01;AGAP001108__SITE04;AGAP001108__SITE05,1,0.689232409381663,191,1,1,9,1,8,30
AGAP001108,3,AGAP001108__SITE03;AGAP001108__SITE04;AGAP001108__SITE05,0.994669509594883,0.689765458422175,155,0.987690796857463,1,9,0.993108944814169,9,30
AGAP001108,3,AGAP001108__SITE02;AGAP001108__SITE03;AGAP001108__SITE04,0.967484008528785,0.68816631130064,32,0.935185185185185,0.777777777777778,9,0.938823738450604,10,30
AGAP001135,2,AGAP001135__SITE01;AGAP001135__SITE03,1,0.979211087420043,164,1,1,9,1,1,30
AGAP001135,2,AGAP001135__SITE01;AGAP001135__SITE04,1,0.697228144989339,216,1,1,9,1,2,30
AGAP001135,2,AGAP001135__SITE01;AGAP001135__SITE05,1,0.886460554371002,240,1,1,9,1,3,30
AGAP001135,2,AGAP001135__SITE01;AGAP001135__SITE02,0.999466950959488,0.8363539445629,56,0.998765432098765,1,9,0.999309800205322,4,30
AGAP001135,2,AGAP001135__SITE03;AGAP001135__SITE05,0.999466950959488,0.872601279317697,99,0.995111111111111,1,9,0.998213503909026,5,30
AGAP001135,2,AGAP001135__SITE03;AGAP001135__SITE04,0.998933901918977,0.683901918976546,75,0.993849869936827,1,9,0.997515302132434,6,30
AGAP001135,2,AGAP001135__SITE02;AGAP001135__SITE03,0.998933901918977,0.822494669509595,131,0.993849869936827,1,9,0.997515302132434,7,30
AGAP001135,2,AGAP001135__SITE02;AGAP001135__SITE05,0.996268656716418,0.732409381663113,207,0.991143317230274,1,9,0.995104189198933,8,30
AGAP001135,2,AGAP001135__SITE04;AGAP001135__SITE05,0.949893390191898,0.640191897654584,47,0.900717029449424,0.555555555555556,9,0.895706698505522,9,30
AGAP001135,2,AGAP001135__SITE02;AGAP001135__SITE04,0.873667377398721,0.665778251599147,183,0.700929022668153,0,9,0.734479133239678,10,30
AGAP001135,3,AGAP001135__SITE03;AGAP001135__SITE04;AGAP001135__SITE05,1,0.624200426439233,99,1,1,9,1,1,30
AGAP001135,3,AGAP001135__SITE01;AGAP001135__SITE02;AGAP001135__SITE03,1,0.819829424307036,164,1,1,9,1,2,30
AGAP001135,3,AGAP001135__SITE02;AGAP001135__SITE03;AGAP001135__SITE05,1,0.716417910447761,207,1,1,9,1,3,30
AGAP001135,3,AGAP001135__SITE02;AGAP001135__SITE04;AGAP001135__SITE05,1,0.609275053304904,207,1,1,9,1,4,30
AGAP001135,3,AGAP001135__SITE01;AGAP001135__SITE02;AGAP001135__SITE04,1,0.663113006396588,216,1,1,9,1,5,30
AGAP001135,3,AGAP001135__SITE01;AGAP001135__SITE03;AGAP001135__SITE04,1,0.680703624733476,216,1,1,9,1,6,30
AGAP001135,3,AGAP001135__SITE01;AGAP001135__SITE02;AGAP001135__SITE05,1,0.729744136460554,240,1,1,9,1,7,30
AGAP001135,3,AGAP001135__SITE01;AGAP001135__SITE03;AGAP001135__SITE05,1,0.869402985074627,240,1,1,9,1,8,30
AGAP001135,3,AGAP001135__SITE01;AGAP001135__SITE04;AGAP001135__SITE05,1,0.636993603411514,240,1,1,9,1,9,30
AGAP001135,3,AGAP001135__SITE02;AGAP001135__SITE03;AGAP001135__SITE04,0.998933901918977,0.649253731343284,183,0.993849869936827,1,9,0.997515302132434,10,30
AGAP001526,2,AGAP001526__SITE03;AGAP001526__SITE04,1,0.952025586353944,231,1,1,9,1,1,30
AGAP001526,2,AGAP001526__SITE03;AGAP001526__SITE05,0.999466950959488,0.945628997867804,237,0.99672619047619,1,9,0.99869802771855,2,30
AGAP001526,2,AGAP001526__SITE01;AGAP001526__SITE02,0.998933901918977,0.493070362473348,48,0.997530864197531,1,9,0.998619600410646,3,30
AGAP001526,2,AGAP001526__SITE01;AGAP001526__SITE04,0.999466950959488,0.962686567164179,294,0.993333333333333,1,9,0.997680170575693,4,30
AGAP001526,2,AGAP001526__SITE01;AGAP001526__SITE05,0.999466950959488,0.955756929637527,300,0.993333333333333,1,9,0.997680170575693,5,30
AGAP001526,2,AGAP001526__SITE01;AGAP001526__SITE03,0.999466950959488,0.956289978678038,86,0.990833333333333,1,9,0.996930170575693,6,30
AGAP001526,2,AGAP001526__SITE02;AGAP001526__SITE04,0.99680170575693,0.491471215351812,269,0.994667691406822,1,9,0.996481330876204,7,30
AGAP001526,2,AGAP001526__SITE02;AGAP001526__SITE05,0.993603411513859,0.48773987206823,275,0.984472049689441,1,9,0.991503661815148,8,30
AGAP001526,2,AGAP001526__SITE02;AGAP001526__SITE03,0.989339019189765,0.492537313432836,61,0.979141614558281,1,9,0.987345895881343,9,30
AGAP001526,2,AGAP001526__SITE04;AGAP001526__SITE05,0.982409381663113,0.96908315565032,29,0.896431924882629,0.777777777777778,9,0.936152984240434,10,30
AGAP001526,3,AGAP001526__SITE01;AGAP001526__SITE02;AGAP001526__SITE03,1,0.477078891257996,86,1,1,9,1,1,30
AGAP001526,3,AGAP001526__SITE03;AGAP001526__SITE04;AGAP001526__SITE05,1,0.942430703624733,237,1,1,9,1,2,30
AGAP001526,3,AGAP001526__SITE02;AGAP001526__SITE03;AGAP001526__SITE04,1,0.474946695095949,269,1,1,9,1,3,30
AGAP001526,3,AGAP001526__SITE01;AGAP001526__SITE02;AGAP001526__SITE04,1,0.476012793176972,294,1,1,9,1,4,30
AGAP001526,3,AGAP001526__SITE01;AGAP001526__SITE03;AGAP001526__SITE04,1,0.936034115138593,294,1,1,9,1,5,30
AGAP001526,3,AGAP001526__SITE01;AGAP001526__SITE02;AGAP001526__SITE05,1,0.47228144989339,300,1,1,9,1,6,30
AGAP001526,3,AGAP001526__SITE01;AGAP001526__SITE03;AGAP001526__SITE05,1,0.929637526652452,300,1,1,9,1,7,30
AGAP001526,3,AGAP001526__SITE02;AGAP001526__SITE03;AGAP001526__SITE05,0.999466950959488,0.471215351812367,275,0.99672619047619,1,9,0.99869802771855,8,30
AGAP001526,3,AGAP001526__SITE01;AGAP001526__SITE04;AGAP001526__SITE05,0.999466950959488,0.952558635394456,300,0.993333333333333,1,9,0.997680170575693,9,30
AGAP001526,3,AGAP001526__SITE02;AGAP001526__SITE04;AGAP001526__SITE05,0.997334754797441,0.485074626865672,275,0.994824016563147,1,9,0.996848057847409,10,30
AGAP002004,2,AGAP002004__SITE02;AGAP002004__SITE03,1,0.979744136460554,92,1,1,9,1,1,30
AGAP002004,2,AGAP002004__SITE01;AGAP002004__SITE02,1,0.960554371002132,234,1,1,9,1,2,30
AGAP002004,2,AGAP002004__SITE02;AGAP002004__SITE04,1,0.963219616204691,285,1,1,9,1,3,30
AGAP002004,2,AGAP002004__SITE01;AGAP002004__SITE03,1,0.948827292110874,303,1,1,9,1,4,30
AGAP002004,2,AGAP002004__SITE03;AGAP002004__SITE05,1,0.946162046908315,414,1,1,9,1,5,30
AGAP002004,2,AGAP002004__SITE02;AGAP002004__SITE05,1,0.957889125799574,483,1,1,9,1,6,30
AGAP002004,2,AGAP002004__SITE01;AGAP002004__SITE04,1,0.932302771855011,496,1,1,9,1,7,30
AGAP002004,2,AGAP002004__SITE01;AGAP002004__SITE05,1,0.926972281449893,694,1,1,9,1,8,30
AGAP002004,2,AGAP002004__SITE03;AGAP002004__SITE04,0.999466950959488,0.952025586353944,216,0.993333333333333,1,9,0.997680170575693,9,30
AGAP002004,2,AGAP002004__SITE04;AGAP002004__SITE05,0.996268656716418,0.933368869936034,221,0.991143317230274,1,9,0.995104189198933,10,30
AGAP002004,3,AGAP002004__SITE02;AGAP002004__SITE03;AGAP002004__SITE04,1,0.947761194029851,285,1,1,9,1,1,30
AGAP002004,3,AGAP002004__SITE01;AGAP002004__SITE02;AGAP002004__SITE03,1,0.94456289978678,303,1,1,9,1,2,30
AGAP002004,3,AGAP002004__SITE03;AGAP002004__SITE04;AGAP002004__SITE05,1,0.917910447761194,414,1,1,9,1,3,30
AGAP002004,3,AGAP002004__SITE02;AGAP002004__SITE03;AGAP002004__SITE05,1,0.941897654584222,483,1,1,9,1,4,30
AGAP002004,3,AGAP002004__SITE02;AGAP002004__SITE04;AGAP002004__SITE05,1,0.92910447761194,483,1,1,9,1,5,30
AGAP002004,3,AGAP002004__SITE01;AGAP002004__SITE02;AGAP002004__SITE04,1,0.928038379530917,496,1,1,9,1,6,30
AGAP002004,3,AGAP002004__SITE01;AGAP002004__SITE03;AGAP002004__SITE04,1,0.916844349680171,496,1,1,9,1,7,30
AGAP002004,3,AGAP002004__SITE01;AGAP002004__SITE02;AGAP002004__SITE05,1,0.9227078891258,694,1,1,9,1,8,30
AGAP002004,3,AGAP002004__SITE01;AGAP002004__SITE03;AGAP002004__SITE05,1,0.910980810234541,694,1,1,9,1,9,30
AGAP002004,3,AGAP002004__SITE01;AGAP002004__SITE04;AGAP002004__SITE05,1,0.89818763326226,694,1,1,9,1,10,30
AGAP002171,2,AGAP002171__SITE01;AGAP002171__SITE02,0.993603411513859,0.312366737739872,231,0.980484848484848,1,9,0.99030750145377,1,30
AGAP002171,2,AGAP002171__SITE01;AGAP002171__SITE03,0.993603411513859,0.284648187633262,243,0.980484848484848,1,9,0.99030750145377,2,30
AGAP002171,2,AGAP002171__SITE01;AGAP002171__SITE04,0.993603411513859,0.285181236673774,246,0.980484848484848,1,9,0.99030750145377,3,30
AGAP002171,2,AGAP002171__SITE01;AGAP002171__SITE05,0.993603411513859,0.267057569296375,249,0.980484848484848,1,9,0.99030750145377,4,30
AGAP002171,2,AGAP002171__SITE02;AGAP002171__SITE04,0.346481876332623,0.255330490405117,38,0.215535638070849,0,9,0.272549817220829,5,30
AGAP002171,2,AGAP002171__SITE02;AGAP002171__SITE03,0.345948827292111,0.255330490405117,35,0.215535638070849,0,9,0.272229987796521,6,30
AGAP002171,2,AGAP002171__SITE02;AGAP002171__SITE05,0.345948827292111,0.23773987206823,41,0.215535638070849,0,9,0.272229987796521,7,30
AGAP002171,2,AGAP002171__SITE03;AGAP002171__SITE04,0.287313432835821,0.286780383795309,26,0.189107981220657,0,9,0.22912045406769,8,30
AGAP002171,2,AGAP002171__SITE04;AGAP002171__SITE05,0.287313432835821,0.269189765458422,26,0.189107981220657,0,9,0.22912045406769,9,30
AGAP002171,2,AGAP002171__SITE03;AGAP002171__SITE05,0.287313432835821,0.26865671641791,29,0.189107981220657,0,9,0.22912045406769,10,30
AGAP002171,3,AGAP002171__SITE01;AGAP002171__SITE02;AGAP002171__SITE03,0.993603411513859,0.25319829424307,243,0.980484848484848,1,9,0.99030750145377,1,30
AGAP002171,3,AGAP002171__SITE01;AGAP002171__SITE02;AGAP002171__SITE04,0.993603411513859,0.25319829424307,246,0.980484848484848,1,9,0.99030750145377,2,30
AGAP002171,3,AGAP002171__SITE01;AGAP002171__SITE03;AGAP002171__SITE04,0.993603411513859,0.284648187633262,246,0.980484848484848,1,9,0.99030750145377,3,30
AGAP002171,3,AGAP002171__SITE01;AGAP002171__SITE02;AGAP002171__SITE05,0.993603411513859,0.235607675906183,249,0.980484848484848,1,9,0.99030750145377,4,30
AGAP002171,3,AGAP002171__SITE01;AGAP002171__SITE03;AGAP002171__SITE05,0.993603411513859,0.266524520255864,249,0.980484848484848,1,9,0.99030750145377,5,30
AGAP002171,3,AGAP002171__SITE01;AGAP002171__SITE04;AGAP002171__SITE05,0.993603411513859,0.267057569296375,249,0.980484848484848,1,9,0.99030750145377,6,30
AGAP002171,3,AGAP002171__SITE02;AGAP002171__SITE03;AGAP002171__SITE04,0.346481876332623,0.255330490405117,38,0.215535638070849,0,9,0.272549817220829,7,30
AGAP002171,3,AGAP002171__SITE02;AGAP002171__SITE03;AGAP002171__SITE05,0.346481876332623,0.23773987206823,41,0.215535638070849,0,9,0.272549817220829,8,30
AGAP002171,3,AGAP002171__SITE02;AGAP002171__SITE04;AGAP002171__SITE05,0.346481876332623,0.23773987206823,41,0.215535638070849,0,9,0.272549817220829,9,30
AGAP002171,3,AGAP002171__SITE03;AGAP002171__SITE04;AGAP002171__SITE05,0.287313432835821,0.26865671641791,29,0.189107981220657,0,9,0.22912045406769,10,30
AGAP002300,2,AGAP002300__SITE04;AGAP002300__SITE05,1,0.988805970149254,71,1,1,9,1,1,30
AGAP002300,2,AGAP002300__SITE03;AGAP002300__SITE05,1,0.989872068230277,72,1,1,9,1,2,30
AGAP002300,2,AGAP002300__SITE01;AGAP002300__SITE03,1,0.912046908315565,9690,1,1,9,1,3,30
AGAP002300,2,AGAP002300__SITE01;AGAP002300__SITE04,1,0.910980810234541,9691,1,1,9,1,4,30
AGAP002300,2,AGAP002300__SITE01;AGAP002300__SITE05,1,0.917910447761194,9739,1,1,9,1,5,30
AGAP002300,2,AGAP002300__SITE02;AGAP002300__SITE05,0.998400852878465,0.276119402985075,9695,0.994850211516878,1,9,0.997495575182142,6,30
AGAP002300,2,AGAP002300__SITE02;AGAP002300__SITE03,0.993603411513859,0.275053304904051,9646,0.969858523119393,1,9,0.987119603844133,7,30
AGAP002300,2,AGAP002300__SITE02;AGAP002300__SITE04,0.993070362473348,0.27452025586354,9647,0.969858523119393,1,9,0.986799774419827,8,30
AGAP002300,2,AGAP002300__SITE03;AGAP002300__SITE04,0.992004264392324,0.990938166311301,24,0.96967408314622,1,9,0.98610478357926,9,30
AGAP002300,2,AGAP002300__SITE01;AGAP002300__SITE02,0.941897654584222,0.254797441364606,67,0.871236519787244,0.444444444444444,9,0.870953993131151,10,30
AGAP002300,3,AGAP002300__SITE03;AGAP002300__SITE04;AGAP002300__SITE05,1,0.988805970149254,72,1,1,9,1,1,30
AGAP002300,3,AGAP002300__SITE01;AGAP002300__SITE02;AGAP002300__SITE03,1,0.25319829424307,9690,1,1,9,1,2,30
AGAP002300,3,AGAP002300__SITE01;AGAP002300__SITE02;AGAP002300__SITE04,1,0.252665245202559,9691,1,1,9,1,3,30
AGAP002300,3,AGAP002300__SITE01;AGAP002300__SITE03;AGAP002300__SITE04,1,0.910980810234541,9691,1,1,9,1,4,30
AGAP002300,3,AGAP002300__SITE02;AGAP002300__SITE03;AGAP002300__SITE05,1,0.27452025586354,9695,1,1,9,1,5,30
AGAP002300,3,AGAP002300__SITE02;AGAP002300__SITE04;AGAP002300__SITE05,1,0.273987206823028,9695,1,1,9,1,6,30
AGAP002300,3,AGAP002300__SITE01;AGAP002300__SITE02;AGAP002300__SITE05,1,0.254264392324094,9739,1,1,9,1,7,30
AGAP002300,3,AGAP002300__SITE01;AGAP002300__SITE03;AGAP002300__SITE05,1,0.909914712153518,9739,1,1,9,1,8,30
AGAP002300,3,AGAP002300__SITE01;AGAP002300__SITE04;AGAP002300__SITE05,1,0.908848614072495,9739,1,1,9,1,9,30
AGAP002300,3,AGAP002300__SITE02;AGAP002300__SITE03;AGAP002300__SITE04,0.993603411513859,0.27452025586354,9647,0.969858523119393,1,9,0.987119603844133,10,30
AGAP002475,2,AGAP002475__SITE01;AGAP002475__SITE05,1,0.862473347547974,460,1,1,9,1,1,30
AGAP002475,2,AGAP002475__SITE01;AGAP002475__SITE04,0.999466950959488,0.893923240938166,319,0.996014492753623,1,9,0.99848451840178,2,30
AGAP002475,2,AGAP002475__SITE04;AGAP002475__SITE05,0.997334754797441,0.769189765458422,164,0.986455828122495,1,9,0.994337601315213,3,30
AGAP002475,2,AGAP002475__SITE01;AGAP002475__SITE02,0.995735607675906,0.316631130063966,77,0.978298030471943,1,9,0.990930773747127,4,30
AGAP002475,2,AGAP002475__SITE01;AGAP002475__SITE03,0.995735607675906,0.316631130063966,78,0.978298030471943,1,9,0.990930773747127,5,30
AGAP002475,2,AGAP002475__SITE03;AGAP002475__SITE04,0.931769722814499,0.284648187633262,264,0.854793756967671,0.444444444444444,9,0.859944405223445,6,30
AGAP002475,2,AGAP002475__SITE02;AGAP002475__SITE04,0.931769722814499,0.284648187633262,265,0.854793756967671,0.444444444444444,9,0.859944405223445,7,30
AGAP002475,2,AGAP002475__SITE03;AGAP002475__SITE05,0.897121535181237,0.288379530916844,405,0.761689313772647,0.666666666666667,9,0.833446381907203,8,30
AGAP002475,2,AGAP002475__SITE02;AGAP002475__SITE05,0.897121535181237,0.288379530916844,406,0.761689313772647,0.666666666666667,9,0.833446381907203,9,30
AGAP002475,2,AGAP002475__SITE02;AGAP002475__SITE03,0.317697228144989,0.317697228144989,24,0.214047619047619,0,9,0.254832622601279,10,30
AGAP002475,3,AGAP002475__SITE01;AGAP002475__SITE02;AGAP002475__SITE05,1,0.287313432835821,460,1,1,9,1,1,30
AGAP002475,3,AGAP002475__SITE01;AGAP002475__SITE03;AGAP002475__SITE05,1,0.287313432835821,460,1,1,9,1,2,30
AGAP002475,3,AGAP002475__SITE01;AGAP002475__SITE04;AGAP002475__SITE05,1,0.764392324093817,460,1,1,9,1,3,30
AGAP002475,3,AGAP002475__SITE03;AGAP002475__SITE04;AGAP002475__SITE05,0.999466950959488,0.257462686567164,405,0.99672619047619,1,9,0.99869802771855,4,30
AGAP002475,3,AGAP002475__SITE02;AGAP002475__SITE04;AGAP002475__SITE05,0.999466950959488,0.257462686567164,406,0.99672619047619,1,9,0.99869802771855,5,30
AGAP002475,3,AGAP002475__SITE01;AGAP002475__SITE02;AGAP002475__SITE04,0.999466950959488,0.283582089552239,319,0.996014492753623,1,9,0.99848451840178,6,30
AGAP002475,3,AGAP002475__SITE01;AGAP002475__SITE03;AGAP002475__SITE04,0.999466950959488,0.283582089552239,319,0.996014492753623,1,9,0.99848451840178,7,30
AGAP002475,3,AGAP002475__SITE01;AGAP002475__SITE02;AGAP002475__SITE03,0.995735607675906,0.316631130063966,78,0.978298030471943,1,9,0.990930773747127,8,30
AGAP002475,3,AGAP002475__SITE02;AGAP002475__SITE03;AGAP002475__SITE04,0.931769722814499,0.284648187633262,265,0.854793756967671,0.444444444444444,9,0.859944405223445,9,30
AGAP002475,3,AGAP002475__SITE02;AGAP002475__SITE03;AGAP002475__SITE05,0.897121535181237,0.288379530916844,406,0.761689313772647,0.666666666666667,9,0.833446381907203,10,30
AGAP003594,2,AGAP003594__SITE02;AGAP003594__SITE03,1,0.963752665245203,51,1,1,9,1,1,30
AGAP003594,2,AGAP003594__SITE02;AGAP003594__SITE04,1,0.963752665245203,51,1,1,9,1,2,30
AGAP003594,2,AGAP003594__SITE01;AGAP003594__SITE02,1,0.971748400852879,69,1,1,9,1,3,30
AGAP003594,2,AGAP003594__SITE03;AGAP003594__SITE05,1,0.909914712153518,126,1,1,9,1,4,30
AGAP003594,2,AGAP003594__SITE04;AGAP003594__SITE05,1,0.909914712153518,126,1,1,9,1,5,30
AGAP003594,2,AGAP003594__SITE01;AGAP003594__SITE05,1,0.917910447761194,200,1,1,9,1,6,30
AGAP003594,2,AGAP003594__SITE01;AGAP003594__SITE03,0.994136460554371,0.982942430703625,97,0.986419753086419,1,9,0.992407802258548,7,30
AGAP003594,2,AGAP003594__SITE01;AGAP003594__SITE04,0.994136460554371,0.982942430703625,97,0.986419753086419,1,9,0.992407802258548,8,30
AGAP003594,2,AGAP003594__SITE03;AGAP003594__SITE04,0.98454157782516,0.98454157782516,23,0.967407407407408,1,9,0.980947168917318,9,30
AGAP003594,2,AGAP003594__SITE02;AGAP003594__SITE05,0.989872068230277,0.914712153518124,154,0.938309859154929,0.777777777777778,9,0.953193976462423,10,30
AGAP003594,3,AGAP003594__SITE02;AGAP003594__SITE03;AGAP003594__SITE04,1,0.963752665245203,51,1,1,9,1,1,30
AGAP003594,3,AGAP003594__SITE01;AGAP003594__SITE02;AGAP003594__SITE03,1,0.962153518123667,97,1,1,9,1,2,30
AGAP003594,3,AGAP003594__SITE01;AGAP003594__SITE02;AGAP003594__SITE04,1,0.962153518123667,97,1,1,9,1,3,30
AGAP003594,3,AGAP003594__SITE03;AGAP003594__SITE04;AGAP003594__SITE05,1,0.909914712153518,126,1,1,9,1,4,30
AGAP003594,3,AGAP003594__SITE02;AGAP003594__SITE03;AGAP003594__SITE05,1,0.899253731343284,154,1,1,9,1,5,30
AGAP003594,3,AGAP003594__SITE02;AGAP003594__SITE04;AGAP003594__SITE05,1,0.899253731343284,154,1,1,9,1,6,30
AGAP003594,3,AGAP003594__SITE01;AGAP003594__SITE02;AGAP003594__SITE05,1,0.90724946695096,200,1,1,9,1,7,30
AGAP003594,3,AGAP003594__SITE01;AGAP003594__SITE03;AGAP003594__SITE05,1,0.908315565031983,200,1,1,9,1,8,30
AGAP003594,3,AGAP003594__SITE01;AGAP003594__SITE04;AGAP003594__SITE05,1,0.908315565031983,200,1,1,9,1,9,30
AGAP003594,3,AGAP003594__SITE01;AGAP003594__SITE03;AGAP003594__SITE04,0.994136460554371,0.982942430703625,97,0.986419753086419,1,9,0.992407802258548,10,30
AGAP003595,2,AGAP003595__SITE03;AGAP003595__SITE04,1,0.947228144989339,78,1,1,9,1,1,30
AGAP003595,2,AGAP003595__SITE04;AGAP003595__SITE05,1,0.986140724946695,211,1,1,9,1,2,30
AGAP003595,2,AGAP003595__SITE01;AGAP003595__SITE04,1,0.978144989339019,227,1,1,9,1,3,30
AGAP003595,2,AGAP003595__SITE03;AGAP003595__SITE05,1,0.947228144989339,266,1,1,9,1,4,30
AGAP003595,2,AGAP003595__SITE02;AGAP003595__SITE04,0.999466950959488,0.931769722814499,226,0.995299145299145,1,9,0.998269914165436,5,30
AGAP003595,2,AGAP003595__SITE02;AGAP003595__SITE05,0.998933901918977,0.932302771855011,414,0.993057902973396,1,9,0.997277712043405,6,30
AGAP003595,2,AGAP003595__SITE01;AGAP003595__SITE05,0.998933901918977,0.979211087420043,415,0.993057902973396,1,9,0.997277712043405,7,30
AGAP003595,2,AGAP003595__SITE02;AGAP003595__SITE03,0.998400852878465,0.893923240938166,171,0.989642857142857,1,9,0.995933368869936,8,30
AGAP003595,2,AGAP003595__SITE01;AGAP003595__SITE03,0.998400852878465,0.940831556503198,172,0.989642857142857,1,9,0.995933368869936,9,30
AGAP003595,2,AGAP003595__SITE01;AGAP003595__SITE02,0.986673773987207,0.936567164179104,24,0.968043818466354,1,9,0.98241740993223,10,30
AGAP003595,3,AGAP003595__SITE02;AGAP003595__SITE03;AGAP003595__SITE04,1,0.887526652452026,226,1,1,9,1,1,30
AGAP003595,3,AGAP003595__SITE01;AGAP003595__SITE02;AGAP003595__SITE04,1,0.930170575692964,227,1,1,9,1,2,30
AGAP003595,3,AGAP003595__SITE01;AGAP003595__SITE03;AGAP003595__SITE04,1,0.933901918976546,227,1,1,9,1,3,30
AGAP003595,3,AGAP003595__SITE03;AGAP003595__SITE04;AGAP003595__SITE05,1,0.940298507462687,266,1,1,9,1,4,30
AGAP003595,3,AGAP003595__SITE02;AGAP003595__SITE03;AGAP003595__SITE05,1,0.888059701492537,414,1,1,9,1,5,30
AGAP003595,3,AGAP003595__SITE02;AGAP003595__SITE04;AGAP003595__SITE05,1,0.92590618336887,414,1,1,9,1,6,30
AGAP003595,3,AGAP003595__SITE01;AGAP003595__SITE03;AGAP003595__SITE05,1,0.934968017057569,415,1,1,9,1,7,30
AGAP003595,3,AGAP003595__SITE01;AGAP003595__SITE04;AGAP003595__SITE05,1,0.97228144989339,415,1,1,9,1,8,30
AGAP003595,3,AGAP003595__SITE01;AGAP003595__SITE02;AGAP003595__SITE05,0.998933901918977,0.930703624733475,415,0.993057902973396,1,9,0.997277712043405,9,30
AGAP003595,3,AGAP003595__SITE01;AGAP003595__SITE02;AGAP003595__SITE03,0.998400852878465,0.892324093816631,172,0.989642857142857,1,9,0.995933368869936,10,30
AGAP003769,2,AGAP003769__SITE01;AGAP003769__SITE02,1,0.952558635394456,34,1,1,9,1,1,30
AGAP003769,2,AGAP003769__SITE01;AGAP003769__SITE04,1,0.880063965884861,126,1,1,9,1,2,30
AGAP003769,2,AGAP003769__SITE01;AGAP003769__SITE05,1,0.944029850746269,142,1,1,9,1,3,30
AGAP003769,2,AGAP003769__SITE02;AGAP003769__SITE03,0.999466950959488,0.968017057569296,64,0.995111111111111,1,9,0.998213503909026,4,30
AGAP003769,2,AGAP003769__SITE03;AGAP003769__SITE04,0.999466950959488,0.895522388059702,74,0.995111111111111,1,9,0.998213503909026,5,30
AGAP003769,2,AGAP003769__SITE03;AGAP003769__SITE05,0.999466950959488,0.959488272921109,90,0.995111111111111,1,9,0.998213503909026,6,30
AGAP003769,2,AGAP003769__SITE02;AGAP003769__SITE04,0.99680170575693,0.889125799573561,115,0.976444444444445,1,9,0.991014356787491,7,30
AGAP003769,2,AGAP003769__SITE01;AGAP003769__SITE03,0.988805970149254,0.972814498933902,75,0.947743348982786,0.888888888888889,9,0.966495475673277,8,30
AGAP003769,2,AGAP003769__SITE04;AGAP003769__SITE05,0.989872068230277,0.887526652452026,39,0.938309859154929,0.777777777777778,9,0.953193976462423,9,30
AGAP003769,2,AGAP003769__SITE02;AGAP003769__SITE05,0.98454157782516,0.965351812366738,131,0.892444444444445,0.777777777777778,9,0.936236057806207,10,30
AGAP003769,3,AGAP003769__SITE01;AGAP003769__SITE02;AGAP003769__SITE03,1,0.952558635394456,75,1,1,9,1,1,30
AGAP003769,3,AGAP003769__SITE01;AGAP003769__SITE02;AGAP003769__SITE04,1,0.862473347547974,126,1,1,9,1,2,30
AGAP003769,3,AGAP003769__SITE01;AGAP003769__SITE03;AGAP003769__SITE04,1,0.880063965884861,126,1,1,9,1,3,30
AGAP003769,3,AGAP003769__SITE01;AGAP003769__SITE02;AGAP003769__SITE05,1,0.938699360341151,142,1,1,9,1,4,30
AGAP003769,3,AGAP003769__SITE01;AGAP003769__SITE03;AGAP003769__SITE05,1,0.944029850746269,142,1,1,9,1,5,30
AGAP003769,3,AGAP003769__SITE01;AGAP003769__SITE04;AGAP003769__SITE05,1,0.860874200426439,142,1,1,9,1,6,30
AGAP003769,3,AGAP003769__SITE03;AGAP003769__SITE04;AGAP003769__SITE05,0.999466950959488,0.876332622601279,90,0.995111111111111,1,9,0.998213503909026,7,30
AGAP003769,3,AGAP003769__SITE02;AGAP003769__SITE03;AGAP003769__SITE04,0.999466950959488,0.877931769722814,115,0.995111111111111,1,9,0.998213503909026,8,30
AGAP003769,3,AGAP003769__SITE02;AGAP003769__SITE03;AGAP003769__SITE05,0.999466950959488,0.954157782515992,131,0.995111111111111,1,9,0.998213503909026,9,30
AGAP003769,3,AGAP003769__SITE02;AGAP003769__SITE04;AGAP003769__SITE05,0.997334754797441,0.88272921108742,131,0.9781220657277,1,9,0.991837472596774,10,30
AGAP004036,2,AGAP004036__SITE04;AGAP004036__SITE05,0.999466950959488,0.892857142857143,83,0.99672619047619,1,9,0.99869802771855,1,30
AGAP004036,2,AGAP004036__SITE03;AGAP004036__SITE05,0.999466950959488,0.893390191897655,84,0.99672619047619,1,9,0.99869802771855,2,30
AGAP004036,2,AGAP004036__SITE02;AGAP004036__SITE03,0.998400852878465,0.335287846481876,46,0.991455399061033,1,9,0.996477131445389,3,30
AGAP004036,2,AGAP004036__SITE01;AGAP004036__SITE03,0.998400852878465,0.760127931769723,125,0.991455399061033,1,9,0.996477131445389,4,30
AGAP004036,2,AGAP004036__SITE01;AGAP004036__SITE04,0.998400852878465,0.759594882729211,126,0.991455399061033,1,9,0.996477131445389,5,30
AGAP004036,2,AGAP004036__SITE02;AGAP004036__SITE04,0.997867803837953,0.335287846481876,47,0.984788732394366,1,9,0.994157302021082,6,30
AGAP004036,2,AGAP004036__SITE03;AGAP004036__SITE04,0.987206823027719,0.986673773987207,24,0.945471014492754,0.888888888888889,9,0.964854287053346,7,30
AGAP004036,2,AGAP004036__SITE01;AGAP004036__SITE05,0.973347547974414,0.70362473347548,186,0.938447971781305,0.888888888888889,9,0.954431809207929,8,30
AGAP004036,2,AGAP004036__SITE02;AGAP004036__SITE05,0.965351812366738,0.286780383795309,107,0.921384479717813,0.888888888888889,9,0.944515320224276,9,30
AGAP004036,2,AGAP004036__SITE01;AGAP004036__SITE02,0.773454157782516,0.344349680170576,102,0.662146307798482,0.111111111111111,9,0.673827498120165,10,30
AGAP004036,3,AGAP004036__SITE03;AGAP004036__SITE04;AGAP004036__SITE05,0.999466950959488,0.892857142857143,84,0.99672619047619,1,9,0.99869802771855,1,30
AGAP004036,3,AGAP004036__SITE02;AGAP004036__SITE03;AGAP004036__SITE05,0.999466950959488,0.275586353944563,107,0.99672619047619,1,9,0.99869802771855,2,30
AGAP004036,3,AGAP004036__SITE02;AGAP004036__SITE04;AGAP004036__SITE05,0.999466950959488,0.275586353944563,107,0.99672619047619,1,9,0.99869802771855,3,30
AGAP004036,3,AGAP004036__SITE01;AGAP004036__SITE03;AGAP004036__SITE05,0.999466950959488,0.692430703624734,186,0.99672619047619,1,9,0.99869802771855,4,30
AGAP004036,3,AGAP004036__SITE01;AGAP004036__SITE04;AGAP004036__SITE05,0.999466950959488,0.691897654584222,186,0.99672619047619,1,9,0.99869802771855,5,30
AGAP004036,3,AGAP004036__SITE02;AGAP004036__SITE03;AGAP004036__SITE04,0.998400852878465,0.335287846481876,47,0.991455399061033,1,9,0.996477131445389,6,30
AGAP004036,3,AGAP004036__SITE01;AGAP004036__SITE02;AGAP004036__SITE03,0.998400852878465,0.333155650319829,125,0.991455399061033,1,9,0.996477131445389,7,30
AGAP004036,3,AGAP004036__SITE01;AGAP004036__SITE02;AGAP004036__SITE04,0.998400852878465,0.333155650319829,126,0.991455399061033,1,9,0.996477131445389,8,30
AGAP004036,3,AGAP004036__SITE01;AGAP004036__SITE03;AGAP004036__SITE04,0.998400852878465,0.759594882729211,126,0.991455399061033,1,9,0.996477131445389,9,30
AGAP004036,3,AGAP004036__SITE01;AGAP004036__SITE02;AGAP004036__SITE05,0.973347547974414,0.284648187633262,186,0.938447971781305,0.888888888888889,9,0.954431809207929,10,30
AGAP004038,2,AGAP004038__SITE01;AGAP004038__SITE02,1,0.888059701492537,69,1,1,9,1,1,30
AGAP004038,2,AGAP004038__SITE01;AGAP004038__SITE05,1,0.821428571428571,403,1,1,9,1,2,30
AGAP004038,2,AGAP004038__SITE02;AGAP004038__SITE05,0.997334754797441,0.722814498933902,357,0.997530864197531,1,9,0.997660112137724,3,30
AGAP004038,2,AGAP004038__SITE01;AGAP004038__SITE03,0.994669509594883,0.0106609808102345,229,0.97744071265198,1,9,0.990033919552524,4,30
AGAP004038,2,AGAP004038__SITE02;AGAP004038__SITE03,0.893390191897655,0.0106609808102345,183,0.565842490842491,0.444444444444444,9,0.750231306835785,5,30
AGAP004038,2,AGAP004038__SITE03;AGAP004038__SITE05,0.826759061833689,0.0106609808102345,197,0.636376811594203,0.111111111111111,9,0.698079591689585,6,30
AGAP004038,3,AGAP004038__SITE01;AGAP004038__SITE02;AGAP004038__SITE03,1,0.0106609808102345,229,1,1,9,1,1,30
AGAP004038,3,AGAP004038__SITE01;AGAP004038__SITE02;AGAP004038__SITE05,1,0.717484008528785,403,1,1,9,1,2,30
AGAP004038,3,AGAP004038__SITE01;AGAP004038__SITE03;AGAP004038__SITE05,1,0.0106609808102345,403,1,1,9,1,3,30
AGAP004038,3,AGAP004038__SITE02;AGAP004038__SITE03;AGAP004038__SITE05,0.997334754797441,0.0106609808102345,357,0.997530864197531,1,9,0.997660112137724,4,30
AGAP004050,2,AGAP004050__SITE01;AGAP004050__SITE02,1,1,26,1,1,9,1,1,30
AGAP004050,2,AGAP004050__SITE02;AGAP004050__SITE03,1,0.909914712153518,218,1,1,9,1,2,30
AGAP004050,2,AGAP004050__SITE02;AGAP004050__SITE04,1,0.909914712153518,219,1,1,9,1,3,30
AGAP004050,2,AGAP004050__SITE01;AGAP004050__SITE03,1,0.909914712153518,221,1,1,9,1,4,30
AGAP004050,2,AGAP004050__SITE01;AGAP004050__SITE04,1,0.909914712153518,222,1,1,9,1,5,30
AGAP004050,2,AGAP004050__SITE02;AGAP004050__SITE05,1,0.610341151385928,865,1,1,9,1,6,30
AGAP004050,2,AGAP004050__SITE01;AGAP004050__SITE05,1,0.610341151385928,868,1,1,9,1,7,30
AGAP004050,2,AGAP004050__SITE04;AGAP004050__SITE05,0.982942430703625,0.537313432835821,669,0.939298654244306,0.888888888888889,9,0.960443943584356,8,30
AGAP004050,2,AGAP004050__SITE03;AGAP004050__SITE05,0.982942430703625,0.537313432835821,670,0.939298654244306,0.888888888888889,9,0.960443943584356,9,30
AGAP004050,2,AGAP004050__SITE03;AGAP004050__SITE04,0.909914712153518,0.909914712153518,24,0.825238496071829,0.444444444444444,9,0.837964820558104,10,30
AGAP004050,3,AGAP004050__SITE02;AGAP004050__SITE03;AGAP004050__SITE04,1,0.909914712153518,219,1,1,9,1,1,30
AGAP004050,3,AGAP004050__SITE01;AGAP004050__SITE02;AGAP004050__SITE03,1,0.909914712153518,221,1,1,9,1,2,30
AGAP004050,3,AGAP004050__SITE01;AGAP004050__SITE02;AGAP004050__SITE04,1,0.909914712153518,222,1,1,9,1,3,30
AGAP004050,3,AGAP004050__SITE01;AGAP004050__SITE03;AGAP004050__SITE04,1,0.909914712153518,222,1,1,9,1,4,30
AGAP004050,3,AGAP004050__SITE02;AGAP004050__SITE03;AGAP004050__SITE05,1,0.537313432835821,865,1,1,9,1,5,30
AGAP004050,3,AGAP004050__SITE02;AGAP004050__SITE04;AGAP004050__SITE05,1,0.537313432835821,865,1,1,9,1,6,30
AGAP004050,3,AGAP004050__SITE01;AGAP004050__SITE02;AGAP004050__SITE05,1,0.610341151385928,868,1,1,9,1,7,30
AGAP004050,3,AGAP004050__SITE01;AGAP004050__SITE03;AGAP004050__SITE05,1,0.537313432835821,868,1,1,9,1,8,30
AGAP004050,3,AGAP004050__SITE01;AGAP004050__SITE04;AGAP004050__SITE05,1,0.537313432835821,868,1,1,9,1,9,30
AGAP004050,3,AGAP004050__SITE03;AGAP004050__SITE04;AGAP004050__SITE05,0.982942430703625,0.537313432835821,670,0.939298654244306,0.888888888888889,9,0.960443943584356,10,30
AGAP004057,2,AGAP004057__SITE04;AGAP004057__SITE05,0.995202558635394,0.63592750533049,74,0.96972049689441,1,9,0.988037684249559,1,30
AGAP004057,2,AGAP004057__SITE03;AGAP004057__SITE05,0.995202558635394,0.634861407249467,95,0.96972049689441,1,9,0.988037684249559,2,30
AGAP004057,2,AGAP004057__SITE02;AGAP004057__SITE05,0.985607675906183,0.17910447761194,139,0.937474120082816,0.888888888888889,9,0.961495730457444,3,30
AGAP004057,2,AGAP004057__SITE01;AGAP004057__SITE05,0.985607675906183,0.17910447761194,140,0.937474120082816,0.888888888888889,9,0.961495730457444,4,30
AGAP004057,2,AGAP004057__SITE02;AGAP004057__SITE04,0.649786780383795,0.174840085287846,88,0.427536231884058,0.111111111111111,9,0.529244048906605,5,30
AGAP004057,2,AGAP004057__SITE01;AGAP004057__SITE04,0.649786780383795,0.174840085287846,89,0.427536231884058,0.111111111111111,9,0.529244048906605,6,30
AGAP004057,2,AGAP004057__SITE02;AGAP004057__SITE03,0.64818763326226,0.175373134328358,67,0.427536231884058,0.111111111111111,9,0.528284560633685,7,30
AGAP004057,2,AGAP004057__SITE01;AGAP004057__SITE03,0.64818763326226,0.175373134328358,68,0.427536231884058,0.111111111111111,9,0.528284560633685,8,30
AGAP004057,2,AGAP004057__SITE03;AGAP004057__SITE04,0.647121535181237,0.642857142857143,44,0.427536231884058,0.111111111111111,9,0.527644901785071,9,30
AGAP004057,2,AGAP004057__SITE01;AGAP004057__SITE02,0.17910447761194,0.17910447761194,24,0,0,9,0.107462686567164,10,30
AGAP004057,3,AGAP004057__SITE03;AGAP004057__SITE04;AGAP004057__SITE05,0.995202558635394,0.633262260127932,95,0.96972049689441,1,9,0.988037684249559,1,30
AGAP004057,3,AGAP004057__SITE02;AGAP004057__SITE03;AGAP004057__SITE05,0.995202558635394,0.175373134328358,139,0.96972049689441,1,9,0.988037684249559,2,30
AGAP004057,3,AGAP004057__SITE02;AGAP004057__SITE04;AGAP004057__SITE05,0.995202558635394,0.174840085287846,139,0.96972049689441,1,9,0.988037684249559,3,30
AGAP004057,3,AGAP004057__SITE01;AGAP004057__SITE03;AGAP004057__SITE05,0.995202558635394,0.175373134328358,140,0.96972049689441,1,9,0.988037684249559,4,30
AGAP004057,3,AGAP004057__SITE01;AGAP004057__SITE04;AGAP004057__SITE05,0.995202558635394,0.174840085287846,140,0.96972049689441,1,9,0.988037684249559,5,30
AGAP004057,3,AGAP004057__SITE01;AGAP004057__SITE02;AGAP004057__SITE05,0.985607675906183,0.17910447761194,140,0.937474120082816,0.888888888888889,9,0.961495730457444,6,30
AGAP004057,3,AGAP004057__SITE02;AGAP004057__SITE03;AGAP004057__SITE04,0.650852878464819,0.174840085287846,88,0.427536231884058,0.111111111111111,9,0.52988370775522,7,30
AGAP004057,3,AGAP004057__SITE01;AGAP004057__SITE03;AGAP004057__SITE04,0.650852878464819,0.174840085287846,89,0.427536231884058,0.111111111111111,9,0.52988370775522,8,30
AGAP004057,3,AGAP004057__SITE01;AGAP004057__SITE02;AGAP004057__SITE04,0.649786780383795,0.174840085287846,89,0.427536231884058,0.111111111111111,9,0.529244048906605,9,30
AGAP004057,3,AGAP004057__SITE01;AGAP004057__SITE02;AGAP004057__SITE03,0.64818763326226,0.175373134328358,68,0.427536231884058,0.111111111111111,9,0.528284560633685,10,30
AGAP004078,2,AGAP004078__SITE03;AGAP004078__SITE04,1,0.639658848614073,82,1,1,9,1,1,30
AGAP004078,2,AGAP004078__SITE02;AGAP004078__SITE04,1,0.934434968017058,255,1,1,9,1,2,30
AGAP004078,2,AGAP004078__SITE02;AGAP004078__SITE05,1,0.531982942430704,261,1,1,9,1,3,30
AGAP004078,2,AGAP004078__SITE01;AGAP004078__SITE04,1,0.899253731343284,271,1,1,9,1,4,30
AGAP004078,2,AGAP004078__SITE04;AGAP004078__SITE05,0.988805970149254,0.5863539445629,29,0.922366197183098,0.888888888888889,9,0.958882330133371,5,30
AGAP004078,2,AGAP004078__SITE01;AGAP004078__SITE05,0.967484008528785,0.529317697228145,277,0.934889962426194,0.777777777777778,9,0.938735171622907,6,30
AGAP004078,2,AGAP004078__SITE03;AGAP004078__SITE05,0.923773987206823,0.313432835820896,88,0.839130434782609,0.333333333333333,9,0.83933685609221,7,30
AGAP004078,2,AGAP004078__SITE01;AGAP004078__SITE02,0.945628997867804,0.91044776119403,39,0.52051282051282,0.888888888888889,9,0.812420133763417,8,30
AGAP004078,2,AGAP004078__SITE02;AGAP004078__SITE03,0.945628997867804,0.650852878464819,196,0.52051282051282,0.888888888888889,9,0.812420133763417,9,30
AGAP004078,2,AGAP004078__SITE01;AGAP004078__SITE03,0.931769722814499,0.62953091684435,212,0.510367892976588,0.888888888888889,9,0.801061090470565,10,30
AGAP004078,3,AGAP004078__SITE03;AGAP004078__SITE04;AGAP004078__SITE05,1,0.313432835820896,88,1,1,9,1,1,30
AGAP004078,3,AGAP004078__SITE02;AGAP004078__SITE03;AGAP004078__SITE04,1,0.639658848614073,255,1,1,9,1,2,30
AGAP004078,3,AGAP004078__SITE02;AGAP004078__SITE03;AGAP004078__SITE05,1,0.313432835820896,261,1,1,9,1,3,30
AGAP004078,3,AGAP004078__SITE02;AGAP004078__SITE04;AGAP004078__SITE05,1,0.531982942430704,261,1,1,9,1,4,30
AGAP004078,3,AGAP004078__SITE01;AGAP004078__SITE02;AGAP004078__SITE04,1,0.899253731343284,271,1,1,9,1,5,30
AGAP004078,3,AGAP004078__SITE01;AGAP004078__SITE03;AGAP004078__SITE04,1,0.618336886993603,271,1,1,9,1,6,30
AGAP004078,3,AGAP004078__SITE01;AGAP004078__SITE02;AGAP004078__SITE05,1,0.529317697228145,277,1,1,9,1,7,30
AGAP004078,3,AGAP004078__SITE01;AGAP004078__SITE04;AGAP004078__SITE05,1,0.529317697228145,277,1,1,9,1,8,30
AGAP004078,3,AGAP004078__SITE01;AGAP004078__SITE03;AGAP004078__SITE05,0.986140724946695,0.310767590618337,277,0.965434782608695,1,9,0.981314869750626,9,30
AGAP004078,3,AGAP004078__SITE01;AGAP004078__SITE02;AGAP004078__SITE03,0.945628997867804,0.62953091684435,212,0.52051282051282,0.888888888888889,9,0.812420133763417,10,30
AGAP004239,2,AGAP004239__SITE04;AGAP004239__SITE05,1,0.898720682302772,189,1,1,9,1,1,30
AGAP004239,2,AGAP004239__SITE03;AGAP004239__SITE04,1,0.897121535181237,215,1,1,9,1,2,30
AGAP004239,2,AGAP004239__SITE02;AGAP004239__SITE03,1,0.942963752665245,320,1,1,9,1,3,30
AGAP004239,2,AGAP004239__SITE01;AGAP004239__SITE03,1,0.942963752665245,325,1,1,9,1,4,30
AGAP004239,2,AGAP004239__SITE03;AGAP004239__SITE05,1,0.907782515991471,381,1,1,9,1,5,30
AGAP004239,2,AGAP004239__SITE02;AGAP004239__SITE04,1,0.933901918976546,512,1,1,9,1,6,30
AGAP004239,2,AGAP004239__SITE01;AGAP004239__SITE04,1,0.933901918976546,517,1,1,9,1,7,30
AGAP004239,2,AGAP004239__SITE02;AGAP004239__SITE05,1,0.94456289978678,678,1,1,9,1,8,30
AGAP004239,2,AGAP004239__SITE01;AGAP004239__SITE05,1,0.94456289978678,683,1,1,9,1,9,30
AGAP004239,2,AGAP004239__SITE01;AGAP004239__SITE02,0.989872068230277,0.989872068230277,28,0.912051282051282,0.888888888888889,9,0.95642751444244,10,30
AGAP004239,3,AGAP004239__SITE01;AGAP004239__SITE02;AGAP004239__SITE03,1,0.942963752665245,325,1,1,9,1,1,30
AGAP004239,3,AGAP004239__SITE03;AGAP004239__SITE04;AGAP004239__SITE05,1,0.85181236673774,381,1,1,9,1,2,30
AGAP004239,3,AGAP004239__SITE02;AGAP004239__SITE03;AGAP004239__SITE04,1,0.886993603411514,512,1,1,9,1,3,30
AGAP004239,3,AGAP004239__SITE01;AGAP004239__SITE02;AGAP004239__SITE04,1,0.933901918976546,517,1,1,9,1,4,30
AGAP004239,3,AGAP004239__SITE01;AGAP004239__SITE03;AGAP004239__SITE04,1,0.886993603411514,517,1,1,9,1,5,30
AGAP004239,3,AGAP004239__SITE02;AGAP004239__SITE03;AGAP004239__SITE05,1,0.897654584221748,678,1,1,9,1,6,30
AGAP004239,3,AGAP004239__SITE02;AGAP004239__SITE04;AGAP004239__SITE05,1,0.888592750533049,678,1,1,9,1,7,30
AGAP004239,3,AGAP004239__SITE01;AGAP004239__SITE02;AGAP004239__SITE05,1,0.94456289978678,683,1,1,9,1,8,30
AGAP004239,3,AGAP004239__SITE01;AGAP004239__SITE03;AGAP004239__SITE05,1,0.897654584221748,683,1,1,9,1,9,30
AGAP004239,3,AGAP004239__SITE01;AGAP004239__SITE04;AGAP004239__SITE05,1,0.888592750533049,683,1,1,9,1,10,30
AGAP004467,2,AGAP004467__SITE01;AGAP004467__SITE02,1,0.86727078891258,66,1,1,9,1,1,30
AGAP004467,2,AGAP004467__SITE01;AGAP004467__SITE03,1,0.86727078891258,69,1,1,9,1,2,30
AGAP004467,2,AGAP004467__SITE03;AGAP004467__SITE04,1,0.848081023454158,71,1,1,9,1,3,30
AGAP004467,2,AGAP004467__SITE02;AGAP004467__SITE04,1,0.848081023454158,74,1,1,9,1,4,30
AGAP004467,2,AGAP004467__SITE03;AGAP004467__SITE05,1,0.850746268656716,82,1,1,9,1,5,30
AGAP004467,2,AGAP004467__SITE02;AGAP004467__SITE05,1,0.850746268656716,85,1,1,9,1,6,30
AGAP004467,2,AGAP004467__SITE01;AGAP004467__SITE04,1,0.953091684434968,117,1,1,9,1,7,30
AGAP004467,2,AGAP004467__SITE01;AGAP004467__SITE05,1,0.955756929637527,128,1,1,9,1,8,30
AGAP004467,2,AGAP004467__SITE04;AGAP004467__SITE05,0.969616204690831,0.966950959488273,34,0.787210012210012,0.888888888888889,9,0.906821615366391,9,30
AGAP004467,2,AGAP004467__SITE02;AGAP004467__SITE03,0.881130063965885,0.881130063965885,26,0.754969989752598,0.333333333333333,9,0.788502368638644,10,30
AGAP004467,3,AGAP004467__SITE01;AGAP004467__SITE02;AGAP004467__SITE03,1,0.86727078891258,69,1,1,9,1,1,30
AGAP004467,3,AGAP004467__SITE02;AGAP004467__SITE03;AGAP004467__SITE04,1,0.848081023454158,74,1,1,9,1,2,30
AGAP004467,3,AGAP004467__SITE03;AGAP004467__SITE04;AGAP004467__SITE05,1,0.848081023454158,82,1,1,9,1,3,30
AGAP004467,3,AGAP004467__SITE02;AGAP004467__SITE03;AGAP004467__SITE05,1,0.850746268656716,85,1,1,9,1,4,30
AGAP004467,3,AGAP004467__SITE02;AGAP004467__SITE04;AGAP004467__SITE05,1,0.848081023454158,85,1,1,9,1,5,30
AGAP004467,3,AGAP004467__SITE01;AGAP004467__SITE02;AGAP004467__SITE04,1,0.834221748400853,117,1,1,9,1,6,30
AGAP004467,3,AGAP004467__SITE01;AGAP004467__SITE03;AGAP004467__SITE04,1,0.834221748400853,117,1,1,9,1,7,30
AGAP004467,3,AGAP004467__SITE01;AGAP004467__SITE02;AGAP004467__SITE05,1,0.836886993603412,128,1,1,9,1,8,30
AGAP004467,3,AGAP004467__SITE01;AGAP004467__SITE03;AGAP004467__SITE05,1,0.836886993603412,128,1,1,9,1,9,30
AGAP004467,3,AGAP004467__SITE01;AGAP004467__SITE04;AGAP004467__SITE05,1,0.953091684434968,128,1,1,9,1,10,30
AGAP004502,2,AGAP004502__SITE02;AGAP004502__SITE03,1,0.98454157782516,38,1,1,9,1,1,30
AGAP004502,2,AGAP004502__SITE01;AGAP004502__SITE02,1,0.997334754797441,96,1,1,9,1,2,30
AGAP004502,2,AGAP004502__SITE01;AGAP004502__SITE03,1,0.981876332622601,111,1,1,9,1,3,30
AGAP004502,2,AGAP004502__SITE03;AGAP004502__SITE04,1,0.984008528784648,198,1,1,9,1,4,30
AGAP004502,2,AGAP004502__SITE02;AGAP004502__SITE04,1,0.999466950959488,213,1,1,9,1,5,30
AGAP004502,2,AGAP004502__SITE04;AGAP004502__SITE05,1,0.994136460554371,218,1,1,9,1,6,30
AGAP004502,2,AGAP004502__SITE01;AGAP004502__SITE04,1,0.99680170575693,286,1,1,9,1,7,30
AGAP004502,2,AGAP004502__SITE03;AGAP004502__SITE05,1,0.979211087420043,393,1,1,9,1,8,30
AGAP004502,2,AGAP004502__SITE02;AGAP004502__SITE05,1,0.994669509594883,408,1,1,9,1,9,30
AGAP004502,2,AGAP004502__SITE01;AGAP004502__SITE05,1,0.992004264392324,481,1,1,9,1,10,30
AGAP004502,3,AGAP004502__SITE01;AGAP004502__SITE02;AGAP004502__SITE03,1,0.981876332622601,111,1,1,9,1,1,30
AGAP004502,3,AGAP004502__SITE02;AGAP004502__SITE03;AGAP004502__SITE04,1,0.984008528784648,213,1,1,9,1,2,30
AGAP004502,3,AGAP004502__SITE01;AGAP004502__SITE02;AGAP004502__SITE04,1,0.99680170575693,286,1,1,9,1,3,30
AGAP004502,3,AGAP004502__SITE01;AGAP004502__SITE03;AGAP004502__SITE04,1,0.98134328358209,286,1,1,9,1,4,30
AGAP004502,3,AGAP004502__SITE03;AGAP004502__SITE04;AGAP004502__SITE05,1,0.978678038379531,393,1,1,9,1,5,30
AGAP004502,3,AGAP004502__SITE02;AGAP004502__SITE03;AGAP004502__SITE05,1,0.979211087420043,408,1,1,9,1,6,30
AGAP004502,3,AGAP004502__SITE02;AGAP004502__SITE04;AGAP004502__SITE05,1,0.994136460554371,408,1,1,9,1,7,30
AGAP004502,3,AGAP004502__SITE01;AGAP004502__SITE02;AGAP004502__SITE05,1,0.992004264392324,481,1,1,9,1,8,30
AGAP004502,3,AGAP004502__SITE01;AGAP004502__SITE03;AGAP004502__SITE05,1,0.976545842217484,481,1,1,9,1,9,30
AGAP004502,3,AGAP004502__SITE01;AGAP004502__SITE04;AGAP004502__SITE05,1,0.991471215351812,481,1,1,9,1,10,30
AGAP004521,2,AGAP004521__SITE02;AGAP004521__SITE03,0.996268656716418,0.814498933901919,164,0.991402116402116,1,9,0.995181828950486,1,30
AGAP004521,2,AGAP004521__SITE02;AGAP004521__SITE04,0.996268656716418,0.814498933901919,168,0.991402116402116,1,9,0.995181828950486,2,30
AGAP004521,2,AGAP004521__SITE02;AGAP004521__SITE05,0.996268656716418,0.815565031982942,177,0.991402116402116,1,9,0.995181828950486,3,30
AGAP004521,2,AGAP004521__SITE01;AGAP004521__SITE03,0.993603411513859,0.578891257995736,324,0.986528825026477,1,9,0.992120694416259,4,30
AGAP004521,2,AGAP004521__SITE01;AGAP004521__SITE04,0.993603411513859,0.578891257995736,328,0.986528825026477,1,9,0.992120694416259,5,30
AGAP004521,2,AGAP004521__SITE01;AGAP004521__SITE05,0.993603411513859,0.579957356076759,337,0.986528825026477,1,9,0.992120694416259,6,30
AGAP004521,2,AGAP004521__SITE04;AGAP004521__SITE05,0.982942430703625,0.981876332622601,32,0.960933001512712,1,9,0.978045358875988,7,30
AGAP004521,2,AGAP004521__SITE03;AGAP004521__SITE05,0.982942430703625,0.981876332622601,36,0.960933001512712,1,9,0.978045358875988,8,30
AGAP004521,2,AGAP004521__SITE03;AGAP004521__SITE04,0.981876332622601,0.981876332622601,27,0.960035133948178,1,9,0.977136339758014,9,30
AGAP004521,2,AGAP004521__SITE01;AGAP004521__SITE02,0.91044776119403,0.509061833688699,183,0.732936507936508,0.444444444444444,9,0.810594053541815,10,30
AGAP004521,3,AGAP004521__SITE02;AGAP004521__SITE03;AGAP004521__SITE04,0.996268656716418,0.814498933901919,168,0.991402116402116,1,9,0.995181828950486,1,30
AGAP004521,3,AGAP004521__SITE02;AGAP004521__SITE03;AGAP004521__SITE05,0.996268656716418,0.814498933901919,177,0.991402116402116,1,9,0.995181828950486,2,30
AGAP004521,3,AGAP004521__SITE02;AGAP004521__SITE04;AGAP004521__SITE05,0.996268656716418,0.814498933901919,177,0.991402116402116,1,9,0.995181828950486,3,30
AGAP004521,3,AGAP004521__SITE01;AGAP004521__SITE02;AGAP004521__SITE03,0.996268656716418,0.497334754797441,324,0.991402116402116,1,9,0.995181828950486,4,30
AGAP004521,3,AGAP004521__SITE01;AGAP004521__SITE02;AGAP004521__SITE04,0.996268656716418,0.497334754797441,328,0.991402116402116,1,9,0.995181828950486,5,30
AGAP004521,3,AGAP004521__SITE01;AGAP004521__SITE02;AGAP004521__SITE05,0.996268656716418,0.498400852878465,337,0.991402116402116,1,9,0.995181828950486,6,30
AGAP004521,3,AGAP004521__SITE01;AGAP004521__SITE03;AGAP004521__SITE04,0.993603411513859,0.578891257995736,328,0.986528825026477,1,9,0.992120694416259,7,30
AGAP004521,3,AGAP004521__SITE01;AGAP004521__SITE03;AGAP004521__SITE05,0.993603411513859,0.578891257995736,337,0.986528825026477,1,9,0.992120694416259,8,30
AGAP004521,3,AGAP004521__SITE01;AGAP004521__SITE04;AGAP004521__SITE05,0.993603411513859,0.578891257995736,337,0.986528825026477,1,9,0.992120694416259,9,30
AGAP004521,3,AGAP004521__SITE03;AGAP004521__SITE04;AGAP004521__SITE05,0.982942430703625,0.981876332622601,36,0.960933001512712,1,9,0.978045358875988,10,30
AGAP004685,2,AGAP004685__SITE04;AGAP004685__SITE05,1,0.999466950959488,423,1,1,9,1,1,30
AGAP004699,2,AGAP004699__SITE04;AGAP004699__SITE05,1,1,65,1,1,9,1,1,30
AGAP004699,2,AGAP004699__SITE02;AGAP004699__SITE03,1,0.998933901918977,140,1,1,9,1,2,30
AGAP004699,2,AGAP004699__SITE01;AGAP004699__SITE03,1,0.998933901918977,143,1,1,9,1,3,30
AGAP004699,2,AGAP004699__SITE03;AGAP004699__SITE04,1,1,386,1,1,9,1,4,30
AGAP004699,2,AGAP004699__SITE03;AGAP004699__SITE05,1,1,428,1,1,9,1,5,30
AGAP004699,2,AGAP004699__SITE02;AGAP004699__SITE04,1,0.998933901918977,503,1,1,9,1,6,30
AGAP004699,2,AGAP004699__SITE01;AGAP004699__SITE04,1,0.998933901918977,506,1,1,9,1,7,30
AGAP004699,2,AGAP004699__SITE02;AGAP004699__SITE05,1,0.998933901918977,545,1,1,9,1,8,30
AGAP004699,2,AGAP004699__SITE01;AGAP004699__SITE05,1,0.998933901918977,548,1,1,9,1,9,30
AGAP004699,2,AGAP004699__SITE01;AGAP004699__SITE02,0.998933901918977,0.998933901918977,26,0.99059829059829,1,9,0.996539828330873,10,30
AGAP004699,3,AGAP004699__SITE01;AGAP004699__SITE02;AGAP004699__SITE03,1,0.998933901918977,143,1,1,9,1,1,30
AGAP004699,3,AGAP004699__SITE03;AGAP004699__SITE04;AGAP004699__SITE05,1,1,428,1,1,9,1,2,30
AGAP004699,3,AGAP004699__SITE02;AGAP004699__SITE03;AGAP004699__SITE04,1,0.998933901918977,503,1,1,9,1,3,30
AGAP004699,3,AGAP004699__SITE01;AGAP004699__SITE02;AGAP004699__SITE04,1,0.998933901918977,506,1,1,9,1,4,30
AGAP004699,3,AGAP004699__SITE01;AGAP004699__SITE03;AGAP004699__SITE04,1,0.998933901918977,506,1,1,9,1,5,30
AGAP004699,3,AGAP004699__SITE02;AGAP004699__SITE03;AGAP004699__SITE05,1,0.998933901918977,545,1,1,9,1,6,30
AGAP004699,3,AGAP004699__SITE02;AGAP004699__SITE04;AGAP004699__SITE05,1,0.998933901918977,545,1,1,9,1,7,30
AGAP004699,3,AGAP004699__SITE01;AGAP004699__SITE02;AGAP004699__SITE05,1,0.998933901918977,548,1,1,9,1,8,30
AGAP004699,3,AGAP004699__SITE01;AGAP004699__SITE03;AGAP004699__SITE05,1,0.998933901918977,548,1,1,9,1,9,30
AGAP004699,3,AGAP004699__SITE01;AGAP004699__SITE04;AGAP004699__SITE05,1,0.998933901918977,548,1,1,9,1,10,30
AGAP004729,2,AGAP004729__SITE04;AGAP004729__SITE05,1,1,32,1,1,9,1,1,30
AGAP004729,2,AGAP004729__SITE03;AGAP004729__SITE04,1,1,33,1,1,9,1,2,30
AGAP004729,2,AGAP004729__SITE02;AGAP004729__SITE03,1,0.998933901918977,41,1,1,9,1,3,30
AGAP004729,2,AGAP004729__SITE03;AGAP004729__SITE05,1,1,42,1,1,9,1,4,30
AGAP004729,2,AGAP004729__SITE01;AGAP004729__SITE03,1,0.999466950959488,50,1,1,9,1,5,30
AGAP004729,2,AGAP004729__SITE02;AGAP004729__SITE04,1,0.998933901918977,51,1,1,9,1,6,30
AGAP004729,2,AGAP004729__SITE01;AGAP004729__SITE04,1,0.999466950959488,60,1,1,9,1,7,30
AGAP004729,2,AGAP004729__SITE02;AGAP004729__SITE05,1,0.998933901918977,60,1,1,9,1,8,30
AGAP004729,2,AGAP004729__SITE01;AGAP004729__SITE05,1,0.999466950959488,69,1,1,9,1,9,30
AGAP004729,2,AGAP004729__SITE01;AGAP004729__SITE02,0.999466950959488,0.998933901918977,32,1,1,9,0.999680170575693,10,30
AGAP004729,3,AGAP004729__SITE03;AGAP004729__SITE04;AGAP004729__SITE05,1,1,42,1,1,9,1,1,30
AGAP004729,3,AGAP004729__SITE01;AGAP004729__SITE02;AGAP004729__SITE03,1,0.998933901918977,50,1,1,9,1,2,30
AGAP004729,3,AGAP004729__SITE02;AGAP004729__SITE03;AGAP004729__SITE04,1,0.998933901918977,51,1,1,9,1,3,30
AGAP004729,3,AGAP004729__SITE01;AGAP004729__SITE02;AGAP004729__SITE04,1,0.998933901918977,60,1,1,9,1,4,30
AGAP004729,3,AGAP004729__SITE01;AGAP004729__SITE03;AGAP004729__SITE04,1,0.999466950959488,60,1,1,9,1,5,30
AGAP004729,3,AGAP004729__SITE02;AGAP004729__SITE03;AGAP004729__SITE05,1,0.998933901918977,60,1,1,9,1,6,30
AGAP004729,3,AGAP004729__SITE02;AGAP004729__SITE04;AGAP004729__SITE05,1,0.998933901918977,60,1,1,9,1,7,30
AGAP004729,3,AGAP004729__SITE01;AGAP004729__SITE02;AGAP004729__SITE05,1,0.998933901918977,69,1,1,9,1,8,30
AGAP004729,3,AGAP004729__SITE01;AGAP004729__SITE03;AGAP004729__SITE05,1,0.999466950959488,69,1,1,9,1,9,30
AGAP004729,3,AGAP004729__SITE01;AGAP004729__SITE04;AGAP004729__SITE05,1,0.999466950959488,69,1,1,9,1,10,30
AGAP004739,2,AGAP004739__SITE03;AGAP004739__SITE04,1,0.989872068230277,27,1,1,9,1,1,30
AGAP004739,2,AGAP004739__SITE02;AGAP004739__SITE04,1,0.989872068230277,28,1,1,9,1,2,30
AGAP004739,2,AGAP004739__SITE01;AGAP004739__SITE04,1,0.989872068230277,38,1,1,9,1,3,30
AGAP004739,2,AGAP004739__SITE04;AGAP004739__SITE05,1,0.995735607675906,164,1,1,9,1,4,30
AGAP004739,2,AGAP004739__SITE03;AGAP004739__SITE05,1,0.994136460554371,168,1,1,9,1,5,30
AGAP004739,2,AGAP004739__SITE02;AGAP004739__SITE05,1,0.994136460554371,169,1,1,9,1,6,30
AGAP004739,2,AGAP004739__SITE01;AGAP004739__SITE05,1,0.994136460554371,179,1,1,9,1,7,30
AGAP004739,2,AGAP004739__SITE02;AGAP004739__SITE03,0.994136460554371,0.994136460554371,24,0.952991452991453,0.888888888888889,9,0.971268201118947,8,30
AGAP004739,2,AGAP004739__SITE01;AGAP004739__SITE02,0.994136460554371,0.994136460554371,33,0.952991452991453,0.888888888888889,9,0.971268201118947,9,30
AGAP004739,2,AGAP004739__SITE01;AGAP004739__SITE03,0.994136460554371,0.994136460554371,34,0.952991452991453,0.888888888888889,9,0.971268201118947,10,30
AGAP004739,3,AGAP004739__SITE02;AGAP004739__SITE03;AGAP004739__SITE04,1,0.989872068230277,28,1,1,9,1,1,30
AGAP004739,3,AGAP004739__SITE01;AGAP004739__SITE02;AGAP004739__SITE04,1,0.989872068230277,38,1,1,9,1,2,30
AGAP004739,3,AGAP004739__SITE01;AGAP004739__SITE03;AGAP004739__SITE04,1,0.989872068230277,38,1,1,9,1,3,30
AGAP004739,3,AGAP004739__SITE03;AGAP004739__SITE04;AGAP004739__SITE05,1,0.989872068230277,168,1,1,9,1,4,30
AGAP004739,3,AGAP004739__SITE02;AGAP004739__SITE03;AGAP004739__SITE05,1,0.994136460554371,169,1,1,9,1,5,30
AGAP004739,3,AGAP004739__SITE02;AGAP004739__SITE04;AGAP004739__SITE05,1,0.989872068230277,169,1,1,9,1,6,30
AGAP004739,3,AGAP004739__SITE01;AGAP004739__SITE02;AGAP004739__SITE05,1,0.994136460554371,179,1,1,9,1,7,30
AGAP004739,3,AGAP004739__SITE01;AGAP004739__SITE03;AGAP004739__SITE05,1,0.994136460554371,179,1,1,9,1,8,30
AGAP004739,3,AGAP004739__SITE01;AGAP004739__SITE04;AGAP004739__SITE05,1,0.989872068230277,179,1,1,9,1,9,30
AGAP004739,3,AGAP004739__SITE01;AGAP004739__SITE02;AGAP004739__SITE03,0.994136460554371,0.994136460554371,34,0.952991452991453,0.888888888888889,9,0.971268201118947,10,30
AGAP004825,2,AGAP004825__SITE02;AGAP004825__SITE03,1,0.740405117270789,77,1,1,9,1,1,30
AGAP004825,2,AGAP004825__SITE02;AGAP004825__SITE04,1,0.874733475479744,93,1,1,9,1,2,30
AGAP004825,2,AGAP004825__SITE04;AGAP004825__SITE05,1,0.976012793176972,201,1,1,9,1,3,30
AGAP004825,2,AGAP004825__SITE02;AGAP004825__SITE05,1,0.890191897654584,271,1,1,9,1,4,30
AGAP004825,2,AGAP004825__SITE03;AGAP004825__SITE05,0.998400852878465,0.843283582089552,217,0.986888888888889,1,9,0.995107178393746,5,30
AGAP004825,2,AGAP004825__SITE03;AGAP004825__SITE04,0.995735607675906,0.830490405117271,39,0.98677281077771,1,9,0.993473207838856,6,30
AGAP004825,3,AGAP004825__SITE02;AGAP004825__SITE03;AGAP004825__SITE04,1,0.724946695095949,93,1,1,9,1,1,30
AGAP004825,3,AGAP004825__SITE03;AGAP004825__SITE04;AGAP004825__SITE05,1,0.827825159914712,217,1,1,9,1,2,30
AGAP004825,3,AGAP004825__SITE02;AGAP004825__SITE03;AGAP004825__SITE05,1,0.73773987206823,271,1,1,9,1,3,30
AGAP004825,3,AGAP004825__SITE02;AGAP004825__SITE04;AGAP004825__SITE05,1,0.87046908315565,271,1,1,9,1,4,30
AGAP004852,2,AGAP004852__SITE03;AGAP004852__SITE04,1,0.980810234541578,33,1,1,9,1,1,30
AGAP004852,2,AGAP004852__SITE04;AGAP004852__SITE05,1,0.990405117270789,107,1,1,9,1,2,30
AGAP004852,2,AGAP004852__SITE03;AGAP004852__SITE05,1,0.971215351812367,117,1,1,9,1,3,30
AGAP004852,2,AGAP004852__SITE02;AGAP004852__SITE03,1,0.974946695095949,188,1,1,9,1,4,30
AGAP004852,2,AGAP004852__SITE02;AGAP004852__SITE04,1,0.994136460554371,198,1,1,9,1,5,30
AGAP004852,2,AGAP004852__SITE01;AGAP004852__SITE03,1,0.957889125799574,202,1,1,9,1,6,30
AGAP004852,2,AGAP004852__SITE01;AGAP004852__SITE04,1,0.977078891257996,212,1,1,9,1,7,30
AGAP004852,2,AGAP004852__SITE02;AGAP004852__SITE05,1,0.98454157782516,282,1,1,9,1,8,30
AGAP004852,2,AGAP004852__SITE01;AGAP004852__SITE05,1,0.967484008528785,296,1,1,9,1,9,30
AGAP004852,2,AGAP004852__SITE01;AGAP004852__SITE02,0.999466950959488,0.971748400852879,37,0.998765432098765,1,9,0.999309800205322,10,30
AGAP004852,3,AGAP004852__SITE03;AGAP004852__SITE04;AGAP004852__SITE05,1,0.971215351812367,117,1,1,9,1,1,30
AGAP004852,3,AGAP004852__SITE02;AGAP004852__SITE03;AGAP004852__SITE04,1,0.974946695095949,198,1,1,9,1,2,30
AGAP004852,3,AGAP004852__SITE01;AGAP004852__SITE02;AGAP004852__SITE03,1,0.952558635394456,202,1,1,9,1,3,30
AGAP004852,3,AGAP004852__SITE01;AGAP004852__SITE02;AGAP004852__SITE04,1,0.971748400852879,212,1,1,9,1,4,30
AGAP004852,3,AGAP004852__SITE01;AGAP004852__SITE03;AGAP004852__SITE04,1,0.957889125799574,212,1,1,9,1,5,30
AGAP004852,3,AGAP004852__SITE02;AGAP004852__SITE03;AGAP004852__SITE05,1,0.965351812366738,282,1,1,9,1,6,30
AGAP004852,3,AGAP004852__SITE02;AGAP004852__SITE04;AGAP004852__SITE05,1,0.98454157782516,282,1,1,9,1,7,30
AGAP004852,3,AGAP004852__SITE01;AGAP004852__SITE02;AGAP004852__SITE05,1,0.962153518123667,296,1,1,9,1,8,30
AGAP004852,3,AGAP004852__SITE01;AGAP004852__SITE03;AGAP004852__SITE05,1,0.948294243070363,296,1,1,9,1,9,30
AGAP004852,3,AGAP004852__SITE01;AGAP004852__SITE04;AGAP004852__SITE05,1,0.967484008528785,296,1,1,9,1,10,30
AGAP004957,2,AGAP004957__SITE03;AGAP004957__SITE04,1,0.966950959488273,50,1,1,9,1,1,30
AGAP004957,2,AGAP004957__SITE02;AGAP004957__SITE04,1,0.966950959488273,51,1,1,9,1,2,30
AGAP004957,2,AGAP004957__SITE04;AGAP004957__SITE05,1,0.968550106609808,51,1,1,9,1,3,30
AGAP004957,2,AGAP004957__SITE03;AGAP004957__SITE05,1,0.990938166311301,78,1,1,9,1,4,30
AGAP004957,2,AGAP004957__SITE02;AGAP004957__SITE05,1,0.990938166311301,79,1,1,9,1,5,30
AGAP004957,2,AGAP004957__SITE01;AGAP004957__SITE02,0.999466950959488,0.677505330490405,193,0.995111111111111,1,9,0.998213503909026,6,30
AGAP004957,2,AGAP004957__SITE01;AGAP004957__SITE03,0.999466950959488,0.677505330490405,194,0.995111111111111,1,9,0.998213503909026,7,30
AGAP004957,2,AGAP004957__SITE01;AGAP004957__SITE04,0.999466950959488,0.655117270788913,221,0.993333333333333,1,9,0.997680170575693,8,30
AGAP004957,2,AGAP004957__SITE01;AGAP004957__SITE05,0.998933901918977,0.679637526652452,249,0.990222222222222,1,9,0.996427007818053,9,30
AGAP004957,2,AGAP004957__SITE02;AGAP004957__SITE03,0.994669509594883,0.994669509594883,24,0.963393939393939,1,9,0.985819887575112,10,30
AGAP004957,3,AGAP004957__SITE02;AGAP004957__SITE03;AGAP004957__SITE04,1,0.966950959488273,51,1,1,9,1,1,30
AGAP004957,3,AGAP004957__SITE03;AGAP004957__SITE04;AGAP004957__SITE05,1,0.963219616204691,78,1,1,9,1,2,30
AGAP004957,3,AGAP004957__SITE02;AGAP004957__SITE03;AGAP004957__SITE05,1,0.990938166311301,79,1,1,9,1,3,30
AGAP004957,3,AGAP004957__SITE02;AGAP004957__SITE04;AGAP004957__SITE05,1,0.963219616204691,79,1,1,9,1,4,30
AGAP004957,3,AGAP004957__SITE01;AGAP004957__SITE02;AGAP004957__SITE04,1,0.650319829424307,221,1,1,9,1,5,30
AGAP004957,3,AGAP004957__SITE01;AGAP004957__SITE03;AGAP004957__SITE04,1,0.650319829424307,221,1,1,9,1,6,30
AGAP004957,3,AGAP004957__SITE01;AGAP004957__SITE02;AGAP004957__SITE05,1,0.674840085287847,249,1,1,9,1,7,30
AGAP004957,3,AGAP004957__SITE01;AGAP004957__SITE03;AGAP004957__SITE05,1,0.674840085287847,249,1,1,9,1,8,30
AGAP004957,3,AGAP004957__SITE01;AGAP004957__SITE04;AGAP004957__SITE05,1,0.652452025586354,249,1,1,9,1,9,30
AGAP004957,3,AGAP004957__SITE01;AGAP004957__SITE02;AGAP004957__SITE03,0.999466950959488,0.677505330490405,194,0.995111111111111,1,9,0.998213503909026,10,30
AGAP005062,2,AGAP005062__SITE04;AGAP005062__SITE05,1,0.979211087420043,44,1,1,9,1,1,30
AGAP005062,2,AGAP005062__SITE03;AGAP005062__SITE05,1,0.979211087420043,45,1,1,9,1,2,30
AGAP005062,2,AGAP005062__SITE02;AGAP005062__SITE03,1,0.987206823027719,47,1,1,9,1,3,30
AGAP005062,2,AGAP005062__SITE02;AGAP005062__SITE04,1,0.987206823027719,48,1,1,9,1,4,30
AGAP005062,2,AGAP005062__SITE02;AGAP005062__SITE05,1,0.974946695095949,69,1,1,9,1,5,30
AGAP005062,2,AGAP005062__SITE01;AGAP005062__SITE02,1,0.991471215351812,245,1,1,9,1,6,30
AGAP005062,2,AGAP005062__SITE01;AGAP005062__SITE03,1,0.995735607675906,269,1,1,9,1,7,30
AGAP005062,2,AGAP005062__SITE01;AGAP005062__SITE04,1,0.995735607675906,270,1,1,9,1,8,30
AGAP005062,2,AGAP005062__SITE01;AGAP005062__SITE05,1,0.983475479744136,291,1,1,9,1,9,30
AGAP005062,2,AGAP005062__SITE03;AGAP005062__SITE04,0.995735607675906,0.995735607675906,24,0.988588664421998,1,9,0.994017963932143,10,30
AGAP005062,3,AGAP005062__SITE03;AGAP005062__SITE04;AGAP005062__SITE05,1,0.979211087420043,45,1,1,9,1,1,30
AGAP005062,3,AGAP005062__SITE02;AGAP005062__SITE03;AGAP005062__SITE04,1,0.987206823027719,48,1,1,9,1,2,30
AGAP005062,3,AGAP005062__SITE02;AGAP005062__SITE03;AGAP005062__SITE05,1,0.970682302771855,69,1,1,9,1,3,30
AGAP005062,3,AGAP005062__SITE02;AGAP005062__SITE04;AGAP005062__SITE05,1,0.970682302771855,69,1,1,9,1,4,30
AGAP005062,3,AGAP005062__SITE01;AGAP005062__SITE02;AGAP005062__SITE03,1,0.987206823027719,269,1,1,9,1,5,30
AGAP005062,3,AGAP005062__SITE01;AGAP005062__SITE02;AGAP005062__SITE04,1,0.987206823027719,270,1,1,9,1,6,30
AGAP005062,3,AGAP005062__SITE01;AGAP005062__SITE03;AGAP005062__SITE04,1,0.995735607675906,270,1,1,9,1,7,30
AGAP005062,3,AGAP005062__SITE01;AGAP005062__SITE02;AGAP005062__SITE05,1,0.974946695095949,291,1,1,9,1,8,30
AGAP005062,3,AGAP005062__SITE01;AGAP005062__SITE03;AGAP005062__SITE05,1,0.979211087420043,291,1,1,9,1,9,30
AGAP005062,3,AGAP005062__SITE01;AGAP005062__SITE04;AGAP005062__SITE05,1,0.979211087420043,291,1,1,9,1,10,30
AGAP005127,2,AGAP005127__SITE02;AGAP005127__SITE03,1,0.98773987206823,65,1,1,9,1,1,30
AGAP005127,2,AGAP005127__SITE01;AGAP005127__SITE02,1,0.96908315565032,96,1,1,9,1,2,30
AGAP005127,2,AGAP005127__SITE01;AGAP005127__SITE03,1,0.966417910447761,138,1,1,9,1,3,30
AGAP005127,2,AGAP005127__SITE03;AGAP005127__SITE04,1,0.973880597014925,206,1,1,9,1,4,30
AGAP005127,2,AGAP005127__SITE03;AGAP005127__SITE05,1,0.988272921108742,243,1,1,9,1,5,30
AGAP005127,2,AGAP005127__SITE02;AGAP005127__SITE04,1,0.976545842217484,248,1,1,9,1,6,30
AGAP005127,2,AGAP005127__SITE02;AGAP005127__SITE05,1,0.990938166311301,285,1,1,9,1,7,30
AGAP005127,2,AGAP005127__SITE01;AGAP005127__SITE04,1,0.955223880597015,321,1,1,9,1,8,30
AGAP005127,2,AGAP005127__SITE01;AGAP005127__SITE05,1,0.969616204690831,358,1,1,9,1,9,30
AGAP005127,2,AGAP005127__SITE04;AGAP005127__SITE05,0.999466950959488,0.977611940298507,60,0.998765432098765,1,9,0.999309800205322,10,30
AGAP005127,3,AGAP005127__SITE01;AGAP005127__SITE02;AGAP005127__SITE03,1,0.961620469083156,138,1,1,9,1,1,30
AGAP005127,3,AGAP005127__SITE03;AGAP005127__SITE04;AGAP005127__SITE05,1,0.970149253731343,243,1,1,9,1,2,30
AGAP005127,3,AGAP005127__SITE02;AGAP005127__SITE03;AGAP005127__SITE04,1,0.96908315565032,248,1,1,9,1,3,30
AGAP005127,3,AGAP005127__SITE02;AGAP005127__SITE03;AGAP005127__SITE05,1,0.983475479744136,285,1,1,9,1,4,30
AGAP005127,3,AGAP005127__SITE02;AGAP005127__SITE04;AGAP005127__SITE05,1,0.972814498933902,285,1,1,9,1,5,30
AGAP005127,3,AGAP005127__SITE01;AGAP005127__SITE02;AGAP005127__SITE04,1,0.950426439232409,321,1,1,9,1,6,30
AGAP005127,3,AGAP005127__SITE01;AGAP005127__SITE03;AGAP005127__SITE04,1,0.947761194029851,321,1,1,9,1,7,30
AGAP005127,3,AGAP005127__SITE01;AGAP005127__SITE02;AGAP005127__SITE05,1,0.964818763326226,358,1,1,9,1,8,30
AGAP005127,3,AGAP005127__SITE01;AGAP005127__SITE03;AGAP005127__SITE05,1,0.962153518123667,358,1,1,9,1,9,30
AGAP005127,3,AGAP005127__SITE01;AGAP005127__SITE04;AGAP005127__SITE05,1,0.951492537313433,358,1,1,9,1,10,30
AGAP005130,2,AGAP005130__SITE02;AGAP005130__SITE03,1,0.995202558635394,52,1,1,9,1,1,30
AGAP005130,2,AGAP005130__SITE02;AGAP005130__SITE04,1,0.995735607675906,59,1,1,9,1,2,30
AGAP005130,2,AGAP005130__SITE01;AGAP005130__SITE02,1,0.96002132196162,124,1,1,9,1,3,30
AGAP005130,2,AGAP005130__SITE01;AGAP005130__SITE03,1,0.961620469083156,153,1,1,9,1,4,30
AGAP005130,2,AGAP005130__SITE01;AGAP005130__SITE04,1,0.962153518123667,160,1,1,9,1,5,30
AGAP005130,2,AGAP005130__SITE04;AGAP005130__SITE05,1,0.965884861407249,321,1,1,9,1,6,30
AGAP005130,2,AGAP005130__SITE03;AGAP005130__SITE05,1,0.965351812366738,328,1,1,9,1,7,30
AGAP005130,2,AGAP005130__SITE01;AGAP005130__SITE05,1,0.930170575692964,458,1,1,9,1,8,30
AGAP005130,2,AGAP005130__SITE02;AGAP005130__SITE05,0.999466950959488,0.964285714285714,357,0.998765432098765,1,9,0.999309800205322,9,30
AGAP005130,2,AGAP005130__SITE03;AGAP005130__SITE04,0.998933901918977,0.998400852878465,30,0.994662177328844,1,9,0.997758994350039,10,30
AGAP005130,3,AGAP005130__SITE02;AGAP005130__SITE03;AGAP005130__SITE04,1,0.995202558635394,59,1,1,9,1,1,30
AGAP005130,3,AGAP005130__SITE01;AGAP005130__SITE02;AGAP005130__SITE03,1,0.958422174840085,153,1,1,9,1,2,30
AGAP005130,3,AGAP005130__SITE01;AGAP005130__SITE02;AGAP005130__SITE04,1,0.958955223880597,160,1,1,9,1,3,30
AGAP005130,3,AGAP005130__SITE01;AGAP005130__SITE03;AGAP005130__SITE04,1,0.961620469083156,160,1,1,9,1,4,30
AGAP005130,3,AGAP005130__SITE03;AGAP005130__SITE04;AGAP005130__SITE05,1,0.965351812366738,328,1,1,9,1,5,30
AGAP005130,3,AGAP005130__SITE02;AGAP005130__SITE03;AGAP005130__SITE05,1,0.962686567164179,357,1,1,9,1,6,30
AGAP005130,3,AGAP005130__SITE02;AGAP005130__SITE04;AGAP005130__SITE05,1,0.963219616204691,357,1,1,9,1,7,30
AGAP005130,3,AGAP005130__SITE01;AGAP005130__SITE02;AGAP005130__SITE05,1,0.927505330490405,458,1,1,9,1,8,30
AGAP005130,3,AGAP005130__SITE01;AGAP005130__SITE03;AGAP005130__SITE05,1,0.928571428571429,458,1,1,9,1,9,30
AGAP005130,3,AGAP005130__SITE01;AGAP005130__SITE04;AGAP005130__SITE05,1,0.92910447761194,458,1,1,9,1,10,30
AGAP005321,2,AGAP005321__SITE01;AGAP005321__SITE04,1,0.977611940298507,127,1,1,9,1,1,30
AGAP005321,2,AGAP005321__SITE01;AGAP005321__SITE05,1,0.977611940298507,128,1,1,9,1,2,30
AGAP005321,2,AGAP005321__SITE01;AGAP005321__SITE02,0.999466950959488,0.935501066098081,119,0.99672619047619,1,9,0.99869802771855,3,30
AGAP005321,2,AGAP005321__SITE01;AGAP005321__SITE03,0.999466950959488,0.935501066098081,120,0.99672619047619,1,9,0.99869802771855,4,30
AGAP005321,2,AGAP005321__SITE03;AGAP005321__SITE04,0.99680170575693,0.930703624733475,30,0.982952380952381,1,9,0.992966737739872,5,30
AGAP005321,2,AGAP005321__SITE02;AGAP005321__SITE04,0.99680170575693,0.930703624733475,31,0.982952380952381,1,9,0.992966737739872,6,30
AGAP005321,2,AGAP005321__SITE03;AGAP005321__SITE05,0.99680170575693,0.930703624733475,31,0.982952380952381,1,9,0.992966737739872,7,30
AGAP005321,2,AGAP005321__SITE02;AGAP005321__SITE05,0.99680170575693,0.930703624733475,32,0.982952380952381,1,9,0.992966737739872,8,30
AGAP005321,2,AGAP005321__SITE04;AGAP005321__SITE05,0.985074626865672,0.985074626865672,24,0.93,0.888888888888889,9,0.958933665008292,9,30
AGAP005321,2,AGAP005321__SITE02;AGAP005321__SITE03,0.942430703624733,0.942430703624733,24,0.915350929934263,0.555555555555556,9,0.895619256710674,10,30
AGAP005321,3,AGAP005321__SITE01;AGAP005321__SITE02;AGAP005321__SITE04,1,0.923773987206823,127,1,1,9,1,1,30
AGAP005321,3,AGAP005321__SITE01;AGAP005321__SITE03;AGAP005321__SITE04,1,0.923773987206823,127,1,1,9,1,2,30
AGAP005321,3,AGAP005321__SITE01;AGAP005321__SITE02;AGAP005321__SITE05,1,0.923773987206823,128,1,1,9,1,3,30
AGAP005321,3,AGAP005321__SITE01;AGAP005321__SITE03;AGAP005321__SITE05,1,0.923773987206823,128,1,1,9,1,4,30
AGAP005321,3,AGAP005321__SITE01;AGAP005321__SITE04;AGAP005321__SITE05,1,0.977611940298507,128,1,1,9,1,5,30
AGAP005321,3,AGAP005321__SITE01;AGAP005321__SITE02;AGAP005321__SITE03,0.999466950959488,0.935501066098081,120,0.99672619047619,1,9,0.99869802771855,6,30
AGAP005321,3,AGAP005321__SITE02;AGAP005321__SITE03;AGAP005321__SITE04,0.99680170575693,0.930703624733475,31,0.982952380952381,1,9,0.992966737739872,7,30
AGAP005321,3,AGAP005321__SITE03;AGAP005321__SITE04;AGAP005321__SITE05,0.99680170575693,0.930703624733475,31,0.982952380952381,1,9,0.992966737739872,8,30
AGAP005321,3,AGAP005321__SITE02;AGAP005321__SITE03;AGAP005321__SITE05,0.99680170575693,0.930703624733475,32,0.982952380952381,1,9,0.992966737739872,9,30
AGAP005321,3,AGAP005321__SITE02;AGAP005321__SITE04;AGAP005321__SITE05,0.99680170575693,0.930703624733475,32,0.982952380952381,1,9,0.992966737739872,10,30
AGAP005406,2,AGAP005406__SITE01;AGAP005406__SITE02,1,0.890191897654584,96,1,1,9,1,1,30
AGAP005406,2,AGAP005406__SITE01;AGAP005406__SITE03,1,0.890191897654584,97,1,1,9,1,2,30
AGAP005406,2,AGAP005406__SITE01;AGAP005406__SITE05,0.999466950959488,0.716950959488273,392,0.995111111111111,1,9,0.998213503909026,3,30
AGAP005406,2,AGAP005406__SITE01;AGAP005406__SITE04,0.991471215351812,0.649253731343284,151,0.963943661971831,1,9,0.984065827802637,4,30
AGAP005406,2,AGAP005406__SITE04;AGAP005406__SITE05,0.983475479744136,0.505863539445629,264,0.944405797101449,0.888888888888889,9,0.962295915865805,5,30
AGAP005406,2,AGAP005406__SITE03;AGAP005406__SITE04,0.979744136460554,0.683368869936034,77,0.923098591549295,0.666666666666667,9,0.931442726007788,6,30
AGAP005406,2,AGAP005406__SITE02;AGAP005406__SITE04,0.979744136460554,0.683368869936034,78,0.923098591549295,0.666666666666667,9,0.931442726007788,7,30
AGAP005406,2,AGAP005406__SITE03;AGAP005406__SITE05,0.980277185501066,0.758528784648188,318,0.835470085470086,0.888888888888889,9,0.927696225830554,8,30
AGAP005406,2,AGAP005406__SITE02;AGAP005406__SITE05,0.980277185501066,0.758528784648188,319,0.835470085470086,0.888888888888889,9,0.927696225830554,9,30
AGAP005406,2,AGAP005406__SITE02;AGAP005406__SITE03,0.956289978678038,0.956289978678038,24,0.811227661227662,0.555555555555556,9,0.872697841130677,10,30
AGAP005406,3,AGAP005406__SITE01;AGAP005406__SITE02;AGAP005406__SITE03,1,0.890191897654584,97,1,1,9,1,1,30
AGAP005406,3,AGAP005406__SITE01;AGAP005406__SITE02;AGAP005406__SITE04,1,0.625799573560768,151,1,1,9,1,2,30
AGAP005406,3,AGAP005406__SITE01;AGAP005406__SITE03;AGAP005406__SITE04,1,0.625799573560768,151,1,1,9,1,3,30
AGAP005406,3,AGAP005406__SITE03;AGAP005406__SITE04;AGAP005406__SITE05,1,0.502132196162047,318,1,1,9,1,4,30
AGAP005406,3,AGAP005406__SITE02;AGAP005406__SITE04;AGAP005406__SITE05,1,0.502132196162047,319,1,1,9,1,5,30
AGAP005406,3,AGAP005406__SITE01;AGAP005406__SITE02;AGAP005406__SITE05,1,0.692963752665245,392,1,1,9,1,6,30
AGAP005406,3,AGAP005406__SITE01;AGAP005406__SITE03;AGAP005406__SITE05,1,0.692963752665245,392,1,1,9,1,7,30
AGAP005406,3,AGAP005406__SITE01;AGAP005406__SITE04;AGAP005406__SITE05,0.999466950959488,0.448294243070363,392,0.995111111111111,1,9,0.998213503909026,8,30
AGAP005406,3,AGAP005406__SITE02;AGAP005406__SITE03;AGAP005406__SITE04,0.979744136460554,0.683368869936034,78,0.923098591549295,0.666666666666667,9,0.931442726007788,9,30
AGAP005406,3,AGAP005406__SITE02;AGAP005406__SITE03;AGAP005406__SITE05,0.980277185501066,0.758528784648188,319,0.835470085470086,0.888888888888889,9,0.927696225830554,10,30
AGAP005763,2,AGAP005763__SITE01;AGAP005763__SITE04,0.997334754797441,0.937100213219616,271,0.989280703864037,1,9,0.995185064037676,1,30
AGAP005763,2,AGAP005763__SITE01;AGAP005763__SITE05,0.997334754797441,0.934434968017058,273,0.989280703864037,1,9,0.995185064037676,2,30
AGAP005763,2,AGAP005763__SITE01;AGAP005763__SITE02,0.994136460554371,0.0495735607675906,47,0.98120670995671,1,9,0.990843889319635,3,30
AGAP005763,2,AGAP005763__SITE01;AGAP005763__SITE03,0.994136460554371,0.0495735607675906,50,0.98120670995671,1,9,0.990843889319635,4,30
AGAP005763,2,AGAP005763__SITE04;AGAP005763__SITE05,0.940831556503198,0.937100213219616,25,0.818550724637681,0.555555555555556,9,0.865619706848779,5,30
AGAP005763,2,AGAP005763__SITE03;AGAP005763__SITE04,0.94136460554371,0.0485074626865672,244,0.811884057971015,0.555555555555556,9,0.863939536273086,6,30
AGAP005763,2,AGAP005763__SITE02;AGAP005763__SITE04,0.94136460554371,0.0485074626865672,247,0.811884057971015,0.555555555555556,9,0.863939536273086,7,30
AGAP005763,2,AGAP005763__SITE03;AGAP005763__SITE05,0.938699360341151,0.0485074626865672,246,0.818550724637681,0.444444444444444,9,0.853229278040439,8,30
AGAP005763,2,AGAP005763__SITE02;AGAP005763__SITE05,0.938699360341151,0.0485074626865672,249,0.818550724637681,0.444444444444444,9,0.853229278040439,9,30
AGAP005763,2,AGAP005763__SITE02;AGAP005763__SITE03,0.0495735607675906,0.0495735607675906,26,0.0175508971704624,0,9,0.0350094056116931,10,30
AGAP005763,3,AGAP005763__SITE01;AGAP005763__SITE02;AGAP005763__SITE04,0.997334754797441,0.0485074626865672,271,0.989280703864037,1,9,0.995185064037676,1,30
AGAP005763,3,AGAP005763__SITE01;AGAP005763__SITE03;AGAP005763__SITE04,0.997334754797441,0.0485074626865672,271,0.989280703864037,1,9,0.995185064037676,2,30
AGAP005763,3,AGAP005763__SITE01;AGAP005763__SITE02;AGAP005763__SITE05,0.997334754797441,0.0485074626865672,273,0.989280703864037,1,9,0.995185064037676,3,30
AGAP005763,3,AGAP005763__SITE01;AGAP005763__SITE03;AGAP005763__SITE05,0.997334754797441,0.0485074626865672,273,0.989280703864037,1,9,0.995185064037676,4,30
AGAP005763,3,AGAP005763__SITE01;AGAP005763__SITE04;AGAP005763__SITE05,0.997334754797441,0.933901918976546,273,0.989280703864037,1,9,0.995185064037676,5,30
AGAP005763,3,AGAP005763__SITE01;AGAP005763__SITE02;AGAP005763__SITE03,0.994136460554371,0.0495735607675906,50,0.98120670995671,1,9,0.990843889319635,6,30
AGAP005763,3,AGAP005763__SITE03;AGAP005763__SITE04;AGAP005763__SITE05,0.941897654584222,0.0485074626865672,246,0.818550724637681,0.555555555555556,9,0.866259365697393,7,30
AGAP005763,3,AGAP005763__SITE02;AGAP005763__SITE04;AGAP005763__SITE05,0.941897654584222,0.0485074626865672,249,0.818550724637681,0.555555555555556,9,0.866259365697393,8,30
AGAP005763,3,AGAP005763__SITE02;AGAP005763__SITE03;AGAP005763__SITE04,0.94136460554371,0.0485074626865672,247,0.811884057971015,0.555555555555556,9,0.863939536273086,9,30
AGAP005763,3,AGAP005763__SITE02;AGAP005763__SITE03;AGAP005763__SITE05,0.938699360341151,0.0485074626865672,249,0.818550724637681,0.444444444444444,9,0.853229278040439,10,30
AGAP005871,2,AGAP005871__SITE01;AGAP005871__SITE02,1,0.938699360341151,40,1,1,9,1,1,30
AGAP005871,2,AGAP005871__SITE01;AGAP005871__SITE03,1,0.300639658848614,78,1,1,9,1,2,30
AGAP005871,2,AGAP005871__SITE01;AGAP005871__SITE04,1,0.714818763326226,255,1,1,9,1,3,30
AGAP005871,2,AGAP005871__SITE01;AGAP005871__SITE05,1,0.479744136460554,265,1,1,9,1,4,30
AGAP005871,2,AGAP005871__SITE02;AGAP005871__SITE04,0.945095948827292,0.709488272921109,238,0.916231884057971,0.555555555555556,9,0.897482690069322,5,30
AGAP005871,2,AGAP005871__SITE02;AGAP005871__SITE03,0.939765458422175,0.300639658848614,61,0.885,0.555555555555556,9,0.884914830608861,6,30
AGAP005871,2,AGAP005871__SITE02;AGAP005871__SITE05,0.939765458422175,0.479744136460554,248,0.885,0.555555555555556,9,0.884914830608861,7,30
AGAP005871,2,AGAP005871__SITE03;AGAP005871__SITE04,0.718550106609808,0.297974413646055,200,0.554565217391305,0,9,0.597499629183276,8,30
AGAP005871,2,AGAP005871__SITE04;AGAP005871__SITE05,0.715351812366738,0.480277185501066,33,0.554565217391305,0,9,0.595580652637434,9,30
AGAP005871,2,AGAP005871__SITE03;AGAP005871__SITE05,0.484008528784648,0.297441364605544,210,0.136111111111111,0,9,0.331238450604122,10,30
AGAP005871,3,AGAP005871__SITE01;AGAP005871__SITE02;AGAP005871__SITE03,1,0.300106609808102,78,1,1,9,1,1,30
AGAP005871,3,AGAP005871__SITE01;AGAP005871__SITE02;AGAP005871__SITE04,1,0.708955223880597,255,1,1,9,1,2,30
AGAP005871,3,AGAP005871__SITE01;AGAP005871__SITE03;AGAP005871__SITE04,1,0.297441364605544,255,1,1,9,1,3,30
AGAP005871,3,AGAP005871__SITE01;AGAP005871__SITE02;AGAP005871__SITE05,1,0.479211087420043,265,1,1,9,1,4,30
AGAP005871,3,AGAP005871__SITE01;AGAP005871__SITE03;AGAP005871__SITE05,1,0.296908315565032,265,1,1,9,1,5,30
AGAP005871,3,AGAP005871__SITE01;AGAP005871__SITE04;AGAP005871__SITE05,1,0.479744136460554,265,1,1,9,1,6,30
AGAP005871,3,AGAP005871__SITE02;AGAP005871__SITE03;AGAP005871__SITE04,0.945095948827292,0.297441364605544,238,0.916231884057971,0.555555555555556,9,0.897482690069322,7,30
AGAP005871,3,AGAP005871__SITE02;AGAP005871__SITE04;AGAP005871__SITE05,0.945095948827292,0.479744136460554,248,0.916231884057971,0.555555555555556,9,0.897482690069322,8,30
AGAP005871,3,AGAP005871__SITE02;AGAP005871__SITE03;AGAP005871__SITE05,0.939765458422175,0.296908315565032,248,0.885,0.555555555555556,9,0.884914830608861,9,30
AGAP005871,3,AGAP005871__SITE03;AGAP005871__SITE04;AGAP005871__SITE05,0.718550106609808,0.297441364605544,210,0.554565217391305,0,9,0.597499629183276,10,30
AGAP005874,2,AGAP005874__SITE02;AGAP005874__SITE03,1,0.995735607675906,93,1,1,9,1,1,30
AGAP005874,2,AGAP005874__SITE03;AGAP005874__SITE05,1,0.797974413646056,138,1,1,9,1,2,30
AGAP005874,2,AGAP005874__SITE02;AGAP005874__SITE05,1,0.794776119402985,208,1,1,9,1,3,30
AGAP005874,2,AGAP005874__SITE03;AGAP005874__SITE04,0.999466950959488,0.513859275053305,57,0.996014492753623,1,9,0.99848451840178,4,30
AGAP005874,2,AGAP005874__SITE01;AGAP005874__SITE03,0.999466950959488,0.906183368869936,102,0.996014492753623,1,9,0.99848451840178,5,30
AGAP005874,2,AGAP005874__SITE02;AGAP005874__SITE04,0.99680170575693,0.513326226012793,127,0.983333333333334,1,9,0.993081023454158,6,30
AGAP005874,2,AGAP005874__SITE01;AGAP005874__SITE02,0.996268656716418,0.906183368869936,32,0.983333333333334,1,9,0.992761194029851,7,30
AGAP005874,2,AGAP005874__SITE01;AGAP005874__SITE05,0.979211087420043,0.725479744136461,217,0.922028169014085,0.777777777777778,9,0.941912880934029,8,30
AGAP005874,2,AGAP005874__SITE04;AGAP005874__SITE05,0.920575692963753,0.391791044776119,104,0.800687476774433,0.333333333333333,9,0.825884992143915,9,30
AGAP005874,2,AGAP005874__SITE01;AGAP005874__SITE04,0.906716417910448,0.513326226012793,136,0.704808080808081,0.444444444444444,9,0.799916719433137,10,30
AGAP005874,3,AGAP005874__SITE01;AGAP005874__SITE02;AGAP005874__SITE03,1,0.906183368869936,102,1,1,9,1,1,30
AGAP005874,3,AGAP005874__SITE02;AGAP005874__SITE03;AGAP005874__SITE04,1,0.513326226012793,127,1,1,9,1,2,30
AGAP005874,3,AGAP005874__SITE03;AGAP005874__SITE04;AGAP005874__SITE05,1,0.391791044776119,138,1,1,9,1,3,30
AGAP005874,3,AGAP005874__SITE02;AGAP005874__SITE03;AGAP005874__SITE05,1,0.794243070362473,208,1,1,9,1,4,30
AGAP005874,3,AGAP005874__SITE02;AGAP005874__SITE04;AGAP005874__SITE05,1,0.391257995735608,208,1,1,9,1,5,30
AGAP005874,3,AGAP005874__SITE01;AGAP005874__SITE02;AGAP005874__SITE05,1,0.725479744136461,217,1,1,9,1,6,30
AGAP005874,3,AGAP005874__SITE01;AGAP005874__SITE03;AGAP005874__SITE05,1,0.725479744136461,217,1,1,9,1,7,30
AGAP005874,3,AGAP005874__SITE01;AGAP005874__SITE03;AGAP005874__SITE04,0.999466950959488,0.513326226012793,136,0.996014492753623,1,9,0.99848451840178,8,30
AGAP005874,3,AGAP005874__SITE01;AGAP005874__SITE02;AGAP005874__SITE04,0.99680170575693,0.513326226012793,136,0.983333333333334,1,9,0.993081023454158,9,30
AGAP005874,3,AGAP005874__SITE01;AGAP005874__SITE04;AGAP005874__SITE05,0.979211087420043,0.391257995735608,217,0.922028169014085,0.777777777777778,9,0.941912880934029,10,30
AGAP005917,2,AGAP005917__SITE02;AGAP005917__SITE05,1,0.982942430703625,93,1,1,9,1,1,30
AGAP005917,2,AGAP005917__SITE01;AGAP005917__SITE02,1,0.993070362473348,482,1,1,9,1,2,30
AGAP005917,2,AGAP005917__SITE01;AGAP005917__SITE05,1,0.978144989339019,552,1,1,9,1,3,30
AGAP005917,2,AGAP005917__SITE02;AGAP005917__SITE03,0.998933901918977,0.0207889125799574,60,0.997530864197531,1,9,0.998619600410646,4,30
AGAP005917,2,AGAP005917__SITE02;AGAP005917__SITE04,0.998933901918977,0.0207889125799574,66,0.997530864197531,1,9,0.998619600410646,5,30
AGAP005917,2,AGAP005917__SITE01;AGAP005917__SITE03,0.994136460554371,0.0207889125799574,519,0.972222222222222,1,9,0.988148542999289,6,30
AGAP005917,2,AGAP005917__SITE01;AGAP005917__SITE04,0.994136460554371,0.0207889125799574,525,0.972222222222222,1,9,0.988148542999289,7,30
AGAP005917,2,AGAP005917__SITE04;AGAP005917__SITE05,0.98454157782516,0.0202558635394456,50,0.968271604938271,1,9,0.981206428176577,8,30
AGAP005917,2,AGAP005917__SITE03;AGAP005917__SITE05,0.98454157782516,0.0202558635394456,56,0.968271604938271,1,9,0.981206428176577,9,30
AGAP005917,2,AGAP005917__SITE03;AGAP005917__SITE04,0.0207889125799574,0.0207889125799574,29,0,0,9,0.0124733475479744,10,30
AGAP005917,3,AGAP005917__SITE02;AGAP005917__SITE03;AGAP005917__SITE05,1,0.0202558635394456,93,1,1,9,1,1,30
AGAP005917,3,AGAP005917__SITE02;AGAP005917__SITE04;AGAP005917__SITE05,1,0.0202558635394456,93,1,1,9,1,2,30
AGAP005917,3,AGAP005917__SITE01;AGAP005917__SITE02;AGAP005917__SITE03,1,0.0207889125799574,519,1,1,9,1,3,30
AGAP005917,3,AGAP005917__SITE01;AGAP005917__SITE02;AGAP005917__SITE04,1,0.0207889125799574,525,1,1,9,1,4,30
AGAP005917,3,AGAP005917__SITE01;AGAP005917__SITE02;AGAP005917__SITE05,1,0.977078891257996,552,1,1,9,1,5,30
AGAP005917,3,AGAP005917__SITE01;AGAP005917__SITE03;AGAP005917__SITE05,1,0.0202558635394456,552,1,1,9,1,6,30
AGAP005917,3,AGAP005917__SITE01;AGAP005917__SITE04;AGAP005917__SITE05,1,0.0202558635394456,552,1,1,9,1,7,30
AGAP005917,3,AGAP005917__SITE02;AGAP005917__SITE03;AGAP005917__SITE04,0.998933901918977,0.0207889125799574,66,0.997530864197531,1,9,0.998619600410646,8,30
AGAP005917,3,AGAP005917__SITE01;AGAP005917__SITE03;AGAP005917__SITE04,0.994136460554371,0.0207889125799574,525,0.972222222222222,1,9,0.988148542999289,9,30
AGAP005917,3,AGAP005917__SITE03;AGAP005917__SITE04;AGAP005917__SITE05,0.98454157782516,0.0202558635394456,56,0.968271604938271,1,9,0.981206428176577,10,30
AGAP005920,2,AGAP005920__SITE02;AGAP005920__SITE03,1,0.968550106609808,73,1,1,9,1,1,30
AGAP005920,2,AGAP005920__SITE02;AGAP005920__SITE04,1,0.989872068230277,82,1,1,9,1,2,30
AGAP005920,2,AGAP005920__SITE04;AGAP005920__SITE05,1,0.989872068230277,299,1,1,9,1,3,30
AGAP005920,2,AGAP005920__SITE03;AGAP005920__SITE05,1,0.968550106609808,308,1,1,9,1,4,30
AGAP005920,2,AGAP005920__SITE02;AGAP005920__SITE05,1,0.992537313432836,358,1,1,9,1,5,30
AGAP005920,2,AGAP005920__SITE03;AGAP005920__SITE04,0.997867803837953,0.968017057569296,32,0.987494046404028,1,9,0.99496889622398,6,30
AGAP005920,3,AGAP005920__SITE02;AGAP005920__SITE03;AGAP005920__SITE04,1,0.964285714285714,82,1,1,9,1,1,30
AGAP005920,3,AGAP005920__SITE03;AGAP005920__SITE04;AGAP005920__SITE05,1,0.964285714285714,308,1,1,9,1,2,30
AGAP005920,3,AGAP005920__SITE02;AGAP005920__SITE03;AGAP005920__SITE05,1,0.964818763326226,358,1,1,9,1,3,30
AGAP005920,3,AGAP005920__SITE02;AGAP005920__SITE04;AGAP005920__SITE05,1,0.986140724946695,358,1,1,9,1,4,30
AGAP005958,2,AGAP005958__SITE02;AGAP005958__SITE03,1,0.983475479744136,244,1,1,9,1,1,30
AGAP005958,2,AGAP005958__SITE01;AGAP005958__SITE03,1,0.964818763326226,736,1,1,9,1,2,30
AGAP005958,2,AGAP005958__SITE02;AGAP005958__SITE04,0.999466950959488,0.952025586353944,418,0.996014492753623,1,9,0.99848451840178,3,30
AGAP005958,2,AGAP005958__SITE02;AGAP005958__SITE05,0.999466950959488,0.953091684434968,421,0.996014492753623,1,9,0.99848451840178,4,30
AGAP005958,2,AGAP005958__SITE01;AGAP005958__SITE02,0.999466950959488,0.968017057569296,515,0.995111111111111,1,9,0.998213503909026,5,30
AGAP005958,2,AGAP005958__SITE01;AGAP005958__SITE04,0.997867803837953,0.934968017057569,910,0.991884057971014,1,9,0.996285899694076,6,30
AGAP005958,2,AGAP005958__SITE01;AGAP005958__SITE05,0.997867803837953,0.936034115138593,913,0.991884057971014,1,9,0.996285899694076,7,30
AGAP005958,2,AGAP005958__SITE03;AGAP005958__SITE04,0.998400852878465,0.950426439232409,197,0.990178571428572,1,9,0.99609408315565,8,30
AGAP005958,2,AGAP005958__SITE03;AGAP005958__SITE05,0.998400852878465,0.951492537313433,200,0.990178571428572,1,9,0.99609408315565,9,30
AGAP005958,2,AGAP005958__SITE04;AGAP005958__SITE05,0.959488272921109,0.958422174840085,26,0.914968253968254,0.555555555555556,9,0.905738995498697,10,30
AGAP005958,3,AGAP005958__SITE02;AGAP005958__SITE03;AGAP005958__SITE04,1,0.944029850746269,418,1,1,9,1,1,30
AGAP005958,3,AGAP005958__SITE02;AGAP005958__SITE03;AGAP005958__SITE05,1,0.945095948827292,421,1,1,9,1,2,30
AGAP005958,3,AGAP005958__SITE01;AGAP005958__SITE02;AGAP005958__SITE03,1,0.958422174840085,736,1,1,9,1,3,30
AGAP005958,3,AGAP005958__SITE01;AGAP005958__SITE02;AGAP005958__SITE04,1,0.92910447761194,910,1,1,9,1,4,30
AGAP005958,3,AGAP005958__SITE01;AGAP005958__SITE03;AGAP005958__SITE04,1,0.926972281449893,910,1,1,9,1,5,30
AGAP005958,3,AGAP005958__SITE01;AGAP005958__SITE02;AGAP005958__SITE05,1,0.930170575692964,913,1,1,9,1,6,30
AGAP005958,3,AGAP005958__SITE01;AGAP005958__SITE03;AGAP005958__SITE05,1,0.928038379530917,913,1,1,9,1,7,30
AGAP005958,3,AGAP005958__SITE02;AGAP005958__SITE04;AGAP005958__SITE05,0.999466950959488,0.952025586353944,421,0.996014492753623,1,9,0.99848451840178,8,30
AGAP005958,3,AGAP005958__SITE01;AGAP005958__SITE04;AGAP005958__SITE05,0.997867803837953,0.934968017057569,913,0.991884057971014,1,9,0.996285899694076,9,30
AGAP005958,3,AGAP005958__SITE03;AGAP005958__SITE04;AGAP005958__SITE05,0.998400852878465,0.950426439232409,200,0.990178571428572,1,9,0.99609408315565,10,30
AGAP005959,2,AGAP005959__SITE02;AGAP005959__SITE03,1,0.975479744136461,37,1,1,9,1,1,30
AGAP005959,2,AGAP005959__SITE01;AGAP005959__SITE03,1,0.858742004264392,132,1,1,9,1,2,30
AGAP005959,2,AGAP005959__SITE01;AGAP005959__SITE02,0.998400852878465,0.844349680170576,118,0.990149356816023,1,9,0.996085318771886,3,30
AGAP005959,2,AGAP005959__SITE03;AGAP005959__SITE04,0.995735607675906,0.12046908315565,210,0.988300637156271,1,9,0.993931555752425,4,30
AGAP005959,2,AGAP005959__SITE03;AGAP005959__SITE05,0.995735607675906,0.119936034115139,219,0.988300637156271,1,9,0.993931555752425,5,30
AGAP005959,2,AGAP005959__SITE02;AGAP005959__SITE04,0.98134328358209,0.118869936034115,224,0.961004830917874,1,9,0.977107419424616,6,30
AGAP005959,2,AGAP005959__SITE02;AGAP005959__SITE05,0.98134328358209,0.118336886993603,233,0.961004830917874,1,9,0.977107419424616,7,30
AGAP005959,2,AGAP005959__SITE01;AGAP005959__SITE04,0.938699360341151,0.0447761194029851,319,0.852431684121825,0.333333333333333,9,0.852282454774571,8,30
AGAP005959,2,AGAP005959__SITE01;AGAP005959__SITE05,0.938699360341151,0.0442430703624733,328,0.852431684121825,0.333333333333333,9,0.852282454774571,9,30
AGAP005959,2,AGAP005959__SITE04;AGAP005959__SITE05,0.12046908315565,0.119936034115139,32,0.00931884057971014,0,9,0.075077102067303,10,30
AGAP005959,3,AGAP005959__SITE01;AGAP005959__SITE02;AGAP005959__SITE03,1,0.840085287846482,132,1,1,9,1,1,30
AGAP005959,3,AGAP005959__SITE02;AGAP005959__SITE03;AGAP005959__SITE04,1,0.118869936034115,224,1,1,9,1,2,30
AGAP005959,3,AGAP005959__SITE02;AGAP005959__SITE03;AGAP005959__SITE05,1,0.118336886993603,233,1,1,9,1,3,30
AGAP005959,3,AGAP005959__SITE01;AGAP005959__SITE03;AGAP005959__SITE04,1,0.0447761194029851,319,1,1,9,1,4,30
AGAP005959,3,AGAP005959__SITE01;AGAP005959__SITE03;AGAP005959__SITE05,1,0.0442430703624733,328,1,1,9,1,5,30
AGAP005959,3,AGAP005959__SITE01;AGAP005959__SITE02;AGAP005959__SITE04,0.999466950959488,0.0442430703624733,319,0.998765432098765,1,9,0.999309800205322,6,30
AGAP005959,3,AGAP005959__SITE01;AGAP005959__SITE02;AGAP005959__SITE05,0.999466950959488,0.0437100213219616,328,0.998765432098765,1,9,0.999309800205322,7,30
AGAP005959,3,AGAP005959__SITE03;AGAP005959__SITE04;AGAP005959__SITE05,0.995735607675906,0.119936034115139,219,0.988300637156271,1,9,0.993931555752425,8,30
AGAP005959,3,AGAP005959__SITE02;AGAP005959__SITE04;AGAP005959__SITE05,0.98134328358209,0.118336886993603,233,0.961004830917874,1,9,0.977107419424616,9,30
AGAP005959,3,AGAP005959__SITE01;AGAP005959__SITE04;AGAP005959__SITE05,0.938699360341151,0.0442430703624733,328,0.852431684121825,0.333333333333333,9,0.852282454774571,10,30
AGAP006098,2,AGAP006098__SITE03;AGAP006098__SITE04,0.991471215351812,0.92910447761194,135,0.969603174603175,1,9,0.98576368159204,1,30
AGAP006098,2,AGAP006098__SITE03;AGAP006098__SITE05,0.991471215351812,0.930703624733475,140,0.969603174603175,1,9,0.98576368159204,2,30
AGAP006098,2,AGAP006098__SITE02;AGAP006098__SITE03,0.991471215351812,0.96002132196162,189,0.969603174603175,1,9,0.98576368159204,3,30
AGAP006098,2,AGAP006098__SITE01;AGAP006098__SITE03,0.991471215351812,0.958955223880597,195,0.969603174603175,1,9,0.98576368159204,4,30
AGAP006098,2,AGAP006098__SITE01;AGAP006098__SITE02,0.989339019189765,0.985074626865672,29,0.958531400966183,1,9,0.981162831803714,5,30
AGAP006098,2,AGAP006098__SITE02;AGAP006098__SITE04,0.989339019189765,0.955223880597015,301,0.958531400966183,1,9,0.981162831803714,6,30
AGAP006098,2,AGAP006098__SITE02;AGAP006098__SITE05,0.989339019189765,0.95682302771855,306,0.958531400966183,1,9,0.981162831803714,7,30
AGAP006098,2,AGAP006098__SITE01;AGAP006098__SITE04,0.989339019189765,0.954157782515992,307,0.958531400966183,1,9,0.981162831803714,8,30
AGAP006098,2,AGAP006098__SITE01;AGAP006098__SITE05,0.989339019189765,0.955756929637527,312,0.958531400966183,1,9,0.981162831803714,9,30
AGAP006098,2,AGAP006098__SITE04;AGAP006098__SITE05,0.958422174840085,0.95682302771855,28,0.923636932707356,0.666666666666667,9,0.918811051382924,10,30
AGAP006098,3,AGAP006098__SITE03;AGAP006098__SITE04;AGAP006098__SITE05,0.991471215351812,0.92910447761194,140,0.969603174603175,1,9,0.98576368159204,1,30
AGAP006098,3,AGAP006098__SITE01;AGAP006098__SITE02;AGAP006098__SITE03,0.991471215351812,0.957356076759062,195,0.969603174603175,1,9,0.98576368159204,2,30
AGAP006098,3,AGAP006098__SITE02;AGAP006098__SITE03;AGAP006098__SITE04,0.991471215351812,0.927505330490405,301,0.969603174603175,1,9,0.98576368159204,3,30
AGAP006098,3,AGAP006098__SITE02;AGAP006098__SITE03;AGAP006098__SITE05,0.991471215351812,0.92910447761194,306,0.969603174603175,1,9,0.98576368159204,4,30
AGAP006098,3,AGAP006098__SITE01;AGAP006098__SITE03;AGAP006098__SITE04,0.991471215351812,0.926439232409382,307,0.969603174603175,1,9,0.98576368159204,5,30
AGAP006098,3,AGAP006098__SITE01;AGAP006098__SITE03;AGAP006098__SITE05,0.991471215351812,0.928038379530917,312,0.969603174603175,1,9,0.98576368159204,6,30
AGAP006098,3,AGAP006098__SITE02;AGAP006098__SITE04;AGAP006098__SITE05,0.989339019189765,0.955223880597015,306,0.958531400966183,1,9,0.981162831803714,7,30
AGAP006098,3,AGAP006098__SITE01;AGAP006098__SITE02;AGAP006098__SITE04,0.989339019189765,0.952558635394456,307,0.958531400966183,1,9,0.981162831803714,8,30
AGAP006098,3,AGAP006098__SITE01;AGAP006098__SITE02;AGAP006098__SITE05,0.989339019189765,0.954157782515992,312,0.958531400966183,1,9,0.981162831803714,9,30
AGAP006098,3,AGAP006098__SITE01;AGAP006098__SITE04;AGAP006098__SITE05,0.989339019189765,0.954157782515992,312,0.958531400966183,1,9,0.981162831803714,10,30
AGAP006233,2,AGAP006233__SITE04;AGAP006233__SITE05,1,0.686567164179104,117,1,1,9,1,1,30
AGAP006233,2,AGAP006233__SITE03;AGAP006233__SITE05,1,0.963219616204691,176,1,1,9,1,2,30
AGAP006233,2,AGAP006233__SITE01;AGAP006233__SITE05,1,0.962686567164179,179,1,1,9,1,3,30
AGAP006233,2,AGAP006233__SITE02;AGAP006233__SITE05,1,0.962686567164179,179,1,1,9,1,4,30
AGAP006233,2,AGAP006233__SITE03;AGAP006233__SITE04,0.997867803837953,0.666844349680171,82,0.986888888888889,1,9,0.994787348969439,5,30
AGAP006233,2,AGAP006233__SITE01;AGAP006233__SITE04,0.997867803837953,0.666311300639659,85,0.986888888888889,1,9,0.994787348969439,6,30
AGAP006233,2,AGAP006233__SITE02;AGAP006233__SITE04,0.997867803837953,0.666311300639659,85,0.986888888888889,1,9,0.994787348969439,7,30
AGAP006233,2,AGAP006233__SITE01;AGAP006233__SITE03,0.970682302771855,0.970149253731343,26,0.914545454545455,0.888888888888889,9,0.945661906915638,8,30
AGAP006233,2,AGAP006233__SITE02;AGAP006233__SITE03,0.970682302771855,0.970149253731343,26,0.914545454545455,0.888888888888889,9,0.945661906915638,9,30
AGAP006233,2,AGAP006233__SITE01;AGAP006233__SITE02,0.970149253731343,0.970149253731343,23,0.914545454545455,0.888888888888889,9,0.945342077491331,10,30
AGAP006233,3,AGAP006233__SITE03;AGAP006233__SITE04;AGAP006233__SITE05,1,0.659381663113006,176,1,1,9,1,1,30
AGAP006233,3,AGAP006233__SITE01;AGAP006233__SITE02;AGAP006233__SITE05,1,0.962686567164179,179,1,1,9,1,2,30
AGAP006233,3,AGAP006233__SITE01;AGAP006233__SITE03;AGAP006233__SITE05,1,0.962686567164179,179,1,1,9,1,3,30
AGAP006233,3,AGAP006233__SITE01;AGAP006233__SITE04;AGAP006233__SITE05,1,0.658848614072495,179,1,1,9,1,4,30
AGAP006233,3,AGAP006233__SITE02;AGAP006233__SITE03;AGAP006233__SITE05,1,0.962686567164179,179,1,1,9,1,5,30
AGAP006233,3,AGAP006233__SITE02;AGAP006233__SITE04;AGAP006233__SITE05,1,0.658848614072495,179,1,1,9,1,6,30
AGAP006233,3,AGAP006233__SITE01;AGAP006233__SITE02;AGAP006233__SITE04,0.997867803837953,0.666311300639659,85,0.986888888888889,1,9,0.994787348969439,7,30
AGAP006233,3,AGAP006233__SITE01;AGAP006233__SITE03;AGAP006233__SITE04,0.997867803837953,0.666311300639659,85,0.986888888888889,1,9,0.994787348969439,8,30
AGAP006233,3,AGAP006233__SITE02;AGAP006233__SITE03;AGAP006233__SITE04,0.997867803837953,0.666311300639659,85,0.986888888888889,1,9,0.994787348969439,9,30
AGAP006233,3,AGAP006233__SITE01;AGAP006233__SITE02;AGAP006233__SITE03,0.970682302771855,0.970149253731343,26,0.914545454545455,0.888888888888889,9,0.945661906915638,10,30
AGAP006241,2,AGAP006241__SITE01;AGAP006241__SITE02,1,0.975479744136461,46,1,1,9,1,1,30
AGAP006241,2,AGAP006241__SITE03;AGAP006241__SITE04,1,0.942430703624733,47,1,1,9,1,2,30
AGAP006241,2,AGAP006241__SITE04;AGAP006241__SITE05,1,0.982409381663113,66,1,1,9,1,3,30
AGAP006241,2,AGAP006241__SITE03;AGAP006241__SITE05,1,0.935501066098081,90,1,1,9,1,4,30
AGAP006241,2,AGAP006241__SITE02;AGAP006241__SITE03,1,0.94136460554371,97,1,1,9,1,5,30
AGAP006241,2,AGAP006241__SITE01;AGAP006241__SITE03,1,0.929637526652452,120,1,1,9,1,6,30
AGAP006241,2,AGAP006241__SITE02;AGAP006241__SITE04,1,0.988272921108742,121,1,1,9,1,7,30
AGAP006241,2,AGAP006241__SITE01;AGAP006241__SITE04,1,0.976545842217484,144,1,1,9,1,8,30
AGAP006241,2,AGAP006241__SITE01;AGAP006241__SITE05,0.99680170575693,0.972814498933902,187,0.991674603174603,1,9,0.995583404406539,9,30
AGAP006241,2,AGAP006241__SITE02;AGAP006241__SITE05,0.998400852878465,0.982942430703625,164,0.984507042253521,1,9,0.994392624403135,10,30
AGAP006241,3,AGAP006241__SITE03;AGAP006241__SITE04;AGAP006241__SITE05,1,0.930170575692964,90,1,1,9,1,1,30
AGAP006241,3,AGAP006241__SITE01;AGAP006241__SITE02;AGAP006241__SITE03,1,0.923240938166311,120,1,1,9,1,2,30
AGAP006241,3,AGAP006241__SITE02;AGAP006241__SITE03;AGAP006241__SITE04,1,0.936034115138593,121,1,1,9,1,3,30
AGAP006241,3,AGAP006241__SITE01;AGAP006241__SITE02;AGAP006241__SITE04,1,0.970149253731343,144,1,1,9,1,4,30
AGAP006241,3,AGAP006241__SITE01;AGAP006241__SITE03;AGAP006241__SITE04,1,0.924307036247335,144,1,1,9,1,5,30
AGAP006241,3,AGAP006241__SITE02;AGAP006241__SITE03;AGAP006241__SITE05,1,0.930703624733475,164,1,1,9,1,6,30
AGAP006241,3,AGAP006241__SITE02;AGAP006241__SITE04;AGAP006241__SITE05,1,0.977611940298507,164,1,1,9,1,7,30
AGAP006241,3,AGAP006241__SITE01;AGAP006241__SITE02;AGAP006241__SITE05,1,0.968017057569296,187,1,1,9,1,8,30
AGAP006241,3,AGAP006241__SITE01;AGAP006241__SITE03;AGAP006241__SITE05,1,0.920575692963753,187,1,1,9,1,9,30
AGAP006241,3,AGAP006241__SITE01;AGAP006241__SITE04;AGAP006241__SITE05,1,0.967484008528785,187,1,1,9,1,10,30
AGAP006766,2,AGAP006766__SITE01;AGAP006766__SITE03,1,0.978144989339019,60,1,1,9,1,1,30
AGAP006766,2,AGAP006766__SITE04;AGAP006766__SITE05,1,0.906716417910448,182,1,1,9,1,2,30
AGAP006766,2,AGAP006766__SITE03;AGAP006766__SITE05,1,0.909381663113006,187,1,1,9,1,3,30
AGAP006766,2,AGAP006766__SITE02;AGAP006766__SITE03,0.999466950959488,0.751599147121535,51,0.995111111111111,1,9,0.998213503909026,4,30
AGAP006766,2,AGAP006766__SITE01;AGAP006766__SITE04,0.999466950959488,0.976012793176972,65,0.994835680751174,1,9,0.998130874801045,5,30
AGAP006766,2,AGAP006766__SITE02;AGAP006766__SITE04,0.998933901918977,0.749466950959488,56,0.993057902973396,1,9,0.997277712043405,6,30
AGAP006766,2,AGAP006766__SITE01;AGAP006766__SITE05,0.996268656716418,0.922174840085288,224,0.985662525879917,1,9,0.993459951793826,7,30
AGAP006766,2,AGAP006766__SITE01;AGAP006766__SITE02,0.995202558635394,0.764925373134328,32,0.98167701863354,1,9,0.991624640771298,8,30
AGAP006766,2,AGAP006766__SITE03;AGAP006766__SITE04,0.986673773987207,0.979744136460554,28,0.972753623188406,1,9,0.983830351348846,9,30
AGAP006766,2,AGAP006766__SITE02;AGAP006766__SITE05,0.96908315565032,0.72228144989339,215,0.887676767676768,0.666666666666667,9,0.914419590359889,10,30
AGAP006766,3,AGAP006766__SITE01;AGAP006766__SITE02;AGAP006766__SITE03,1,0.75,60,1,1,9,1,1,30
AGAP006766,3,AGAP006766__SITE01;AGAP006766__SITE03;AGAP006766__SITE04,1,0.973880597014925,65,1,1,9,1,2,30
AGAP006766,3,AGAP006766__SITE03;AGAP006766__SITE04;AGAP006766__SITE05,1,0.904584221748401,187,1,1,9,1,3,30
AGAP006766,3,AGAP006766__SITE02;AGAP006766__SITE03;AGAP006766__SITE05,1,0.707356076759062,215,1,1,9,1,4,30
AGAP006766,3,AGAP006766__SITE02;AGAP006766__SITE04;AGAP006766__SITE05,1,0.705223880597015,215,1,1,9,1,5,30
AGAP006766,3,AGAP006766__SITE01;AGAP006766__SITE03;AGAP006766__SITE05,1,0.906716417910448,224,1,1,9,1,6,30
AGAP006766,3,AGAP006766__SITE01;AGAP006766__SITE04;AGAP006766__SITE05,1,0.904584221748401,224,1,1,9,1,7,30
AGAP006766,3,AGAP006766__SITE02;AGAP006766__SITE03;AGAP006766__SITE04,0.999466950959488,0.747334754797441,56,0.995111111111111,1,9,0.998213503909026,8,30
AGAP006766,3,AGAP006766__SITE01;AGAP006766__SITE02;AGAP006766__SITE04,0.999466950959488,0.747867803837953,65,0.994835680751174,1,9,0.998130874801045,9,30
AGAP006766,3,AGAP006766__SITE01;AGAP006766__SITE02;AGAP006766__SITE05,0.996268656716418,0.720682302771855,224,0.985662525879917,1,9,0.993459951793826,10,30
AGAP006935,2,AGAP006935__SITE01;AGAP006935__SITE02,0.585287846481876,0.584221748400853,26,0.0373140096618356,0.222222222222222,9,0.384589133009899,1,30
AGAP006939,2,AGAP006939__SITE02;AGAP006939__SITE03,1,0.918443496801706,218,1,1,9,1,1,30
AGAP006939,2,AGAP006939__SITE01;AGAP006939__SITE03,1,0.915245202558635,234,1,1,9,1,2,30
AGAP006939,2,AGAP006939__SITE02;AGAP006939__SITE04,0.997867803837953,0.921641791044776,282,0.996014492753623,1,9,0.997525030128859,3,30
AGAP006939,2,AGAP006939__SITE01;AGAP006939__SITE04,0.997867803837953,0.918443496801706,298,0.996014492753623,1,9,0.997525030128859,4,30
AGAP006939,2,AGAP006939__SITE04;AGAP006939__SITE05,0.998400852878465,0.867803837953092,53,0.987934782608696,1,9,0.995420946509688,5,30
AGAP006939,2,AGAP006939__SITE03;AGAP006939__SITE04,0.995735607675906,0.965884861407249,87,0.990167548500881,1,9,0.994491629155808,6,30
AGAP006939,2,AGAP006939__SITE02;AGAP006939__SITE05,0.993603411513859,0.829424307036247,312,0.972657004830918,1,9,0.987959148357591,7,30
AGAP006939,2,AGAP006939__SITE01;AGAP006939__SITE05,0.993603411513859,0.826226012793177,328,0.972657004830918,1,9,0.987959148357591,8,30
AGAP006939,2,AGAP006939__SITE03;AGAP006939__SITE05,0.988272921108742,0.876865671641791,117,0.942173913043478,0.888888888888889,9,0.964504815467178,9,30
AGAP006939,2,AGAP006939__SITE01;AGAP006939__SITE02,0.940298507462687,0.932835820895522,39,0.886873015873016,0.444444444444444,9,0.874685453683961,10,30
AGAP006939,3,AGAP006939__SITE03;AGAP006939__SITE04;AGAP006939__SITE05,1,0.86407249466951,117,1,1,9,1,1,30
AGAP006939,3,AGAP006939__SITE01;AGAP006939__SITE02;AGAP006939__SITE03,1,0.913113006396588,234,1,1,9,1,2,30
AGAP006939,3,AGAP006939__SITE02;AGAP006939__SITE03;AGAP006939__SITE04,1,0.906183368869936,282,1,1,9,1,3,30
AGAP006939,3,AGAP006939__SITE01;AGAP006939__SITE03;AGAP006939__SITE04,1,0.902985074626866,298,1,1,9,1,4,30
AGAP006939,3,AGAP006939__SITE02;AGAP006939__SITE03;AGAP006939__SITE05,1,0.821428571428571,312,1,1,9,1,5,30
AGAP006939,3,AGAP006939__SITE02;AGAP006939__SITE04;AGAP006939__SITE05,1,0.814498933901919,312,1,1,9,1,6,30
AGAP006939,3,AGAP006939__SITE01;AGAP006939__SITE03;AGAP006939__SITE05,1,0.818230277185501,328,1,1,9,1,7,30
AGAP006939,3,AGAP006939__SITE01;AGAP006939__SITE04;AGAP006939__SITE05,1,0.811300639658849,328,1,1,9,1,8,30
AGAP006939,3,AGAP006939__SITE01;AGAP006939__SITE02;AGAP006939__SITE04,0.997867803837953,0.916311300639659,298,0.996014492753623,1,9,0.997525030128859,9,30
AGAP006939,3,AGAP006939__SITE01;AGAP006939__SITE02;AGAP006939__SITE05,0.993603411513859,0.82409381663113,328,0.972657004830918,1,9,0.987959148357591,10,30
AGAP006989,2,AGAP006989__SITE01;AGAP006989__SITE04,0.999466950959488,0.901918976545842,644,0.995111111111111,1,9,0.998213503909026,1,30
AGAP006989,2,AGAP006989__SITE01;AGAP006989__SITE05,0.996268656716418,0.442430703624733,922,0.991455399061033,1,9,0.995197813748161,2,30
AGAP006989,2,AGAP006989__SITE02;AGAP006989__SITE04,0.997867803837953,0.876865671641791,641,0.986265700483092,1,9,0.994600392447699,3,30
AGAP006989,2,AGAP006989__SITE01;AGAP006989__SITE02,0.995202558635394,0.968550106609808,26,0.988409090909091,1,9,0.993644262453964,4,30
AGAP006989,2,AGAP006989__SITE01;AGAP006989__SITE03,0.995202558635394,0.377931769722815,581,0.988409090909091,1,9,0.993644262453964,5,30
AGAP006989,2,AGAP006989__SITE02;AGAP006989__SITE05,0.970149253731343,0.441897654584222,919,0.943013880383752,0.888888888888889,9,0.95388260524282,6,30
AGAP006989,2,AGAP006989__SITE02;AGAP006989__SITE03,0.968550106609808,0.377931769722815,578,0.943013880383752,0.888888888888889,9,0.952923116969899,7,30
AGAP006989,2,AGAP006989__SITE03;AGAP006989__SITE04,0.926972281449893,0.357142857142857,86,0.855072463768116,0.444444444444444,9,0.857149552444815,8,30
AGAP006989,2,AGAP006989__SITE04;AGAP006989__SITE05,0.9227078891258,0.426972281449893,301,0.851072463768116,0.444444444444444,9,0.853390917050359,9,30
AGAP006989,2,AGAP006989__SITE03;AGAP006989__SITE05,0.476012793176972,0.345415778251599,364,0.116811594202899,0.111111111111111,9,0.331762265278164,10,30
AGAP006989,3,AGAP006989__SITE01;AGAP006989__SITE02;AGAP006989__SITE04,0.999466950959488,0.876865671641791,644,0.995111111111111,1,9,0.998213503909026,1,30
AGAP006989,3,AGAP006989__SITE01;AGAP006989__SITE03;AGAP006989__SITE04,0.999466950959488,0.357142857142857,644,0.995111111111111,1,9,0.998213503909026,2,30
AGAP006989,3,AGAP006989__SITE01;AGAP006989__SITE04;AGAP006989__SITE05,0.999466950959488,0.42590618336887,922,0.995111111111111,1,9,0.998213503909026,3,30
AGAP006989,3,AGAP006989__SITE01;AGAP006989__SITE02;AGAP006989__SITE05,0.996268656716418,0.441897654584222,922,0.991455399061033,1,9,0.995197813748161,4,30
AGAP006989,3,AGAP006989__SITE01;AGAP006989__SITE03;AGAP006989__SITE05,0.996268656716418,0.345415778251599,922,0.991455399061033,1,9,0.995197813748161,5,30
AGAP006989,3,AGAP006989__SITE02;AGAP006989__SITE03;AGAP006989__SITE04,0.997867803837953,0.357142857142857,641,0.986265700483092,1,9,0.994600392447699,6,30
AGAP006989,3,AGAP006989__SITE02;AGAP006989__SITE04;AGAP006989__SITE05,0.997867803837953,0.425373134328358,919,0.986265700483092,1,9,0.994600392447699,7,30
AGAP006989,3,AGAP006989__SITE01;AGAP006989__SITE02;AGAP006989__SITE03,0.995202558635394,0.377931769722815,581,0.988409090909091,1,9,0.993644262453964,8,30
AGAP006989,3,AGAP006989__SITE02;AGAP006989__SITE03;AGAP006989__SITE05,0.970149253731343,0.345415778251599,919,0.943013880383752,0.888888888888889,9,0.95388260524282,9,30
AGAP006989,3,AGAP006989__SITE03;AGAP006989__SITE04;AGAP006989__SITE05,0.927505330490405,0.329424307036247,364,0.856262939958592,0.444444444444444,9,0.857826524726265,10,30
AGAP007031,2,AGAP007031__SITE02;AGAP007031__SITE03,1,0.943496801705757,76,1,1,9,1,1,30
AGAP007031,2,AGAP007031__SITE01;AGAP007031__SITE03,1,0.94456289978678,78,1,1,9,1,2,30
AGAP007031,2,AGAP007031__SITE02;AGAP007031__SITE04,1,0.945095948827292,78,1,1,9,1,3,30
AGAP007031,2,AGAP007031__SITE01;AGAP007031__SITE04,1,0.946162046908315,80,1,1,9,1,4,30
AGAP007031,2,AGAP007031__SITE04;AGAP007031__SITE05,1,0.981876332622601,283,1,1,9,1,5,30
AGAP007031,2,AGAP007031__SITE03;AGAP007031__SITE05,1,0.980277185501066,285,1,1,9,1,6,30
AGAP007031,2,AGAP007031__SITE02;AGAP007031__SITE05,1,0.949360341151386,338,1,1,9,1,7,30
AGAP007031,2,AGAP007031__SITE01;AGAP007031__SITE05,1,0.950426439232409,340,1,1,9,1,8,30
AGAP007031,2,AGAP007031__SITE03;AGAP007031__SITE04,0.989339019189765,0.986673773987207,25,0.966238007756685,1,9,0.983474813840865,9,30
AGAP007031,2,AGAP007031__SITE01;AGAP007031__SITE02,0.957356076759062,0.956289978678038,25,0.667606837606837,0.888888888888889,9,0.863584586226377,10,30
AGAP007031,3,AGAP007031__SITE01;AGAP007031__SITE02;AGAP007031__SITE03,1,0.943496801705757,78,1,1,9,1,1,30
AGAP007031,3,AGAP007031__SITE02;AGAP007031__SITE03;AGAP007031__SITE04,1,0.942963752665245,78,1,1,9,1,2,30
AGAP007031,3,AGAP007031__SITE01;AGAP007031__SITE02;AGAP007031__SITE04,1,0.945095948827292,80,1,1,9,1,3,30
AGAP007031,3,AGAP007031__SITE01;AGAP007031__SITE03;AGAP007031__SITE04,1,0.944029850746269,80,1,1,9,1,4,30
AGAP007031,3,AGAP007031__SITE03;AGAP007031__SITE04;AGAP007031__SITE05,1,0.979744136460554,285,1,1,9,1,5,30
AGAP007031,3,AGAP007031__SITE02;AGAP007031__SITE03;AGAP007031__SITE05,1,0.936567164179104,338,1,1,9,1,6,30
AGAP007031,3,AGAP007031__SITE02;AGAP007031__SITE04;AGAP007031__SITE05,1,0.93816631130064,338,1,1,9,1,7,30
AGAP007031,3,AGAP007031__SITE01;AGAP007031__SITE02;AGAP007031__SITE05,1,0.949360341151386,340,1,1,9,1,8,30
AGAP007031,3,AGAP007031__SITE01;AGAP007031__SITE03;AGAP007031__SITE05,1,0.937633262260128,340,1,1,9,1,9,30
AGAP007031,3,AGAP007031__SITE01;AGAP007031__SITE04;AGAP007031__SITE05,1,0.939232409381663,340,1,1,9,1,10,30
AGAP007063,2,AGAP007063__SITE01;AGAP007063__SITE02,1,0.886993603411514,60,1,1,9,1,1,30
AGAP007063,2,AGAP007063__SITE01;AGAP007063__SITE03,1,0.869402985074627,77,1,1,9,1,2,30
AGAP007063,2,AGAP007063__SITE02;AGAP007063__SITE03,0.989339019189765,0.967484008528785,40,0.946610328638498,0.888888888888889,9,0.966475398994297,3,30
AGAP007063,2,AGAP007063__SITE02;AGAP007063__SITE04,0.987206823027719,0.087953091684435,105,0.946610328638498,0.888888888888889,9,0.96519608129707,4,30
AGAP007063,2,AGAP007063__SITE02;AGAP007063__SITE05,0.987206823027719,0.087953091684435,122,0.946610328638498,0.888888888888889,9,0.96519608129707,5,30
AGAP007063,2,AGAP007063__SITE03;AGAP007063__SITE04,0.969616204690831,0.087953091684435,88,0.912173913043478,0.777777777777778,9,0.93319967450532,6,30
AGAP007063,2,AGAP007063__SITE03;AGAP007063__SITE05,0.969616204690831,0.087953091684435,105,0.912173913043478,0.777777777777778,9,0.93319967450532,7,30
AGAP007063,2,AGAP007063__SITE01;AGAP007063__SITE04,0.902985074626866,0.0847547974413646,142,0.718048309178744,0.333333333333333,9,0.790538870863076,8,30
AGAP007063,2,AGAP007063__SITE01;AGAP007063__SITE05,0.902985074626866,0.0847547974413646,159,0.718048309178744,0.333333333333333,9,0.790538870863076,9,30
AGAP007063,2,AGAP007063__SITE04;AGAP007063__SITE05,0.087953091684435,0.087953091684435,40,0,0,9,0.052771855010661,10,30
AGAP007063,3,AGAP007063__SITE01;AGAP007063__SITE02;AGAP007063__SITE03,1,0.86727078891258,77,1,1,9,1,1,30
AGAP007063,3,AGAP007063__SITE01;AGAP007063__SITE02;AGAP007063__SITE04,1,0.0847547974413646,142,1,1,9,1,2,30
AGAP007063,3,AGAP007063__SITE01;AGAP007063__SITE03;AGAP007063__SITE04,1,0.0847547974413646,142,1,1,9,1,3,30
AGAP007063,3,AGAP007063__SITE01;AGAP007063__SITE02;AGAP007063__SITE05,1,0.0847547974413646,159,1,1,9,1,4,30
AGAP007063,3,AGAP007063__SITE01;AGAP007063__SITE03;AGAP007063__SITE05,1,0.0847547974413646,159,1,1,9,1,5,30
AGAP007063,3,AGAP007063__SITE02;AGAP007063__SITE03;AGAP007063__SITE04,0.989339019189765,0.087953091684435,105,0.946610328638498,0.888888888888889,9,0.966475398994297,6,30
AGAP007063,3,AGAP007063__SITE02;AGAP007063__SITE03;AGAP007063__SITE05,0.989339019189765,0.087953091684435,122,0.946610328638498,0.888888888888889,9,0.966475398994297,7,30
AGAP007063,3,AGAP007063__SITE02;AGAP007063__SITE04;AGAP007063__SITE05,0.987206823027719,0.087953091684435,122,0.946610328638498,0.888888888888889,9,0.96519608129707,8,30
AGAP007063,3,AGAP007063__SITE03;AGAP007063__SITE04;AGAP007063__SITE05,0.969616204690831,0.087953091684435,105,0.912173913043478,0.777777777777778,9,0.93319967450532,9,30
AGAP007063,3,AGAP007063__SITE01;AGAP007063__SITE04;AGAP007063__SITE05,0.902985074626866,0.0847547974413646,159,0.718048309178744,0.333333333333333,9,0.790538870863076,10,30
AGAP007122,2,AGAP007122__SITE03;AGAP007122__SITE04,1,0.986140724946695,151,1,1,9,1,1,30
AGAP007122,2,AGAP007122__SITE02;AGAP007122__SITE04,1,0.986140724946695,158,1,1,9,1,2,30
AGAP007122,2,AGAP007122__SITE04;AGAP007122__SITE05,1,0.993603411513859,218,1,1,9,1,3,30
AGAP007122,2,AGAP007122__SITE03;AGAP007122__SITE05,1,0.988272921108742,346,1,1,9,1,4,30
AGAP007122,2,AGAP007122__SITE02;AGAP007122__SITE05,1,0.988272921108742,353,1,1,9,1,5,30
AGAP007122,2,AGAP007122__SITE01;AGAP007122__SITE04,1,0.986673773987207,604,1,1,9,1,6,30
AGAP007122,2,AGAP007122__SITE01;AGAP007122__SITE05,1,0.988805970149254,799,1,1,9,1,7,30
AGAP007122,2,AGAP007122__SITE01;AGAP007122__SITE02,0.999466950959488,0.981876332622601,469,0.995111111111111,1,9,0.998213503909026,8,30
AGAP007122,2,AGAP007122__SITE01;AGAP007122__SITE03,0.999466950959488,0.981876332622601,476,0.995111111111111,1,9,0.998213503909026,9,30
AGAP007122,2,AGAP007122__SITE02;AGAP007122__SITE03,0.990405117270789,0.990405117270789,30,0.974739130434783,1,9,0.986664809492908,10,30
AGAP007122,3,AGAP007122__SITE02;AGAP007122__SITE03;AGAP007122__SITE04,1,0.986140724946695,158,1,1,9,1,1,30
AGAP007122,3,AGAP007122__SITE03;AGAP007122__SITE04;AGAP007122__SITE05,1,0.984008528784648,346,1,1,9,1,2,30
AGAP007122,3,AGAP007122__SITE02;AGAP007122__SITE03;AGAP007122__SITE05,1,0.988272921108742,353,1,1,9,1,3,30
AGAP007122,3,AGAP007122__SITE02;AGAP007122__SITE04;AGAP007122__SITE05,1,0.984008528784648,353,1,1,9,1,4,30
AGAP007122,3,AGAP007122__SITE01;AGAP007122__SITE02;AGAP007122__SITE04,1,0.977611940298507,604,1,1,9,1,5,30
AGAP007122,3,AGAP007122__SITE01;AGAP007122__SITE03;AGAP007122__SITE04,1,0.977611940298507,604,1,1,9,1,6,30
AGAP007122,3,AGAP007122__SITE01;AGAP007122__SITE02;AGAP007122__SITE05,1,0.979744136460554,799,1,1,9,1,7,30
AGAP007122,3,AGAP007122__SITE01;AGAP007122__SITE03;AGAP007122__SITE05,1,0.979744136460554,799,1,1,9,1,8,30
AGAP007122,3,AGAP007122__SITE01;AGAP007122__SITE04;AGAP007122__SITE05,1,0.98454157782516,799,1,1,9,1,9,30
AGAP007122,3,AGAP007122__SITE01;AGAP007122__SITE02;AGAP007122__SITE03,0.999466950959488,0.981876332622601,476,0.995111111111111,1,9,0.998213503909026,10,30
AGAP007217,2,AGAP007217__SITE01;AGAP007217__SITE02,1,0.949893390191898,103,1,1,9,1,1,30
AGAP007217,2,AGAP007217__SITE02;AGAP007217__SITE04,1,0.923773987206823,234,1,1,9,1,2,30
AGAP007217,2,AGAP007217__SITE01;AGAP007217__SITE04,1,0.958955223880597,314,1,1,9,1,3,30
AGAP007217,2,AGAP007217__SITE01;AGAP007217__SITE05,1,0.985607675906183,455,1,1,9,1,4,30
AGAP007217,2,AGAP007217__SITE02;AGAP007217__SITE05,0.998933901918977,0.951492537313433,375,0.998765432098765,1,9,0.998989970781016,5,30
AGAP007217,2,AGAP007217__SITE04;AGAP007217__SITE05,0.999466950959488,0.96002132196162,164,0.995111111111111,1,9,0.998213503909026,6,30
AGAP007217,2,AGAP007217__SITE01;AGAP007217__SITE03,0.997334754797441,0.255863539445629,253,0.993661835748792,1,9,0.996499403603102,7,30
AGAP007217,2,AGAP007217__SITE03;AGAP007217__SITE04,0.995202558635394,0.231876332622601,84,0.98958024691358,1,9,0.99399560925531,8,30
AGAP007217,2,AGAP007217__SITE03;AGAP007217__SITE05,0.995202558635394,0.258528784648188,225,0.986845238095238,1,9,0.993175106609808,9,30
AGAP007217,2,AGAP007217__SITE02;AGAP007217__SITE03,0.98134328358209,0.236673773987207,173,0.96528951486698,1,9,0.978392824609348,10,30
AGAP007217,3,AGAP007217__SITE03;AGAP007217__SITE04;AGAP007217__SITE05,1,0.230277185501066,225,1,1,9,1,1,30
AGAP007217,3,AGAP007217__SITE02;AGAP007217__SITE03;AGAP007217__SITE04,1,0.207889125799574,234,1,1,9,1,2,30
AGAP007217,3,AGAP007217__SITE01;AGAP007217__SITE02;AGAP007217__SITE03,1,0.231876332622601,253,1,1,9,1,3,30
AGAP007217,3,AGAP007217__SITE01;AGAP007217__SITE02;AGAP007217__SITE04,1,0.916311300639659,314,1,1,9,1,4,30
AGAP007217,3,AGAP007217__SITE01;AGAP007217__SITE03;AGAP007217__SITE04,1,0.227078891257996,314,1,1,9,1,5,30
AGAP007217,3,AGAP007217__SITE02;AGAP007217__SITE04;AGAP007217__SITE05,1,0.918443496801706,375,1,1,9,1,6,30
AGAP007217,3,AGAP007217__SITE01;AGAP007217__SITE02;AGAP007217__SITE05,1,0.944029850746269,455,1,1,9,1,7,30
AGAP007217,3,AGAP007217__SITE01;AGAP007217__SITE03;AGAP007217__SITE05,1,0.253731343283582,455,1,1,9,1,8,30
AGAP007217,3,AGAP007217__SITE01;AGAP007217__SITE04;AGAP007217__SITE05,1,0.952558635394456,455,1,1,9,1,9,30
AGAP007217,3,AGAP007217__SITE02;AGAP007217__SITE03;AGAP007217__SITE05,0.998933901918977,0.23454157782516,375,0.998765432098765,1,9,0.998989970781016,10,30
AGAP007280,2,AGAP007280__SITE02;AGAP007280__SITE05,1,0.926972281449893,315,1,1,9,1,1,30
AGAP007280,2,AGAP007280__SITE03;AGAP007280__SITE05,0.998933901918977,0.833688699360341,44,0.993401709401709,1,9,0.997380853971899,2,30
AGAP007280,2,AGAP007280__SITE04;AGAP007280__SITE05,0.998933901918977,0.833688699360341,44,0.993401709401709,1,9,0.997380853971899,3,30
AGAP007280,2,AGAP007280__SITE01;AGAP007280__SITE05,0.997867803837953,0.335287846481876,318,0.98872035632599,1,9,0.995336789200569,4,30
AGAP007280,2,AGAP007280__SITE02;AGAP007280__SITE03,0.976545842217484,0.792643923240938,294,0.956521739130435,1,9,0.972884027069621,5,30
AGAP007280,2,AGAP007280__SITE02;AGAP007280__SITE04,0.976545842217484,0.792643923240938,294,0.956521739130435,1,9,0.972884027069621,6,30
AGAP007280,2,AGAP007280__SITE01;AGAP007280__SITE02,0.931769722814499,0.337953091684435,26,0.748109298109298,0.666666666666667,9,0.850161289788155,7,30
AGAP007280,2,AGAP007280__SITE01;AGAP007280__SITE03,0.890191897654584,0.285181236673774,297,0.861167227833894,0.111111111111111,9,0.80357641805403,8,30
AGAP007280,2,AGAP007280__SITE01;AGAP007280__SITE04,0.890191897654584,0.285181236673774,297,0.861167227833894,0.111111111111111,9,0.80357641805403,9,30
AGAP007280,2,AGAP007280__SITE03;AGAP007280__SITE04,0.837420042643923,0.837420042643923,23,0.761784037558686,0.111111111111111,9,0.742098347965071,10,30
AGAP007280,3,AGAP007280__SITE02;AGAP007280__SITE03;AGAP007280__SITE05,1,0.788912579957356,315,1,1,9,1,1,30
AGAP007280,3,AGAP007280__SITE02;AGAP007280__SITE04;AGAP007280__SITE05,1,0.788912579957356,315,1,1,9,1,2,30
AGAP007280,3,AGAP007280__SITE01;AGAP007280__SITE02;AGAP007280__SITE05,1,0.335287846481876,318,1,1,9,1,3,30
AGAP007280,3,AGAP007280__SITE03;AGAP007280__SITE04;AGAP007280__SITE05,0.998933901918977,0.833688699360341,44,0.993401709401709,1,9,0.997380853971899,4,30
AGAP007280,3,AGAP007280__SITE01;AGAP007280__SITE03;AGAP007280__SITE05,0.998933901918977,0.282515991471215,318,0.993401709401709,1,9,0.997380853971899,5,30
AGAP007280,3,AGAP007280__SITE01;AGAP007280__SITE04;AGAP007280__SITE05,0.998933901918977,0.282515991471215,318,0.993401709401709,1,9,0.997380853971899,6,30
AGAP007280,3,AGAP007280__SITE02;AGAP007280__SITE03;AGAP007280__SITE04,0.976545842217484,0.792643923240938,294,0.956521739130435,1,9,0.972884027069621,7,30
AGAP007280,3,AGAP007280__SITE01;AGAP007280__SITE02;AGAP007280__SITE03,0.976545842217484,0.285181236673774,297,0.956521739130435,1,9,0.972884027069621,8,30
AGAP007280,3,AGAP007280__SITE01;AGAP007280__SITE02;AGAP007280__SITE04,0.976545842217484,0.285181236673774,297,0.956521739130435,1,9,0.972884027069621,9,30
AGAP007280,3,AGAP007280__SITE01;AGAP007280__SITE03;AGAP007280__SITE04,0.890191897654584,0.285181236673774,297,0.861167227833894,0.111111111111111,9,0.80357641805403,10,30
AGAP007333,2,AGAP007333__SITE02;AGAP007333__SITE03,1,0.976545842217484,77,1,1,9,1,1,30
AGAP007333,2,AGAP007333__SITE01;AGAP007333__SITE02,1,0.866737739872068,169,1,1,9,1,2,30
AGAP007333,2,AGAP007333__SITE03;AGAP007333__SITE04,1,0.976012793176972,171,1,1,9,1,3,30
AGAP007333,2,AGAP007333__SITE03;AGAP007333__SITE05,1,0.976012793176972,173,1,1,9,1,4,30
AGAP007333,2,AGAP007333__SITE02;AGAP007333__SITE04,1,0.989872068230277,225,1,1,9,1,5,30
AGAP007333,2,AGAP007333__SITE02;AGAP007333__SITE05,1,0.989872068230277,227,1,1,9,1,6,30
AGAP007333,2,AGAP007333__SITE01;AGAP007333__SITE04,1,0.866204690831557,371,1,1,9,1,7,30
AGAP007333,2,AGAP007333__SITE01;AGAP007333__SITE05,1,0.866204690831557,373,1,1,9,1,8,30
AGAP007333,2,AGAP007333__SITE01;AGAP007333__SITE03,0.999466950959488,0.853411513859275,223,0.996014492753623,1,9,0.99848451840178,9,30
AGAP007333,2,AGAP007333__SITE04;AGAP007333__SITE05,0.994669509594883,0.994669509594883,25,0.986888888888889,1,9,0.992868372423597,10,30
AGAP007333,3,AGAP007333__SITE03;AGAP007333__SITE04;AGAP007333__SITE05,1,0.976012793176972,173,1,1,9,1,1,30
AGAP007333,3,AGAP007333__SITE01;AGAP007333__SITE02;AGAP007333__SITE03,1,0.84861407249467,223,1,1,9,1,2,30
AGAP007333,3,AGAP007333__SITE02;AGAP007333__SITE03;AGAP007333__SITE04,1,0.971215351812367,225,1,1,9,1,3,30
AGAP007333,3,AGAP007333__SITE02;AGAP007333__SITE03;AGAP007333__SITE05,1,0.971215351812367,227,1,1,9,1,4,30
AGAP007333,3,AGAP007333__SITE02;AGAP007333__SITE04;AGAP007333__SITE05,1,0.989872068230277,227,1,1,9,1,5,30
AGAP007333,3,AGAP007333__SITE01;AGAP007333__SITE02;AGAP007333__SITE04,1,0.861407249466951,371,1,1,9,1,6,30
AGAP007333,3,AGAP007333__SITE01;AGAP007333__SITE03;AGAP007333__SITE04,1,0.848081023454158,371,1,1,9,1,7,30
AGAP007333,3,AGAP007333__SITE01;AGAP007333__SITE02;AGAP007333__SITE05,1,0.861407249466951,373,1,1,9,1,8,30
AGAP007333,3,AGAP007333__SITE01;AGAP007333__SITE03;AGAP007333__SITE05,1,0.848081023454158,373,1,1,9,1,9,30
AGAP007333,3,AGAP007333__SITE01;AGAP007333__SITE04;AGAP007333__SITE05,1,0.866204690831557,373,1,1,9,1,10,30
AGAP007413,2,AGAP007413__SITE03;AGAP007413__SITE04,1,0.98134328358209,135,1,1,9,1,1,30
AGAP007413,2,AGAP007413__SITE02;AGAP007413__SITE04,1,0.946162046908315,144,1,1,9,1,2,30
AGAP007413,2,AGAP007413__SITE01;AGAP007413__SITE04,0.998933901918977,0.907782515991471,203,0.99672619047619,1,9,0.998378198294243,3,30
AGAP007413,2,AGAP007413__SITE01;AGAP007413__SITE03,0.998933901918977,0.909381663113006,91,0.995565558971356,1,9,0.998030008842793,4,30
AGAP007413,2,AGAP007413__SITE02;AGAP007413__SITE03,0.994136460554371,0.95362473347548,32,0.984487922705314,1,9,0.991828253144217,5,30
AGAP007413,2,AGAP007413__SITE03;AGAP007413__SITE05,0.993603411513859,0.556503198294243,145,0.983111111111111,1,9,0.991095380241649,6,30
AGAP007413,2,AGAP007413__SITE04;AGAP007413__SITE05,0.990938166311301,0.557569296375267,33,0.946412664018298,0.888888888888889,9,0.967375587881159,7,30
AGAP007413,2,AGAP007413__SITE02;AGAP007413__SITE05,0.980810234541578,0.534115138592751,154,0.950632478632479,0.888888888888889,9,0.962564773203579,8,30
AGAP007413,2,AGAP007413__SITE01;AGAP007413__SITE02,0.981876332622601,0.891257995735608,82,0.945010232334176,0.777777777777778,9,0.950406647051591,9,30
AGAP007413,2,AGAP007413__SITE01;AGAP007413__SITE05,0.934968017057569,0.540511727078891,213,0.796135265700483,0.666666666666667,9,0.866488056611353,10,30
AGAP007413,3,AGAP007413__SITE02;AGAP007413__SITE03;AGAP007413__SITE04,1,0.943496801705757,144,1,1,9,1,1,30
AGAP007413,3,AGAP007413__SITE03;AGAP007413__SITE04;AGAP007413__SITE05,1,0.55543710021322,145,1,1,9,1,2,30
AGAP007413,3,AGAP007413__SITE02;AGAP007413__SITE04;AGAP007413__SITE05,1,0.533049040511727,154,1,1,9,1,3,30
AGAP007413,3,AGAP007413__SITE01;AGAP007413__SITE02;AGAP007413__SITE04,1,0.882196162046908,203,1,1,9,1,4,30
AGAP007413,3,AGAP007413__SITE01;AGAP007413__SITE03;AGAP007413__SITE04,1,0.900319829424307,203,1,1,9,1,5,30
AGAP007413,3,AGAP007413__SITE01;AGAP007413__SITE03;AGAP007413__SITE05,0.999466950959488,0.538912579957356,213,0.996014492753623,1,9,0.99848451840178,6,30
AGAP007413,3,AGAP007413__SITE01;AGAP007413__SITE04;AGAP007413__SITE05,0.998933901918977,0.539445628997868,213,0.99672619047619,1,9,0.998378198294243,7,30
AGAP007413,3,AGAP007413__SITE01;AGAP007413__SITE02;AGAP007413__SITE03,0.998933901918977,0.888592750533049,91,0.995565558971356,1,9,0.998030008842793,8,30
AGAP007413,3,AGAP007413__SITE02;AGAP007413__SITE03;AGAP007413__SITE05,0.995735607675906,0.533582089552239,154,0.987323671497585,1,9,0.993638466054819,9,30
AGAP007413,3,AGAP007413__SITE01;AGAP007413__SITE02;AGAP007413__SITE05,0.988805970149254,0.522921108742004,213,0.962405200433369,1,9,0.982005142219563,10,30
AGAP007570,2,AGAP007570__SITE01;AGAP007570__SITE05,0.999466950959488,0.84861407249467,361,0.998765432098765,1,9,0.999309800205322,1,30
AGAP007570,2,AGAP007570__SITE01;AGAP007570__SITE03,0.98773987206823,0.751066098081023,149,0.954936507936508,0.888888888888889,9,0.968013764510779,2,30
AGAP007570,2,AGAP007570__SITE01;AGAP007570__SITE04,0.98773987206823,0.782515991471215,161,0.954936507936508,0.888888888888889,9,0.968013764510779,3,30
AGAP007570,2,AGAP007570__SITE04;AGAP007570__SITE05,0.983475479744136,0.873667377398721,223,0.89637558685446,0.888888888888889,9,0.947886852791708,4,30
AGAP007570,2,AGAP007570__SITE03;AGAP007570__SITE05,0.982942430703625,0.842750533049041,235,0.89637558685446,0.888888888888889,9,0.947567023367402,5,30
AGAP007570,2,AGAP007570__SITE02;AGAP007570__SITE05,0.976545842217484,0.682835820895522,356,0.894597809076682,0.888888888888889,9,0.943195736942384,6,30
AGAP007570,2,AGAP007570__SITE02;AGAP007570__SITE04,0.917910447761194,0.6636460554371,156,0.718929577464789,0.666666666666667,9,0.83309180856282,7,30
AGAP007570,2,AGAP007570__SITE02;AGAP007570__SITE03,0.896055437100213,0.654051172707889,144,0.697934272300469,0.333333333333333,9,0.780346877283602,8,30
AGAP007570,2,AGAP007570__SITE01;AGAP007570__SITE02,0.881663113006397,0.690831556503198,28,0.794405594405594,0,9,0.767319546125516,9,30
AGAP007570,2,AGAP007570__SITE03;AGAP007570__SITE04,0.890191897654584,0.857675906183369,35,0.659837245696401,0.333333333333333,9,0.765399645635004,10,30
AGAP007570,3,AGAP007570__SITE01;AGAP007570__SITE03;AGAP007570__SITE05,1,0.736140724946695,361,1,1,9,1,1,30
AGAP007570,3,AGAP007570__SITE01;AGAP007570__SITE04;AGAP007570__SITE05,1,0.767057569296375,361,1,1,9,1,2,30
AGAP007570,3,AGAP007570__SITE01;AGAP007570__SITE02;AGAP007570__SITE05,0.999466950959488,0.681769722814499,361,0.998765432098765,1,9,0.999309800205322,3,30
AGAP007570,3,AGAP007570__SITE01;AGAP007570__SITE02;AGAP007570__SITE03,0.98773987206823,0.652985074626866,149,0.954936507936508,0.888888888888889,9,0.968013764510779,4,30
AGAP007570,3,AGAP007570__SITE01;AGAP007570__SITE02;AGAP007570__SITE04,0.98773987206823,0.662579957356077,161,0.954936507936508,0.888888888888889,9,0.968013764510779,5,30
AGAP007570,3,AGAP007570__SITE01;AGAP007570__SITE03;AGAP007570__SITE04,0.98773987206823,0.750533049040512,161,0.954936507936508,0.888888888888889,9,0.968013764510779,6,30
AGAP007570,3,AGAP007570__SITE03;AGAP007570__SITE04;AGAP007570__SITE05,0.983475479744136,0.842217484008529,235,0.89637558685446,0.888888888888889,9,0.947886852791708,7,30
AGAP007570,3,AGAP007570__SITE02;AGAP007570__SITE04;AGAP007570__SITE05,0.983475479744136,0.654584221748401,356,0.89637558685446,0.888888888888889,9,0.947886852791708,8,30
AGAP007570,3,AGAP007570__SITE02;AGAP007570__SITE03;AGAP007570__SITE05,0.982942430703625,0.64498933901919,356,0.89637558685446,0.888888888888889,9,0.947567023367402,9,30
AGAP007570,3,AGAP007570__SITE02;AGAP007570__SITE03;AGAP007570__SITE04,0.917910447761194,0.653518123667377,156,0.718929577464789,0.666666666666667,9,0.83309180856282,10,30
AGAP007729,2,AGAP007729__SITE03;AGAP007729__SITE04,1,0.998933901918977,29,1,1,9,1,1,30
AGAP007729,2,AGAP007729__SITE04;AGAP007729__SITE05,1,0.997867803837953,89,1,1,9,1,2,30
AGAP007729,2,AGAP007729__SITE03;AGAP007729__SITE05,1,0.998933901918977,95,1,1,9,1,3,30
AGAP007729,2,AGAP007729__SITE02;AGAP007729__SITE03,1,0.997867803837953,613,1,1,9,1,4,30
AGAP007729,2,AGAP007729__SITE02;AGAP007729__SITE04,1,0.99680170575693,619,1,1,9,1,5,30
AGAP007729,2,AGAP007729__SITE01;AGAP007729__SITE02,1,0.973880597014925,636,1,1,9,1,6,30
AGAP007729,2,AGAP007729__SITE02;AGAP007729__SITE05,1,0.99680170575693,685,1,1,9,1,7,30
AGAP007729,2,AGAP007729__SITE01;AGAP007729__SITE03,1,0.976012793176972,1226,1,1,9,1,8,30
AGAP007729,2,AGAP007729__SITE01;AGAP007729__SITE04,1,0.974946695095949,1232,1,1,9,1,9,30
AGAP007729,2,AGAP007729__SITE01;AGAP007729__SITE05,1,0.974946695095949,1298,1,1,9,1,10,30
AGAP007729,3,AGAP007729__SITE03;AGAP007729__SITE04;AGAP007729__SITE05,1,0.997867803837953,95,1,1,9,1,1,30
AGAP007729,3,AGAP007729__SITE02;AGAP007729__SITE03;AGAP007729__SITE04,1,0.99680170575693,619,1,1,9,1,2,30
AGAP007729,3,AGAP007729__SITE02;AGAP007729__SITE03;AGAP007729__SITE05,1,0.99680170575693,685,1,1,9,1,3,30
AGAP007729,3,AGAP007729__SITE02;AGAP007729__SITE04;AGAP007729__SITE05,1,0.995735607675906,685,1,1,9,1,4,30
AGAP007729,3,AGAP007729__SITE01;AGAP007729__SITE02;AGAP007729__SITE03,1,0.973880597014925,1226,1,1,9,1,5,30
AGAP007729,3,AGAP007729__SITE01;AGAP007729__SITE02;AGAP007729__SITE04,1,0.972814498933902,1232,1,1,9,1,6,30
AGAP007729,3,AGAP007729__SITE01;AGAP007729__SITE03;AGAP007729__SITE04,1,0.974946695095949,1232,1,1,9,1,7,30
AGAP007729,3,AGAP007729__SITE01;AGAP007729__SITE02;AGAP007729__SITE05,1,0.972814498933902,1298,1,1,9,1,8,30
AGAP007729,3,AGAP007729__SITE01;AGAP007729__SITE03;AGAP007729__SITE05,1,0.974946695095949,1298,1,1,9,1,9,30
AGAP007729,3,AGAP007729__SITE01;AGAP007729__SITE04;AGAP007729__SITE05,1,0.973880597014925,1298,1,1,9,1,10,30
AGAP007775,2,AGAP007775__SITE04;AGAP007775__SITE05,0.998933901918977,0.834754797441365,92,0.996277256693923,1,9,0.998243518159563,1,30
AGAP007775,2,AGAP007775__SITE03;AGAP007775__SITE05,0.998933901918977,0.834754797441365,101,0.996277256693923,1,9,0.998243518159563,2,30
AGAP007775,2,AGAP007775__SITE02;AGAP007775__SITE05,0.960554371002132,0.0389125799573561,140,0.911709401709402,0.555555555555556,9,0.905400998669655,3,30
AGAP007775,2,AGAP007775__SITE01;AGAP007775__SITE05,0.960554371002132,0,205,0.911709401709402,0.555555555555556,9,0.905400998669655,4,30
AGAP007775,2,AGAP007775__SITE03;AGAP007775__SITE04,0.875266524520256,0.871002132196162,32,0.761594202898551,0.444444444444444,9,0.798082620026163,5,30
AGAP007775,2,AGAP007775__SITE02;AGAP007775__SITE03,0.873134328358209,0.0389125799573561,62,0.757246376811594,0.444444444444444,9,0.795498954502848,6,30
AGAP007775,2,AGAP007775__SITE01;AGAP007775__SITE03,0.873134328358209,0,127,0.757246376811594,0.444444444444444,9,0.795498954502848,7,30
AGAP007775,2,AGAP007775__SITE02;AGAP007775__SITE04,0.873134328358209,0.0389125799573561,71,0.752427536231884,0.444444444444444,9,0.794053302328935,8,30
AGAP007775,2,AGAP007775__SITE01;AGAP007775__SITE04,0.873134328358209,0,136,0.752427536231884,0.444444444444444,9,0.794053302328935,9,30
AGAP007775,2,AGAP007775__SITE01;AGAP007775__SITE02,0.0389125799573561,0,88,0,0,9,0.0233475479744137,10,30
AGAP007775,3,AGAP007775__SITE03;AGAP007775__SITE04;AGAP007775__SITE05,0.998933901918977,0.832622601279318,101,0.996277256693923,1,9,0.998243518159563,1,30
AGAP007775,3,AGAP007775__SITE02;AGAP007775__SITE03;AGAP007775__SITE05,0.998933901918977,0.0389125799573561,140,0.996277256693923,1,9,0.998243518159563,2,30
AGAP007775,3,AGAP007775__SITE02;AGAP007775__SITE04;AGAP007775__SITE05,0.998933901918977,0.0389125799573561,140,0.996277256693923,1,9,0.998243518159563,3,30
AGAP007775,3,AGAP007775__SITE01;AGAP007775__SITE03;AGAP007775__SITE05,0.998933901918977,0,205,0.996277256693923,1,9,0.998243518159563,4,30
AGAP007775,3,AGAP007775__SITE01;AGAP007775__SITE04;AGAP007775__SITE05,0.998933901918977,0,205,0.996277256693923,1,9,0.998243518159563,5,30
AGAP007775,3,AGAP007775__SITE01;AGAP007775__SITE02;AGAP007775__SITE05,0.960554371002132,0,205,0.911709401709402,0.555555555555556,9,0.905400998669655,6,30
AGAP007775,3,AGAP007775__SITE02;AGAP007775__SITE03;AGAP007775__SITE04,0.875266524520256,0.0389125799573561,71,0.761594202898551,0.444444444444444,9,0.798082620026163,7,30
AGAP007775,3,AGAP007775__SITE01;AGAP007775__SITE03;AGAP007775__SITE04,0.875266524520256,0,136,0.761594202898551,0.444444444444444,9,0.798082620026163,8,30
AGAP007775,3,AGAP007775__SITE01;AGAP007775__SITE02;AGAP007775__SITE03,0.873134328358209,0,127,0.757246376811594,0.444444444444444,9,0.795498954502848,9,30
AGAP007775,3,AGAP007775__SITE01;AGAP007775__SITE02;AGAP007775__SITE04,0.873134328358209,0,136,0.752427536231884,0.444444444444444,9,0.794053302328935,10,30
AGAP007855,2,AGAP007855__SITE01;AGAP007855__SITE02,1,0.976545842217484,61,1,1,9,1,1,30
AGAP007855,2,AGAP007855__SITE01;AGAP007855__SITE03,1,0.976545842217484,62,1,1,9,1,2,30
AGAP007855,2,AGAP007855__SITE01;AGAP007855__SITE04,1,0.969616204690831,105,1,1,9,1,3,30
AGAP007855,2,AGAP007855__SITE01;AGAP007855__SITE05,0.999466950959488,0.96908315565032,109,0.99672619047619,1,9,0.99869802771855,4,30
AGAP007855,2,AGAP007855__SITE03;AGAP007855__SITE04,0.998400852878465,0.988272921108742,66,0.993452380952381,1,9,0.997076226012793,5,30
AGAP007855,2,AGAP007855__SITE02;AGAP007855__SITE04,0.998400852878465,0.988272921108742,67,0.993452380952381,1,9,0.997076226012793,6,30
AGAP007855,2,AGAP007855__SITE03;AGAP007855__SITE05,0.998400852878465,0.987206823027719,70,0.993452380952381,1,9,0.997076226012793,7,30
AGAP007855,2,AGAP007855__SITE02;AGAP007855__SITE05,0.998400852878465,0.987206823027719,71,0.993452380952381,1,9,0.997076226012793,8,30
AGAP007855,2,AGAP007855__SITE02;AGAP007855__SITE03,0.99680170575693,0.99680170575693,24,0.986455828122495,1,9,0.994017771890906,9,30
AGAP007855,2,AGAP007855__SITE04;AGAP007855__SITE05,0.989872068230277,0.988805970149254,27,0.975714285714286,1,9,0.986637526652452,10,30
AGAP007855,3,AGAP007855__SITE01;AGAP007855__SITE02;AGAP007855__SITE03,1,0.976545842217484,62,1,1,9,1,1,30
AGAP007855,3,AGAP007855__SITE01;AGAP007855__SITE02;AGAP007855__SITE04,1,0.968017057569296,105,1,1,9,1,2,30
AGAP007855,3,AGAP007855__SITE01;AGAP007855__SITE03;AGAP007855__SITE04,1,0.968017057569296,105,1,1,9,1,3,30
AGAP007855,3,AGAP007855__SITE01;AGAP007855__SITE02;AGAP007855__SITE05,1,0.967484008528785,109,1,1,9,1,4,30
AGAP007855,3,AGAP007855__SITE01;AGAP007855__SITE03;AGAP007855__SITE05,1,0.967484008528785,109,1,1,9,1,5,30
AGAP007855,3,AGAP007855__SITE01;AGAP007855__SITE04;AGAP007855__SITE05,1,0.96908315565032,109,1,1,9,1,6,30
AGAP007855,3,AGAP007855__SITE02;AGAP007855__SITE03;AGAP007855__SITE04,0.998400852878465,0.988272921108742,67,0.993452380952381,1,9,0.997076226012793,7,30
AGAP007855,3,AGAP007855__SITE03;AGAP007855__SITE04;AGAP007855__SITE05,0.998400852878465,0.987206823027719,70,0.993452380952381,1,9,0.997076226012793,8,30
AGAP007855,3,AGAP007855__SITE02;AGAP007855__SITE03;AGAP007855__SITE05,0.998400852878465,0.987206823027719,71,0.993452380952381,1,9,0.997076226012793,9,30
AGAP007855,3,AGAP007855__SITE02;AGAP007855__SITE04;AGAP007855__SITE05,0.998400852878465,0.987206823027719,71,0.993452380952381,1,9,0.997076226012793,10,30
AGAP007896,2,AGAP007896__SITE04;AGAP007896__SITE05,0.988805970149254,0.863539445628998,54,0.962914078674948,1,9,0.982157805692037,1,30
AGAP007896,2,AGAP007896__SITE03;AGAP007896__SITE05,0.966950959488273,0.105543710021322,326,0.867063492063492,0.888888888888889,9,0.9291785122009,2,30
AGAP007896,2,AGAP007896__SITE02;AGAP007896__SITE05,0.966950959488273,0.105543710021322,327,0.867063492063492,0.888888888888889,9,0.9291785122009,3,30
AGAP007896,2,AGAP007896__SITE01;AGAP007896__SITE05,0.966950959488273,0.105543710021322,343,0.867063492063492,0.888888888888889,9,0.9291785122009,4,30
AGAP007896,2,AGAP007896__SITE03;AGAP007896__SITE04,0.916311300639659,0.0852878464818763,295,0.87086783988958,0.333333333333333,9,0.844380465684003,5,30
AGAP007896,2,AGAP007896__SITE02;AGAP007896__SITE04,0.916311300639659,0.0852878464818763,296,0.87086783988958,0.333333333333333,9,0.844380465684003,6,30
AGAP007896,2,AGAP007896__SITE01;AGAP007896__SITE04,0.916311300639659,0.0852878464818763,312,0.87086783988958,0.333333333333333,9,0.844380465684003,7,30
AGAP007896,2,AGAP007896__SITE02;AGAP007896__SITE03,0.110874200426439,0.110874200426439,24,0.0112676056338028,0,9,0.0699048019460043,8,30
AGAP007896,2,AGAP007896__SITE01;AGAP007896__SITE02,0.110874200426439,0.110874200426439,39,0.0112676056338028,0,9,0.0699048019460043,9,30
AGAP007896,2,AGAP007896__SITE01;AGAP007896__SITE03,0.110874200426439,0.110874200426439,40,0.0112676056338028,0,9,0.0699048019460043,10,30
AGAP007896,3,AGAP007896__SITE03;AGAP007896__SITE04;AGAP007896__SITE05,0.990938166311301,0.082089552238806,326,0.972735507246377,1,9,0.986383551960694,1,30
AGAP007896,3,AGAP007896__SITE02;AGAP007896__SITE04;AGAP007896__SITE05,0.990938166311301,0.082089552238806,327,0.972735507246377,1,9,0.986383551960694,2,30
AGAP007896,3,AGAP007896__SITE01;AGAP007896__SITE04;AGAP007896__SITE05,0.990938166311301,0.082089552238806,343,0.972735507246377,1,9,0.986383551960694,3,30
AGAP007896,3,AGAP007896__SITE02;AGAP007896__SITE03;AGAP007896__SITE05,0.966950959488273,0.105543710021322,327,0.867063492063492,0.888888888888889,9,0.9291785122009,4,30
AGAP007896,3,AGAP007896__SITE01;AGAP007896__SITE02;AGAP007896__SITE05,0.966950959488273,0.105543710021322,343,0.867063492063492,0.888888888888889,9,0.9291785122009,5,30
AGAP007896,3,AGAP007896__SITE01;AGAP007896__SITE03;AGAP007896__SITE05,0.966950959488273,0.105543710021322,343,0.867063492063492,0.888888888888889,9,0.9291785122009,6,30
AGAP007896,3,AGAP007896__SITE02;AGAP007896__SITE03;AGAP007896__SITE04,0.916311300639659,0.0852878464818763,296,0.87086783988958,0.333333333333333,9,0.844380465684003,7,30
AGAP007896,3,AGAP007896__SITE01;AGAP007896__SITE02;AGAP007896__SITE04,0.916311300639659,0.0852878464818763,312,0.87086783988958,0.333333333333333,9,0.844380465684003,8,30
AGAP007896,3,AGAP007896__SITE01;AGAP007896__SITE03;AGAP007896__SITE04,0.916311300639659,0.0852878464818763,312,0.87086783988958,0.333333333333333,9,0.844380465684003,9,30
AGAP007896,3,AGAP007896__SITE01;AGAP007896__SITE02;AGAP007896__SITE03,0.110874200426439,0.110874200426439,40,0.0112676056338028,0,9,0.0699048019460043,10,30
AGAP007938,2,AGAP007938__SITE01;AGAP007938__SITE04,1,0.98773987206823,45,1,1,9,1,1,30
AGAP007938,2,AGAP007938__SITE02;AGAP007938__SITE05,1,0.986673773987207,54,1,1,9,1,2,30
AGAP007938,2,AGAP007938__SITE01;AGAP007938__SITE05,1,0.987206823027719,60,1,1,9,1,3,30
AGAP007938,2,AGAP007938__SITE02;AGAP007938__SITE04,0.999466950959488,0.98773987206823,39,0.995111111111111,1,9,0.998213503909026,4,30
AGAP007938,2,AGAP007938__SITE03;AGAP007938__SITE05,0.996268656716418,0.989339019189765,42,0.990682184160445,1,9,0.994965849277984,5,30
AGAP007938,2,AGAP007938__SITE03;AGAP007938__SITE04,0.995202558635394,0.990938166311301,27,0.990233250378178,1,9,0.99419151029469,6,30
AGAP007938,2,AGAP007938__SITE01;AGAP007938__SITE03,0.997334754797441,0.989339019189765,41,0.979242424242424,1,9,0.992173580151192,7,30
AGAP007938,2,AGAP007938__SITE04;AGAP007938__SITE05,0.994669509594883,0.992004264392324,38,0.983768115942029,1,9,0.991932140539539,8,30
AGAP007938,2,AGAP007938__SITE02;AGAP007938__SITE03,0.99680170575693,0.989339019189765,35,0.979242424242424,1,9,0.991853750726885,9,30
AGAP007938,2,AGAP007938__SITE01;AGAP007938__SITE02,0.994136460554371,0.993603411513859,29,0.97807519640853,1,9,0.989904435255182,10,30
AGAP007938,3,AGAP007938__SITE01;AGAP007938__SITE02;AGAP007938__SITE04,1,0.98773987206823,45,1,1,9,1,1,30
AGAP007938,3,AGAP007938__SITE01;AGAP007938__SITE03;AGAP007938__SITE04,1,0.98773987206823,45,1,1,9,1,2,30
AGAP007938,3,AGAP007938__SITE02;AGAP007938__SITE03;AGAP007938__SITE05,1,0.986140724946695,54,1,1,9,1,3,30
AGAP007938,3,AGAP007938__SITE02;AGAP007938__SITE04;AGAP007938__SITE05,1,0.986140724946695,54,1,1,9,1,4,30
AGAP007938,3,AGAP007938__SITE01;AGAP007938__SITE02;AGAP007938__SITE05,1,0.986673773987207,60,1,1,9,1,5,30
AGAP007938,3,AGAP007938__SITE01;AGAP007938__SITE03;AGAP007938__SITE05,1,0.986140724946695,60,1,1,9,1,6,30
AGAP007938,3,AGAP007938__SITE01;AGAP007938__SITE04;AGAP007938__SITE05,1,0.986140724946695,60,1,1,9,1,7,30
AGAP007938,3,AGAP007938__SITE02;AGAP007938__SITE03;AGAP007938__SITE04,0.999466950959488,0.98773987206823,39,0.995111111111111,1,9,0.998213503909026,8,30
AGAP007938,3,AGAP007938__SITE03;AGAP007938__SITE04;AGAP007938__SITE05,0.996268656716418,0.989339019189765,42,0.990682184160445,1,9,0.994965849277984,9,30
AGAP007938,3,AGAP007938__SITE01;AGAP007938__SITE02;AGAP007938__SITE03,0.997334754797441,0.989339019189765,41,0.979242424242424,1,9,0.992173580151192,10,30
AGAP007965,2,AGAP007965__SITE02;AGAP007965__SITE04,1,0.95362473347548,367,1,1,9,1,1,30
AGAP007965,2,AGAP007965__SITE01;AGAP007965__SITE04,0.997334754797441,0.532515991471215,424,0.990251207729469,1,9,0.995476215197305,2,30
AGAP007965,2,AGAP007965__SITE04;AGAP007965__SITE05,0.993603411513859,0.361940298507463,113,0.987323671497585,1,9,0.992359148357591,3,30
AGAP007965,2,AGAP007965__SITE02;AGAP007965__SITE03,0.993603411513859,0.607675906183369,180,0.978524130190797,1,9,0.989719285965555,4,30
AGAP007965,2,AGAP007965__SITE02;AGAP007965__SITE05,0.988805970149254,0.363006396588486,457,0.965818181818182,1,9,0.983029036635007,5,30
AGAP007965,2,AGAP007965__SITE01;AGAP007965__SITE02,0.986140724946695,0.53997867803838,80,0.966663860830528,1,9,0.981683593217175,6,30
AGAP007965,2,AGAP007965__SITE03;AGAP007965__SITE04,0.986140724946695,0.618869936034115,210,0.954960876369327,1,9,0.978172697878815,7,30
AGAP007965,2,AGAP007965__SITE01;AGAP007965__SITE03,0.841684434968017,0.335820895522388,237,0.757276134359468,0,9,0.73219350128865,8,30
AGAP007965,2,AGAP007965__SITE03;AGAP007965__SITE05,0.781982942430704,0.221215351812367,300,0.638357487922705,0,9,0.660697011835234,9,30
AGAP007965,2,AGAP007965__SITE01;AGAP007965__SITE05,0.713752665245203,0.214285714285714,514,0.410164835164835,0,9,0.551301049696573,10,30
AGAP007965,3,AGAP007965__SITE02;AGAP007965__SITE03;AGAP007965__SITE04,1,0.600213219616205,367,1,1,9,1,1,30
AGAP007965,3,AGAP007965__SITE01;AGAP007965__SITE02;AGAP007965__SITE04,1,0.521321961620469,424,1,1,9,1,2,30
AGAP007965,3,AGAP007965__SITE02;AGAP007965__SITE04;AGAP007965__SITE05,1,0.348081023454158,457,1,1,9,1,3,30
AGAP007965,3,AGAP007965__SITE03;AGAP007965__SITE04;AGAP007965__SITE05,0.999466950959488,0.219616204690832,300,0.998765432098765,1,9,0.999309800205322,4,30
AGAP007965,3,AGAP007965__SITE01;AGAP007965__SITE03;AGAP007965__SITE04,0.998933901918977,0.329957356076759,424,0.994662177328844,1,9,0.997758994350039,5,30
AGAP007965,3,AGAP007965__SITE01;AGAP007965__SITE04;AGAP007965__SITE05,0.998933901918977,0.200959488272921,514,0.992028985507247,1,9,0.99696903680356,6,30
AGAP007965,3,AGAP007965__SITE01;AGAP007965__SITE02;AGAP007965__SITE03,0.997334754797441,0.328358208955224,237,0.993039945622105,1,9,0.996312836565096,7,30
AGAP007965,3,AGAP007965__SITE02;AGAP007965__SITE03;AGAP007965__SITE05,0.99680170575693,0.210554371002132,457,0.991455399061033,1,9,0.995517643172468,8,30
AGAP007965,3,AGAP007965__SITE01;AGAP007965__SITE02;AGAP007965__SITE05,0.994669509594883,0.208955223880597,514,0.990714658320292,1,9,0.994016103253017,9,30
AGAP007965,3,AGAP007965__SITE01;AGAP007965__SITE03;AGAP007965__SITE05,0.902985074626866,0.119936034115139,514,0.860670194003527,0.111111111111111,9,0.811103214088289,10,30
AGAP007999,2,AGAP007999__SITE01;AGAP007999__SITE02,1,0.949360341151386,155,1,1,9,1,1,30
AGAP007999,2,AGAP007999__SITE01;AGAP007999__SITE03,1,0.949893390191898,156,1,1,9,1,2,30
AGAP007999,2,AGAP007999__SITE03;AGAP007999__SITE05,1,0.98773987206823,164,1,1,9,1,3,30
AGAP007999,2,AGAP007999__SITE02;AGAP007999__SITE05,1,0.987206823027719,165,1,1,9,1,4,30
AGAP007999,2,AGAP007999__SITE01;AGAP007999__SITE05,1,0.949360341151386,297,1,1,9,1,5,30
AGAP007999,2,AGAP007999__SITE03;AGAP007999__SITE04,0.999466950959488,0.606076759061834,141,0.998765432098765,1,9,0.999309800205322,6,30
AGAP007999,2,AGAP007999__SITE02;AGAP007999__SITE04,0.999466950959488,0.605543710021322,142,0.998765432098765,1,9,0.999309800205322,7,30
AGAP007999,2,AGAP007999__SITE04;AGAP007999__SITE05,0.996268656716418,0.608742004264392,46,0.989604743083004,1,9,0.994642616954752,8,30
AGAP007999,2,AGAP007999__SITE02;AGAP007999__SITE03,0.994136460554371,0.993603411513859,24,0.988977072310406,1,9,0.993174998025744,9,30
AGAP007999,2,AGAP007999__SITE01;AGAP007999__SITE04,0.989339019189765,0.577825159914712,274,0.973690476190476,1,9,0.985710554371002,10,30
AGAP007999,3,AGAP007999__SITE01;AGAP007999__SITE02;AGAP007999__SITE03,1,0.949360341151386,156,1,1,9,1,1,30
AGAP007999,3,AGAP007999__SITE03;AGAP007999__SITE04;AGAP007999__SITE05,1,0.603411513859275,164,1,1,9,1,2,30
AGAP007999,3,AGAP007999__SITE02;AGAP007999__SITE03;AGAP007999__SITE05,1,0.987206823027719,165,1,1,9,1,3,30
AGAP007999,3,AGAP007999__SITE02;AGAP007999__SITE04;AGAP007999__SITE05,1,0.602878464818763,165,1,1,9,1,4,30
AGAP007999,3,AGAP007999__SITE01;AGAP007999__SITE02;AGAP007999__SITE04,1,0.571961620469083,274,1,1,9,1,5,30
AGAP007999,3,AGAP007999__SITE01;AGAP007999__SITE03;AGAP007999__SITE04,1,0.572494669509595,274,1,1,9,1,6,30
AGAP007999,3,AGAP007999__SITE01;AGAP007999__SITE02;AGAP007999__SITE05,1,0.942963752665245,297,1,1,9,1,7,30
AGAP007999,3,AGAP007999__SITE01;AGAP007999__SITE03;AGAP007999__SITE05,1,0.943496801705757,297,1,1,9,1,8,30
AGAP007999,3,AGAP007999__SITE01;AGAP007999__SITE04;AGAP007999__SITE05,1,0.575159914712154,297,1,1,9,1,9,30
AGAP007999,3,AGAP007999__SITE02;AGAP007999__SITE03;AGAP007999__SITE04,0.999466950959488,0.605543710021322,142,0.998765432098765,1,9,0.999309800205322,10,30
AGAP008015,2,AGAP008015__SITE02;AGAP008015__SITE04,1,0.87046908315565,167,1,1,9,1,1,30
AGAP008015,2,AGAP008015__SITE04;AGAP008015__SITE05,1,0.860341151385928,225,1,1,9,1,2,30
AGAP008015,2,AGAP008015__SITE01;AGAP008015__SITE04,0.999466950959488,0.915245202558635,504,0.998765432098765,1,9,0.999309800205322,3,30
AGAP008015,2,AGAP008015__SITE01;AGAP008015__SITE03,0.998933901918977,0.90138592750533,498,0.995565558971356,1,9,0.998030008842793,4,30
AGAP008015,2,AGAP008015__SITE03;AGAP008015__SITE04,0.997334754797441,0.979744136460554,29,0.993661835748792,1,9,0.996499403603102,5,30
AGAP008015,2,AGAP008015__SITE01;AGAP008015__SITE05,0.994669509594883,0.788912579957356,706,0.976444172280057,1,9,0.989734957440947,6,30
AGAP008015,2,AGAP008015__SITE03;AGAP008015__SITE05,0.993603411513859,0.852345415778252,231,0.969329918907384,1,9,0.98696102258053,7,30
AGAP008015,2,AGAP008015__SITE02;AGAP008015__SITE03,0.994669509594883,0.861407249466951,161,0.966905676483141,1,9,0.986873408701872,8,30
AGAP008015,2,AGAP008015__SITE01;AGAP008015__SITE02,0.984008528784648,0.809701492537313,360,0.93440303657695,0.888888888888889,9,0.959614917132762,9,30
AGAP008015,2,AGAP008015__SITE02;AGAP008015__SITE05,0.968017057569296,0.771321961620469,369,0.83987567987568,0.888888888888889,9,0.92166182739317,10,30
AGAP008015,3,AGAP008015__SITE02;AGAP008015__SITE03;AGAP008015__SITE04,1,0.859808102345416,167,1,1,9,1,1,30
AGAP008015,3,AGAP008015__SITE03;AGAP008015__SITE04;AGAP008015__SITE05,1,0.850746268656716,231,1,1,9,1,2,30
AGAP008015,3,AGAP008015__SITE02;AGAP008015__SITE04;AGAP008015__SITE05,1,0.767057569296375,369,1,1,9,1,3,30
AGAP008015,3,AGAP008015__SITE01;AGAP008015__SITE02;AGAP008015__SITE03,1,0.797441364605544,498,1,1,9,1,4,30
AGAP008015,3,AGAP008015__SITE01;AGAP008015__SITE02;AGAP008015__SITE04,1,0.805970149253731,504,1,1,9,1,5,30
AGAP008015,3,AGAP008015__SITE01;AGAP008015__SITE04;AGAP008015__SITE05,1,0.785181236673774,706,1,1,9,1,6,30
AGAP008015,3,AGAP008015__SITE01;AGAP008015__SITE03;AGAP008015__SITE04,0.999466950959488,0.899786780383795,504,0.998765432098765,1,9,0.999309800205322,7,30
AGAP008015,3,AGAP008015__SITE01;AGAP008015__SITE02;AGAP008015__SITE05,0.999466950959488,0.711087420042644,706,0.998765432098765,1,9,0.999309800205322,8,30
AGAP008015,3,AGAP008015__SITE01;AGAP008015__SITE03;AGAP008015__SITE05,0.999466950959488,0.777185501066098,706,0.996014492753623,1,9,0.99848451840178,9,30
AGAP008015,3,AGAP008015__SITE02;AGAP008015__SITE03;AGAP008015__SITE05,0.996268656716418,0.760660980810235,369,0.969329918907384,1,9,0.988560169702066,10,30
AGAP008118,2,AGAP008118__SITE01;AGAP008118__SITE03,1,0.968017057569296,129,1,1,9,1,1,30
AGAP008118,2,AGAP008118__SITE03;AGAP008118__SITE04,1,0.989872068230277,336,1,1,9,1,2,30
AGAP008118,2,AGAP008118__SITE01;AGAP008118__SITE04,1,0.962153518123667,442,1,1,9,1,3,30
AGAP008118,2,AGAP008118__SITE03;AGAP008118__SITE05,1,0.916844349680171,526,1,1,9,1,4,30
AGAP008118,2,AGAP008118__SITE04;AGAP008118__SITE05,0.998933901918977,0.912046908315565,213,0.997530864197531,1,9,0.998619600410646,5,30
AGAP008118,2,AGAP008118__SITE02;AGAP008118__SITE03,0.997867803837953,0.412046908315565,49,0.992003105590062,1,9,0.99632161397979,6,30
AGAP008118,2,AGAP008118__SITE01;AGAP008118__SITE05,0.995202558635394,0.893923240938166,632,0.980724637681159,1,9,0.991338926485584,7,30
AGAP008118,2,AGAP008118__SITE02;AGAP008118__SITE04,0.993070362473348,0.410980810234542,362,0.979173708920188,1,9,0.989594330160065,8,30
AGAP008118,2,AGAP008118__SITE01;AGAP008118__SITE02,0.975479744136461,0.406716417910448,103,0.933405797101449,0.888888888888889,9,0.9541984745012,9,30
AGAP008118,2,AGAP008118__SITE02;AGAP008118__SITE05,0.936567164179104,0.394456289978678,552,0.870075757575758,0.222222222222222,9,0.845185248002412,10,30
AGAP008118,3,AGAP008118__SITE01;AGAP008118__SITE02;AGAP008118__SITE03,1,0.406716417910448,129,1,1,9,1,1,30
AGAP008118,3,AGAP008118__SITE02;AGAP008118__SITE03;AGAP008118__SITE04,1,0.410980810234542,362,1,1,9,1,2,30
AGAP008118,3,AGAP008118__SITE01;AGAP008118__SITE02;AGAP008118__SITE04,1,0.405650319829424,442,1,1,9,1,3,30
AGAP008118,3,AGAP008118__SITE01;AGAP008118__SITE03;AGAP008118__SITE04,1,0.96002132196162,442,1,1,9,1,4,30
AGAP008118,3,AGAP008118__SITE03;AGAP008118__SITE04;AGAP008118__SITE05,1,0.909914712153518,526,1,1,9,1,5,30
AGAP008118,3,AGAP008118__SITE02;AGAP008118__SITE03;AGAP008118__SITE05,1,0.394456289978678,552,1,1,9,1,6,30
AGAP008118,3,AGAP008118__SITE01;AGAP008118__SITE03;AGAP008118__SITE05,1,0.891791044776119,632,1,1,9,1,7,30
AGAP008118,3,AGAP008118__SITE01;AGAP008118__SITE04;AGAP008118__SITE05,1,0.886993603411514,632,1,1,9,1,8,30
AGAP008118,3,AGAP008118__SITE02;AGAP008118__SITE04;AGAP008118__SITE05,0.999466950959488,0.393923240938166,552,0.998765432098765,1,9,0.999309800205322,9,30
AGAP008118,3,AGAP008118__SITE01;AGAP008118__SITE02;AGAP008118__SITE05,0.995735607675906,0.389658848614073,632,0.98163372859025,1,9,0.991931483182619,10,30
AGAP008191,2,AGAP008191__SITE01;AGAP008191__SITE02,1,0.886460554371002,196,1,1,9,1,1,30
AGAP008191,2,AGAP008191__SITE02;AGAP008191__SITE03,0.988805970149254,0.00213219616204691,72,0.980379188712522,1,9,0.987397338703309,2,30
AGAP008191,2,AGAP008191__SITE02;AGAP008191__SITE04,0.988805970149254,0.00213219616204691,74,0.980379188712522,1,9,0.987397338703309,3,30
AGAP008191,2,AGAP008191__SITE02;AGAP008191__SITE05,0.988805970149254,0.00213219616204691,75,0.980379188712522,1,9,0.987397338703309,4,30
AGAP008191,2,AGAP008191__SITE01;AGAP008191__SITE03,0.897654584221748,0.00213219616204691,245,0.857867494824016,0.333333333333333,9,0.829286332313587,5,30
AGAP008191,2,AGAP008191__SITE01;AGAP008191__SITE04,0.897654584221748,0.00213219616204691,247,0.857867494824016,0.333333333333333,9,0.829286332313587,6,30
AGAP008191,2,AGAP008191__SITE01;AGAP008191__SITE05,0.897654584221748,0.00213219616204691,248,0.857867494824016,0.333333333333333,9,0.829286332313587,7,30
AGAP008191,2,AGAP008191__SITE04;AGAP008191__SITE05,0.00213219616204691,0.00213219616204691,24,0,0,9,0.00127931769722815,8,30
AGAP008191,2,AGAP008191__SITE03;AGAP008191__SITE04,0.00213219616204691,0.00213219616204691,25,0,0,9,0.00127931769722815,9,30
AGAP008191,2,AGAP008191__SITE03;AGAP008191__SITE05,0.00213219616204691,0.00213219616204691,26,0,0,9,0.00127931769722815,10,30
AGAP008191,3,AGAP008191__SITE01;AGAP008191__SITE02;AGAP008191__SITE03,1,0.00213219616204691,245,1,1,9,1,1,30
AGAP008191,3,AGAP008191__SITE01;AGAP008191__SITE02;AGAP008191__SITE04,1,0.00213219616204691,247,1,1,9,1,2,30
AGAP008191,3,AGAP008191__SITE01;AGAP008191__SITE02;AGAP008191__SITE05,1,0.00213219616204691,248,1,1,9,1,3,30
AGAP008191,3,AGAP008191__SITE02;AGAP008191__SITE03;AGAP008191__SITE04,0.988805970149254,0.00213219616204691,74,0.980379188712522,1,9,0.987397338703309,4,30
AGAP008191,3,AGAP008191__SITE02;AGAP008191__SITE03;AGAP008191__SITE05,0.988805970149254,0.00213219616204691,75,0.980379188712522,1,9,0.987397338703309,5,30
AGAP008191,3,AGAP008191__SITE02;AGAP008191__SITE04;AGAP008191__SITE05,0.988805970149254,0.00213219616204691,75,0.980379188712522,1,9,0.987397338703309,6,30
AGAP008191,3,AGAP008191__SITE01;AGAP008191__SITE03;AGAP008191__SITE04,0.897654584221748,0.00213219616204691,247,0.857867494824016,0.333333333333333,9,0.829286332313587,7,30
AGAP008191,3,AGAP008191__SITE01;AGAP008191__SITE03;AGAP008191__SITE05,0.897654584221748,0.00213219616204691,248,0.857867494824016,0.333333333333333,9,0.829286332313587,8,30
AGAP008191,3,AGAP008191__SITE01;AGAP008191__SITE04;AGAP008191__SITE05,0.897654584221748,0.00213219616204691,248,0.857867494824016,0.333333333333333,9,0.829286332313587,9,30
AGAP008191,3,AGAP008191__SITE03;AGAP008191__SITE04;AGAP008191__SITE05,0.00213219616204691,0.00213219616204691,26,0,0,9,0.00127931769722815,10,30
AGAP008381,2,AGAP008381__SITE03;AGAP008381__SITE05,0.986140724946695,0.526652452025586,135,0.974521003687671,1,9,0.984040736074318,1,30
AGAP008381,2,AGAP008381__SITE02;AGAP008381__SITE05,0.986140724946695,0.526119402985075,138,0.974521003687671,1,9,0.984040736074318,2,30
AGAP008381,2,AGAP008381__SITE01;AGAP008381__SITE05,0.986140724946695,0.52771855010661,139,0.974521003687671,1,9,0.984040736074318,3,30
AGAP008381,2,AGAP008381__SITE04;AGAP008381__SITE05,0.96908315565032,0.767057569296375,122,0.91964257964258,0.777777777777778,9,0.935120445060743,4,30
AGAP008381,2,AGAP008381__SITE01;AGAP008381__SITE04,0.90138592750533,0.62046908315565,40,0.840357142857143,0.111111111111111,9,0.804049810471452,5,30
AGAP008381,2,AGAP008381__SITE03;AGAP008381__SITE04,0.899786780383795,0.621002132196162,36,0.835535714285715,0.111111111111111,9,0.801643893627102,6,30
AGAP008381,2,AGAP008381__SITE02;AGAP008381__SITE04,0.899786780383795,0.62046908315565,39,0.835535714285715,0.111111111111111,9,0.801643893627102,7,30
AGAP008381,2,AGAP008381__SITE01;AGAP008381__SITE03,0.650319829424307,0.64818763326226,27,0.549318181818182,0,9,0.554987352200039,8,30
AGAP008381,2,AGAP008381__SITE01;AGAP008381__SITE02,0.649786780383795,0.64818763326226,24,0.549318181818182,0,9,0.554667522775732,9,30
AGAP008381,2,AGAP008381__SITE02;AGAP008381__SITE03,0.648720682302772,0.64818763326226,26,0.549318181818182,0,9,0.554027863927118,10,30
AGAP008381,3,AGAP008381__SITE03;AGAP008381__SITE04;AGAP008381__SITE05,0.992537313432836,0.522388059701493,135,0.976765672599006,1,9,0.988552089839403,1,30
AGAP008381,3,AGAP008381__SITE02;AGAP008381__SITE04;AGAP008381__SITE05,0.992537313432836,0.521855010660981,138,0.976765672599006,1,9,0.988552089839403,2,30
AGAP008381,3,AGAP008381__SITE01;AGAP008381__SITE04;AGAP008381__SITE05,0.992537313432836,0.521855010660981,139,0.976765672599006,1,9,0.988552089839403,3,30
AGAP008381,3,AGAP008381__SITE02;AGAP008381__SITE03;AGAP008381__SITE05,0.986140724946695,0.526119402985075,138,0.974521003687671,1,9,0.984040736074318,4,30
AGAP008381,3,AGAP008381__SITE01;AGAP008381__SITE02;AGAP008381__SITE05,0.986140724946695,0.526119402985075,139,0.974521003687671,1,9,0.984040736074318,5,30
AGAP008381,3,AGAP008381__SITE01;AGAP008381__SITE03;AGAP008381__SITE05,0.986140724946695,0.526119402985075,139,0.974521003687671,1,9,0.984040736074318,6,30
AGAP008381,3,AGAP008381__SITE01;AGAP008381__SITE02;AGAP008381__SITE04,0.90138592750533,0.62046908315565,40,0.840357142857143,0.111111111111111,9,0.804049810471452,7,30
AGAP008381,3,AGAP008381__SITE01;AGAP008381__SITE03;AGAP008381__SITE04,0.90138592750533,0.62046908315565,40,0.840357142857143,0.111111111111111,9,0.804049810471452,8,30
AGAP008381,3,AGAP008381__SITE02;AGAP008381__SITE03;AGAP008381__SITE04,0.899786780383795,0.62046908315565,39,0.835535714285715,0.111111111111111,9,0.801643893627102,9,30
AGAP008381,3,AGAP008381__SITE01;AGAP008381__SITE02;AGAP008381__SITE03,0.650319829424307,0.64818763326226,27,0.549318181818182,0,9,0.554987352200039,10,30
AGAP008578,2,AGAP008578__SITE04;AGAP008578__SITE05,1,0.992004264392324,45,1,1,9,1,1,30
AGAP008578,2,AGAP008578__SITE03;AGAP008578__SITE05,1,0.976012793176972,53,1,1,9,1,2,30
AGAP008578,2,AGAP008578__SITE02;AGAP008578__SITE03,1,0.964818763326226,190,1,1,9,1,3,30
AGAP008578,2,AGAP008578__SITE01;AGAP008578__SITE03,1,0.963752665245203,193,1,1,9,1,4,30
AGAP008578,2,AGAP008578__SITE02;AGAP008578__SITE04,1,0.980810234541578,198,1,1,9,1,5,30
AGAP008578,2,AGAP008578__SITE01;AGAP008578__SITE04,1,0.979744136460554,201,1,1,9,1,6,30
AGAP008578,2,AGAP008578__SITE02;AGAP008578__SITE05,1,0.98134328358209,220,1,1,9,1,7,30
AGAP008578,2,AGAP008578__SITE01;AGAP008578__SITE05,1,0.980277185501066,223,1,1,9,1,8,30
AGAP008578,2,AGAP008578__SITE03;AGAP008578__SITE04,0.998400852878465,0.977078891257996,31,0.996296296296296,1,9,0.997929400615968,9,30
AGAP008578,2,AGAP008578__SITE01;AGAP008578__SITE02,0.985074626865672,0.984008528784648,26,0.930616605616605,0.888888888888889,9,0.959118646693274,10,30
AGAP008578,3,AGAP008578__SITE03;AGAP008578__SITE04;AGAP008578__SITE05,1,0.973347547974414,53,1,1,9,1,1,30
AGAP008578,3,AGAP008578__SITE01;AGAP008578__SITE02;AGAP008578__SITE03,1,0.963752665245203,193,1,1,9,1,2,30
AGAP008578,3,AGAP008578__SITE02;AGAP008578__SITE03;AGAP008578__SITE04,1,0.962153518123667,198,1,1,9,1,3,30
AGAP008578,3,AGAP008578__SITE01;AGAP008578__SITE02;AGAP008578__SITE04,1,0.979744136460554,201,1,1,9,1,4,30
AGAP008578,3,AGAP008578__SITE01;AGAP008578__SITE03;AGAP008578__SITE04,1,0.961087420042644,201,1,1,9,1,5,30
AGAP008578,3,AGAP008578__SITE02;AGAP008578__SITE03;AGAP008578__SITE05,1,0.961087420042644,220,1,1,9,1,6,30
AGAP008578,3,AGAP008578__SITE02;AGAP008578__SITE04;AGAP008578__SITE05,1,0.977078891257996,220,1,1,9,1,7,30
AGAP008578,3,AGAP008578__SITE01;AGAP008578__SITE02;AGAP008578__SITE05,1,0.980277185501066,223,1,1,9,1,8,30
AGAP008578,3,AGAP008578__SITE01;AGAP008578__SITE03;AGAP008578__SITE05,1,0.96002132196162,223,1,1,9,1,9,30
AGAP008578,3,AGAP008578__SITE01;AGAP008578__SITE04;AGAP008578__SITE05,1,0.976012793176972,223,1,1,9,1,10,30
AGAP009048,2,AGAP009048__SITE04;AGAP009048__SITE05,1,0.932302771855011,49,1,1,9,1,1,30
AGAP009048,2,AGAP009048__SITE03;AGAP009048__SITE05,1,0.931236673773987,55,1,1,9,1,2,30
AGAP009048,2,AGAP009048__SITE02;AGAP009048__SITE05,1,0.92590618336887,114,1,1,9,1,3,30
AGAP009048,2,AGAP009048__SITE01;AGAP009048__SITE05,1,0.915245202558635,126,1,1,9,1,4,30
AGAP009048,2,AGAP009048__SITE02;AGAP009048__SITE03,0.993070362473348,0.98134328358209,82,0.980724637681159,1,9,0.990059608788357,5,30
AGAP009048,2,AGAP009048__SITE02;AGAP009048__SITE04,0.993070362473348,0.982409381663113,88,0.980724637681159,1,9,0.990059608788357,6,30
AGAP009048,2,AGAP009048__SITE01;AGAP009048__SITE03,0.993070362473348,0.970682302771855,94,0.980724637681159,1,9,0.990059608788357,7,30
AGAP009048,2,AGAP009048__SITE01;AGAP009048__SITE04,0.993070362473348,0.971748400852879,100,0.980724637681159,1,9,0.990059608788357,8,30
AGAP009048,2,AGAP009048__SITE03;AGAP009048__SITE04,0.990938166311301,0.989872068230277,29,0.974647342995169,1,9,0.986957102685331,9,30
AGAP009048,2,AGAP009048__SITE01;AGAP009048__SITE02,0.988272921108742,0.970149253731343,35,0.975869565217391,1,9,0.985724622230462,10,30
AGAP009048,3,AGAP009048__SITE03;AGAP009048__SITE04;AGAP009048__SITE05,1,0.931236673773987,55,1,1,9,1,1,30
AGAP009048,3,AGAP009048__SITE02;AGAP009048__SITE03;AGAP009048__SITE05,1,0.9227078891258,114,1,1,9,1,2,30
AGAP009048,3,AGAP009048__SITE02;AGAP009048__SITE04;AGAP009048__SITE05,1,0.923773987206823,114,1,1,9,1,3,30
AGAP009048,3,AGAP009048__SITE01;AGAP009048__SITE02;AGAP009048__SITE05,1,0.911513859275053,126,1,1,9,1,4,30
AGAP009048,3,AGAP009048__SITE01;AGAP009048__SITE03;AGAP009048__SITE05,1,0.912046908315565,126,1,1,9,1,5,30
AGAP009048,3,AGAP009048__SITE01;AGAP009048__SITE04;AGAP009048__SITE05,1,0.913113006396588,126,1,1,9,1,6,30
AGAP009048,3,AGAP009048__SITE02;AGAP009048__SITE03;AGAP009048__SITE04,0.993070362473348,0.98134328358209,88,0.980724637681159,1,9,0.990059608788357,7,30
AGAP009048,3,AGAP009048__SITE01;AGAP009048__SITE02;AGAP009048__SITE03,0.993070362473348,0.966950959488273,94,0.980724637681159,1,9,0.990059608788357,8,30
AGAP009048,3,AGAP009048__SITE01;AGAP009048__SITE02;AGAP009048__SITE04,0.993070362473348,0.968017057569296,100,0.980724637681159,1,9,0.990059608788357,9,30
AGAP009048,3,AGAP009048__SITE01;AGAP009048__SITE03;AGAP009048__SITE04,0.993070362473348,0.970682302771855,100,0.980724637681159,1,9,0.990059608788357,10,30
AGAP009091,2,AGAP009091__SITE01;AGAP009091__SITE02,1,0.975479744136461,84,1,1,9,1,1,30
AGAP009091,2,AGAP009091__SITE03;AGAP009091__SITE05,1,0.977611940298507,207,1,1,9,1,2,30
AGAP009091,2,AGAP009091__SITE01;AGAP009091__SITE03,1,0.971748400852879,209,1,1,9,1,3,30
AGAP009091,2,AGAP009091__SITE02;AGAP009091__SITE05,1,0.98134328358209,332,1,1,9,1,4,30
AGAP009091,2,AGAP009091__SITE01;AGAP009091__SITE05,1,0.971748400852879,393,1,1,9,1,5,30
AGAP009091,2,AGAP009091__SITE04;AGAP009091__SITE05,0.997867803837953,0.762793176972282,139,0.99510582010582,1,9,0.997252428334518,6,30
AGAP009091,2,AGAP009091__SITE02;AGAP009091__SITE03,0.998400852878465,0.982942430703625,148,0.992435465768799,1,9,0.996771151457719,7,30
AGAP009091,2,AGAP009091__SITE02;AGAP009091__SITE04,0.997334754797441,0.767057569296375,216,0.993057902973396,1,9,0.996318223770483,8,30
AGAP009091,2,AGAP009091__SITE03;AGAP009091__SITE04,0.995735607675906,0.764925373134328,91,0.977863247863248,1,9,0.990800338964518,9,30
AGAP009091,2,AGAP009091__SITE01;AGAP009091__SITE04,0.992004264392324,0.762793176972282,277,0.972735507246377,1,9,0.987023210809307,10,30
AGAP009091,3,AGAP009091__SITE03;AGAP009091__SITE04;AGAP009091__SITE05,1,0.755863539445629,207,1,1,9,1,1,30
AGAP009091,3,AGAP009091__SITE01;AGAP009091__SITE02;AGAP009091__SITE03,1,0.965884861407249,209,1,1,9,1,2,30
AGAP009091,3,AGAP009091__SITE02;AGAP009091__SITE03;AGAP009091__SITE04,1,0.761727078891258,216,1,1,9,1,3,30
AGAP009091,3,AGAP009091__SITE01;AGAP009091__SITE02;AGAP009091__SITE04,1,0.757995735607676,277,1,1,9,1,4,30
AGAP009091,3,AGAP009091__SITE01;AGAP009091__SITE03;AGAP009091__SITE04,1,0.755863539445629,277,1,1,9,1,5,30
AGAP009091,3,AGAP009091__SITE02;AGAP009091__SITE03;AGAP009091__SITE05,1,0.971748400852879,332,1,1,9,1,6,30
AGAP009091,3,AGAP009091__SITE02;AGAP009091__SITE04;AGAP009091__SITE05,1,0.757995735607676,332,1,1,9,1,7,30
AGAP009091,3,AGAP009091__SITE01;AGAP009091__SITE02;AGAP009091__SITE05,1,0.964285714285714,393,1,1,9,1,8,30
AGAP009091,3,AGAP009091__SITE01;AGAP009091__SITE03;AGAP009091__SITE05,1,0.960554371002132,393,1,1,9,1,9,30
AGAP009091,3,AGAP009091__SITE01;AGAP009091__SITE04;AGAP009091__SITE05,1,0.753731343283582,393,1,1,9,1,10,30
AGAP009232,2,AGAP009232__SITE01;AGAP009232__SITE04,1,0.932835820895522,228,1,1,9,1,1,30
AGAP009232,2,AGAP009232__SITE01;AGAP009232__SITE05,1,0.969616204690831,233,1,1,9,1,2,30
AGAP009232,2,AGAP009232__SITE01;AGAP009232__SITE02,0.995202558635394,0.608742004264392,83,0.972924297924298,1,9,0.988998824558526,3,30
AGAP009232,2,AGAP009232__SITE01;AGAP009232__SITE03,0.995202558635394,0.608742004264392,84,0.972924297924298,1,9,0.988998824558526,4,30
AGAP009232,2,AGAP009232__SITE03;AGAP009232__SITE05,0.986673773987207,0.60501066098081,172,0.941123188405797,0.888888888888889,9,0.963230109802952,5,30
AGAP009232,2,AGAP009232__SITE02;AGAP009232__SITE05,0.986673773987207,0.60501066098081,173,0.941123188405797,0.888888888888889,9,0.963230109802952,6,30
AGAP009232,2,AGAP009232__SITE04;AGAP009232__SITE05,0.979211087420043,0.94136460554371,28,0.941021126760563,0.888888888888889,9,0.958721879369084,7,30
AGAP009232,2,AGAP009232__SITE03;AGAP009232__SITE04,0.950959488272921,0.603944562899787,167,0.891413043478261,0.666666666666667,9,0.904666272673897,8,30
AGAP009232,2,AGAP009232__SITE02;AGAP009232__SITE04,0.950959488272921,0.603944562899787,168,0.891413043478261,0.666666666666667,9,0.904666272673897,9,30
AGAP009232,2,AGAP009232__SITE02;AGAP009232__SITE03,0.613006396588486,0.613006396588486,24,0.475488400488401,0,9,0.510450358099612,10,30
AGAP009232,3,AGAP009232__SITE01;AGAP009232__SITE02;AGAP009232__SITE04,1,0.599680170575693,228,1,1,9,1,1,30
AGAP009232,3,AGAP009232__SITE01;AGAP009232__SITE03;AGAP009232__SITE04,1,0.599680170575693,228,1,1,9,1,2,30
AGAP009232,3,AGAP009232__SITE01;AGAP009232__SITE02;AGAP009232__SITE05,1,0.600746268656716,233,1,1,9,1,3,30
AGAP009232,3,AGAP009232__SITE01;AGAP009232__SITE03;AGAP009232__SITE05,1,0.600746268656716,233,1,1,9,1,4,30
AGAP009232,3,AGAP009232__SITE01;AGAP009232__SITE04;AGAP009232__SITE05,1,0.932302771855011,233,1,1,9,1,5,30
AGAP009232,3,AGAP009232__SITE01;AGAP009232__SITE02;AGAP009232__SITE03,0.995202558635394,0.608742004264392,84,0.972924297924298,1,9,0.988998824558526,6,30
AGAP009232,3,AGAP009232__SITE03;AGAP009232__SITE04;AGAP009232__SITE05,0.987206823027719,0.603944562899787,172,0.941123188405797,0.888888888888889,9,0.963549939227259,7,30
AGAP009232,3,AGAP009232__SITE02;AGAP009232__SITE04;AGAP009232__SITE05,0.987206823027719,0.603944562899787,173,0.941123188405797,0.888888888888889,9,0.963549939227259,8,30
AGAP009232,3,AGAP009232__SITE02;AGAP009232__SITE03;AGAP009232__SITE05,0.986673773987207,0.60501066098081,173,0.941123188405797,0.888888888888889,9,0.963230109802952,9,30
AGAP009232,3,AGAP009232__SITE02;AGAP009232__SITE03;AGAP009232__SITE04,0.950959488272921,0.603944562899787,168,0.891413043478261,0.666666666666667,9,0.904666272673897,10,30
AGAP009338,2,AGAP009338__SITE03;AGAP009338__SITE05,1,0.775586353944563,167,1,1,9,1,1,30
AGAP009338,2,AGAP009338__SITE02;AGAP009338__SITE05,1,0.806503198294243,175,1,1,9,1,2,30
AGAP009338,2,AGAP009338__SITE01;AGAP009338__SITE05,0.998933901918977,0.784115138592751,337,0.995565558971356,1,9,0.998030008842793,3,30
AGAP009338,2,AGAP009338__SITE01;AGAP009338__SITE02,0.978144989339019,0.771321961620469,185,0.946920289855072,0.888888888888889,9,0.959851969448822,4,30
AGAP009338,2,AGAP009338__SITE01;AGAP009338__SITE03,0.952558635394456,0.765991471215352,193,0.892995169082126,0.555555555555556,9,0.894989287516867,5,30
AGAP009338,2,AGAP009338__SITE04;AGAP009338__SITE05,0.920042643923241,0.00692963752665245,127,0.680973615756224,0.444444444444444,9,0.800762115525256,6,30
AGAP009338,2,AGAP009338__SITE02;AGAP009338__SITE03,0.892324093816631,0.849680170575693,31,0.815169082125604,0.111111111111111,9,0.791056292038771,7,30
AGAP009338,2,AGAP009338__SITE02;AGAP009338__SITE04,0.888059701492537,0.00533049040511727,71,0.815169082125604,0.111111111111111,9,0.788497656644315,8,30
AGAP009338,2,AGAP009338__SITE01;AGAP009338__SITE04,0.866737739872068,0.00319829424307036,233,0.793845497225779,0.111111111111111,9,0.769307404202086,9,30
AGAP009338,2,AGAP009338__SITE03;AGAP009338__SITE04,0.857142857142857,0.00533049040511727,63,0.724830917874396,0.111111111111111,9,0.742846100759144,10,30
AGAP009338,3,AGAP009338__SITE03;AGAP009338__SITE04;AGAP009338__SITE05,1,0.00533049040511727,167,1,1,9,1,1,30
AGAP009338,3,AGAP009338__SITE02;AGAP009338__SITE03;AGAP009338__SITE05,1,0.769722814498934,175,1,1,9,1,2,30
AGAP009338,3,AGAP009338__SITE02;AGAP009338__SITE04;AGAP009338__SITE05,1,0.00533049040511727,175,1,1,9,1,3,30
AGAP009338,3,AGAP009338__SITE01;AGAP009338__SITE02;AGAP009338__SITE05,1,0.692430703624734,337,1,1,9,1,4,30
AGAP009338,3,AGAP009338__SITE01;AGAP009338__SITE03;AGAP009338__SITE05,1,0.687100213219616,337,1,1,9,1,5,30
AGAP009338,3,AGAP009338__SITE01;AGAP009338__SITE04;AGAP009338__SITE05,0.998933901918977,0.00319829424307036,337,0.995565558971356,1,9,0.998030008842793,6,30
AGAP009338,3,AGAP009338__SITE01;AGAP009338__SITE02;AGAP009338__SITE03,0.978678038379531,0.760660980810235,193,0.946920289855072,0.888888888888889,9,0.960171798873129,7,30
AGAP009338,3,AGAP009338__SITE01;AGAP009338__SITE02;AGAP009338__SITE04,0.978678038379531,0.00213219616204691,233,0.946920289855072,0.888888888888889,9,0.960171798873129,8,30
AGAP009338,3,AGAP009338__SITE01;AGAP009338__SITE03;AGAP009338__SITE04,0.953091684434968,0.00213219616204691,233,0.892995169082126,0.555555555555556,9,0.895309116941174,9,30
AGAP009338,3,AGAP009338__SITE02;AGAP009338__SITE03;AGAP009338__SITE04,0.893923240938166,0.00533049040511727,71,0.815169082125604,0.111111111111111,9,0.792015780311692,10,30
AGAP009488,2,AGAP009488__SITE04;AGAP009488__SITE05,1,0.981876332622601,120,1,1,9,1,1,30
AGAP009488,2,AGAP009488__SITE03;AGAP009488__SITE05,1,0.981876332622601,121,1,1,9,1,2,30
AGAP009488,2,AGAP009488__SITE02;AGAP009488__SITE03,1,0.992004264392324,209,1,1,9,1,3,30
AGAP009488,2,AGAP009488__SITE02;AGAP009488__SITE04,1,0.992004264392324,210,1,1,9,1,4,30
AGAP009488,2,AGAP009488__SITE01;AGAP009488__SITE02,1,0.940831556503198,240,1,1,9,1,5,30
AGAP009488,2,AGAP009488__SITE02;AGAP009488__SITE05,1,0.98773987206823,307,1,1,9,1,6,30
AGAP009488,2,AGAP009488__SITE01;AGAP009488__SITE05,0.999466950959488,0.931236673773987,524,0.99672619047619,1,9,0.99869802771855,7,30
AGAP009488,2,AGAP009488__SITE01;AGAP009488__SITE03,0.999466950959488,0.935501066098081,426,0.993333333333333,1,9,0.997680170575693,8,30
AGAP009488,2,AGAP009488__SITE01;AGAP009488__SITE04,0.999466950959488,0.935501066098081,427,0.993333333333333,1,9,0.997680170575693,9,30
AGAP009488,2,AGAP009488__SITE03;AGAP009488__SITE04,0.993070362473348,0.993070362473348,24,0.968043818466354,1,9,0.986255363023915,10,30
AGAP009488,3,AGAP009488__SITE03;AGAP009488__SITE04;AGAP009488__SITE05,1,0.981876332622601,121,1,1,9,1,1,30
AGAP009488,3,AGAP009488__SITE02;AGAP009488__SITE03;AGAP009488__SITE04,1,0.992004264392324,210,1,1,9,1,2,30
AGAP009488,3,AGAP009488__SITE02;AGAP009488__SITE03;AGAP009488__SITE05,1,0.980810234541578,307,1,1,9,1,3,30
AGAP009488,3,AGAP009488__SITE02;AGAP009488__SITE04;AGAP009488__SITE05,1,0.980810234541578,307,1,1,9,1,4,30
AGAP009488,3,AGAP009488__SITE01;AGAP009488__SITE02;AGAP009488__SITE03,1,0.934434968017058,426,1,1,9,1,5,30
AGAP009488,3,AGAP009488__SITE01;AGAP009488__SITE02;AGAP009488__SITE04,1,0.934434968017058,427,1,1,9,1,6,30
AGAP009488,3,AGAP009488__SITE01;AGAP009488__SITE02;AGAP009488__SITE05,1,0.930170575692964,524,1,1,9,1,7,30
AGAP009488,3,AGAP009488__SITE01;AGAP009488__SITE03;AGAP009488__SITE05,1,0.924840085287846,524,1,1,9,1,8,30
AGAP009488,3,AGAP009488__SITE01;AGAP009488__SITE04;AGAP009488__SITE05,1,0.924840085287846,524,1,1,9,1,9,30
AGAP009488,3,AGAP009488__SITE01;AGAP009488__SITE03;AGAP009488__SITE04,0.999466950959488,0.935501066098081,427,0.993333333333333,1,9,0.997680170575693,10,30
AGAP009515,2,AGAP009515__SITE04;AGAP009515__SITE05,1,0.997867803837953,66,1,1,9,1,1,30
AGAP009515,2,AGAP009515__SITE03;AGAP009515__SITE04,1,0.953091684434968,101,1,1,9,1,2,30
AGAP009515,2,AGAP009515__SITE02;AGAP009515__SITE04,1,0.992537313432836,108,1,1,9,1,3,30
AGAP009515,2,AGAP009515__SITE03;AGAP009515__SITE05,1,0.950959488272921,144,1,1,9,1,4,30
AGAP009515,2,AGAP009515__SITE02;AGAP009515__SITE05,1,0.990405117270789,151,1,1,9,1,5,30
AGAP009515,2,AGAP009515__SITE02;AGAP009515__SITE03,0.997334754797441,0.948294243070363,30,0.987893583724569,1,9,0.994768927995835,6,30
AGAP009515,3,AGAP009515__SITE02;AGAP009515__SITE03;AGAP009515__SITE04,1,0.948294243070363,108,1,1,9,1,1,30
AGAP009515,3,AGAP009515__SITE03;AGAP009515__SITE04;AGAP009515__SITE05,1,0.950959488272921,144,1,1,9,1,2,30
AGAP009515,3,AGAP009515__SITE02;AGAP009515__SITE03;AGAP009515__SITE05,1,0.946162046908315,151,1,1,9,1,3,30
AGAP009515,3,AGAP009515__SITE02;AGAP009515__SITE04;AGAP009515__SITE05,1,0.990405117270789,151,1,1,9,1,4,30
AGAP009600,2,AGAP009600__SITE03;AGAP009600__SITE05,1,0.908848614072495,34,1,1,9,1,1,30
AGAP009600,2,AGAP009600__SITE02;AGAP009600__SITE03,1,0.918443496801706,75,1,1,9,1,2,30
AGAP009600,2,AGAP009600__SITE02;AGAP009600__SITE04,1,0.906183368869936,77,1,1,9,1,3,30
AGAP009600,2,AGAP009600__SITE02;AGAP009600__SITE05,1,0.985074626865672,86,1,1,9,1,4,30
AGAP009600,2,AGAP009600__SITE01;AGAP009600__SITE02,1,0.946162046908315,155,1,1,9,1,5,30
AGAP009600,2,AGAP009600__SITE01;AGAP009600__SITE05,1,0.936567164179104,218,1,1,9,1,6,30
AGAP009600,2,AGAP009600__SITE01;AGAP009600__SITE03,0.998400852878465,0.871535181236674,207,0.995116625189089,1,9,0.997575499283806,7,30
AGAP009600,2,AGAP009600__SITE01;AGAP009600__SITE04,0.998400852878465,0.859275053304904,209,0.995116625189089,1,9,0.997575499283806,8,30
AGAP009600,2,AGAP009600__SITE04;AGAP009600__SITE05,0.98773987206823,0.908848614072495,32,0.969420289855073,1,9,0.98347001019746,9,30
AGAP009600,2,AGAP009600__SITE03;AGAP009600__SITE04,0.921108742004264,0.908848614072495,25,0.865579710144928,0.444444444444444,9,0.856783602690481,10,30
AGAP009600,3,AGAP009600__SITE03;AGAP009600__SITE04;AGAP009600__SITE05,1,0.908848614072495,34,1,1,9,1,1,30
AGAP009600,3,AGAP009600__SITE02;AGAP009600__SITE03;AGAP009600__SITE04,1,0.906183368869936,77,1,1,9,1,2,30
AGAP009600,3,AGAP009600__SITE02;AGAP009600__SITE03;AGAP009600__SITE05,1,0.906183368869936,86,1,1,9,1,3,30
AGAP009600,3,AGAP009600__SITE02;AGAP009600__SITE04;AGAP009600__SITE05,1,0.906183368869936,86,1,1,9,1,4,30
AGAP009600,3,AGAP009600__SITE01;AGAP009600__SITE02;AGAP009600__SITE03,1,0.868869936034115,207,1,1,9,1,5,30
AGAP009600,3,AGAP009600__SITE01;AGAP009600__SITE02;AGAP009600__SITE04,1,0.856609808102346,209,1,1,9,1,6,30
AGAP009600,3,AGAP009600__SITE01;AGAP009600__SITE02;AGAP009600__SITE05,1,0.933901918976546,218,1,1,9,1,7,30
AGAP009600,3,AGAP009600__SITE01;AGAP009600__SITE03;AGAP009600__SITE05,1,0.859275053304904,218,1,1,9,1,8,30
AGAP009600,3,AGAP009600__SITE01;AGAP009600__SITE04;AGAP009600__SITE05,1,0.859275053304904,218,1,1,9,1,9,30
AGAP009600,3,AGAP009600__SITE01;AGAP009600__SITE03;AGAP009600__SITE04,0.998400852878465,0.859275053304904,209,0.995116625189089,1,9,0.997575499283806,10,30
AGAP009782,2,AGAP009782__SITE03;AGAP009782__SITE04,1,0.972814498933902,89,1,1,9,1,1,30
AGAP009782,2,AGAP009782__SITE03;AGAP009782__SITE05,1,0.76865671641791,138,1,1,9,1,2,30
AGAP009782,2,AGAP009782__SITE02;AGAP009782__SITE03,0.996268656716418,0.00106609808102345,88,0.987494046404028,1,9,0.994009407951059,3,30
AGAP009782,2,AGAP009782__SITE01;AGAP009782__SITE03,0.996268656716418,0.00106609808102345,91,0.987494046404028,1,9,0.994009407951059,4,30
AGAP009782,2,AGAP009782__SITE04;AGAP009782__SITE05,0.978678038379531,0.770255863539446,72,0.832571534745448,0.888888888888889,9,0.925867172340242,5,30
AGAP009782,2,AGAP009782__SITE02;AGAP009782__SITE04,0.976545842217484,0.00106609808102345,154,0.831122259383129,0.888888888888889,9,0.924153072034318,6,30
AGAP009782,2,AGAP009782__SITE01;AGAP009782__SITE04,0.976545842217484,0.00106609808102345,157,0.831122259383129,0.888888888888889,9,0.924153072034318,7,30
AGAP009782,2,AGAP009782__SITE02;AGAP009782__SITE05,0.772388059701493,0.00106609808102345,203,0.696478632478632,0,9,0.672376425564485,8,30
AGAP009782,2,AGAP009782__SITE01;AGAP009782__SITE05,0.772388059701493,0.00106609808102345,206,0.696478632478632,0,9,0.672376425564485,9,30
AGAP009782,2,AGAP009782__SITE01;AGAP009782__SITE02,0.00106609808102345,0.00106609808102345,26,0,0,9,0.00063965884861407,10,30
AGAP009782,3,AGAP009782__SITE03;AGAP009782__SITE04;AGAP009782__SITE05,1,0.766524520255864,138,1,1,9,1,1,30
AGAP009782,3,AGAP009782__SITE02;AGAP009782__SITE03;AGAP009782__SITE04,1,0.00106609808102345,154,1,1,9,1,2,30
AGAP009782,3,AGAP009782__SITE01;AGAP009782__SITE03;AGAP009782__SITE04,1,0.00106609808102345,157,1,1,9,1,3,30
AGAP009782,3,AGAP009782__SITE02;AGAP009782__SITE03;AGAP009782__SITE05,1,0.00106609808102345,203,1,1,9,1,4,30
AGAP009782,3,AGAP009782__SITE01;AGAP009782__SITE03;AGAP009782__SITE05,1,0.00106609808102345,206,1,1,9,1,5,30
AGAP009782,3,AGAP009782__SITE01;AGAP009782__SITE02;AGAP009782__SITE03,0.996268656716418,0.00106609808102345,91,0.987494046404028,1,9,0.994009407951059,6,30
AGAP009782,3,AGAP009782__SITE02;AGAP009782__SITE04;AGAP009782__SITE05,0.978678038379531,0.00106609808102345,203,0.832571534745448,0.888888888888889,9,0.925867172340242,7,30
AGAP009782,3,AGAP009782__SITE01;AGAP009782__SITE04;AGAP009782__SITE05,0.978678038379531,0.00106609808102345,206,0.832571534745448,0.888888888888889,9,0.925867172340242,8,30
AGAP009782,3,AGAP009782__SITE01;AGAP009782__SITE02;AGAP009782__SITE04,0.976545842217484,0.00106609808102345,157,0.831122259383129,0.888888888888889,9,0.924153072034318,9,30
AGAP009782,3,AGAP009782__SITE01;AGAP009782__SITE02;AGAP009782__SITE05,0.772388059701493,0.00106609808102345,206,0.696478632478632,0,9,0.672376425564485,10,30
AGAP009792,2,AGAP009792__SITE02;AGAP009792__SITE05,1,0.923773987206823,194,1,1,9,1,1,30
AGAP009792,2,AGAP009792__SITE01;AGAP009792__SITE05,1,0.889125799573561,204,1,1,9,1,2,30
AGAP009792,2,AGAP009792__SITE01;AGAP009792__SITE04,0.998933901918977,0.641791044776119,203,0.997530864197531,1,9,0.998619600410646,3,30
AGAP009792,2,AGAP009792__SITE02;AGAP009792__SITE04,0.998400852878465,0.676972281449893,193,0.993937813186639,1,9,0.997221855683071,4,30
AGAP009792,2,AGAP009792__SITE01;AGAP009792__SITE02,0.992004264392324,0.956289978678038,33,0.980466500756356,1,9,0.989342508862301,5,30
AGAP009792,2,AGAP009792__SITE02;AGAP009792__SITE03,0.992004264392324,0.284648187633262,108,0.980466500756356,1,9,0.989342508862301,6,30
AGAP009792,2,AGAP009792__SITE01;AGAP009792__SITE03,0.968017057569296,0.273987206823028,118,0.942222222222222,0.888888888888889,9,0.952365790097133,7,30
AGAP009792,2,AGAP009792__SITE04;AGAP009792__SITE05,0.932302771855011,0.683901918976546,24,0.816130952380952,0.444444444444444,9,0.848665393271737,8,30
AGAP009792,2,AGAP009792__SITE03;AGAP009792__SITE05,0.932302771855011,0.285181236673774,109,0.816130952380952,0.444444444444444,9,0.848665393271737,9,30
AGAP009792,2,AGAP009792__SITE03;AGAP009792__SITE04,0.701492537313433,0.267590618336887,108,0.618809523809524,0,9,0.606538379530917,10,30
AGAP009792,3,AGAP009792__SITE02;AGAP009792__SITE03;AGAP009792__SITE05,1,0.284648187633262,194,1,1,9,1,1,30
AGAP009792,3,AGAP009792__SITE02;AGAP009792__SITE04;AGAP009792__SITE05,1,0.676972281449893,194,1,1,9,1,2,30
AGAP009792,3,AGAP009792__SITE01;AGAP009792__SITE02;AGAP009792__SITE05,1,0.888592750533049,204,1,1,9,1,3,30
AGAP009792,3,AGAP009792__SITE01;AGAP009792__SITE03;AGAP009792__SITE05,1,0.273987206823028,204,1,1,9,1,4,30
AGAP009792,3,AGAP009792__SITE01;AGAP009792__SITE04;AGAP009792__SITE05,1,0.641791044776119,204,1,1,9,1,5,30
AGAP009792,3,AGAP009792__SITE01;AGAP009792__SITE02;AGAP009792__SITE04,0.998933901918977,0.641791044776119,203,0.997530864197531,1,9,0.998619600410646,6,30
AGAP009792,3,AGAP009792__SITE01;AGAP009792__SITE03;AGAP009792__SITE04,0.998933901918977,0.256396588486141,203,0.997530864197531,1,9,0.998619600410646,7,30
AGAP009792,3,AGAP009792__SITE02;AGAP009792__SITE03;AGAP009792__SITE04,0.998400852878465,0.267057569296375,193,0.993937813186639,1,9,0.997221855683071,8,30
AGAP009792,3,AGAP009792__SITE01;AGAP009792__SITE02;AGAP009792__SITE03,0.992537313432836,0.273987206823028,118,0.980466500756356,1,9,0.989662338286608,9,30
AGAP009792,3,AGAP009792__SITE03;AGAP009792__SITE04;AGAP009792__SITE05,0.932302771855011,0.267590618336887,109,0.816130952380952,0.444444444444444,9,0.848665393271737,10,30
AGAP009921,2,AGAP009921__SITE03;AGAP009921__SITE04,1,0.963219616204691,55,1,1,9,1,1,30
AGAP009921,2,AGAP009921__SITE01;AGAP009921__SITE02,1,0.993603411513859,56,1,1,9,1,2,30
AGAP009921,2,AGAP009921__SITE04;AGAP009921__SITE05,1,0.952025586353944,65,1,1,9,1,3,30
AGAP009921,2,AGAP009921__SITE03;AGAP009921__SITE05,1,0.985607675906183,97,1,1,9,1,4,30
AGAP009921,2,AGAP009921__SITE02;AGAP009921__SITE03,1,0.997334754797441,1471,1,1,9,1,5,30
AGAP009921,2,AGAP009921__SITE02;AGAP009921__SITE04,1,0.963752665245203,1503,1,1,9,1,6,30
AGAP009921,2,AGAP009921__SITE01;AGAP009921__SITE04,1,0.959488272921109,1536,1,1,9,1,7,30
AGAP009921,2,AGAP009921__SITE01;AGAP009921__SITE05,1,0.981876332622601,1578,1,1,9,1,8,30
AGAP009921,2,AGAP009921__SITE01;AGAP009921__SITE03,0.999466950959488,0.993603411513859,1504,0.995111111111111,1,9,0.998213503909026,9,30
AGAP009921,2,AGAP009921__SITE02;AGAP009921__SITE05,0.999466950959488,0.986673773987207,1545,0.994835680751174,1,9,0.998130874801045,10,30
AGAP009921,3,AGAP009921__SITE03;AGAP009921__SITE04;AGAP009921__SITE05,1,0.950426439232409,97,1,1,9,1,1,30
AGAP009921,3,AGAP009921__SITE02;AGAP009921__SITE03;AGAP009921__SITE04,1,0.962153518123667,1503,1,1,9,1,2,30
AGAP009921,3,AGAP009921__SITE01;AGAP009921__SITE02;AGAP009921__SITE03,1,0.992537313432836,1504,1,1,9,1,3,30
AGAP009921,3,AGAP009921__SITE01;AGAP009921__SITE02;AGAP009921__SITE04,1,0.958422174840085,1536,1,1,9,1,4,30
AGAP009921,3,AGAP009921__SITE01;AGAP009921__SITE03;AGAP009921__SITE04,1,0.958422174840085,1536,1,1,9,1,5,30
AGAP009921,3,AGAP009921__SITE02;AGAP009921__SITE03;AGAP009921__SITE05,1,0.985074626865672,1545,1,1,9,1,6,30
AGAP009921,3,AGAP009921__SITE02;AGAP009921__SITE04;AGAP009921__SITE05,1,0.951492537313433,1545,1,1,9,1,7,30
AGAP009921,3,AGAP009921__SITE01;AGAP009921__SITE02;AGAP009921__SITE05,1,0.98134328358209,1578,1,1,9,1,8,30
AGAP009921,3,AGAP009921__SITE01;AGAP009921__SITE03;AGAP009921__SITE05,1,0.980810234541578,1578,1,1,9,1,9,30
AGAP009921,3,AGAP009921__SITE01;AGAP009921__SITE04;AGAP009921__SITE05,1,0.946695095948827,1578,1,1,9,1,10,30
AGAP009936,2,AGAP009936__SITE03;AGAP009936__SITE04,1,0.988272921108742,34,1,1,9,1,1,30
AGAP009936,2,AGAP009936__SITE02;AGAP009936__SITE04,1,0.988272921108742,35,1,1,9,1,2,30
AGAP009936,2,AGAP009936__SITE03;AGAP009936__SITE05,1,0.98773987206823,37,1,1,9,1,3,30
AGAP009936,2,AGAP009936__SITE02;AGAP009936__SITE05,1,0.98773987206823,38,1,1,9,1,4,30
AGAP009936,2,AGAP009936__SITE01;AGAP009936__SITE02,1,0.766524520255864,79,1,1,9,1,5,30
AGAP009936,2,AGAP009936__SITE01;AGAP009936__SITE03,1,0.766524520255864,80,1,1,9,1,6,30
AGAP009936,2,AGAP009936__SITE01;AGAP009936__SITE04,1,0.760127931769723,91,1,1,9,1,7,30
AGAP009936,2,AGAP009936__SITE01;AGAP009936__SITE05,1,0.759594882729211,94,1,1,9,1,8,30
AGAP009936,2,AGAP009936__SITE02;AGAP009936__SITE03,0.997334754797441,0.997334754797441,24,0.988300637156271,1,9,0.994891044025346,9,30
AGAP009936,2,AGAP009936__SITE04;AGAP009936__SITE05,0.990938166311301,0.990405117270789,26,0.930854700854701,0.888888888888889,9,0.96270819893208,10,30
AGAP009936,3,AGAP009936__SITE02;AGAP009936__SITE03;AGAP009936__SITE04,1,0.988272921108742,35,1,1,9,1,1,30
AGAP009936,3,AGAP009936__SITE03;AGAP009936__SITE04;AGAP009936__SITE05,1,0.98773987206823,37,1,1,9,1,2,30
AGAP009936,3,AGAP009936__SITE02;AGAP009936__SITE03;AGAP009936__SITE05,1,0.98773987206823,38,1,1,9,1,3,30
AGAP009936,3,AGAP009936__SITE02;AGAP009936__SITE04;AGAP009936__SITE05,1,0.98773987206823,38,1,1,9,1,4,30
AGAP009936,3,AGAP009936__SITE01;AGAP009936__SITE02;AGAP009936__SITE03,1,0.766524520255864,80,1,1,9,1,5,30
AGAP009936,3,AGAP009936__SITE01;AGAP009936__SITE02;AGAP009936__SITE04,1,0.757462686567164,91,1,1,9,1,6,30
AGAP009936,3,AGAP009936__SITE01;AGAP009936__SITE03;AGAP009936__SITE04,1,0.757462686567164,91,1,1,9,1,7,30
AGAP009936,3,AGAP009936__SITE01;AGAP009936__SITE02;AGAP009936__SITE05,1,0.756929637526652,94,1,1,9,1,8,30
AGAP009936,3,AGAP009936__SITE01;AGAP009936__SITE03;AGAP009936__SITE05,1,0.756929637526652,94,1,1,9,1,9,30
AGAP009936,3,AGAP009936__SITE01;AGAP009936__SITE04;AGAP009936__SITE05,1,0.759594882729211,94,1,1,9,1,10,30
AGAP010175,2,AGAP010175__SITE03;AGAP010175__SITE04,1,0.990405117270789,96,1,1,9,1,1,30
AGAP010175,2,AGAP010175__SITE02;AGAP010175__SITE04,1,0.990405117270789,102,1,1,9,1,2,30
AGAP010175,2,AGAP010175__SITE01;AGAP010175__SITE02,1,0.937100213219616,125,1,1,9,1,3,30
AGAP010175,2,AGAP010175__SITE01;AGAP010175__SITE03,1,0.937100213219616,131,1,1,9,1,4,30
AGAP010175,2,AGAP010175__SITE04;AGAP010175__SITE05,1,0.972814498933902,201,1,1,9,1,5,30
AGAP010175,2,AGAP010175__SITE01;AGAP010175__SITE04,1,0.942430703624733,204,1,1,9,1,6,30
AGAP010175,2,AGAP010175__SITE03;AGAP010175__SITE05,1,0.967484008528785,274,1,1,9,1,7,30
AGAP010175,2,AGAP010175__SITE02;AGAP010175__SITE05,1,0.967484008528785,280,1,1,9,1,8,30
AGAP010175,2,AGAP010175__SITE01;AGAP010175__SITE05,0.995202558635394,0.924307036247335,382,0.951455399061033,0.888888888888889,9,0.971447043788435,9,30
AGAP010175,2,AGAP010175__SITE02;AGAP010175__SITE03,0.992537313432836,0.992537313432836,29,0.943824157063594,0.888888888888889,9,0.967558524067669,10,30
AGAP010175,3,AGAP010175__SITE02;AGAP010175__SITE03;AGAP010175__SITE04,1,0.990405117270789,102,1,1,9,1,1,30
AGAP010175,3,AGAP010175__SITE01;AGAP010175__SITE02;AGAP010175__SITE03,1,0.937100213219616,131,1,1,9,1,2,30
AGAP010175,3,AGAP010175__SITE01;AGAP010175__SITE02;AGAP010175__SITE04,1,0.934968017057569,204,1,1,9,1,3,30
AGAP010175,3,AGAP010175__SITE01;AGAP010175__SITE03;AGAP010175__SITE04,1,0.934968017057569,204,1,1,9,1,4,30
AGAP010175,3,AGAP010175__SITE03;AGAP010175__SITE04;AGAP010175__SITE05,1,0.965351812366738,274,1,1,9,1,5,30
AGAP010175,3,AGAP010175__SITE02;AGAP010175__SITE03;AGAP010175__SITE05,1,0.967484008528785,280,1,1,9,1,6,30
AGAP010175,3,AGAP010175__SITE02;AGAP010175__SITE04;AGAP010175__SITE05,1,0.965351812366738,280,1,1,9,1,7,30
AGAP010175,3,AGAP010175__SITE01;AGAP010175__SITE02;AGAP010175__SITE05,1,0.916844349680171,382,1,1,9,1,8,30
AGAP010175,3,AGAP010175__SITE01;AGAP010175__SITE03;AGAP010175__SITE05,1,0.916844349680171,382,1,1,9,1,9,30
AGAP010175,3,AGAP010175__SITE01;AGAP010175__SITE04;AGAP010175__SITE05,1,0.922174840085288,382,1,1,9,1,10,30
AGAP010197,2,AGAP010197__SITE01;AGAP010197__SITE02,1,0.997867803837953,40,1,1,9,1,1,30
AGAP010197,2,AGAP010197__SITE02;AGAP010197__SITE03,1,0.914712153518124,81,1,1,9,1,2,30
AGAP010197,2,AGAP010197__SITE01;AGAP010197__SITE03,1,0.914712153518124,98,1,1,9,1,3,30
AGAP010197,2,AGAP010197__SITE02;AGAP010197__SITE04,0.998933901918977,0.142324093816631,98,0.997530864197531,1,9,0.998619600410646,4,30
AGAP010197,2,AGAP010197__SITE02;AGAP010197__SITE05,0.998933901918977,0.142324093816631,99,0.997530864197531,1,9,0.998619600410646,5,30
AGAP010197,2,AGAP010197__SITE01;AGAP010197__SITE04,0.998933901918977,0.142324093816631,115,0.989371980676329,1,9,0.996171935354285,6,30
AGAP010197,2,AGAP010197__SITE01;AGAP010197__SITE05,0.998933901918977,0.142324093816631,116,0.989371980676329,1,9,0.996171935354285,7,30
AGAP010197,2,AGAP010197__SITE03;AGAP010197__SITE04,0.915778251599147,0.142324093816631,40,0.869462481962482,0.333333333333333,9,0.843639028881566,8,30
AGAP010197,2,AGAP010197__SITE03;AGAP010197__SITE05,0.915778251599147,0.142324093816631,41,0.869462481962482,0.333333333333333,9,0.843639028881566,9,30
AGAP010197,2,AGAP010197__SITE04;AGAP010197__SITE05,0.142324093816631,0.142324093816631,24,0.059494791419674,0,9,0.103242893715881,10,30
AGAP010197,3,AGAP010197__SITE01;AGAP010197__SITE02;AGAP010197__SITE03,1,0.9136460554371,98,1,1,9,1,1,30
AGAP010197,3,AGAP010197__SITE02;AGAP010197__SITE03;AGAP010197__SITE04,1,0.142324093816631,98,1,1,9,1,2,30
AGAP010197,3,AGAP010197__SITE02;AGAP010197__SITE03;AGAP010197__SITE05,1,0.142324093816631,99,1,1,9,1,3,30
AGAP010197,3,AGAP010197__SITE01;AGAP010197__SITE02;AGAP010197__SITE04,1,0.142324093816631,115,1,1,9,1,4,30
AGAP010197,3,AGAP010197__SITE01;AGAP010197__SITE03;AGAP010197__SITE04,1,0.142324093816631,115,1,1,9,1,5,30
AGAP010197,3,AGAP010197__SITE01;AGAP010197__SITE02;AGAP010197__SITE05,1,0.142324093816631,116,1,1,9,1,6,30
AGAP010197,3,AGAP010197__SITE01;AGAP010197__SITE03;AGAP010197__SITE05,1,0.142324093816631,116,1,1,9,1,7,30
AGAP010197,3,AGAP010197__SITE02;AGAP010197__SITE04;AGAP010197__SITE05,0.998933901918977,0.142324093816631,99,0.997530864197531,1,9,0.998619600410646,8,30
AGAP010197,3,AGAP010197__SITE01;AGAP010197__SITE04;AGAP010197__SITE05,0.998933901918977,0.142324093816631,116,0.989371980676329,1,9,0.996171935354285,9,30
AGAP010197,3,AGAP010197__SITE03;AGAP010197__SITE04;AGAP010197__SITE05,0.915778251599147,0.142324093816631,41,0.869462481962482,0.333333333333333,9,0.843639028881566,10,30
AGAP010219,2,AGAP010219__SITE04;AGAP010219__SITE05,1,0.968017057569296,47,1,1,9,1,1,30
AGAP010219,2,AGAP010219__SITE01;AGAP010219__SITE02,1,0.951492537313433,98,1,1,9,1,2,30
AGAP010219,2,AGAP010219__SITE02;AGAP010219__SITE03,1,0.971215351812367,113,1,1,9,1,3,30
AGAP010219,2,AGAP010219__SITE01;AGAP010219__SITE03,1,0.970682302771855,188,1,1,9,1,4,30
AGAP010219,2,AGAP010219__SITE03;AGAP010219__SITE04,1,0.963752665245203,219,1,1,9,1,5,30
AGAP010219,2,AGAP010219__SITE03;AGAP010219__SITE05,1,0.994669509594883,243,1,1,9,1,6,30
AGAP010219,2,AGAP010219__SITE02;AGAP010219__SITE04,1,0.94456289978678,309,1,1,9,1,7,30
AGAP010219,2,AGAP010219__SITE02;AGAP010219__SITE05,1,0.975479744136461,333,1,1,9,1,8,30
AGAP010219,2,AGAP010219__SITE01;AGAP010219__SITE04,1,0.944029850746269,384,1,1,9,1,9,30
AGAP010219,2,AGAP010219__SITE01;AGAP010219__SITE05,1,0.974946695095949,408,1,1,9,1,10,30
AGAP010219,3,AGAP010219__SITE01;AGAP010219__SITE02;AGAP010219__SITE03,1,0.946695095948827,188,1,1,9,1,1,30
AGAP010219,3,AGAP010219__SITE03;AGAP010219__SITE04;AGAP010219__SITE05,1,0.963219616204691,243,1,1,9,1,2,30
AGAP010219,3,AGAP010219__SITE02;AGAP010219__SITE03;AGAP010219__SITE04,1,0.939765458422175,309,1,1,9,1,3,30
AGAP010219,3,AGAP010219__SITE02;AGAP010219__SITE03;AGAP010219__SITE05,1,0.970682302771855,333,1,1,9,1,4,30
AGAP010219,3,AGAP010219__SITE02;AGAP010219__SITE04;AGAP010219__SITE05,1,0.944029850746269,333,1,1,9,1,5,30
AGAP010219,3,AGAP010219__SITE01;AGAP010219__SITE02;AGAP010219__SITE04,1,0.920042643923241,384,1,1,9,1,6,30
AGAP010219,3,AGAP010219__SITE01;AGAP010219__SITE03;AGAP010219__SITE04,1,0.939232409381663,384,1,1,9,1,7,30
AGAP010219,3,AGAP010219__SITE01;AGAP010219__SITE02;AGAP010219__SITE05,1,0.950959488272921,408,1,1,9,1,8,30
AGAP010219,3,AGAP010219__SITE01;AGAP010219__SITE03;AGAP010219__SITE05,1,0.970149253731343,408,1,1,9,1,9,30
AGAP010219,3,AGAP010219__SITE01;AGAP010219__SITE04;AGAP010219__SITE05,1,0.943496801705757,408,1,1,9,1,10,30
AGAP010220,2,AGAP010220__SITE01;AGAP010220__SITE02,1,0.950959488272921,46,1,1,9,1,1,30
AGAP010220,2,AGAP010220__SITE01;AGAP010220__SITE03,1,0.950959488272921,47,1,1,9,1,2,30
AGAP010220,2,AGAP010220__SITE03;AGAP010220__SITE04,1,0.791577825159915,65,1,1,9,1,3,30
AGAP010220,2,AGAP010220__SITE02;AGAP010220__SITE04,1,0.791577825159915,66,1,1,9,1,4,30
AGAP010220,2,AGAP010220__SITE03;AGAP010220__SITE05,1,0.791577825159915,76,1,1,9,1,5,30
AGAP010220,2,AGAP010220__SITE02;AGAP010220__SITE05,1,0.791577825159915,77,1,1,9,1,6,30
AGAP010220,2,AGAP010220__SITE01;AGAP010220__SITE04,1,0.835287846481876,89,1,1,9,1,7,30
AGAP010220,2,AGAP010220__SITE01;AGAP010220__SITE05,1,0.835287846481876,100,1,1,9,1,8,30
AGAP010220,2,AGAP010220__SITE02;AGAP010220__SITE03,0.95362473347548,0.95362473347548,24,0.783661971830986,0.555555555555556,9,0.862828987190139,9,30
AGAP010220,2,AGAP010220__SITE04;AGAP010220__SITE05,0.837953091684435,0.837953091684435,34,0.67452380952381,0.444444444444444,9,0.749573442312248,10,30
AGAP010220,3,AGAP010220__SITE01;AGAP010220__SITE02;AGAP010220__SITE03,1,0.950959488272921,47,1,1,9,1,1,30
AGAP010220,3,AGAP010220__SITE02;AGAP010220__SITE03;AGAP010220__SITE04,1,0.791577825159915,66,1,1,9,1,2,30
AGAP010220,3,AGAP010220__SITE03;AGAP010220__SITE04;AGAP010220__SITE05,1,0.791577825159915,76,1,1,9,1,3,30
AGAP010220,3,AGAP010220__SITE02;AGAP010220__SITE03;AGAP010220__SITE05,1,0.791577825159915,77,1,1,9,1,4,30
AGAP010220,3,AGAP010220__SITE02;AGAP010220__SITE04;AGAP010220__SITE05,1,0.791577825159915,77,1,1,9,1,5,30
AGAP010220,3,AGAP010220__SITE01;AGAP010220__SITE02;AGAP010220__SITE04,1,0.788912579957356,89,1,1,9,1,6,30
AGAP010220,3,AGAP010220__SITE01;AGAP010220__SITE03;AGAP010220__SITE04,1,0.788912579957356,89,1,1,9,1,7,30
AGAP010220,3,AGAP010220__SITE01;AGAP010220__SITE02;AGAP010220__SITE05,1,0.788912579957356,100,1,1,9,1,8,30
AGAP010220,3,AGAP010220__SITE01;AGAP010220__SITE03;AGAP010220__SITE05,1,0.788912579957356,100,1,1,9,1,9,30
AGAP010220,3,AGAP010220__SITE01;AGAP010220__SITE04;AGAP010220__SITE05,1,0.835287846481876,100,1,1,9,1,10,30
AGAP010313,2,AGAP010313__SITE04;AGAP010313__SITE05,1,0.998400852878465,42,1,1,9,1,1,30
AGAP010313,2,AGAP010313__SITE03;AGAP010313__SITE04,1,0.998400852878465,119,1,1,9,1,2,30
AGAP010313,2,AGAP010313__SITE02;AGAP010313__SITE04,1,0.998400852878465,127,1,1,9,1,3,30
AGAP010313,2,AGAP010313__SITE03;AGAP010313__SITE05,1,0.998933901918977,138,1,1,9,1,4,30
AGAP010313,2,AGAP010313__SITE02;AGAP010313__SITE05,1,0.998933901918977,146,1,1,9,1,5,30
AGAP010313,2,AGAP010313__SITE01;AGAP010313__SITE02,1,0.998933901918977,208,1,1,9,1,6,30
AGAP010313,2,AGAP010313__SITE01;AGAP010313__SITE03,1,0.998933901918977,216,1,1,9,1,7,30
AGAP010313,2,AGAP010313__SITE01;AGAP010313__SITE04,1,0.998400852878465,312,1,1,9,1,8,30
AGAP010313,2,AGAP010313__SITE01;AGAP010313__SITE05,1,0.998933901918977,331,1,1,9,1,9,30
AGAP010313,2,AGAP010313__SITE02;AGAP010313__SITE03,0.999466950959488,0.999466950959488,31,0.99672619047619,1,9,0.99869802771855,10,30
AGAP010313,3,AGAP010313__SITE02;AGAP010313__SITE03;AGAP010313__SITE04,1,0.998400852878465,127,1,1,9,1,1,30
AGAP010313,3,AGAP010313__SITE03;AGAP010313__SITE04;AGAP010313__SITE05,1,0.997867803837953,138,1,1,9,1,2,30
AGAP010313,3,AGAP010313__SITE02;AGAP010313__SITE03;AGAP010313__SITE05,1,0.998933901918977,146,1,1,9,1,3,30
AGAP010313,3,AGAP010313__SITE02;AGAP010313__SITE04;AGAP010313__SITE05,1,0.997867803837953,146,1,1,9,1,4,30
AGAP010313,3,AGAP010313__SITE01;AGAP010313__SITE02;AGAP010313__SITE03,1,0.998933901918977,216,1,1,9,1,5,30
AGAP010313,3,AGAP010313__SITE01;AGAP010313__SITE02;AGAP010313__SITE04,1,0.997867803837953,312,1,1,9,1,6,30
AGAP010313,3,AGAP010313__SITE01;AGAP010313__SITE03;AGAP010313__SITE04,1,0.997867803837953,312,1,1,9,1,7,30
AGAP010313,3,AGAP010313__SITE01;AGAP010313__SITE02;AGAP010313__SITE05,1,0.998400852878465,331,1,1,9,1,8,30
AGAP010313,3,AGAP010313__SITE01;AGAP010313__SITE03;AGAP010313__SITE05,1,0.998400852878465,331,1,1,9,1,9,30
AGAP010313,3,AGAP010313__SITE01;AGAP010313__SITE04;AGAP010313__SITE05,1,0.997867803837953,331,1,1,9,1,10,30
AGAP010380,2,AGAP010380__SITE01;AGAP010380__SITE02,1,1,54,1,1,9,1,1,30
AGAP010380,2,AGAP010380__SITE02;AGAP010380__SITE03,1,0.969616204690831,75,1,1,9,1,2,30
AGAP010380,2,AGAP010380__SITE01;AGAP010380__SITE03,1,0.969616204690831,106,1,1,9,1,3,30
AGAP010380,2,AGAP010380__SITE03;AGAP010380__SITE04,1,0.960554371002132,710,1,1,9,1,4,30
AGAP010380,2,AGAP010380__SITE02;AGAP010380__SITE04,1,0.990938166311301,762,1,1,9,1,5,30
AGAP010380,2,AGAP010380__SITE01;AGAP010380__SITE04,1,0.990938166311301,793,1,1,9,1,6,30
AGAP010380,2,AGAP010380__SITE02;AGAP010380__SITE05,1,0.311300639658849,819,1,1,9,1,7,30
AGAP010380,2,AGAP010380__SITE01;AGAP010380__SITE05,1,0.311300639658849,850,1,1,9,1,8,30
AGAP010380,2,AGAP010380__SITE04;AGAP010380__SITE05,0.992004264392324,0.310234541577825,80,0.932410256410256,0.888888888888889,9,0.96381452444736,9,30
AGAP010380,2,AGAP010380__SITE03;AGAP010380__SITE05,0.969616204690831,0.311300639658849,767,0.80006105006105,0.888888888888889,9,0.910676926721703,10,30
AGAP010380,3,AGAP010380__SITE01;AGAP010380__SITE02;AGAP010380__SITE03,1,0.969616204690831,106,1,1,9,1,1,30
AGAP010380,3,AGAP010380__SITE02;AGAP010380__SITE03;AGAP010380__SITE04,1,0.960554371002132,762,1,1,9,1,2,30
AGAP010380,3,AGAP010380__SITE03;AGAP010380__SITE04;AGAP010380__SITE05,1,0.310234541577825,767,1,1,9,1,3,30
AGAP010380,3,AGAP010380__SITE01;AGAP010380__SITE02;AGAP010380__SITE04,1,0.990938166311301,793,1,1,9,1,4,30
AGAP010380,3,AGAP010380__SITE01;AGAP010380__SITE03;AGAP010380__SITE04,1,0.960554371002132,793,1,1,9,1,5,30
AGAP010380,3,AGAP010380__SITE02;AGAP010380__SITE03;AGAP010380__SITE05,1,0.311300639658849,819,1,1,9,1,6,30
AGAP010380,3,AGAP010380__SITE02;AGAP010380__SITE04;AGAP010380__SITE05,1,0.310234541577825,819,1,1,9,1,7,30
AGAP010380,3,AGAP010380__SITE01;AGAP010380__SITE02;AGAP010380__SITE05,1,0.311300639658849,850,1,1,9,1,8,30
AGAP010380,3,AGAP010380__SITE01;AGAP010380__SITE03;AGAP010380__SITE05,1,0.311300639658849,850,1,1,9,1,9,30
AGAP010380,3,AGAP010380__SITE01;AGAP010380__SITE04;AGAP010380__SITE05,1,0.310234541577825,850,1,1,9,1,10,30
AGAP010453,2,AGAP010453__SITE02;AGAP010453__SITE03,1,0.950959488272921,48,1,1,9,1,1,30
AGAP010453,2,AGAP010453__SITE02;AGAP010453__SITE04,1,0.950959488272921,64,1,1,9,1,2,30
AGAP010453,2,AGAP010453__SITE02;AGAP010453__SITE05,1,0.965884861407249,176,1,1,9,1,3,30
AGAP010453,2,AGAP010453__SITE01;AGAP010453__SITE02,1,0.953091684434968,211,1,1,9,1,4,30
AGAP010453,2,AGAP010453__SITE01;AGAP010453__SITE03,1,0.968017057569296,236,1,1,9,1,5,30
AGAP010453,2,AGAP010453__SITE01;AGAP010453__SITE04,1,0.968017057569296,252,1,1,9,1,6,30
AGAP010453,2,AGAP010453__SITE01;AGAP010453__SITE05,1,0.982942430703625,364,1,1,9,1,7,30
AGAP010453,2,AGAP010453__SITE04;AGAP010453__SITE05,0.997867803837953,0.982942430703625,135,0.987247119078105,1,9,0.994894818026203,8,30
AGAP010453,2,AGAP010453__SITE03;AGAP010453__SITE05,0.997867803837953,0.982942430703625,151,0.987247119078105,1,9,0.994894818026203,9,30
AGAP010453,2,AGAP010453__SITE03;AGAP010453__SITE04,0.982942430703625,0.982942430703625,39,0.960123360938578,1,9,0.977802466703749,10,30
AGAP010453,3,AGAP010453__SITE02;AGAP010453__SITE03;AGAP010453__SITE04,1,0.950959488272921,64,1,1,9,1,1,30
AGAP010453,3,AGAP010453__SITE02;AGAP010453__SITE03;AGAP010453__SITE05,1,0.950959488272921,176,1,1,9,1,2,30
AGAP010453,3,AGAP010453__SITE02;AGAP010453__SITE04;AGAP010453__SITE05,1,0.950959488272921,176,1,1,9,1,3,30
AGAP010453,3,AGAP010453__SITE01;AGAP010453__SITE02;AGAP010453__SITE03,1,0.936034115138593,236,1,1,9,1,4,30
AGAP010453,3,AGAP010453__SITE01;AGAP010453__SITE02;AGAP010453__SITE04,1,0.936034115138593,252,1,1,9,1,5,30
AGAP010453,3,AGAP010453__SITE01;AGAP010453__SITE03;AGAP010453__SITE04,1,0.968017057569296,252,1,1,9,1,6,30
AGAP010453,3,AGAP010453__SITE01;AGAP010453__SITE02;AGAP010453__SITE05,1,0.950959488272921,364,1,1,9,1,7,30
AGAP010453,3,AGAP010453__SITE01;AGAP010453__SITE03;AGAP010453__SITE05,1,0.968017057569296,364,1,1,9,1,8,30
AGAP010453,3,AGAP010453__SITE01;AGAP010453__SITE04;AGAP010453__SITE05,1,0.968017057569296,364,1,1,9,1,9,30
AGAP010453,3,AGAP010453__SITE03;AGAP010453__SITE04;AGAP010453__SITE05,0.997867803837953,0.982942430703625,151,0.987247119078105,1,9,0.994894818026203,10,30
AGAP010711,2,AGAP010711__SITE03;AGAP010711__SITE04,1,0.979744136460554,212,1,1,9,1,1,30
AGAP010711,2,AGAP010711__SITE03;AGAP010711__SITE05,1,0.979744136460554,212,1,1,9,1,2,30
AGAP010711,2,AGAP010711__SITE02;AGAP010711__SITE03,1,0.988805970149254,237,1,1,9,1,3,30
AGAP010711,2,AGAP010711__SITE01;AGAP010711__SITE03,1,0.988805970149254,238,1,1,9,1,4,30
AGAP010711,2,AGAP010711__SITE02;AGAP010711__SITE04,1,0.985607675906183,426,1,1,9,1,5,30
AGAP010711,2,AGAP010711__SITE02;AGAP010711__SITE05,1,0.985607675906183,426,1,1,9,1,6,30
AGAP010711,2,AGAP010711__SITE01;AGAP010711__SITE04,1,0.985607675906183,427,1,1,9,1,7,30
AGAP010711,2,AGAP010711__SITE01;AGAP010711__SITE05,1,0.985607675906183,427,1,1,9,1,8,30
AGAP010711,2,AGAP010711__SITE01;AGAP010711__SITE02,0.997334754797441,0.997334754797441,24,0.976495726495726,1,9,0.991349570827182,9,30
AGAP010711,2,AGAP010711__SITE04;AGAP010711__SITE05,0.988272921108742,0.988272921108742,23,0.941399914639351,0.888888888888889,9,0.964272615945939,10,30
AGAP010711,3,AGAP010711__SITE03;AGAP010711__SITE04;AGAP010711__SITE05,1,0.979744136460554,212,1,1,9,1,1,30
AGAP010711,3,AGAP010711__SITE01;AGAP010711__SITE02;AGAP010711__SITE03,1,0.988805970149254,238,1,1,9,1,2,30
AGAP010711,3,AGAP010711__SITE02;AGAP010711__SITE03;AGAP010711__SITE04,1,0.977078891257996,426,1,1,9,1,3,30
AGAP010711,3,AGAP010711__SITE02;AGAP010711__SITE03;AGAP010711__SITE05,1,0.977078891257996,426,1,1,9,1,4,30
AGAP010711,3,AGAP010711__SITE02;AGAP010711__SITE04;AGAP010711__SITE05,1,0.985607675906183,426,1,1,9,1,5,30
AGAP010711,3,AGAP010711__SITE01;AGAP010711__SITE02;AGAP010711__SITE04,1,0.985607675906183,427,1,1,9,1,6,30
AGAP010711,3,AGAP010711__SITE01;AGAP010711__SITE02;AGAP010711__SITE05,1,0.985607675906183,427,1,1,9,1,7,30
AGAP010711,3,AGAP010711__SITE01;AGAP010711__SITE03;AGAP010711__SITE04,1,0.977078891257996,427,1,1,9,1,8,30
AGAP010711,3,AGAP010711__SITE01;AGAP010711__SITE03;AGAP010711__SITE05,1,0.977078891257996,427,1,1,9,1,9,30
AGAP010711,3,AGAP010711__SITE01;AGAP010711__SITE04;AGAP010711__SITE05,1,0.985607675906183,427,1,1,9,1,10,30
AGAP010722,2,AGAP010722__SITE01;AGAP010722__SITE02,1,0.495735607675906,52,1,1,9,1,1,30
AGAP010722,2,AGAP010722__SITE02;AGAP010722__SITE03,1,0.967484008528785,86,1,1,9,1,2,30
AGAP010722,2,AGAP010722__SITE02;AGAP010722__SITE04,1,0.942430703624733,92,1,1,9,1,3,30
AGAP010722,2,AGAP010722__SITE04;AGAP010722__SITE05,0.998933901918977,0.613539445628998,48,0.996277256693923,1,9,0.998243518159563,4,30
AGAP010722,2,AGAP010722__SITE01;AGAP010722__SITE04,0.998933901918977,0.497867803837953,121,0.993920634920635,1,9,0.997536531627576,5,30
AGAP010722,2,AGAP010722__SITE03;AGAP010722__SITE04,0.997867803837953,0.970682302771855,29,0.993661835748792,1,9,0.996819233027409,6,30
AGAP010722,2,AGAP010722__SITE01;AGAP010722__SITE03,0.998400852878465,0.523454157782516,115,0.989031746031746,1,9,0.995750035536603,7,30
AGAP010722,2,AGAP010722__SITE03;AGAP010722__SITE05,0.997867803837953,0.639658848614073,54,0.989031746031746,1,9,0.995430206112296,8,30
AGAP010722,2,AGAP010722__SITE02;AGAP010722__SITE05,0.993070362473348,0.618336886993603,117,0.954152795561247,1,9,0.982088056152383,9,30
AGAP010722,2,AGAP010722__SITE01;AGAP010722__SITE05,0.707889125799574,0.457889125799574,146,0.590769230769231,0,9,0.601964244710514,10,30
AGAP010722,3,AGAP010722__SITE02;AGAP010722__SITE03;AGAP010722__SITE04,1,0.94136460554371,92,1,1,9,1,1,30
AGAP010722,3,AGAP010722__SITE01;AGAP010722__SITE02;AGAP010722__SITE03,1,0.494136460554371,115,1,1,9,1,2,30
AGAP010722,3,AGAP010722__SITE02;AGAP010722__SITE03;AGAP010722__SITE05,1,0.61727078891258,117,1,1,9,1,3,30
AGAP010722,3,AGAP010722__SITE02;AGAP010722__SITE04;AGAP010722__SITE05,1,0.591151385927505,117,1,1,9,1,4,30
AGAP010722,3,AGAP010722__SITE01;AGAP010722__SITE02;AGAP010722__SITE04,1,0.468550106609808,121,1,1,9,1,5,30
AGAP010722,3,AGAP010722__SITE01;AGAP010722__SITE02;AGAP010722__SITE05,1,0.435501066098081,146,1,1,9,1,6,30
AGAP010722,3,AGAP010722__SITE01;AGAP010722__SITE03;AGAP010722__SITE04,0.999466950959488,0.497867803837953,121,0.99672619047619,1,9,0.99869802771855,7,30
AGAP010722,3,AGAP010722__SITE01;AGAP010722__SITE04;AGAP010722__SITE05,0.999466950959488,0.431236673773987,146,0.99672619047619,1,9,0.99869802771855,8,30
AGAP010722,3,AGAP010722__SITE03;AGAP010722__SITE04;AGAP010722__SITE05,0.998933901918977,0.613539445628998,54,0.996277256693923,1,9,0.998243518159563,9,30
AGAP010722,3,AGAP010722__SITE01;AGAP010722__SITE03;AGAP010722__SITE05,0.998400852878465,0.45682302771855,146,0.989031746031746,1,9,0.995750035536603,10,30
AGAP011204,2,AGAP011204__SITE02;AGAP011204__SITE04,0.987206823027719,0.696162046908316,47,0.960973084886129,1,9,0.98061601928247,1,30
AGAP011204,2,AGAP011204__SITE01;AGAP011204__SITE04,0.986673773987207,0.702558635394456,53,0.959782608695652,1,9,0.97993904700102,2,30
AGAP011204,2,AGAP011204__SITE04;AGAP011204__SITE05,0.982409381663113,0.700959488272921,58,0.946920289855072,0.888888888888889,9,0.962410604843278,3,30
AGAP011204,2,AGAP011204__SITE02;AGAP011204__SITE05,0.971748400852879,0.865138592750533,82,0.911870255348516,0.777777777777778,9,0.93438789489406,4,30
AGAP011204,2,AGAP011204__SITE01;AGAP011204__SITE05,0.971748400852879,0.871002132196162,88,0.911870255348516,0.777777777777778,9,0.93438789489406,5,30
AGAP011204,2,AGAP011204__SITE03;AGAP011204__SITE05,0.962686567164179,0.663113006396588,70,0.91067977915804,0.777777777777778,9,0.928593651823697,6,30
AGAP011204,2,AGAP011204__SITE01;AGAP011204__SITE03,0.932302771855011,0.699360341151386,41,0.819064872325742,0.444444444444444,9,0.849545569255174,7,30
AGAP011204,2,AGAP011204__SITE01;AGAP011204__SITE02,0.92590618336887,0.916844349680171,29,0.820255348516218,0.333333333333333,9,0.834953647909521,8,30
AGAP011204,2,AGAP011204__SITE02;AGAP011204__SITE03,0.925373134328358,0.700426439232409,35,0.820255348516218,0.222222222222222,9,0.823522707374102,9,30
AGAP011204,2,AGAP011204__SITE03;AGAP011204__SITE04,0.769722814498934,0.702558635394456,35,0.622415458937198,0.111111111111111,9,0.659669437491631,10,30
AGAP011204,3,AGAP011204__SITE02;AGAP011204__SITE04;AGAP011204__SITE05,0.995202558635394,0.655650319829424,82,0.976904761904762,1,9,0.990192963752665,1,30
AGAP011204,3,AGAP011204__SITE01;AGAP011204__SITE04;AGAP011204__SITE05,0.995202558635394,0.662046908315565,88,0.976904761904762,1,9,0.990192963752665,2,30
AGAP011204,3,AGAP011204__SITE02;AGAP011204__SITE03;AGAP011204__SITE04,0.987206823027719,0.695628997867804,47,0.960973084886129,1,9,0.98061601928247,3,30
AGAP011204,3,AGAP011204__SITE01;AGAP011204__SITE02;AGAP011204__SITE04,0.987206823027719,0.695095948827292,53,0.960973084886129,1,9,0.98061601928247,4,30
AGAP011204,3,AGAP011204__SITE01;AGAP011204__SITE03;AGAP011204__SITE04,0.986673773987207,0.694562899786781,53,0.959782608695652,1,9,0.97993904700102,5,30
AGAP011204,3,AGAP011204__SITE03;AGAP011204__SITE04;AGAP011204__SITE05,0.986140724946695,0.662046908315565,70,0.957380952380952,1,9,0.978898720682303,6,30
AGAP011204,3,AGAP011204__SITE02;AGAP011204__SITE03;AGAP011204__SITE05,0.971748400852879,0.656183368869936,82,0.911870255348516,0.777777777777778,9,0.93438789489406,7,30
AGAP011204,3,AGAP011204__SITE01;AGAP011204__SITE02;AGAP011204__SITE05,0.971748400852879,0.863539445628998,88,0.911870255348516,0.777777777777778,9,0.93438789489406,8,30
AGAP011204,3,AGAP011204__SITE01;AGAP011204__SITE03;AGAP011204__SITE05,0.971748400852879,0.655117270788913,88,0.911870255348516,0.777777777777778,9,0.93438789489406,9,30
AGAP011204,3,AGAP011204__SITE01;AGAP011204__SITE02;AGAP011204__SITE03,0.932835820895522,0.699360341151386,41,0.820255348516218,0.444444444444444,9,0.850222541536623,10,30
AGAP011377,2,AGAP011377__SITE04;AGAP011377__SITE05,0.999466950959488,0.8363539445629,53,0.99672619047619,1,9,0.99869802771855,1,30
AGAP011377,2,AGAP011377__SITE03;AGAP011377__SITE05,0.965884861407249,0.399786780383795,78,0.901547619047619,0.888888888888889,9,0.938884091447524,2,30
AGAP011377,2,AGAP011377__SITE02;AGAP011377__SITE05,0.965351812366738,0.180703624733475,135,0.901547619047619,0.888888888888889,9,0.938564262023217,3,30
AGAP011377,2,AGAP011377__SITE01;AGAP011377__SITE05,0.962153518123667,0.0698294243070362,404,0.89172619047619,0.888888888888889,9,0.933698856905946,4,30
AGAP011377,2,AGAP011377__SITE03;AGAP011377__SITE04,0.953091684434968,0.32409381663113,48,0.926593714927048,0.555555555555556,9,0.905388680694651,5,30
AGAP011377,2,AGAP011377__SITE02;AGAP011377__SITE04,0.884328358208955,0.173240938166311,105,0.810821256038648,0.333333333333333,9,0.8071767250703,6,30
AGAP011377,2,AGAP011377__SITE01;AGAP011377__SITE04,0.873667377398721,0.0698294243070362,374,0.77945652173913,0.222222222222222,9,0.780259605183194,7,30
AGAP011377,2,AGAP011377__SITE01;AGAP011377__SITE03,0.43816631130064,0.035181236673774,349,0.287588780546527,0,9,0.349176420944342,8,30
AGAP011377,2,AGAP011377__SITE02;AGAP011377__SITE03,0.412046908315565,0.175373134328358,80,0.185139039364392,0,9,0.302769856798656,9,30
AGAP011377,2,AGAP011377__SITE01;AGAP011377__SITE02,0.221215351812367,0.0325159914712154,292,0.184003968253968,0,9,0.187930401563611,10,30
AGAP011377,3,AGAP011377__SITE03;AGAP011377__SITE04;AGAP011377__SITE05,0.999466950959488,0.320362473347548,78,0.99672619047619,1,9,0.99869802771855,1,30
AGAP011377,3,AGAP011377__SITE02;AGAP011377__SITE04;AGAP011377__SITE05,0.999466950959488,0.170042643923241,135,0.99672619047619,1,9,0.99869802771855,2,30
AGAP011377,3,AGAP011377__SITE01;AGAP011377__SITE04;AGAP011377__SITE05,0.999466950959488,0.0698294243070362,404,0.99672619047619,1,9,0.99869802771855,3,30
AGAP011377,3,AGAP011377__SITE02;AGAP011377__SITE03;AGAP011377__SITE05,0.965884861407249,0.172174840085288,135,0.901547619047619,0.888888888888889,9,0.938884091447524,4,30
AGAP011377,3,AGAP011377__SITE01;AGAP011377__SITE03;AGAP011377__SITE05,0.965884861407249,0.035181236673774,404,0.901547619047619,0.888888888888889,9,0.938884091447524,5,30
AGAP011377,3,AGAP011377__SITE01;AGAP011377__SITE02;AGAP011377__SITE05,0.965351812366738,0.0325159914712154,404,0.901547619047619,0.888888888888889,9,0.938564262023217,6,30
AGAP011377,3,AGAP011377__SITE02;AGAP011377__SITE03;AGAP011377__SITE04,0.954690831556503,0.166311300639659,105,0.933923778851315,0.666666666666667,9,0.919658299255963,7,30
AGAP011377,3,AGAP011377__SITE01;AGAP011377__SITE03;AGAP011377__SITE04,0.953091684434968,0.035181236673774,374,0.926593714927048,0.555555555555556,9,0.905388680694651,8,30
AGAP011377,3,AGAP011377__SITE01;AGAP011377__SITE02;AGAP011377__SITE04,0.884328358208955,0.0325159914712154,374,0.810821256038648,0.333333333333333,9,0.8071767250703,9,30
AGAP011377,3,AGAP011377__SITE01;AGAP011377__SITE02;AGAP011377__SITE03,0.446162046908316,0.0319829424307036,349,0.287588780546527,0,9,0.353973862308948,10,30
AGAP011849,2,AGAP011849__SITE04;AGAP011849__SITE05,1,0.893390191897655,250,1,1,9,1,1,30
AGAP011849,2,AGAP011849__SITE03;AGAP011849__SITE05,1,0.893923240938166,253,1,1,9,1,2,30
AGAP011849,2,AGAP011849__SITE01;AGAP011849__SITE05,1,0.991471215351812,328,1,1,9,1,3,30
AGAP011849,2,AGAP011849__SITE01;AGAP011849__SITE03,0.999466950959488,0.892324093816631,98,0.99672619047619,1,9,0.99869802771855,4,30
AGAP011849,2,AGAP011849__SITE01;AGAP011849__SITE04,0.999466950959488,0.891791044776119,101,0.99672619047619,1,9,0.99869802771855,5,30
AGAP011849,2,AGAP011849__SITE02;AGAP011849__SITE05,0.99680170575693,0.0687633262260128,318,0.983473193473194,1,9,0.993122981496116,6,30
AGAP011849,2,AGAP011849__SITE01;AGAP011849__SITE02,0.994669509594883,0.0687633262260128,33,0.983349206349206,1,9,0.991806467661692,7,30
AGAP011849,2,AGAP011849__SITE02;AGAP011849__SITE04,0.89818763326226,0.0671641791044776,91,0.863729296066253,0.111111111111111,9,0.809142479888343,8,30
AGAP011849,2,AGAP011849__SITE02;AGAP011849__SITE03,0.898720682302772,0.0671641791044776,88,0.862280020703934,0.111111111111111,9,0.809027526703954,9,30
AGAP011849,2,AGAP011849__SITE03;AGAP011849__SITE04,0.897654584221748,0.896055437100213,26,0.862280020703934,0.111111111111111,9,0.80838786785534,10,30
AGAP011849,3,AGAP011849__SITE03;AGAP011849__SITE04;AGAP011849__SITE05,1,0.892857142857143,253,1,1,9,1,1,30
AGAP011849,3,AGAP011849__SITE02;AGAP011849__SITE03;AGAP011849__SITE05,1,0.0671641791044776,318,1,1,9,1,2,30
AGAP011849,3,AGAP011849__SITE02;AGAP011849__SITE04;AGAP011849__SITE05,1,0.0671641791044776,318,1,1,9,1,3,30
AGAP011849,3,AGAP011849__SITE01;AGAP011849__SITE02;AGAP011849__SITE05,1,0.0687633262260128,328,1,1,9,1,4,30
AGAP011849,3,AGAP011849__SITE01;AGAP011849__SITE03;AGAP011849__SITE05,1,0.889125799573561,328,1,1,9,1,5,30
AGAP011849,3,AGAP011849__SITE01;AGAP011849__SITE04;AGAP011849__SITE05,1,0.888592750533049,328,1,1,9,1,6,30
AGAP011849,3,AGAP011849__SITE01;AGAP011849__SITE02;AGAP011849__SITE03,0.999466950959488,0.0671641791044776,98,0.99672619047619,1,9,0.99869802771855,7,30
AGAP011849,3,AGAP011849__SITE01;AGAP011849__SITE02;AGAP011849__SITE04,0.999466950959488,0.0671641791044776,101,0.99672619047619,1,9,0.99869802771855,8,30
AGAP011849,3,AGAP011849__SITE01;AGAP011849__SITE03;AGAP011849__SITE04,0.999466950959488,0.891257995735608,101,0.99672619047619,1,9,0.99869802771855,9,30
AGAP011849,3,AGAP011849__SITE02;AGAP011849__SITE03;AGAP011849__SITE04,0.899253731343284,0.0671641791044776,91,0.863729296066253,0.111111111111111,9,0.809782138736957,10,30
AGAP011938,2,AGAP011938__SITE02;AGAP011938__SITE03,1,0.893390191897655,320,1,1,9,1,1,30
AGAP011938,2,AGAP011938__SITE01;AGAP011938__SITE03,1,0.893390191897655,321,1,1,9,1,2,30
AGAP011938,2,AGAP011938__SITE03;AGAP011938__SITE05,1,0.950959488272921,567,1,1,9,1,3,30
AGAP011938,2,AGAP011938__SITE02;AGAP011938__SITE05,1,0.934968017057569,864,1,1,9,1,4,30
AGAP011938,2,AGAP011938__SITE01;AGAP011938__SITE05,1,0.934968017057569,865,1,1,9,1,5,30
AGAP011938,2,AGAP011938__SITE04;AGAP011938__SITE05,0.998400852878465,0.681236673773987,96,0.995828322911656,1,9,0.997789008600576,6,30
AGAP011938,2,AGAP011938__SITE02;AGAP011938__SITE04,0.987206823027719,0.634861407249467,791,0.973623136123136,1,9,0.984411034653572,7,30
AGAP011938,2,AGAP011938__SITE01;AGAP011938__SITE04,0.987206823027719,0.634861407249467,792,0.973623136123136,1,9,0.984411034653572,8,30
AGAP011938,2,AGAP011938__SITE03;AGAP011938__SITE04,0.977078891257996,0.660980810234542,494,0.975845410628019,1,9,0.979000957943203,9,30
AGAP011938,2,AGAP011938__SITE01;AGAP011938__SITE02,0.938699360341151,0.938699360341151,24,0.797287253808993,0.555555555555556,9,0.857961347902944,10,30
AGAP011938,3,AGAP011938__SITE01;AGAP011938__SITE02;AGAP011938__SITE03,1,0.893390191897655,321,1,1,9,1,1,30
AGAP011938,3,AGAP011938__SITE03;AGAP011938__SITE04;AGAP011938__SITE05,1,0.658848614072495,567,1,1,9,1,2,30
AGAP011938,3,AGAP011938__SITE02;AGAP011938__SITE03;AGAP011938__SITE04,1,0.612473347547974,791,1,1,9,1,3,30
AGAP011938,3,AGAP011938__SITE01;AGAP011938__SITE03;AGAP011938__SITE04,1,0.612473347547974,792,1,1,9,1,4,30
AGAP011938,3,AGAP011938__SITE02;AGAP011938__SITE03;AGAP011938__SITE05,1,0.889658848614073,864,1,1,9,1,5,30
AGAP011938,3,AGAP011938__SITE02;AGAP011938__SITE04;AGAP011938__SITE05,1,0.63272921108742,864,1,1,9,1,6,30
AGAP011938,3,AGAP011938__SITE01;AGAP011938__SITE02;AGAP011938__SITE05,1,0.934968017057569,865,1,1,9,1,7,30
AGAP011938,3,AGAP011938__SITE01;AGAP011938__SITE03;AGAP011938__SITE05,1,0.889658848614073,865,1,1,9,1,8,30
AGAP011938,3,AGAP011938__SITE01;AGAP011938__SITE04;AGAP011938__SITE05,1,0.63272921108742,865,1,1,9,1,9,30
AGAP011938,3,AGAP011938__SITE01;AGAP011938__SITE02;AGAP011938__SITE04,0.987206823027719,0.634861407249467,792,0.973623136123136,1,9,0.984411034653572,10,30
AGAP011966,2,AGAP011966__SITE01;AGAP011966__SITE04,1,0.980810234541578,121,1,1,9,1,1,30
AGAP011966,2,AGAP011966__SITE03;AGAP011966__SITE04,0.995735607675906,0.437633262260128,108,0.98784126984127,1,9,0.993793745557925,2,30
AGAP011966,2,AGAP011966__SITE02;AGAP011966__SITE04,0.995735607675906,0.434434968017058,112,0.98784126984127,1,9,0.993793745557925,3,30
AGAP011966,2,AGAP011966__SITE04;AGAP011966__SITE05,0.993070362473348,0.0490405117270789,89,0.986623015873016,1,9,0.991829122245914,4,30
AGAP011966,2,AGAP011966__SITE01;AGAP011966__SITE03,0.992004264392324,0.436034115138593,36,0.984452008002733,1,9,0.990538161036214,5,30
AGAP011966,2,AGAP011966__SITE01;AGAP011966__SITE02,0.988805970149254,0.436034115138593,32,0.968061045234958,1,9,0.98370189566004,6,30
AGAP011966,2,AGAP011966__SITE01;AGAP011966__SITE05,0.98773987206823,0.0490405117270789,187,0.961449275362319,1,9,0.981078705849634,7,30
AGAP011966,2,AGAP011966__SITE03;AGAP011966__SITE05,0.446162046908316,0.0431769722814499,174,0.297840375586855,0,9,0.357049340821046,8,30
AGAP011966,2,AGAP011966__SITE02;AGAP011966__SITE05,0.442963752665245,0.0431769722814499,178,0.297840375586855,0,9,0.355130364275203,9,30
AGAP011966,2,AGAP011966__SITE02;AGAP011966__SITE03,0.440298507462687,0.437100213219616,27,0.295962441314554,0,9,0.352967836871978,10,30
AGAP011966,3,AGAP011966__SITE01;AGAP011966__SITE02;AGAP011966__SITE04,1,0.433368869936034,121,1,1,9,1,1,30
AGAP011966,3,AGAP011966__SITE01;AGAP011966__SITE03;AGAP011966__SITE04,1,0.433368869936034,121,1,1,9,1,2,30
AGAP011966,3,AGAP011966__SITE01;AGAP011966__SITE04;AGAP011966__SITE05,1,0.0490405117270789,187,1,1,9,1,3,30
AGAP011966,3,AGAP011966__SITE02;AGAP011966__SITE03;AGAP011966__SITE04,0.995735607675906,0.434434968017058,112,0.98784126984127,1,9,0.993793745557925,4,30
AGAP011966,3,AGAP011966__SITE03;AGAP011966__SITE04;AGAP011966__SITE05,0.995735607675906,0.0431769722814499,174,0.98784126984127,1,9,0.993793745557925,5,30
AGAP011966,3,AGAP011966__SITE02;AGAP011966__SITE04;AGAP011966__SITE05,0.995735607675906,0.0431769722814499,178,0.98784126984127,1,9,0.993793745557925,6,30
AGAP011966,3,AGAP011966__SITE01;AGAP011966__SITE02;AGAP011966__SITE03,0.992004264392324,0.436034115138593,36,0.984452008002733,1,9,0.990538161036214,7,30
AGAP011966,3,AGAP011966__SITE01;AGAP011966__SITE03;AGAP011966__SITE05,0.992004264392324,0.0431769722814499,187,0.984452008002733,1,9,0.990538161036214,8,30
AGAP011966,3,AGAP011966__SITE01;AGAP011966__SITE02;AGAP011966__SITE05,0.988805970149254,0.0431769722814499,187,0.968061045234958,1,9,0.98370189566004,9,30
AGAP011966,3,AGAP011966__SITE02;AGAP011966__SITE03;AGAP011966__SITE05,0.446162046908316,0.0431769722814499,178,0.297840375586855,0,9,0.357049340821046,10,30
AGAP012142,2,AGAP012142__SITE03;AGAP012142__SITE04,1,0.858208955223881,136,1,1,9,1,1,30
AGAP012142,2,AGAP012142__SITE01;AGAP012142__SITE03,1,0.985074626865672,206,1,1,9,1,2,30
AGAP012142,2,AGAP012142__SITE03;AGAP012142__SITE05,1,0.972814498933902,331,1,1,9,1,3,30
AGAP012142,2,AGAP012142__SITE01;AGAP012142__SITE05,1,0.958955223880597,514,1,1,9,1,4,30
AGAP012142,2,AGAP012142__SITE02;AGAP012142__SITE03,0.999466950959488,0.122601279317697,141,0.998765432098765,1,9,0.999309800205322,5,30
AGAP012142,2,AGAP012142__SITE01;AGAP012142__SITE04,0.999466950959488,0.844882729211087,319,0.998765432098765,1,9,0.999309800205322,6,30
AGAP012142,2,AGAP012142__SITE04;AGAP012142__SITE05,0.995202558635394,0.836886993603412,218,0.983111111111111,1,9,0.99205486851457,7,30
AGAP012142,2,AGAP012142__SITE02;AGAP012142__SITE05,0.982942430703625,0.113006396588486,449,0.96621492704826,1,9,0.979629936536653,8,30
AGAP012142,2,AGAP012142__SITE01;AGAP012142__SITE02,0.985607675906183,0.122601279317697,88,0.946159420289855,0.888888888888889,9,0.964101320519555,9,30
AGAP012142,2,AGAP012142__SITE02;AGAP012142__SITE04,0.882196162046908,0.0991471215351812,254,0.816666666666667,0,9,0.774317697228145,10,30
AGAP012142,3,AGAP012142__SITE01;AGAP012142__SITE02;AGAP012142__SITE03,1,0.122601279317697,206,1,1,9,1,1,30
AGAP012142,3,AGAP012142__SITE02;AGAP012142__SITE03;AGAP012142__SITE04,1,0.0991471215351812,254,1,1,9,1,2,30
AGAP012142,3,AGAP012142__SITE01;AGAP012142__SITE03;AGAP012142__SITE04,1,0.844349680170576,319,1,1,9,1,3,30
AGAP012142,3,AGAP012142__SITE03;AGAP012142__SITE04;AGAP012142__SITE05,1,0.8363539445629,331,1,1,9,1,4,30
AGAP012142,3,AGAP012142__SITE02;AGAP012142__SITE03;AGAP012142__SITE05,1,0.113006396588486,449,1,1,9,1,5,30
AGAP012142,3,AGAP012142__SITE01;AGAP012142__SITE02;AGAP012142__SITE05,1,0.113006396588486,514,1,1,9,1,6,30
AGAP012142,3,AGAP012142__SITE01;AGAP012142__SITE03;AGAP012142__SITE05,1,0.958422174840085,514,1,1,9,1,7,30
AGAP012142,3,AGAP012142__SITE01;AGAP012142__SITE04;AGAP012142__SITE05,1,0.823027718550107,514,1,1,9,1,8,30
AGAP012142,3,AGAP012142__SITE01;AGAP012142__SITE02;AGAP012142__SITE04,0.999466950959488,0.0991471215351812,319,0.998765432098765,1,9,0.999309800205322,9,30
AGAP012142,3,AGAP012142__SITE02;AGAP012142__SITE04;AGAP012142__SITE05,0.996268656716418,0.0906183368869936,449,0.990952380952381,1,9,0.995046908315565,10,30
AGAP012424,2,AGAP012424__SITE04;AGAP012424__SITE05,1,1,30,1,1,9,1,1,30
AGAP012424,2,AGAP012424__SITE02;AGAP012424__SITE03,1,0.989339019189765,52,1,1,9,1,2,30
AGAP012424,2,AGAP012424__SITE01;AGAP012424__SITE02,1,0.985607675906183,525,1,1,9,1,3,30
AGAP012424,2,AGAP012424__SITE01;AGAP012424__SITE03,1,0.992004264392324,554,1,1,9,1,4,30
AGAP012424,2,AGAP012424__SITE03;AGAP012424__SITE04,1,0.997867803837953,11429,1,1,9,1,5,30
AGAP012424,2,AGAP012424__SITE03;AGAP012424__SITE05,1,0.997867803837953,11436,1,1,9,1,6,30
AGAP012424,2,AGAP012424__SITE02;AGAP012424__SITE04,1,0.991471215351812,11458,1,1,9,1,7,30
AGAP012424,2,AGAP012424__SITE02;AGAP012424__SITE05,1,0.991471215351812,11465,1,1,9,1,8,30
AGAP012424,2,AGAP012424__SITE01;AGAP012424__SITE04,1,0.994136460554371,11960,1,1,9,1,9,30
AGAP012424,2,AGAP012424__SITE01;AGAP012424__SITE05,1,0.994136460554371,11967,1,1,9,1,10,30
AGAP012424,3,AGAP012424__SITE01;AGAP012424__SITE02;AGAP012424__SITE03,1,0.983475479744136,554,1,1,9,1,1,30
AGAP012424,3,AGAP012424__SITE03;AGAP012424__SITE04;AGAP012424__SITE05,1,0.997867803837953,11436,1,1,9,1,2,30
AGAP012424,3,AGAP012424__SITE02;AGAP012424__SITE03;AGAP012424__SITE04,1,0.989339019189765,11458,1,1,9,1,3,30
AGAP012424,3,AGAP012424__SITE02;AGAP012424__SITE03;AGAP012424__SITE05,1,0.989339019189765,11465,1,1,9,1,4,30
AGAP012424,3,AGAP012424__SITE02;AGAP012424__SITE04;AGAP012424__SITE05,1,0.991471215351812,11465,1,1,9,1,5,30
AGAP012424,3,AGAP012424__SITE01;AGAP012424__SITE02;AGAP012424__SITE04,1,0.985607675906183,11960,1,1,9,1,6,30
AGAP012424,3,AGAP012424__SITE01;AGAP012424__SITE03;AGAP012424__SITE04,1,0.992004264392324,11960,1,1,9,1,7,30
AGAP012424,3,AGAP012424__SITE01;AGAP012424__SITE02;AGAP012424__SITE05,1,0.985607675906183,11967,1,1,9,1,8,30
AGAP012424,3,AGAP012424__SITE01;AGAP012424__SITE03;AGAP012424__SITE05,1,0.992004264392324,11967,1,1,9,1,9,30
AGAP012424,3,AGAP012424__SITE01;AGAP012424__SITE04;AGAP012424__SITE05,1,0.994136460554371,11967,1,1,9,1,10,30
AGAP012991,2,AGAP012991__SITE03;AGAP012991__SITE04,1,0.9596018735363,33,1,1,9,1,1,30
AGAP012991,2,AGAP012991__SITE02;AGAP012991__SITE04,1,0.959016393442623,43,1,1,9,1,2,30
AGAP012991,2,AGAP012991__SITE04;AGAP012991__SITE05,1,0.911592505854801,63,1,1,9,1,3,30
AGAP012991,2,AGAP012991__SITE01;AGAP012991__SITE02,1,0.989461358313817,73,1,1,9,1,4,30
AGAP012991,2,AGAP012991__SITE03;AGAP012991__SITE05,1,0.949648711943794,73,1,1,9,1,5,30
AGAP012991,2,AGAP012991__SITE01;AGAP012991__SITE03,1,0.990046838407494,83,1,1,9,1,6,30
AGAP012991,2,AGAP012991__SITE02;AGAP012991__SITE05,1,0.949063231850117,83,1,1,9,1,7,30
AGAP012991,2,AGAP012991__SITE01;AGAP012991__SITE04,1,0.951990632318501,93,1,1,9,1,8,30
AGAP012991,2,AGAP012991__SITE01;AGAP012991__SITE05,1,0.942037470725995,133,1,1,9,1,9,30
AGAP012991,2,AGAP012991__SITE02;AGAP012991__SITE03,0.998829039812646,0.99824355971897,33,0.989814814814815,1,9,0.996241868332032,10,30
AGAP012991,3,AGAP012991__SITE02;AGAP012991__SITE03;AGAP012991__SITE04,1,0.959016393442623,43,1,1,9,1,1,30
AGAP012991,3,AGAP012991__SITE03;AGAP012991__SITE04;AGAP012991__SITE05,1,0.910421545667447,73,1,1,9,1,2,30
AGAP012991,3,AGAP012991__SITE01;AGAP012991__SITE02;AGAP012991__SITE03,1,0.989461358313817,83,1,1,9,1,3,30
AGAP012991,3,AGAP012991__SITE02;AGAP012991__SITE03;AGAP012991__SITE05,1,0.949063231850117,83,1,1,9,1,4,30
AGAP012991,3,AGAP012991__SITE02;AGAP012991__SITE04;AGAP012991__SITE05,1,0.909836065573771,83,1,1,9,1,5,30
AGAP012991,3,AGAP012991__SITE01;AGAP012991__SITE02;AGAP012991__SITE04,1,0.950234192037471,93,1,1,9,1,6,30
AGAP012991,3,AGAP012991__SITE01;AGAP012991__SITE03;AGAP012991__SITE04,1,0.950819672131147,93,1,1,9,1,7,30
AGAP012991,3,AGAP012991__SITE01;AGAP012991__SITE02;AGAP012991__SITE05,1,0.940281030444965,133,1,1,9,1,8,30
AGAP012991,3,AGAP012991__SITE01;AGAP012991__SITE03;AGAP012991__SITE05,1,0.940866510538642,133,1,1,9,1,9,30
AGAP012991,3,AGAP012991__SITE01;AGAP012991__SITE04;AGAP012991__SITE05,1,0.902810304449649,133,1,1,9,1,10,30
AGAP028779,2,AGAP028779__SITE04;AGAP028779__SITE05,0.999466950959488,0.999466950959488,24,0.998765432098765,1,9,0.999309800205322,1,30
AGAP028779,2,AGAP028779__SITE01;AGAP028779__SITE04,0.999466950959488,0.949360341151386,40,0.998765432098765,1,9,0.999309800205322,2,30
AGAP028779,2,AGAP028779__SITE03;AGAP028779__SITE04,0.999466950959488,0.949360341151386,40,0.998765432098765,1,9,0.999309800205322,3,30
AGAP028779,2,AGAP028779__SITE01;AGAP028779__SITE05,0.999466950959488,0.949360341151386,41,0.998765432098765,1,9,0.999309800205322,4,30
AGAP028779,2,AGAP028779__SITE02;AGAP028779__SITE04,0.999466950959488,0.949360341151386,41,0.998765432098765,1,9,0.999309800205322,5,30
AGAP028779,2,AGAP028779__SITE03;AGAP028779__SITE05,0.999466950959488,0.949360341151386,41,0.998765432098765,1,9,0.999309800205322,6,30
AGAP028779,2,AGAP028779__SITE02;AGAP028779__SITE05,0.999466950959488,0.949360341151386,42,0.998765432098765,1,9,0.999309800205322,7,30
AGAP028779,2,AGAP028779__SITE01;AGAP028779__SITE03,0.949360341151386,0.949360341151386,23,0.918196457326892,0.777777777777778,9,0.922852919666677,8,30
AGAP028779,2,AGAP028779__SITE01;AGAP028779__SITE02,0.949360341151386,0.949360341151386,24,0.918196457326892,0.777777777777778,9,0.922852919666677,9,30
AGAP028779,2,AGAP028779__SITE02;AGAP028779__SITE03,0.949360341151386,0.949360341151386,24,0.918196457326892,0.777777777777778,9,0.922852919666677,10,30
AGAP028779,3,AGAP028779__SITE01;AGAP028779__SITE03;AGAP028779__SITE04,0.999466950959488,0.949360341151386,40,0.998765432098765,1,9,0.999309800205322,1,30
AGAP028779,3,AGAP028779__SITE01;AGAP028779__SITE02;AGAP028779__SITE04,0.999466950959488,0.949360341151386,41,0.998765432098765,1,9,0.999309800205322,2,30
AGAP028779,3,AGAP028779__SITE01;AGAP028779__SITE03;AGAP028779__SITE05,0.999466950959488,0.949360341151386,41,0.998765432098765,1,9,0.999309800205322,3,30
AGAP028779,3,AGAP028779__SITE01;AGAP028779__SITE04;AGAP028779__SITE05,0.999466950959488,0.949360341151386,41,0.998765432098765,1,9,0.999309800205322,4,30
AGAP028779,3,AGAP028779__SITE02;AGAP028779__SITE03;AGAP028779__SITE04,0.999466950959488,0.949360341151386,41,0.998765432098765,1,9,0.999309800205322,5,30
AGAP028779,3,AGAP028779__SITE03;AGAP028779__SITE04;AGAP028779__SITE05,0.999466950959488,0.949360341151386,41,0.998765432098765,1,9,0.999309800205322,6,30
AGAP028779,3,AGAP028779__SITE01;AGAP028779__SITE02;AGAP028779__SITE05,0.999466950959488,0.949360341151386,42,0.998765432098765,1,9,0.999309800205322,7,30
AGAP028779,3,AGAP028779__SITE02;AGAP028779__SITE03;AGAP028779__SITE05,0.999466950959488,0.949360341151386,42,0.998765432098765,1,9,0.999309800205322,8,30
AGAP028779,3,AGAP028779__SITE02;AGAP028779__SITE04;AGAP028779__SITE05,0.999466950959488,0.949360341151386,42,0.998765432098765,1,9,0.999309800205322,9,30
AGAP028779,3,AGAP028779__SITE01;AGAP028779__SITE02;AGAP028779__SITE03,0.949360341151386,0.949360341151386,24,0.918196457326892,0.777777777777778,9,0.922852919666677,10,30
AGAP029982,2,AGAP029982__SITE02;AGAP029982__SITE03,1,0.965351812366738,76,1,1,9,1,1,30
AGAP029982,2,AGAP029982__SITE01;AGAP029982__SITE02,1,0.980810234541578,309,1,1,9,1,2,30
AGAP029982,2,AGAP029982__SITE01;AGAP029982__SITE03,1,0.976012793176972,362,1,1,9,1,3,30
AGAP029982,3,AGAP029982__SITE01;AGAP029982__SITE02;AGAP029982__SITE03,1,0.961087420042644,362,1,1,9,1,1,30
